location,date,vaccine,source_url,total_vaccinations,people_vaccinated,people_fully_vaccinated,total_boosters
Algeria,2021-01-29,Sputnik V,https://www.aps.dz/regions/116777-blida-covid-19-trente-vaccines-au-matin-du-1er-jour-de-la-campagne,0,0,,
Algeria,2021-01-30,Sputnik V,https://www.aps.dz/regions/116777-blida-covid-19-trente-vaccines-au-matin-du-1er-jour-de-la-campagne,30,30,,
Algeria,2021-02-19,Sputnik V,https://www.echoroukonline.com/%d9%84%d9%82%d8%a7%d8%ad-%d9%83%d9%88%d8%b1%d9%88%d9%86%d8%a7-%d8%b9%d8%b6%d9%88-%d8%a8%d8%a7%d9%84%d9%84%d8%ac%d9%86%d8%a9-%d8%a7%d9%84%d8%b9%d9%84%d9%85%d9%8a%d8%a9-%d9%8a%d9%83%d8%b4%d9%81-%d8%b9/,75000,75000,,
Algeria,2021-08-20,"Oxford/AstraZeneca, Sinopharm/Beijing, Sputnik V",https://covid19.who.int/,4146091,3421279,724812,
Algeria,2021-09-04,"Oxford/AstraZeneca, Sinopharm/Beijing, Sputnik V",https://www.liberte-algerie.com/actualite/coup-denvoi-de-la-campagne-nationale-de-vaccination-contre-le-covid-19-364407,8000000,5000000,3000000,
Algeria,2021-09-12,"Oxford/AstraZeneca, Sinopharm/Beijing, Sputnik V",https://covid19.who.int/,9989662,5815039,,
Algeria,2021-09-25,"Oxford/AstraZeneca, Sinopharm/Beijing, Sputnik V",https://covid19.who.int/,10049978,6017036,4032942,
Algeria,2021-10-24,"Oxford/AstraZeneca, Sinopharm/Beijing, Sinovac, Sputnik V",https://covid19.who.int/,11080739,6328806,4751933,
Algeria,2021-10-27,"Oxford/AstraZeneca, Sinopharm/Beijing, Sinovac, Sputnik V",https://covid19.who.int/,11148720,6351998,4796722,
Algeria,2021-10-30,"Oxford/AstraZeneca, Sinopharm/Beijing, Sinovac, Sputnik V",https://covid19.who.int/,11179354,6364327,4815027,
Algeria,2021-11-02,"Oxford/AstraZeneca, Sinopharm/Beijing, Sinovac, Sputnik V",https://covid19.who.int/,11224643,6381144,4843499,
