location,date,vaccine,source_url,total_vaccinations,people_vaccinated,people_fully_vaccinated,total_boosters
Anguilla,2021-02-04,Oxford/AstraZeneca,https://www.facebook.com/MinistryofHealthAnguilla/photos/pcb.1385492388472000/1385492311805341/,0,0,,
Anguilla,2021-02-13,Oxford/AstraZeneca,https://www.facebook.com/MinistryofHealthAnguilla/posts/1391067271247845,1341,1341,,
Anguilla,2021-02-14,Oxford/AstraZeneca,https://www.facebook.com/MinistryofHealthAnguilla/posts/1395958984092007,2762,2762,,
Anguilla,2021-02-26,Oxford/AstraZeneca,https://www.facebook.com/MinistryofHealthAnguilla/posts/1401018393586066,3929,3929,,
Anguilla,2021-03-09,Oxford/AstraZeneca,https://beatcovid19.ai/captacion-de-la-vacunacion-covid-19-el-ministerio-de-salud-pide-para-que-mas-personas-se-vacunen/,4700,4700,,
Anguilla,2021-03-13,Oxford/AstraZeneca,https://www.facebook.com/MinistryofHealthAnguilla/photos/1410852835935955,5000,5000,,
Anguilla,2021-03-19,Oxford/AstraZeneca,https://www.facebook.com/MinistryofHealthAnguilla/posts/1416076468746925,5348,5348,,
Anguilla,2021-04-12,Oxford/AstraZeneca,https://beatcovid19.ai/covid-19-update-scheduled-appointments-for-2nd-doses-of-covid-19-vaccine-to-begin-april-12th/,5835,5835,,
Anguilla,2021-04-22,Oxford/AstraZeneca,https://www.travelpulse.com/news/impacting-travel/new-covid-19-case-prompts-14-day-anguilla-closure.html,6898,6115,783,
Anguilla,2021-05-17,Oxford/AstraZeneca,https://www.facebook.com/MinistryofHealthAnguilla/photos/1458056911215547,13235,8811,4424,
Anguilla,2021-05-28,Oxford/AstraZeneca,https://covid19.who.int/,14443,9004,5439,
Anguilla,2021-06-04,Oxford/AstraZeneca,https://covid19.who.int/,14557,9044,5513,
Anguilla,2021-06-11,Oxford/AstraZeneca,https://covid19.who.int/,14937,9119,5818,
Anguilla,2021-06-18,Oxford/AstraZeneca,https://covid19.who.int/,15198,9183,6015,
Anguilla,2021-06-25,Oxford/AstraZeneca,https://covid19.who.int/,15789,9264,6525,
Anguilla,2021-07-02,Oxford/AstraZeneca,https://covid19.who.int/,16460,9300,7160,
Anguilla,2021-07-09,Oxford/AstraZeneca,https://covid19.who.int/,16951,9321,7630,
Anguilla,2021-07-16,Oxford/AstraZeneca,https://covid19.who.int/,17807,9362,8445,
Anguilla,2021-07-23,Oxford/AstraZeneca,https://covid19.who.int/,18001,9398,8603,
Anguilla,2021-07-30,Oxford/AstraZeneca,https://covid19.who.int/,18193,9428,8765,
Anguilla,2021-08-06,Oxford/AstraZeneca,https://covid19.who.int/,18457,9492,8965,
Anguilla,2021-08-20,Oxford/AstraZeneca,https://covid19.who.int/,18458,9493,8965,
Anguilla,2021-09-03,Oxford/AstraZeneca,https://covid19.who.int/,18471,9493,8978,
Anguilla,2021-09-10,Oxford/AstraZeneca,https://covid19.who.int/,18481,9493,8988,
Anguilla,2021-09-17,Oxford/AstraZeneca,https://ais.paho.org/imm/IM_DosisAdmin-Vacunacion.asp,18565,9498,9067,0
Anguilla,2021-09-24,Oxford/AstraZeneca,https://ais.paho.org/imm/IM_DosisAdmin-Vacunacion.asp,18584,9498,9086,0
Anguilla,2021-10-01,Oxford/AstraZeneca,https://ais.paho.org/imm/IM_DosisAdmin-Vacunacion.asp,18704,9548,9156,0
Anguilla,2021-10-15,Oxford/AstraZeneca,https://ais.paho.org/imm/IM_DosisAdmin-Vacunacion.asp,18705,9548,9157,0
Anguilla,2021-11-05,Oxford/AstraZeneca,https://ais.paho.org/imm/IM_DosisAdmin-Vacunacion.asp,18706,9548,9158,0
