location,date,vaccine,total_vaccinations,source_url,people_vaccinated,people_fully_vaccinated,total_boosters
Argentina,2020-12-29,Sputnik V,700,https://www.argentina.gob.ar/noticias/ministros-de-salud-del-pais-celebran-el-inicio-de-la-vacunacion-contra-la-covid-19,,,
Argentina,2020-12-31,Sputnik V,32013,https://www.argentina.gob.ar/sites/default/files/informe_seguridad_en_vacunas_31_12_2020.pdf,,,
Argentina,2021-01-04,Sputnik V,39599,https://www.argentina.gob.ar/sites/default/files/informe_seguridad_en_vacunas_04_01_2021.pdf,,,
Argentina,2021-01-08,Sputnik V,107542,https://www.argentina.gob.ar/noticias/ya-se-aplicaron-107542-dosis-de-la-vacuna-contra-covid-19-en-el-pais,,,
Argentina,2021-01-13,Sputnik V,166833,https://www.argentina.gob.ar/noticias/continua-la-vacunacion-contra-el-virus-sars-cov-2-al-personal-de-salud,,,
Argentina,2021-01-15,Sputnik V,200759,https://www.argentina.gob.ar/noticias/ya-se-aplicaron-200759-dosis-de-la-vacuna-contra-la-covid-19-en-argentina,,,
Argentina,2021-01-20,Sputnik V,247933,http://datos.salud.gob.ar/dataset/vacunas-contra-covid-19-dosis-aplicadas-en-la-republica-argentina,243539,4394,
Argentina,2021-01-21,Sputnik V,265724,http://datos.salud.gob.ar/dataset/vacunas-contra-covid-19-dosis-aplicadas-en-la-republica-argentina,249372,16352,
Argentina,2021-01-22,Sputnik V,279602,http://datos.salud.gob.ar/dataset/vacunas-contra-covid-19-dosis-aplicadas-en-la-republica-argentina,254456,25146,
Argentina,2021-01-23,Sputnik V,288064,http://datos.salud.gob.ar/dataset/vacunas-contra-covid-19-dosis-aplicadas-en-la-republica-argentina,258876,29188,
Argentina,2021-01-24,Sputnik V,292023,http://datos.salud.gob.ar/dataset/vacunas-contra-covid-19-dosis-aplicadas-en-la-republica-argentina,260036,31987,
Argentina,2021-01-25,Sputnik V,292386,http://datos.salud.gob.ar/dataset/vacunas-contra-covid-19-dosis-aplicadas-en-la-republica-argentina,260122,32264,
Argentina,2021-01-26,Sputnik V,305880,http://datos.salud.gob.ar/dataset/vacunas-contra-covid-19-dosis-aplicadas-en-la-republica-argentina,266969,38911,
Argentina,2021-01-27,Sputnik V,318033,http://datos.salud.gob.ar/dataset/vacunas-contra-covid-19-dosis-aplicadas-en-la-republica-argentina,272323,45710,
Argentina,2021-01-28,Sputnik V,327999,http://datos.salud.gob.ar/dataset/vacunas-contra-covid-19-dosis-aplicadas-en-la-republica-argentina,276548,51451,
Argentina,2021-01-29,Sputnik V,344034,http://datos.salud.gob.ar/dataset/vacunas-contra-covid-19-dosis-aplicadas-en-la-republica-argentina,278451,65583,
Argentina,2021-01-30,Sputnik V,366384,http://datos.salud.gob.ar/dataset/vacunas-contra-covid-19-dosis-aplicadas-en-la-republica-argentina,281023,85361,
Argentina,2021-02-01,Sputnik V,375851,http://datos.salud.gob.ar/dataset/vacunas-contra-covid-19-dosis-aplicadas-en-la-republica-argentina,281577,94274,
Argentina,2021-02-03,Sputnik V,396562,http://datos.salud.gob.ar/dataset/vacunas-contra-covid-19-dosis-aplicadas-en-la-republica-argentina,284196,112366,
Argentina,2021-02-04,Sputnik V,444018,http://datos.salud.gob.ar/dataset/vacunas-contra-covid-19-dosis-aplicadas-en-la-republica-argentina,297717,146301,
Argentina,2021-02-06,Sputnik V,471383,http://datos.salud.gob.ar/dataset/vacunas-contra-covid-19-dosis-aplicadas-en-la-republica-argentina,307501,163882,
Argentina,2021-02-07,Sputnik V,501152,http://datos.salud.gob.ar/dataset/vacunas-contra-covid-19-dosis-aplicadas-en-la-republica-argentina,319316,181836,
Argentina,2021-02-08,Sputnik V,511582,http://datos.salud.gob.ar/dataset/vacunas-contra-covid-19-dosis-aplicadas-en-la-republica-argentina,322318,189264,
Argentina,2021-02-09,Sputnik V,513178,http://datos.salud.gob.ar/dataset/vacunas-contra-covid-19-dosis-aplicadas-en-la-republica-argentina,322975,190203,
Argentina,2021-02-10,Sputnik V,535303,http://datos.salud.gob.ar/dataset/vacunas-contra-covid-19-dosis-aplicadas-en-la-republica-argentina,337772,197531,
Argentina,2021-02-11,Sputnik V,572928,http://datos.salud.gob.ar/dataset/vacunas-contra-covid-19-dosis-aplicadas-en-la-republica-argentina,362649,210279,
Argentina,2021-02-12,Sputnik V,591632,http://datos.salud.gob.ar/dataset/vacunas-contra-covid-19-dosis-aplicadas-en-la-republica-argentina,368023,223609,
Argentina,2021-02-13,Sputnik V,606245,http://datos.salud.gob.ar/dataset/vacunas-contra-covid-19-dosis-aplicadas-en-la-republica-argentina,371629,234616,
Argentina,2021-02-14,Sputnik V,609605,http://datos.salud.gob.ar/dataset/vacunas-contra-covid-19-dosis-aplicadas-en-la-republica-argentina,372122,237483,
Argentina,2021-02-15,Sputnik V,609791,http://datos.salud.gob.ar/dataset/vacunas-contra-covid-19-dosis-aplicadas-en-la-republica-argentina,372181,237610,
Argentina,2021-02-16,Sputnik V,611169,http://datos.salud.gob.ar/dataset/vacunas-contra-covid-19-dosis-aplicadas-en-la-republica-argentina,373253,237916,
Argentina,2021-02-17,Sputnik V,612322,http://datos.salud.gob.ar/dataset/vacunas-contra-covid-19-dosis-aplicadas-en-la-republica-argentina,374002,238320,
Argentina,2021-02-18,Sputnik V,635583,http://datos.salud.gob.ar/dataset/vacunas-contra-covid-19-dosis-aplicadas-en-la-republica-argentina,392399,243184,
Argentina,2021-02-19,Sputnik V,668654,http://datos.salud.gob.ar/dataset/vacunas-contra-covid-19-dosis-aplicadas-en-la-republica-argentina,414958,253696,
Argentina,2021-02-20,Sputnik V,707148,http://datos.salud.gob.ar/dataset/vacunas-contra-covid-19-dosis-aplicadas-en-la-republica-argentina,445614,261534,
Argentina,2021-02-21,Sputnik V,720267,http://datos.salud.gob.ar/dataset/vacunas-contra-covid-19-dosis-aplicadas-en-la-republica-argentina,456929,263338,
Argentina,2021-02-22,Sputnik V,722234,http://datos.salud.gob.ar/dataset/vacunas-contra-covid-19-dosis-aplicadas-en-la-republica-argentina,458822,263412,
Argentina,2021-02-23,Sputnik V,746615,http://datos.salud.gob.ar/dataset/vacunas-contra-covid-19-dosis-aplicadas-en-la-republica-argentina,481689,264926,
Argentina,2021-02-24,Sputnik V,780455,http://datos.salud.gob.ar/dataset/vacunas-contra-covid-19-dosis-aplicadas-en-la-republica-argentina,513394,267061,
Argentina,2021-02-25,Sputnik V,829832,http://datos.salud.gob.ar/dataset/vacunas-contra-covid-19-dosis-aplicadas-en-la-republica-argentina,558831,271001,
Argentina,2021-02-26,Sputnik V,903915,http://datos.salud.gob.ar/dataset/vacunas-contra-covid-19-dosis-aplicadas-en-la-republica-argentina,620635,283280,
Argentina,2021-02-27,Sputnik V,984895,http://datos.salud.gob.ar/dataset/vacunas-contra-covid-19-dosis-aplicadas-en-la-republica-argentina,694470,290425,
Argentina,2021-02-28,Sputnik V,1025003,http://datos.salud.gob.ar/dataset/vacunas-contra-covid-19-dosis-aplicadas-en-la-republica-argentina,731571,293432,
Argentina,2021-03-01,Sputnik V,1049169,http://datos.salud.gob.ar/dataset/vacunas-contra-covid-19-dosis-aplicadas-en-la-republica-argentina,755212,293957,
Argentina,2021-03-02,Sputnik V,1126108,http://datos.salud.gob.ar/dataset/vacunas-contra-covid-19-dosis-aplicadas-en-la-republica-argentina,823446,302662,
Argentina,2021-03-03,Sputnik V,1181292,http://datos.salud.gob.ar/dataset/vacunas-contra-covid-19-dosis-aplicadas-en-la-republica-argentina,874916,306376,
Argentina,2021-03-04,Sputnik V,1252461,http://datos.salud.gob.ar/dataset/vacunas-contra-covid-19-dosis-aplicadas-en-la-republica-argentina,941695,310766,
Argentina,2021-03-05,Sputnik V,1357596,http://datos.salud.gob.ar/dataset/vacunas-contra-covid-19-dosis-aplicadas-en-la-republica-argentina,1030504,327092,
Argentina,2021-03-07,Sputnik V,1526078,http://datos.salud.gob.ar/dataset/vacunas-contra-covid-19-dosis-aplicadas-en-la-republica-argentina,1182874,343204,
Argentina,2021-03-08,"Oxford/AstraZeneca, Sinopharm/Beijing, Sputnik V",1546699,http://datos.salud.gob.ar/dataset/vacunas-contra-covid-19-dosis-aplicadas-en-la-republica-argentina,1202998,343701,
Argentina,2021-03-09,"Oxford/AstraZeneca, Sinopharm/Beijing, Sputnik V",1648957,http://datos.salud.gob.ar/dataset/vacunas-contra-covid-19-dosis-aplicadas-en-la-republica-argentina,1301787,347170,
Argentina,2021-03-10,"Oxford/AstraZeneca, Sinopharm/Beijing, Sputnik V",1774438,http://datos.salud.gob.ar/dataset/vacunas-contra-covid-19-dosis-aplicadas-en-la-republica-argentina,1424984,349454,
Argentina,2021-03-11,"Oxford/AstraZeneca, Sinopharm/Beijing, Sputnik V",1919074,http://datos.salud.gob.ar/dataset/vacunas-contra-covid-19-dosis-aplicadas-en-la-republica-argentina,1564555,354519,
Argentina,2021-03-12,"Oxford/AstraZeneca, Sinopharm/Beijing, Sputnik V",2098205,http://datos.salud.gob.ar/dataset/vacunas-contra-covid-19-dosis-aplicadas-en-la-republica-argentina,1719543,378662,
Argentina,2021-03-13,"Oxford/AstraZeneca, Sinopharm/Beijing, Sputnik V",2294738,http://datos.salud.gob.ar/dataset/vacunas-contra-covid-19-dosis-aplicadas-en-la-republica-argentina,1876113,418625,
Argentina,2021-03-14,"Oxford/AstraZeneca, Sinopharm/Beijing, Sputnik V",2381429,http://datos.salud.gob.ar/dataset/vacunas-contra-covid-19-dosis-aplicadas-en-la-republica-argentina,1932696,448733,
Argentina,2021-03-15,"Oxford/AstraZeneca, Sinopharm/Beijing, Sputnik V",2404194,http://datos.salud.gob.ar/dataset/vacunas-contra-covid-19-dosis-aplicadas-en-la-republica-argentina,1952883,451311,
Argentina,2021-03-16,"Oxford/AstraZeneca, Sinopharm/Beijing, Sputnik V",2541362,http://datos.salud.gob.ar/dataset/vacunas-contra-covid-19-dosis-aplicadas-en-la-republica-argentina,2064529,476833,
Argentina,2021-03-17,"Oxford/AstraZeneca, Sinopharm/Beijing, Sputnik V",2668103,http://datos.salud.gob.ar/dataset/vacunas-contra-covid-19-dosis-aplicadas-en-la-republica-argentina,2170116,497987,
Argentina,2021-03-18,"Oxford/AstraZeneca, Sinopharm/Beijing, Sputnik V",2805153,http://datos.salud.gob.ar/dataset/vacunas-contra-covid-19-dosis-aplicadas-en-la-republica-argentina,2289249,515904,
Argentina,2021-03-19,"Oxford/AstraZeneca, Sinopharm/Beijing, Sputnik V",2939364,http://datos.salud.gob.ar/dataset/vacunas-contra-covid-19-dosis-aplicadas-en-la-republica-argentina,2382859,556505,
Argentina,2021-03-20,"Oxford/AstraZeneca, Sinopharm/Beijing, Sputnik V",3063864,http://datos.salud.gob.ar/dataset/vacunas-contra-covid-19-dosis-aplicadas-en-la-republica-argentina,2472426,591438,
Argentina,2021-03-21,"Oxford/AstraZeneca, Sinopharm/Beijing, Sputnik V",3119828,http://datos.salud.gob.ar/dataset/vacunas-contra-covid-19-dosis-aplicadas-en-la-republica-argentina,2514480,605348,
Argentina,2021-03-22,"Oxford/AstraZeneca, Sinopharm/Beijing, Sputnik V",3142444,http://datos.salud.gob.ar/dataset/vacunas-contra-covid-19-dosis-aplicadas-en-la-republica-argentina,2535054,607390,
Argentina,2021-03-23,"Oxford/AstraZeneca, Sinopharm/Beijing, Sputnik V",3240731,http://datos.salud.gob.ar/dataset/vacunas-contra-covid-19-dosis-aplicadas-en-la-republica-argentina,2618750,621981,
Argentina,2021-03-24,"Oxford/AstraZeneca, Sinopharm/Beijing, Sputnik V",3328933,http://datos.salud.gob.ar/dataset/vacunas-contra-covid-19-dosis-aplicadas-en-la-republica-argentina,2694454,634479,
Argentina,2021-03-25,"Oxford/AstraZeneca, Sinopharm/Beijing, Sputnik V",3365839,http://datos.salud.gob.ar/dataset/vacunas-contra-covid-19-dosis-aplicadas-en-la-republica-argentina,2730260,635579,
Argentina,2021-03-26,"Oxford/AstraZeneca, Sinopharm/Beijing, Sputnik V",3474415,http://datos.salud.gob.ar/dataset/vacunas-contra-covid-19-dosis-aplicadas-en-la-republica-argentina,2824344,650071,
Argentina,2021-03-27,"Oxford/AstraZeneca, Sinopharm/Beijing, Sputnik V",3570460,http://datos.salud.gob.ar/dataset/vacunas-contra-covid-19-dosis-aplicadas-en-la-republica-argentina,2908932,661528,
Argentina,2021-03-28,"Oxford/AstraZeneca, Sinopharm/Beijing, Sputnik V",3625283,http://datos.salud.gob.ar/dataset/vacunas-contra-covid-19-dosis-aplicadas-en-la-republica-argentina,2959843,665440,
Argentina,2021-03-29,"Oxford/AstraZeneca, Sinopharm/Beijing, Sputnik V",3646068,http://datos.salud.gob.ar/dataset/vacunas-contra-covid-19-dosis-aplicadas-en-la-republica-argentina,2980182,665886,
Argentina,2021-03-30,"Oxford/AstraZeneca, Sinopharm/Beijing, Sputnik V",3744566,http://datos.salud.gob.ar/dataset/vacunas-contra-covid-19-dosis-aplicadas-en-la-republica-argentina,3073630,670936,
Argentina,2021-03-31,"Oxford/AstraZeneca, Sinopharm/Beijing, Sputnik V",3891932,http://datos.salud.gob.ar/dataset/vacunas-contra-covid-19-dosis-aplicadas-en-la-republica-argentina,3214538,677394,
Argentina,2021-04-01,"Oxford/AstraZeneca, Sinopharm/Beijing, Sputnik V",4023017,http://datos.salud.gob.ar/dataset/vacunas-contra-covid-19-dosis-aplicadas-en-la-republica-argentina,3342427,680590,
Argentina,2021-04-02,"Oxford/AstraZeneca, Sinopharm/Beijing, Sputnik V",4123152,http://datos.salud.gob.ar/dataset/vacunas-contra-covid-19-dosis-aplicadas-en-la-republica-argentina,3440284,682868,
Argentina,2021-04-03,"Oxford/AstraZeneca, Sinopharm/Beijing, Sputnik V",4178896,http://datos.salud.gob.ar/dataset/vacunas-contra-covid-19-dosis-aplicadas-en-la-republica-argentina,3495125,683771,
Argentina,2021-04-04,"Oxford/AstraZeneca, Sinopharm/Beijing, Sputnik V",4234505,http://datos.salud.gob.ar/dataset/vacunas-contra-covid-19-dosis-aplicadas-en-la-republica-argentina,3550166,684339,
Argentina,2021-04-05,"Oxford/AstraZeneca, Sinopharm/Beijing, Sputnik V",4260808,http://datos.salud.gob.ar/dataset/vacunas-contra-covid-19-dosis-aplicadas-en-la-republica-argentina,3576423,684385,
Argentina,2021-04-06,"Oxford/AstraZeneca, Sinopharm/Beijing, Sputnik V",4404175,http://datos.salud.gob.ar/dataset/vacunas-contra-covid-19-dosis-aplicadas-en-la-republica-argentina,3712009,692166,
Argentina,2021-04-07,"Oxford/AstraZeneca, Sinopharm/Beijing, Sputnik V",4571819,http://datos.salud.gob.ar/dataset/vacunas-contra-covid-19-dosis-aplicadas-en-la-republica-argentina,3870734,701085,
Argentina,2021-04-08,"Oxford/AstraZeneca, Sinopharm/Beijing, Sputnik V",4771214,http://datos.salud.gob.ar/dataset/vacunas-contra-covid-19-dosis-aplicadas-en-la-republica-argentina,4064154,707060,
Argentina,2021-04-09,"Oxford/AstraZeneca, Sinopharm/Beijing, Sputnik V",4956023,http://datos.salud.gob.ar/dataset/vacunas-contra-covid-19-dosis-aplicadas-en-la-republica-argentina,4244964,711059,
Argentina,2021-04-10,"Oxford/AstraZeneca, Sinopharm/Beijing, Sputnik V",5201468,http://datos.salud.gob.ar/dataset/vacunas-contra-covid-19-dosis-aplicadas-en-la-republica-argentina,4478948,722520,
Argentina,2021-04-11,"Oxford/AstraZeneca, Sinopharm/Beijing, Sputnik V",5313612,http://datos.salud.gob.ar/dataset/vacunas-contra-covid-19-dosis-aplicadas-en-la-republica-argentina,4586426,727186,
Argentina,2021-04-12,"Oxford/AstraZeneca, Sinopharm/Beijing, Sputnik V",5390000,http://datos.salud.gob.ar/dataset/vacunas-contra-covid-19-dosis-aplicadas-en-la-republica-argentina,4661085,728915,
Argentina,2021-04-13,"Oxford/AstraZeneca, Sinopharm/Beijing, Sputnik V",5571878,http://datos.salud.gob.ar/dataset/vacunas-contra-covid-19-dosis-aplicadas-en-la-republica-argentina,4836246,735632,
Argentina,2021-04-14,"Oxford/AstraZeneca, Sinopharm/Beijing, Sputnik V",5754919,http://datos.salud.gob.ar/dataset/vacunas-contra-covid-19-dosis-aplicadas-en-la-republica-argentina,4996672,758247,
Argentina,2021-04-15,"Oxford/AstraZeneca, Sinopharm/Beijing, Sputnik V",5935146,http://datos.salud.gob.ar/dataset/vacunas-contra-covid-19-dosis-aplicadas-en-la-republica-argentina,5163344,771802,
Argentina,2021-04-16,"Oxford/AstraZeneca, Sinopharm/Beijing, Sputnik V",6093016,http://datos.salud.gob.ar/dataset/vacunas-contra-covid-19-dosis-aplicadas-en-la-republica-argentina,5305604,787412,
Argentina,2021-04-17,"Oxford/AstraZeneca, Sinopharm/Beijing, Sputnik V",6226872,http://datos.salud.gob.ar/dataset/vacunas-contra-covid-19-dosis-aplicadas-en-la-republica-argentina,5431994,794878,
Argentina,2021-04-18,"Oxford/AstraZeneca, Sinopharm/Beijing, Sputnik V",6288812,http://datos.salud.gob.ar/dataset/vacunas-contra-covid-19-dosis-aplicadas-en-la-republica-argentina,5489318,799494,
Argentina,2021-04-19,"Oxford/AstraZeneca, Sinopharm/Beijing, Sputnik V",6334554,http://datos.salud.gob.ar/dataset/vacunas-contra-covid-19-dosis-aplicadas-en-la-republica-argentina,5534225,800329,
Argentina,2021-04-20,"Oxford/AstraZeneca, Sinopharm/Beijing, Sputnik V",6433141,http://datos.salud.gob.ar/dataset/vacunas-contra-covid-19-dosis-aplicadas-en-la-republica-argentina,5620411,812730,
Argentina,2021-04-21,"Oxford/AstraZeneca, Sinopharm/Beijing, Sputnik V",6550568,http://datos.salud.gob.ar/dataset/vacunas-contra-covid-19-dosis-aplicadas-en-la-republica-argentina,5722607,827961,
Argentina,2021-04-22,"Oxford/AstraZeneca, Sinopharm/Beijing, Sputnik V",6693438,http://datos.salud.gob.ar/dataset/vacunas-contra-covid-19-dosis-aplicadas-en-la-republica-argentina,5851232,842206,
Argentina,2021-04-23,"Oxford/AstraZeneca, Sinopharm/Beijing, Sputnik V",6807411,http://datos.salud.gob.ar/dataset/vacunas-contra-covid-19-dosis-aplicadas-en-la-republica-argentina,5955371,852040,
Argentina,2021-04-24,"Oxford/AstraZeneca, Sinopharm/Beijing, Sputnik V",7017279,http://datos.salud.gob.ar/dataset/vacunas-contra-covid-19-dosis-aplicadas-en-la-republica-argentina,6149835,867444,
Argentina,2021-04-25,"Oxford/AstraZeneca, Sinopharm/Beijing, Sputnik V",7134949,http://datos.salud.gob.ar/dataset/vacunas-contra-covid-19-dosis-aplicadas-en-la-republica-argentina,6263849,871100,
Argentina,2021-04-26,"Oxford/AstraZeneca, Sinopharm/Beijing, Sputnik V",7214704,http://datos.salud.gob.ar/dataset/vacunas-contra-covid-19-dosis-aplicadas-en-la-republica-argentina,6341959,872745,
Argentina,2021-04-27,"Oxford/AstraZeneca, Sinopharm/Beijing, Sputnik V",7386650,http://datos.salud.gob.ar/dataset/vacunas-contra-covid-19-dosis-aplicadas-en-la-republica-argentina,6507572,879078,
Argentina,2021-04-28,"Oxford/AstraZeneca, Sinopharm/Beijing, Sputnik V",7557986,http://datos.salud.gob.ar/dataset/vacunas-contra-covid-19-dosis-aplicadas-en-la-republica-argentina,6672739,885247,
Argentina,2021-04-29,"Oxford/AstraZeneca, Sinopharm/Beijing, Sputnik V",7715006,http://datos.salud.gob.ar/dataset/vacunas-contra-covid-19-dosis-aplicadas-en-la-republica-argentina,6806565,908441,
Argentina,2021-04-30,"Oxford/AstraZeneca, Sinopharm/Beijing, Sputnik V",7865213,http://datos.salud.gob.ar/dataset/vacunas-contra-covid-19-dosis-aplicadas-en-la-republica-argentina,6926650,938563,
Argentina,2021-05-01,"Oxford/AstraZeneca, Sinopharm/Beijing, Sputnik V",7971470,http://datos.salud.gob.ar/dataset/vacunas-contra-covid-19-dosis-aplicadas-en-la-republica-argentina,7002992,968478,
Argentina,2021-05-02,"Oxford/AstraZeneca, Sinopharm/Beijing, Sputnik V",7997902,http://datos.salud.gob.ar/dataset/vacunas-contra-covid-19-dosis-aplicadas-en-la-republica-argentina,7025492,972410,
Argentina,2021-05-03,"Oxford/AstraZeneca, Sinopharm/Beijing, Sputnik V",8039793,http://datos.salud.gob.ar/dataset/vacunas-contra-covid-19-dosis-aplicadas-en-la-republica-argentina,7051772,988021,
Argentina,2021-05-04,"Oxford/AstraZeneca, Sinopharm/Beijing, Sputnik V",8197011,http://datos.salud.gob.ar/dataset/vacunas-contra-covid-19-dosis-aplicadas-en-la-republica-argentina,7149293,1047718,
Argentina,2021-05-05,"Oxford/AstraZeneca, Sinopharm/Beijing, Sputnik V",8391513,http://datos.salud.gob.ar/dataset/vacunas-contra-covid-19-dosis-aplicadas-en-la-republica-argentina,7261176,1130337,
Argentina,2021-05-06,"Oxford/AstraZeneca, Sinopharm/Beijing, Sputnik V",8591061,http://datos.salud.gob.ar/dataset/vacunas-contra-covid-19-dosis-aplicadas-en-la-republica-argentina,7399515,1191546,
Argentina,2021-05-07,"Oxford/AstraZeneca, Sinopharm/Beijing, Sputnik V",8820691,http://datos.salud.gob.ar/dataset/vacunas-contra-covid-19-dosis-aplicadas-en-la-republica-argentina,7555386,1265305,
Argentina,2021-05-08,"Oxford/AstraZeneca, Sinopharm/Beijing, Sputnik V",9001747,http://datos.salud.gob.ar/dataset/vacunas-contra-covid-19-dosis-aplicadas-en-la-republica-argentina,7660652,1341095,
Argentina,2021-05-09,"Oxford/AstraZeneca, Sinopharm/Beijing, Sputnik V",9082597,http://datos.salud.gob.ar/dataset/vacunas-contra-covid-19-dosis-aplicadas-en-la-republica-argentina,7688877,1393720,
Argentina,2021-05-10,"Oxford/AstraZeneca, Sinopharm/Beijing, Sputnik V",9122759,http://datos.salud.gob.ar/dataset/vacunas-contra-covid-19-dosis-aplicadas-en-la-republica-argentina,7718272,1404487,
Argentina,2021-05-11,"Oxford/AstraZeneca, Sinopharm/Beijing, Sputnik V",9237005,http://datos.salud.gob.ar/dataset/vacunas-contra-covid-19-dosis-aplicadas-en-la-republica-argentina,7790786,1446219,
Argentina,2021-05-12,"Oxford/AstraZeneca, Sinopharm/Beijing, Sputnik V",9383945,http://datos.salud.gob.ar/dataset/vacunas-contra-covid-19-dosis-aplicadas-en-la-republica-argentina,7866933,1517012,
Argentina,2021-05-13,"Oxford/AstraZeneca, Sinopharm/Beijing, Sputnik V",9541511,http://datos.salud.gob.ar/dataset/vacunas-contra-covid-19-dosis-aplicadas-en-la-republica-argentina,7912175,1629336,
Argentina,2021-05-14,"Oxford/AstraZeneca, Sinopharm/Beijing, Sputnik V",9704364,http://datos.salud.gob.ar/dataset/vacunas-contra-covid-19-dosis-aplicadas-en-la-republica-argentina,7953562,1750802,
Argentina,2021-05-15,"Oxford/AstraZeneca, Sinopharm/Beijing, Sputnik V",9862623,http://datos.salud.gob.ar/dataset/vacunas-contra-covid-19-dosis-aplicadas-en-la-republica-argentina,7992532,1870091,
Argentina,2021-05-16,"Oxford/AstraZeneca, Sinopharm/Beijing, Sputnik V",9927783,http://datos.salud.gob.ar/dataset/vacunas-contra-covid-19-dosis-aplicadas-en-la-republica-argentina,8023563,1904220,
Argentina,2021-05-17,"Oxford/AstraZeneca, Sinopharm/Beijing, Sputnik V",10002830,http://datos.salud.gob.ar/dataset/vacunas-contra-covid-19-dosis-aplicadas-en-la-republica-argentina,8050709,1952121,
Argentina,2021-05-18,"Oxford/AstraZeneca, Sinopharm/Beijing, Sputnik V",10193368,http://datos.salud.gob.ar/dataset/vacunas-contra-covid-19-dosis-aplicadas-en-la-republica-argentina,8141608,2051760,
Argentina,2021-05-19,"Oxford/AstraZeneca, Sinopharm/Beijing, Sputnik V",10383925,http://datos.salud.gob.ar/dataset/vacunas-contra-covid-19-dosis-aplicadas-en-la-republica-argentina,8279961,2103964,
Argentina,2021-05-20,"Oxford/AstraZeneca, Sinopharm/Beijing, Sputnik V",10549521,http://datos.salud.gob.ar/dataset/vacunas-contra-covid-19-dosis-aplicadas-en-la-republica-argentina,8397337,2152184,
Argentina,2021-05-21,"Oxford/AstraZeneca, Sinopharm/Beijing, Sputnik V",10758782,http://datos.salud.gob.ar/dataset/vacunas-contra-covid-19-dosis-aplicadas-en-la-republica-argentina,8531073,2227709,
Argentina,2021-05-22,"Oxford/AstraZeneca, Sinopharm/Beijing, Sputnik V",10958659,http://datos.salud.gob.ar/dataset/vacunas-contra-covid-19-dosis-aplicadas-en-la-republica-argentina,8638944,2319715,
Argentina,2021-05-23,"Oxford/AstraZeneca, Sinopharm/Beijing, Sputnik V",11067550,http://datos.salud.gob.ar/dataset/vacunas-contra-covid-19-dosis-aplicadas-en-la-republica-argentina,8701971,2365579,
Argentina,2021-05-24,"Oxford/AstraZeneca, Sinopharm/Beijing, Sputnik V",11149468,http://datos.salud.gob.ar/dataset/vacunas-contra-covid-19-dosis-aplicadas-en-la-republica-argentina,8735231,2414237,
Argentina,2021-05-25,"Oxford/AstraZeneca, Sinopharm/Beijing, Sputnik V",11242209,http://datos.salud.gob.ar/dataset/vacunas-contra-covid-19-dosis-aplicadas-en-la-republica-argentina,8807373,2434836,
Argentina,2021-05-26,"Oxford/AstraZeneca, Sinopharm/Beijing, Sputnik V",11331066,http://datos.salud.gob.ar/dataset/vacunas-contra-covid-19-dosis-aplicadas-en-la-republica-argentina,8878491,2452575,
Argentina,2021-05-27,"Oxford/AstraZeneca, Sinopharm/Beijing, Sputnik V",11503476,http://datos.salud.gob.ar/dataset/vacunas-contra-covid-19-dosis-aplicadas-en-la-republica-argentina,8988267,2515209,
Argentina,2021-05-28,"Oxford/AstraZeneca, Sinopharm/Beijing, Sputnik V",11676733,http://datos.salud.gob.ar/dataset/vacunas-contra-covid-19-dosis-aplicadas-en-la-republica-argentina,9084600,2592133,
Argentina,2021-05-29,"Oxford/AstraZeneca, Sinopharm/Beijing, Sputnik V",11906697,http://datos.salud.gob.ar/dataset/vacunas-contra-covid-19-dosis-aplicadas-en-la-republica-argentina,9208883,2697814,
Argentina,2021-05-30,"Oxford/AstraZeneca, Sinopharm/Beijing, Sputnik V",12119901,http://datos.salud.gob.ar/dataset/vacunas-contra-covid-19-dosis-aplicadas-en-la-republica-argentina,9361218,2758683,
Argentina,2021-05-31,"Oxford/AstraZeneca, Sinopharm/Beijing, Sputnik V",12257297,http://datos.salud.gob.ar/dataset/vacunas-contra-covid-19-dosis-aplicadas-en-la-republica-argentina,9476406,2780891,
Argentina,2021-06-01,"Oxford/AstraZeneca, Sinopharm/Beijing, Sputnik V",12497078,http://datos.salud.gob.ar/dataset/vacunas-contra-covid-19-dosis-aplicadas-en-la-republica-argentina,9667003,2830075,
Argentina,2021-06-02,"Oxford/AstraZeneca, Sinopharm/Beijing, Sputnik V",12801115,http://datos.salud.gob.ar/dataset/vacunas-contra-covid-19-dosis-aplicadas-en-la-republica-argentina,9924476,2876639,
Argentina,2021-06-03,"Oxford/AstraZeneca, Sinopharm/Beijing, Sputnik V",13079195,http://datos.salud.gob.ar/dataset/vacunas-contra-covid-19-dosis-aplicadas-en-la-republica-argentina,10158653,2920542,
Argentina,2021-06-04,"Oxford/AstraZeneca, Sinopharm/Beijing, Sputnik V",13374067,http://datos.salud.gob.ar/dataset/vacunas-contra-covid-19-dosis-aplicadas-en-la-republica-argentina,10417359,2956708,
Argentina,2021-06-05,"Oxford/AstraZeneca, Sinopharm/Beijing, Sputnik V",13730521,http://datos.salud.gob.ar/dataset/vacunas-contra-covid-19-dosis-aplicadas-en-la-republica-argentina,10733428,2997093,
Argentina,2021-06-06,"Oxford/AstraZeneca, Sinopharm/Beijing, Sputnik V",14092493,http://datos.salud.gob.ar/dataset/vacunas-contra-covid-19-dosis-aplicadas-en-la-republica-argentina,11071365,3021128,
Argentina,2021-06-07,"Oxford/AstraZeneca, Sinopharm/Beijing, Sputnik V",14336164,http://datos.salud.gob.ar/dataset/vacunas-contra-covid-19-dosis-aplicadas-en-la-republica-argentina,11290468,3045696,
Argentina,2021-06-08,"Oxford/AstraZeneca, Sinopharm/Beijing, Sputnik V",14663805,http://datos.salud.gob.ar/dataset/vacunas-contra-covid-19-dosis-aplicadas-en-la-republica-argentina,11577809,3085996,
Argentina,2021-06-09,"Oxford/AstraZeneca, Sinopharm/Beijing, Sputnik V",15012734,http://datos.salud.gob.ar/dataset/vacunas-contra-covid-19-dosis-aplicadas-en-la-republica-argentina,11888649,3124085,
Argentina,2021-06-10,"Oxford/AstraZeneca, Sinopharm/Beijing, Sputnik V",15353408,http://datos.salud.gob.ar/dataset/vacunas-contra-covid-19-dosis-aplicadas-en-la-republica-argentina,12202881,3150527,
Argentina,2021-06-11,"Oxford/AstraZeneca, Sinopharm/Beijing, Sputnik V",15730223,http://datos.salud.gob.ar/dataset/vacunas-contra-covid-19-dosis-aplicadas-en-la-republica-argentina,12555442,3174781,
Argentina,2021-06-12,"Oxford/AstraZeneca, Sinopharm/Beijing, Sputnik V",16102741,http://datos.salud.gob.ar/dataset/vacunas-contra-covid-19-dosis-aplicadas-en-la-republica-argentina,12879690,3223051,
Argentina,2021-06-13,"Oxford/AstraZeneca, Sinopharm/Beijing, Sputnik V",16286902,http://datos.salud.gob.ar/dataset/vacunas-contra-covid-19-dosis-aplicadas-en-la-republica-argentina,12991480,3295422,
Argentina,2021-06-14,"Oxford/AstraZeneca, Sinopharm/Beijing, Sputnik V",16382043,http://datos.salud.gob.ar/dataset/vacunas-contra-covid-19-dosis-aplicadas-en-la-republica-argentina,13043304,3338739,
Argentina,2021-06-15,"Oxford/AstraZeneca, Sinopharm/Beijing, Sputnik V",16643769,http://datos.salud.gob.ar/dataset/vacunas-contra-covid-19-dosis-aplicadas-en-la-republica-argentina,13223188,3420581,
Argentina,2021-06-16,"Oxford/AstraZeneca, Sinopharm/Beijing, Sputnik V",16876619,http://datos.salud.gob.ar/dataset/vacunas-contra-covid-19-dosis-aplicadas-en-la-republica-argentina,13389726,3486893,
Argentina,2021-06-17,"Oxford/AstraZeneca, Sinopharm/Beijing, Sputnik V",17172628,http://datos.salud.gob.ar/dataset/vacunas-contra-covid-19-dosis-aplicadas-en-la-republica-argentina,13609451,3563177,
Argentina,2021-06-18,"Oxford/AstraZeneca, Sinopharm/Beijing, Sputnik V",17475935,http://datos.salud.gob.ar/dataset/vacunas-contra-covid-19-dosis-aplicadas-en-la-republica-argentina,13852316,3623619,
Argentina,2021-06-19,"Oxford/AstraZeneca, Sinopharm/Beijing, Sputnik V",17837121,http://datos.salud.gob.ar/dataset/vacunas-contra-covid-19-dosis-aplicadas-en-la-republica-argentina,14172453,3664668,
Argentina,2021-06-20,"Oxford/AstraZeneca, Sinopharm/Beijing, Sputnik V",18085389,http://datos.salud.gob.ar/dataset/vacunas-contra-covid-19-dosis-aplicadas-en-la-republica-argentina,14397649,3687740,
Argentina,2021-06-21,"Oxford/AstraZeneca, Sinopharm/Beijing, Sputnik V",18198899,http://datos.salud.gob.ar/dataset/vacunas-contra-covid-19-dosis-aplicadas-en-la-republica-argentina,14504810,3694089,
Argentina,2021-06-22,"Oxford/AstraZeneca, Sinopharm/Beijing, Sputnik V",18380675,http://datos.salud.gob.ar/dataset/vacunas-contra-covid-19-dosis-aplicadas-en-la-republica-argentina,14660693,3719982,
Argentina,2021-06-23,"Oxford/AstraZeneca, Sinopharm/Beijing, Sputnik V",18646784,http://datos.salud.gob.ar/dataset/vacunas-contra-covid-19-dosis-aplicadas-en-la-republica-argentina,14886910,3759874,
Argentina,2021-06-24,"Oxford/AstraZeneca, Sinopharm/Beijing, Sputnik V",18921680,http://datos.salud.gob.ar/dataset/vacunas-contra-covid-19-dosis-aplicadas-en-la-republica-argentina,15128961,3792719,
Argentina,2021-06-25,"Oxford/AstraZeneca, Sinopharm/Beijing, Sputnik V",19205808,http://datos.salud.gob.ar/dataset/vacunas-contra-covid-19-dosis-aplicadas-en-la-republica-argentina,15374817,3830991,
Argentina,2021-06-26,"Oxford/AstraZeneca, Sinopharm/Beijing, Sputnik V",19499231,http://datos.salud.gob.ar/dataset/vacunas-contra-covid-19-dosis-aplicadas-en-la-republica-argentina,15617249,3881982,
Argentina,2021-06-27,"Oxford/AstraZeneca, Sinopharm/Beijing, Sputnik V",19749468,http://datos.salud.gob.ar/dataset/vacunas-contra-covid-19-dosis-aplicadas-en-la-republica-argentina,15831632,3917836,
Argentina,2021-06-28,"Oxford/AstraZeneca, Sinopharm/Beijing, Sputnik V",19951580,http://datos.salud.gob.ar/dataset/vacunas-contra-covid-19-dosis-aplicadas-en-la-republica-argentina,15993494,3958086,
Argentina,2021-06-29,"Oxford/AstraZeneca, Sinopharm/Beijing, Sputnik V",20221697,http://datos.salud.gob.ar/dataset/vacunas-contra-covid-19-dosis-aplicadas-en-la-republica-argentina,16228833,3992864,
Argentina,2021-06-30,"Oxford/AstraZeneca, Sinopharm/Beijing, Sputnik V",20543325,http://datos.salud.gob.ar/dataset/vacunas-contra-covid-19-dosis-aplicadas-en-la-republica-argentina,16504606,4038719,
Argentina,2021-07-01,"Oxford/AstraZeneca, Sinopharm/Beijing, Sputnik V",20907721,http://datos.salud.gob.ar/dataset/vacunas-contra-covid-19-dosis-aplicadas-en-la-republica-argentina,16821968,4085753,
Argentina,2021-07-02,"Oxford/AstraZeneca, Sinopharm/Beijing, Sputnik V",21310026,http://datos.salud.gob.ar/dataset/vacunas-contra-covid-19-dosis-aplicadas-en-la-republica-argentina,17106617,4203409,
Argentina,2021-07-03,"Oxford/AstraZeneca, Sinopharm/Beijing, Sputnik V",21781425,http://datos.salud.gob.ar/dataset/vacunas-contra-covid-19-dosis-aplicadas-en-la-republica-argentina,17479963,4301462,
Argentina,2021-07-04,"Oxford/AstraZeneca, Sinopharm/Beijing, Sputnik V",22179930,http://datos.salud.gob.ar/dataset/vacunas-contra-covid-19-dosis-aplicadas-en-la-republica-argentina,17796602,4383328,
Argentina,2021-07-05,"Oxford/AstraZeneca, Sinopharm/Beijing, Sputnik V",22444129,http://datos.salud.gob.ar/dataset/vacunas-contra-covid-19-dosis-aplicadas-en-la-republica-argentina,18011944,4432185,
Argentina,2021-07-06,"Oxford/AstraZeneca, Sinopharm/Beijing, Sputnik V",22813398,http://datos.salud.gob.ar/dataset/vacunas-contra-covid-19-dosis-aplicadas-en-la-republica-argentina,18246811,4566587,
Argentina,2021-07-07,"Oxford/AstraZeneca, Sinopharm/Beijing, Sputnik V",23317413,http://datos.salud.gob.ar/dataset/vacunas-contra-covid-19-dosis-aplicadas-en-la-republica-argentina,18577434,4739979,
Argentina,2021-07-08,"Oxford/AstraZeneca, Sinopharm/Beijing, Sputnik V",23722105,http://datos.salud.gob.ar/dataset/vacunas-contra-covid-19-dosis-aplicadas-en-la-republica-argentina,18869175,4852930,
Argentina,2021-07-09,"Oxford/AstraZeneca, Sinopharm/Beijing, Sputnik V",24048381,http://datos.salud.gob.ar/dataset/vacunas-contra-covid-19-dosis-aplicadas-en-la-republica-argentina,19162483,4885898,
Argentina,2021-07-10,"Oxford/AstraZeneca, Sinopharm/Beijing, Sputnik V",24518390,http://datos.salud.gob.ar/dataset/vacunas-contra-covid-19-dosis-aplicadas-en-la-republica-argentina,19507996,5010394,
Argentina,2021-07-11,"Oxford/AstraZeneca, Sinopharm/Beijing, Sputnik V",24616918,http://datos.salud.gob.ar/dataset/vacunas-contra-covid-19-dosis-aplicadas-en-la-republica-argentina,19594624,5022294,
Argentina,2021-07-12,"Oxford/AstraZeneca, Sinopharm/Beijing, Sputnik V",24862187,http://datos.salud.gob.ar/dataset/vacunas-contra-covid-19-dosis-aplicadas-en-la-republica-argentina,19822638,5039549,
Argentina,2021-07-13,"Oxford/AstraZeneca, Sinopharm/Beijing, Sputnik V",25254280,http://datos.salud.gob.ar/dataset/vacunas-contra-covid-19-dosis-aplicadas-en-la-republica-argentina,20178596,5075684,
Argentina,2021-07-14,"Oxford/AstraZeneca, Sinopharm/Beijing, Sputnik V",25718531,http://datos.salud.gob.ar/dataset/vacunas-contra-covid-19-dosis-aplicadas-en-la-republica-argentina,20605189,5113342,
Argentina,2021-07-15,"Oxford/AstraZeneca, Sinopharm/Beijing, Sputnik V",26134815,http://datos.salud.gob.ar/dataset/vacunas-contra-covid-19-dosis-aplicadas-en-la-republica-argentina,20985921,5148894,
Argentina,2021-07-16,"Oxford/AstraZeneca, Sinopharm/Beijing, Sputnik V",26511672,http://datos.salud.gob.ar/dataset/vacunas-contra-covid-19-dosis-aplicadas-en-la-republica-argentina,21317004,5194668,
Argentina,2021-07-17,"Oxford/AstraZeneca, Sinopharm/Beijing, Sputnik V",26934235,http://datos.salud.gob.ar/dataset/vacunas-contra-covid-19-dosis-aplicadas-en-la-republica-argentina,21644577,5289658,
Argentina,2021-07-18,"Oxford/AstraZeneca, Sinopharm/Beijing, Sputnik V",27200110,http://datos.salud.gob.ar/dataset/vacunas-contra-covid-19-dosis-aplicadas-en-la-republica-argentina,21839491,5360619,
Argentina,2021-07-19,"Oxford/AstraZeneca, Sinopharm/Beijing, Sputnik V",27430531,http://datos.salud.gob.ar/dataset/vacunas-contra-covid-19-dosis-aplicadas-en-la-republica-argentina,22030134,5400397,
Argentina,2021-07-20,"Oxford/AstraZeneca, Sinopharm/Beijing, Sputnik V",27825228,http://datos.salud.gob.ar/dataset/vacunas-contra-covid-19-dosis-aplicadas-en-la-republica-argentina,22342067,5483161,
Argentina,2021-07-21,"Oxford/AstraZeneca, Sinopharm/Beijing, Sputnik V",28264151,http://datos.salud.gob.ar/dataset/vacunas-contra-covid-19-dosis-aplicadas-en-la-republica-argentina,22573282,5690869,
Argentina,2021-07-22,"Oxford/AstraZeneca, Sinopharm/Beijing, Sputnik V",28674364,http://datos.salud.gob.ar/dataset/vacunas-contra-covid-19-dosis-aplicadas-en-la-republica-argentina,22876517,5797847,
Argentina,2021-07-23,"Oxford/AstraZeneca, Sinopharm/Beijing, Sputnik V",29075280,http://datos.salud.gob.ar/dataset/vacunas-contra-covid-19-dosis-aplicadas-en-la-republica-argentina,23209621,5865659,
Argentina,2021-07-24,"Oxford/AstraZeneca, Sinopharm/Beijing, Sputnik V",29437762,http://datos.salud.gob.ar/dataset/vacunas-contra-covid-19-dosis-aplicadas-en-la-republica-argentina,23492843,5944919,
Argentina,2021-07-25,"Oxford/AstraZeneca, Sinopharm/Beijing, Sputnik V",29723228,http://datos.salud.gob.ar/dataset/vacunas-contra-covid-19-dosis-aplicadas-en-la-republica-argentina,23714686,6008542,
Argentina,2021-07-26,"Oxford/AstraZeneca, Sinopharm/Beijing, Sputnik V",29880247,http://datos.salud.gob.ar/dataset/vacunas-contra-covid-19-dosis-aplicadas-en-la-republica-argentina,23857637,6022610,
Argentina,2021-07-27,"Oxford/AstraZeneca, Sinopharm/Beijing, Sputnik V",30230385,http://datos.salud.gob.ar/dataset/vacunas-contra-covid-19-dosis-aplicadas-en-la-republica-argentina,24096445,6133940,
Argentina,2021-07-28,"Oxford/AstraZeneca, Sinopharm/Beijing, Sputnik V",30655272,http://datos.salud.gob.ar/dataset/vacunas-contra-covid-19-dosis-aplicadas-en-la-republica-argentina,24302432,6352840,
Argentina,2021-07-29,"Oxford/AstraZeneca, Sinopharm/Beijing, Sputnik V",31075801,http://datos.salud.gob.ar/dataset/vacunas-contra-covid-19-dosis-aplicadas-en-la-republica-argentina,24542819,6532982,
Argentina,2021-07-30,"Oxford/AstraZeneca, Sinopharm/Beijing, Sputnik V",31471074,http://datos.salud.gob.ar/dataset/vacunas-contra-covid-19-dosis-aplicadas-en-la-republica-argentina,24754641,6716433,
Argentina,2021-07-31,"Oxford/AstraZeneca, Sinopharm/Beijing, Sputnik V",31877998,http://datos.salud.gob.ar/dataset/vacunas-contra-covid-19-dosis-aplicadas-en-la-republica-argentina,24966105,6911893,
Argentina,2021-08-01,"Oxford/AstraZeneca, Sinopharm/Beijing, Sputnik V",32148787,http://datos.salud.gob.ar/dataset/vacunas-contra-covid-19-dosis-aplicadas-en-la-republica-argentina,25092667,7056120,
Argentina,2021-08-02,"Oxford/AstraZeneca, Sinopharm/Beijing, Sputnik V",32335391,http://datos.salud.gob.ar/dataset/vacunas-contra-covid-19-dosis-aplicadas-en-la-republica-argentina,25178202,7157189,
Argentina,2021-08-03,"Moderna, Oxford/AstraZeneca, Sinopharm/Beijing, Sputnik V",32695882,http://datos.salud.gob.ar/dataset/vacunas-contra-covid-19-dosis-aplicadas-en-la-republica-argentina,25337678,7358204,
Argentina,2021-08-04,"Moderna, Oxford/AstraZeneca, Sinopharm/Beijing, Sputnik V",33335932,http://datos.salud.gob.ar/dataset/vacunas-contra-covid-19-dosis-aplicadas-en-la-republica-argentina,25646674,7689258,
Argentina,2021-08-05,"Moderna, Oxford/AstraZeneca, Sinopharm/Beijing, Sputnik V",33735965,http://datos.salud.gob.ar/dataset/vacunas-contra-covid-19-dosis-aplicadas-en-la-republica-argentina,25806439,7929526,
Argentina,2021-08-06,"Moderna, Oxford/AstraZeneca, Sinopharm/Beijing, Sputnik V",34134158,http://datos.salud.gob.ar/dataset/vacunas-contra-covid-19-dosis-aplicadas-en-la-republica-argentina,25950647,8183511,
Argentina,2021-08-07,"Moderna, Oxford/AstraZeneca, Sinopharm/Beijing, Sputnik V",34430142,http://datos.salud.gob.ar/dataset/vacunas-contra-covid-19-dosis-aplicadas-en-la-republica-argentina,26028829,8401313,
Argentina,2021-08-08,"Moderna, Oxford/AstraZeneca, Sinopharm/Beijing, Sputnik V",34624926,http://datos.salud.gob.ar/dataset/vacunas-contra-covid-19-dosis-aplicadas-en-la-republica-argentina,26076234,8548692,
Argentina,2021-08-09,"Moderna, Oxford/AstraZeneca, Sinopharm/Beijing, Sputnik V",34902791,http://datos.salud.gob.ar/dataset/vacunas-contra-covid-19-dosis-aplicadas-en-la-republica-argentina,26179454,8723337,
Argentina,2021-08-10,"Moderna, Oxford/AstraZeneca, Sinopharm/Beijing, Sputnik V",35247776,http://datos.salud.gob.ar/dataset/vacunas-contra-covid-19-dosis-aplicadas-en-la-republica-argentina,26293313,8954463,
Argentina,2021-08-12,"Moderna, Oxford/AstraZeneca, Sinopharm/Beijing, Sputnik V",35762492,http://datos.salud.gob.ar/dataset/vacunas-contra-covid-19-dosis-aplicadas-en-la-republica-argentina,26414061,9348431,
Argentina,2021-08-13,"Moderna, Oxford/AstraZeneca, Sinopharm/Beijing, Sputnik V",36038031,http://datos.salud.gob.ar/dataset/vacunas-contra-covid-19-dosis-aplicadas-en-la-republica-argentina,26484592,9553439,
Argentina,2021-08-14,"Moderna, Oxford/AstraZeneca, Sinopharm/Beijing, Sputnik V",36387897,http://datos.salud.gob.ar/dataset/vacunas-contra-covid-19-dosis-aplicadas-en-la-republica-argentina,26565910,9821987,
Argentina,2021-08-15,"Moderna, Oxford/AstraZeneca, Sinopharm/Beijing, Sputnik V",36641694,http://datos.salud.gob.ar/dataset/vacunas-contra-covid-19-dosis-aplicadas-en-la-republica-argentina,26609472,10032222,
Argentina,2021-08-16,"Moderna, Oxford/AstraZeneca, Sinopharm/Beijing, Sputnik V",36809251,http://datos.salud.gob.ar/dataset/vacunas-contra-covid-19-dosis-aplicadas-en-la-republica-argentina,26643961,10165290,
Argentina,2021-08-17,"Moderna, Oxford/AstraZeneca, Sinopharm/Beijing, Sputnik V",36941932,http://datos.salud.gob.ar/dataset/vacunas-contra-covid-19-dosis-aplicadas-en-la-republica-argentina,26684756,10257176,
Argentina,2021-08-18,"Moderna, Oxford/AstraZeneca, Sinopharm/Beijing, Sputnik V",37234519,http://datos.salud.gob.ar/dataset/vacunas-contra-covid-19-dosis-aplicadas-en-la-republica-argentina,26784800,10449719,
Argentina,2021-08-19,"Moderna, Oxford/AstraZeneca, Sinopharm/Beijing, Sputnik V",37689167,http://datos.salud.gob.ar/dataset/vacunas-contra-covid-19-dosis-aplicadas-en-la-republica-argentina,26902913,10786254,
Argentina,2021-08-20,"Moderna, Oxford/AstraZeneca, Sinopharm/Beijing, Sputnik V",38145435,http://datos.salud.gob.ar/dataset/vacunas-contra-covid-19-dosis-aplicadas-en-la-republica-argentina,26993547,11151888,
Argentina,2021-08-21,"Moderna, Oxford/AstraZeneca, Sinopharm/Beijing, Sputnik V",38584379,http://datos.salud.gob.ar/dataset/vacunas-contra-covid-19-dosis-aplicadas-en-la-republica-argentina,27105019,11479360,
Argentina,2021-08-22,"Moderna, Oxford/AstraZeneca, Sinopharm/Beijing, Sputnik V",38904089,http://datos.salud.gob.ar/dataset/vacunas-contra-covid-19-dosis-aplicadas-en-la-republica-argentina,27178860,11725229,
Argentina,2021-08-23,"Moderna, Oxford/AstraZeneca, Sinopharm/Beijing, Sputnik V",39133726,http://datos.salud.gob.ar/dataset/vacunas-contra-covid-19-dosis-aplicadas-en-la-republica-argentina,27210308,11923418,
Argentina,2021-08-24,"Moderna, Oxford/AstraZeneca, Sinopharm/Beijing, Sputnik V",39507845,http://datos.salud.gob.ar/dataset/vacunas-contra-covid-19-dosis-aplicadas-en-la-republica-argentina,27301884,12205961,
Argentina,2021-08-25,"Moderna, Oxford/AstraZeneca, Sinopharm/Beijing, Sputnik V",39951618,http://datos.salud.gob.ar/dataset/vacunas-contra-covid-19-dosis-aplicadas-en-la-republica-argentina,27414859,12536759,
Argentina,2021-08-26,"Moderna, Oxford/AstraZeneca, Sinopharm/Beijing, Sputnik V",40407410,http://datos.salud.gob.ar/dataset/vacunas-contra-covid-19-dosis-aplicadas-en-la-republica-argentina,27490908,12916502,
Argentina,2021-08-27,"Moderna, Oxford/AstraZeneca, Sinopharm/Beijing, Sputnik V",40855178,http://datos.salud.gob.ar/dataset/vacunas-contra-covid-19-dosis-aplicadas-en-la-republica-argentina,27585143,13270035,
Argentina,2021-08-28,"Moderna, Oxford/AstraZeneca, Sinopharm/Beijing, Sputnik V",41305344,http://datos.salud.gob.ar/dataset/vacunas-contra-covid-19-dosis-aplicadas-en-la-republica-argentina,27681048,13624296,
Argentina,2021-08-29,"Moderna, Oxford/AstraZeneca, Sinopharm/Beijing, Sputnik V",41625410,http://datos.salud.gob.ar/dataset/vacunas-contra-covid-19-dosis-aplicadas-en-la-republica-argentina,27750181,13875229,
Argentina,2021-08-30,"Moderna, Oxford/AstraZeneca, Sinopharm/Beijing, Sputnik V",41930538,http://datos.salud.gob.ar/dataset/vacunas-contra-covid-19-dosis-aplicadas-en-la-republica-argentina,27797557,14132981,
Argentina,2021-08-31,"Moderna, Oxford/AstraZeneca, Sinopharm/Beijing, Sputnik V",42260571,http://datos.salud.gob.ar/dataset/vacunas-contra-covid-19-dosis-aplicadas-en-la-republica-argentina,27873340,14387231,
Argentina,2021-09-01,"Moderna, Oxford/AstraZeneca, Sinopharm/Beijing, Sputnik V",42792677,http://datos.salud.gob.ar/dataset/vacunas-contra-covid-19-dosis-aplicadas-en-la-republica-argentina,28005793,14786884,
Argentina,2021-09-02,"Moderna, Oxford/AstraZeneca, Sinopharm/Beijing, Sputnik V",43221929,http://datos.salud.gob.ar/dataset/vacunas-contra-covid-19-dosis-aplicadas-en-la-republica-argentina,28100621,15121308,
Argentina,2021-09-03,"Moderna, Oxford/AstraZeneca, Sinopharm/Beijing, Sputnik V",43696315,http://datos.salud.gob.ar/dataset/vacunas-contra-covid-19-dosis-aplicadas-en-la-republica-argentina,28183966,15512349,
Argentina,2021-09-04,"Moderna, Oxford/AstraZeneca, Sinopharm/Beijing, Sputnik V",44049176,http://datos.salud.gob.ar/dataset/vacunas-contra-covid-19-dosis-aplicadas-en-la-republica-argentina,28249162,15800014,
Argentina,2021-09-05,"Moderna, Oxford/AstraZeneca, Sinopharm/Beijing, Sputnik V",44401437,http://datos.salud.gob.ar/dataset/vacunas-contra-covid-19-dosis-aplicadas-en-la-republica-argentina,28306772,16094665,
Argentina,2021-09-06,"Moderna, Oxford/AstraZeneca, Sinopharm/Beijing, Sputnik V",44667497,http://datos.salud.gob.ar/dataset/vacunas-contra-covid-19-dosis-aplicadas-en-la-republica-argentina,28344998,16322499,
Argentina,2021-09-07,"Moderna, Oxford/AstraZeneca, Sinopharm/Beijing, Sputnik V",45177464,http://datos.salud.gob.ar/dataset/vacunas-contra-covid-19-dosis-aplicadas-en-la-republica-argentina,28431871,16745593,
Argentina,2021-09-08,"Moderna, Oxford/AstraZeneca, Sinopharm/Beijing, Sputnik V",45523595,http://datos.salud.gob.ar/dataset/vacunas-contra-covid-19-dosis-aplicadas-en-la-republica-argentina,28485407,17038188,
Argentina,2021-09-09,"CanSino, Moderna, Oxford/AstraZeneca, Sinopharm/Beijing, Sputnik V",45917635,http://datos.salud.gob.ar/dataset/vacunas-contra-covid-19-dosis-aplicadas-en-la-republica-argentina,28553239,17364418,
Argentina,2021-09-10,"CanSino, Moderna, Oxford/AstraZeneca, Sinopharm/Beijing, Sputnik V",46299230,http://datos.salud.gob.ar/dataset/vacunas-contra-covid-19-dosis-aplicadas-en-la-republica-argentina,28619681,17679598,
Argentina,2021-09-11,"CanSino, Moderna, Oxford/AstraZeneca, Sinopharm/Beijing, Sputnik V",46690888,http://datos.salud.gob.ar/dataset/vacunas-contra-covid-19-dosis-aplicadas-en-la-republica-argentina,28679706,18011231,
Argentina,2021-09-12,"CanSino, Moderna, Oxford/AstraZeneca, Sinopharm/Beijing, Sputnik V",46894772,http://datos.salud.gob.ar/dataset/vacunas-contra-covid-19-dosis-aplicadas-en-la-republica-argentina,28706802,18188230,
Argentina,2021-09-13,"CanSino, Moderna, Oxford/AstraZeneca, Sinopharm/Beijing, Sputnik V",46995734,http://datos.salud.gob.ar/dataset/vacunas-contra-covid-19-dosis-aplicadas-en-la-republica-argentina,28721805,18274595,
Argentina,2021-09-14,"CanSino, Moderna, Oxford/AstraZeneca, Sinopharm/Beijing, Sputnik V",47242831,http://datos.salud.gob.ar/dataset/vacunas-contra-covid-19-dosis-aplicadas-en-la-republica-argentina,28758477,18485435,
Argentina,2021-09-15,"CanSino, Moderna, Oxford/AstraZeneca, Sinopharm/Beijing, Sputnik V",47543513,http://datos.salud.gob.ar/dataset/vacunas-contra-covid-19-dosis-aplicadas-en-la-republica-argentina,28819589,18737801,
Argentina,2021-09-16,"CanSino, Moderna, Oxford/AstraZeneca, Sinopharm/Beijing, Sputnik V",47936962,http://datos.salud.gob.ar/dataset/vacunas-contra-covid-19-dosis-aplicadas-en-la-republica-argentina,28879464,19073705,
Argentina,2021-09-17,"CanSino, Moderna, Oxford/AstraZeneca, Pfizer/BioNTech, Sinopharm/Beijing, Sputnik V",48310770,http://datos.salud.gob.ar/dataset/vacunas-contra-covid-19-dosis-aplicadas-en-la-republica-argentina,28929766,19398787,
Argentina,2021-09-18,"CanSino, Moderna, Oxford/AstraZeneca, Pfizer/BioNTech, Sinopharm/Beijing, Sputnik V",48572796,http://datos.salud.gob.ar/dataset/vacunas-contra-covid-19-dosis-aplicadas-en-la-republica-argentina,28968475,19623356,
Argentina,2021-09-19,"CanSino, Moderna, Oxford/AstraZeneca, Pfizer/BioNTech, Sinopharm/Beijing, Sputnik V",48830206,http://datos.salud.gob.ar/dataset/vacunas-contra-covid-19-dosis-aplicadas-en-la-republica-argentina,29013805,19842376,
Argentina,2021-09-20,"CanSino, Moderna, Oxford/AstraZeneca, Pfizer/BioNTech, Sinopharm/Beijing, Sputnik V",49017568,http://datos.salud.gob.ar/dataset/vacunas-contra-covid-19-dosis-aplicadas-en-la-republica-argentina,29032591,20011380,
Argentina,2021-09-21,"CanSino, Moderna, Oxford/AstraZeneca, Pfizer/BioNTech, Sinopharm/Beijing, Sputnik V",49331494,http://datos.salud.gob.ar/dataset/vacunas-contra-covid-19-dosis-aplicadas-en-la-republica-argentina,29081629,20276732,
Argentina,2021-09-22,"CanSino, Moderna, Oxford/AstraZeneca, Pfizer/BioNTech, Sinopharm/Beijing, Sputnik V",49729347,http://datos.salud.gob.ar/dataset/vacunas-contra-covid-19-dosis-aplicadas-en-la-republica-argentina,29157102,20602871,
Argentina,2021-09-23,"CanSino, Moderna, Oxford/AstraZeneca, Pfizer/BioNTech, Sinopharm/Beijing, Sputnik V",50010169,http://datos.salud.gob.ar/dataset/vacunas-contra-covid-19-dosis-aplicadas-en-la-republica-argentina,29201859,20840361,
Argentina,2021-09-24,"CanSino, Moderna, Oxford/AstraZeneca, Pfizer/BioNTech, Sinopharm/Beijing, Sputnik V",50277880,http://datos.salud.gob.ar/dataset/vacunas-contra-covid-19-dosis-aplicadas-en-la-republica-argentina,29308961,21003681,
Argentina,2021-09-25,"CanSino, Moderna, Oxford/AstraZeneca, Pfizer/BioNTech, Sinopharm/Beijing, Sputnik V",50575922,http://datos.salud.gob.ar/dataset/vacunas-contra-covid-19-dosis-aplicadas-en-la-republica-argentina,29398567,21216344,
Argentina,2021-09-26,"CanSino, Moderna, Oxford/AstraZeneca, Pfizer/BioNTech, Sinopharm/Beijing, Sputnik V",50755054,http://datos.salud.gob.ar/dataset/vacunas-contra-covid-19-dosis-aplicadas-en-la-republica-argentina,29458318,21338286,
Argentina,2021-09-27,"CanSino, Moderna, Oxford/AstraZeneca, Pfizer/BioNTech, Sinopharm/Beijing, Sputnik V",50910055,http://datos.salud.gob.ar/dataset/vacunas-contra-covid-19-dosis-aplicadas-en-la-republica-argentina,29504991,21448257,
Argentina,2021-09-28,"CanSino, Moderna, Oxford/AstraZeneca, Pfizer/BioNTech, Sinopharm/Beijing, Sputnik V",51153324,http://datos.salud.gob.ar/dataset/vacunas-contra-covid-19-dosis-aplicadas-en-la-republica-argentina,29564670,21634719,
Argentina,2021-09-29,"CanSino, Moderna, Oxford/AstraZeneca, Pfizer/BioNTech, Sinopharm/Beijing, Sputnik V",51448854,http://datos.salud.gob.ar/dataset/vacunas-contra-covid-19-dosis-aplicadas-en-la-republica-argentina,29620243,21878609,
Argentina,2021-09-30,"CanSino, Moderna, Oxford/AstraZeneca, Pfizer/BioNTech, Sinopharm/Beijing, Sputnik V",51711461,http://datos.salud.gob.ar/dataset/vacunas-contra-covid-19-dosis-aplicadas-en-la-republica-argentina,29676037,22088966,
Argentina,2021-10-01,"CanSino, Moderna, Oxford/AstraZeneca, Pfizer/BioNTech, Sinopharm/Beijing, Sputnik V",52019147,http://datos.salud.gob.ar/dataset/vacunas-contra-covid-19-dosis-aplicadas-en-la-republica-argentina,29739848,22336131,
Argentina,2021-10-02,"CanSino, Moderna, Oxford/AstraZeneca, Pfizer/BioNTech, Sinopharm/Beijing, Sputnik V",52339299,http://datos.salud.gob.ar/dataset/vacunas-contra-covid-19-dosis-aplicadas-en-la-republica-argentina,29810138,22589718,
Argentina,2021-10-03,"CanSino, Moderna, Oxford/AstraZeneca, Pfizer/BioNTech, Sinopharm/Beijing, Sputnik V",52535781,http://datos.salud.gob.ar/dataset/vacunas-contra-covid-19-dosis-aplicadas-en-la-republica-argentina,29839720,22758402,
Argentina,2021-10-04,"CanSino, Moderna, Oxford/AstraZeneca, Pfizer/BioNTech, Sinopharm/Beijing, Sputnik V",52688166,http://datos.salud.gob.ar/dataset/vacunas-contra-covid-19-dosis-aplicadas-en-la-republica-argentina,29866774,22884730,
Argentina,2021-10-05,"CanSino, Moderna, Oxford/AstraZeneca, Pfizer/BioNTech, Sinopharm/Beijing, Sputnik V",52880909,http://datos.salud.gob.ar/dataset/vacunas-contra-covid-19-dosis-aplicadas-en-la-republica-argentina,29919702,23026410,
Argentina,2021-10-06,"CanSino, Moderna, Oxford/AstraZeneca, Pfizer/BioNTech, Sinopharm/Beijing, Sputnik V",53133905,http://datos.salud.gob.ar/dataset/vacunas-contra-covid-19-dosis-aplicadas-en-la-republica-argentina,30011782,23190355,
Argentina,2021-10-07,"CanSino, Moderna, Oxford/AstraZeneca, Pfizer/BioNTech, Sinopharm/Beijing, Sputnik V",53386738,http://datos.salud.gob.ar/dataset/vacunas-contra-covid-19-dosis-aplicadas-en-la-republica-argentina,30077265,23381682,
Argentina,2021-10-08,"CanSino, Moderna, Oxford/AstraZeneca, Pfizer/BioNTech, Sinopharm/Beijing, Sputnik V",53660061,http://datos.salud.gob.ar/dataset/vacunas-contra-covid-19-dosis-aplicadas-en-la-republica-argentina,30172069,23562958,
Argentina,2021-10-09,"CanSino, Moderna, Oxford/AstraZeneca, Pfizer/BioNTech, Sinopharm/Beijing, Sputnik V",53820006,http://datos.salud.gob.ar/dataset/vacunas-contra-covid-19-dosis-aplicadas-en-la-republica-argentina,30222669,23673529,
Argentina,2021-10-10,"CanSino, Moderna, Oxford/AstraZeneca, Pfizer/BioNTech, Sinopharm/Beijing, Sputnik V",53980661,http://datos.salud.gob.ar/dataset/vacunas-contra-covid-19-dosis-aplicadas-en-la-republica-argentina,30244964,23813404,
Argentina,2021-10-11,"CanSino, Moderna, Oxford/AstraZeneca, Pfizer/BioNTech, Sinopharm/Beijing, Sputnik V",54115894,http://datos.salud.gob.ar/dataset/vacunas-contra-covid-19-dosis-aplicadas-en-la-republica-argentina,30265200,23928986,
Argentina,2021-10-13,"CanSino, Moderna, Oxford/AstraZeneca, Pfizer/BioNTech, Sinopharm/Beijing, Sputnik V",54353322,http://datos.salud.gob.ar/dataset/vacunas-contra-covid-19-dosis-aplicadas-en-la-republica-argentina,30398941,24034055,
Argentina,2021-10-14,"CanSino, Moderna, Oxford/AstraZeneca, Pfizer/BioNTech, Sinopharm/Beijing, Sputnik V",54714920,http://datos.salud.gob.ar/dataset/vacunas-contra-covid-19-dosis-aplicadas-en-la-republica-argentina,30629612,24167049,
Argentina,2021-10-15,"CanSino, Moderna, Oxford/AstraZeneca, Pfizer/BioNTech, Sinopharm/Beijing, Sputnik V",55103707,http://datos.salud.gob.ar/dataset/vacunas-contra-covid-19-dosis-aplicadas-en-la-republica-argentina,30878639,24308860,
Argentina,2021-10-16,"CanSino, Moderna, Oxford/AstraZeneca, Pfizer/BioNTech, Sinopharm/Beijing, Sputnik V",55605668,http://datos.salud.gob.ar/dataset/vacunas-contra-covid-19-dosis-aplicadas-en-la-republica-argentina,31177414,24514822,
Argentina,2021-10-19,"CanSino, Moderna, Oxford/AstraZeneca, Pfizer/BioNTech, Sinopharm/Beijing, Sputnik V",56217372,http://datos.salud.gob.ar/dataset/vacunas-contra-covid-19-dosis-aplicadas-en-la-republica-argentina,31547968,24758547,
Argentina,2021-10-20,"CanSino, Moderna, Oxford/AstraZeneca, Pfizer/BioNTech, Sinopharm/Beijing, Sputnik V",56722315,http://datos.salud.gob.ar/dataset/vacunas-contra-covid-19-dosis-aplicadas-en-la-republica-argentina,31916195,24898034,
Argentina,2021-10-21,"CanSino, Moderna, Oxford/AstraZeneca, Pfizer/BioNTech, Sinopharm/Beijing, Sputnik V",56931534,http://datos.salud.gob.ar/dataset/vacunas-contra-covid-19-dosis-aplicadas-en-la-republica-argentina,32066229,24958656,
Argentina,2021-10-22,"CanSino, Moderna, Oxford/AstraZeneca, Pfizer/BioNTech, Sinopharm/Beijing, Sputnik V",57329844,http://datos.salud.gob.ar/dataset/vacunas-contra-covid-19-dosis-aplicadas-en-la-republica-argentina,32322397,25103398,
Argentina,2021-10-23,"CanSino, Moderna, Oxford/AstraZeneca, Pfizer/BioNTech, Sinopharm/Beijing, Sputnik V",57747212,http://datos.salud.gob.ar/dataset/vacunas-contra-covid-19-dosis-aplicadas-en-la-republica-argentina,32617779,25227233,
Argentina,2021-10-24,"CanSino, Moderna, Oxford/AstraZeneca, Pfizer/BioNTech, Sinopharm/Beijing, Sputnik V",58049997,http://datos.salud.gob.ar/dataset/vacunas-contra-covid-19-dosis-aplicadas-en-la-republica-argentina,32838500,25310608,
Argentina,2021-10-25,"CanSino, Moderna, Oxford/AstraZeneca, Pfizer/BioNTech, Sinopharm/Beijing, Sputnik V",58128269,http://datos.salud.gob.ar/dataset/vacunas-contra-covid-19-dosis-aplicadas-en-la-republica-argentina,32890914,25336749,
Argentina,2021-10-26,"CanSino, Moderna, Oxford/AstraZeneca, Pfizer/BioNTech, Sinopharm/Beijing, Sputnik V",58553162,http://datos.salud.gob.ar/dataset/vacunas-contra-covid-19-dosis-aplicadas-en-la-republica-argentina,33204854,25449297,
Argentina,2021-10-27,"CanSino, Moderna, Oxford/AstraZeneca, Pfizer/BioNTech, Sinopharm/Beijing, Sputnik V",58885357,http://datos.salud.gob.ar/dataset/vacunas-contra-covid-19-dosis-aplicadas-en-la-republica-argentina,33413008,25574596,
Argentina,2021-10-28,"CanSino, Moderna, Oxford/AstraZeneca, Pfizer/BioNTech, Sinopharm/Beijing, Sputnik V",59221612,http://datos.salud.gob.ar/dataset/vacunas-contra-covid-19-dosis-aplicadas-en-la-republica-argentina,33650609,25675184,
Argentina,2021-10-29,"CanSino, Moderna, Oxford/AstraZeneca, Pfizer/BioNTech, Sinopharm/Beijing, Sputnik V",59653179,http://datos.salud.gob.ar/dataset/vacunas-contra-covid-19-dosis-aplicadas-en-la-republica-argentina,33933654,25826269,
Argentina,2021-10-30,"CanSino, Moderna, Oxford/AstraZeneca, Pfizer/BioNTech, Sinopharm/Beijing, Sputnik V",59852722,http://datos.salud.gob.ar/dataset/vacunas-contra-covid-19-dosis-aplicadas-en-la-republica-argentina,34067816,25892696,
Argentina,2021-10-31,"CanSino, Moderna, Oxford/AstraZeneca, Pfizer/BioNTech, Sinopharm/Beijing, Sputnik V",60055004,http://datos.salud.gob.ar/dataset/vacunas-contra-covid-19-dosis-aplicadas-en-la-republica-argentina,34209029,25954716,
Argentina,2021-11-01,"CanSino, Moderna, Oxford/AstraZeneca, Pfizer/BioNTech, Sinopharm/Beijing, Sputnik V",60203627,http://datos.salud.gob.ar/dataset/vacunas-contra-covid-19-dosis-aplicadas-en-la-republica-argentina,34328689,25983978,
Argentina,2021-11-02,"CanSino, Moderna, Oxford/AstraZeneca, Pfizer/BioNTech, Sinopharm/Beijing, Sputnik V",60414001,http://datos.salud.gob.ar/dataset/vacunas-contra-covid-19-dosis-aplicadas-en-la-republica-argentina,34481453,26042550,
Argentina,2021-11-03,"CanSino, Moderna, Oxford/AstraZeneca, Pfizer/BioNTech, Sinopharm/Beijing, Sputnik V",60488335,http://datos.salud.gob.ar/dataset/vacunas-contra-covid-19-dosis-aplicadas-en-la-republica-argentina,34529752,26069145,
Argentina,2021-11-04,"CanSino, Moderna, Oxford/AstraZeneca, Pfizer/BioNTech, Sinopharm/Beijing, Sputnik V",61040687,http://datos.salud.gob.ar/dataset/vacunas-contra-covid-19-dosis-aplicadas-en-la-republica-argentina,34791128,26363475,
