location,date,vaccine,source_url,total_vaccinations,people_vaccinated,people_fully_vaccinated,total_boosters
Armenia,2021-03-31,Sputnik V,https://rus.azatutyun.am/a/31180204.html,565,565,0,
Armenia,2021-05-09,"Oxford/AstraZeneca, Sputnik V",https://www.moh.am/#1/3869,10727,10727,0,
Armenia,2021-05-16,"Oxford/AstraZeneca, Sputnik V",https://www.moh.am/#1/3906,19249,19249,0,
Armenia,2021-05-23,"Oxford/AstraZeneca, Sputnik V, Sinovac",http://arka.am/en/news/society/sinovac_vaccines_are_already_available_for_armenian_citizens_/,26562,26562,0,
Armenia,2021-05-30,"Oxford/AstraZeneca, Sputnik V, Sinovac",https://www.aysor.am/en/news/2021/05/31/covid-vaccination/1838616,33529,33529,0,
Armenia,2021-06-06,"Oxford/AstraZeneca, Sputnik V, Sinovac",https://arka.am/en/news/society/about_47_000_armenians_vaccinated_against_covid_19_over_two_months_/,46503,46503,0,
Armenia,2021-06-14,"Oxford/AstraZeneca, Sputnik V, Sinovac",https://www.panarmenian.net/eng/news/293562/Over_55000_Covid_vaccine_doses_administered_in_Armenia,55557,,,
Armenia,2021-06-20,"Oxford/AstraZeneca, Sinovac, Sputnik V",https://covid19.who.int/,64293,52509,11784,
Armenia,2021-06-27,"Oxford/AstraZeneca, Sinovac, Sputnik V",https://covid19.who.int/,74714,58518,16196,
Armenia,2021-07-11,"Oxford/AstraZeneca, Sinovac, Sputnik V",https://www.moh.am/#1/4125,108107,77449,30658,
Armenia,2021-07-18,"Oxford/AstraZeneca, Sinovac, Sputnik V",https://www.moh.am/#1/4142,131080,94560,36520,
Armenia,2021-07-25,"Oxford/AstraZeneca, Sinovac, Sputnik V",https://www.moh.am/#1/4162,152529,108674,43855,
Armenia,2021-08-01,"Oxford/AstraZeneca, Sinovac, Sputnik V",https://www.moh.am/#1/4001,171890,120285,51605,
Armenia,2021-08-08,"Oxford/AstraZeneca, Sinovac, Sputnik V",https://www.facebook.com/ministryofhealthcare/posts/3006799932894449,194902,132529,62373,
Armenia,2021-08-15,"Oxford/AstraZeneca, Sinovac, Sputnik V",https://www.moh.am/#1/4214,220236,144573,75663,
Armenia,2021-08-22,"Oxford/AstraZeneca, Sinovac, Sputnik V",https://www.moh.am/#1/4232,239342,153888,85454,
Armenia,2021-08-29,"Oxford/AstraZeneca, Sinovac, Sputnik V",https://www.moh.am/#1/4249,275138,176552,98586,
Armenia,2021-09-05,"Oxford/AstraZeneca, Sinovac, Sputnik V",https://www.moh.am/#1/4271,303325,195290,108035,
Armenia,2021-09-12,"Oxford/AstraZeneca, Sinopharm/Beijing, Sinovac, Sputnik V",https://www.facebook.com/ministryofhealthcare/posts/3032843116956797,335721,215278,120443,
Armenia,2021-09-19,"Oxford/AstraZeneca, Sinopharm/Beijing, Sinovac, Sputnik V",https://www.facebook.com/ministryofhealthcare/posts/3038001943107581,366779,237454,129325,
Armenia,2021-09-26,"Oxford/AstraZeneca, Sinopharm/Beijing, Sinovac, Sputnik V",https://www.moh.am/#1/4335,408535,264695,143840,
Armenia,2021-10-11,"Oxford/AstraZeneca, Sinopharm/Beijing, Sinovac, Sputnik V",https://www.facebook.com/ministryofhealthcare/posts/3054070244834084,514241,344029,170212,
Armenia,2021-10-17,"Oxford/AstraZeneca, Sinopharm/Beijing, Sinovac, Sputnik V",https://worldhealthorg.shinyapps.io/EURO_COVID-19_vaccine_monitor/,620698,434617,186081,
Armenia,2021-10-24,"Oxford/AstraZeneca, Sinopharm/Beijing, Sinovac, Sputnik V",https://www.facebook.com/ministryofhealthcare/posts/3065007920406983,677032,466785,210247,
