date,total_vaccinations,people_vaccinated,people_fully_vaccinated,location,source_url,vaccine,total_boosters
2021-03-29,25766,15600,10166,Aruba,https://www.facebook.com/desparuba/photos/4207469465939008,Pfizer/BioNTech,
2021-04-10,41096,29197,11899,Aruba,https://www.government.aw,Pfizer/BioNTech,
2021-04-12,43073,31139,11934,Aruba,https://www.government.aw,Pfizer/BioNTech,
2021-04-13,45588,33563,12025,Aruba,https://www.government.aw,Pfizer/BioNTech,
2021-04-14,48200,36058,12142,Aruba,https://www.government.aw,Pfizer/BioNTech,
2021-04-15,50546,37981,12565,Aruba,https://www.government.aw,Pfizer/BioNTech,
2021-04-16,52955,39961,12994,Aruba,https://www.government.aw,Pfizer/BioNTech,
2021-04-17,55582,41770,13812,Aruba,https://www.government.aw,Pfizer/BioNTech,
2021-04-18,55651,41837,13814,Aruba,https://www.government.aw,Pfizer/BioNTech,
2021-04-19,58178,43266,14912,Aruba,https://www.government.aw,Pfizer/BioNTech,
2021-04-20,60379,43945,16434,Aruba,https://www.government.aw,Pfizer/BioNTech,
2021-04-21,62342,44421,17921,Aruba,https://www.facebook.com/desparuba/photos/a.657791820906808/4277983492220938,Pfizer/BioNTech,
2021-04-22,64288,45097,19191,Aruba,https://www.government.aw,Pfizer/BioNTech,
2021-04-23,67950,48061,19889,Aruba,https://www.government.aw,Pfizer/BioNTech,
2021-04-24,69279,49351,19928,Aruba,https://www.government.aw,Pfizer/BioNTech,
2021-04-25,73103,53161,19942,Aruba,https://www.government.aw,Pfizer/BioNTech,
2021-04-26,73360,53244,20116,Aruba,https://www.government.aw,Pfizer/BioNTech,
2021-04-28,74668,53813,20855,Aruba,https://www.government.aw,Pfizer/BioNTech,
2021-04-29,75846,54095,21751,Aruba,https://www.government.aw,Pfizer/BioNTech,
2021-04-30,76865,54306,22559,Aruba,https://www.government.aw,Pfizer/BioNTech,
2021-05-03,77728,54614,23114,Aruba,https://www.government.aw,Pfizer/BioNTech,
2021-05-04,78956,55152,23804,Aruba,https://www.government.aw,Pfizer/BioNTech,
2021-05-05,79502,55359,24143,Aruba,https://www.government.aw,Pfizer/BioNTech,
2021-05-06,79553,55371,24182,Aruba,https://www.government.aw,Pfizer/BioNTech,
2021-05-07,80258,55625,24633,Aruba,https://www.government.aw,Pfizer/BioNTech,
2021-05-08,80699,55744,24955,Aruba,https://www.government.aw,Pfizer/BioNTech,
2021-05-10,81616,56009,25607,Aruba,https://www.government.aw,Pfizer/BioNTech,
2021-05-11,82877,56288,26589,Aruba,https://www.government.aw,Pfizer/BioNTech,
2021-05-12,84239,56594,27645,Aruba,https://www.government.aw,Pfizer/BioNTech,
2021-05-13,85441,56932,28509,Aruba,https://www.government.aw,Pfizer/BioNTech,
2021-05-14,87536,57314,30222,Aruba,https://www.government.aw,Pfizer/BioNTech,
2021-05-15,88602,57481,31121,Aruba,https://www.government.aw,Pfizer/BioNTech,
2021-05-17,91006,57936,33070,Aruba,https://www.government.aw,Pfizer/BioNTech,
2021-05-18,93734,58344,35390,Aruba,https://www.government.aw,Pfizer/BioNTech,
2021-05-19,96007,58683,37324,Aruba,https://www.government.aw,Pfizer/BioNTech,
2021-05-20,97921,58953,38968,Aruba,https://www.government.aw,Pfizer/BioNTech,
2021-05-21,100003,59341,40662,Aruba,https://www.government.aw,Pfizer/BioNTech,
2021-05-22,103395,60005,43390,Aruba,https://www.government.aw,Pfizer/BioNTech,
2021-05-23,108471,61242,47229,Aruba,https://www.government.aw,Pfizer/BioNTech,
2021-05-24,109756,61548,48208,Aruba,https://www.government.aw,Pfizer/BioNTech,
2021-05-25,111377,62143,49234,Aruba,https://www.government.aw,Pfizer/BioNTech,
2021-05-26,111665,62244,49421,Aruba,https://www.government.aw,Pfizer/BioNTech,
2021-05-27,112316,62498,49818,Aruba,https://www.government.aw,Pfizer/BioNTech,
2021-05-28,113098,62698,50400,Aruba,https://www.government.aw,Pfizer/BioNTech,
2021-05-29,113662,62914,50748,Aruba,https://www.government.aw,Pfizer/BioNTech,
2021-05-31,114154,63113,51041,Aruba,https://www.government.aw,Pfizer/BioNTech,
2021-06-01,114632,63277,51355,Aruba,https://www.government.aw,Pfizer/BioNTech,
2021-06-02,115144,63456,51688,Aruba,https://www.government.aw,Pfizer/BioNTech,
2021-06-03,116563,64004,52559,Aruba,https://www.government.aw,Pfizer/BioNTech,
2021-06-04,116577,64010,52567,Aruba,https://www.government.aw,Pfizer/BioNTech,
2021-06-06,116579,64011,52568,Aruba,https://www.government.aw,Pfizer/BioNTech,
2021-06-07,117036,64184,52852,Aruba,https://www.government.aw,Pfizer/BioNTech,
2021-06-08,117696,64473,53223,Aruba,https://www.government.aw,Pfizer/BioNTech,
2021-06-09,118316,64765,53551,Aruba,https://www.government.aw,Pfizer/BioNTech,
2021-06-10,118873,65022,53851,Aruba,https://www.government.aw,Pfizer/BioNTech,
2021-06-11,119395,65239,54156,Aruba,https://www.government.aw,Pfizer/BioNTech,
2021-06-12,121471,66046,55425,Aruba,https://www.government.aw,Pfizer/BioNTech,
2021-06-14,121874,66185,55689,Aruba,https://www.government.aw,Pfizer/BioNTech,
2021-06-15,122269,66336,55933,Aruba,https://www.government.aw,Pfizer/BioNTech,
2021-06-16,122680,66466,56214,Aruba,https://www.government.aw,Pfizer/BioNTech,
2021-06-17,123115,66614,56501,Aruba,https://www.government.aw,Pfizer/BioNTech,
2021-06-18,123571,66774,56797,Aruba,https://www.government.aw,Pfizer/BioNTech,
2021-06-20,123890,66865,57025,Aruba,https://www.government.aw,Pfizer/BioNTech,
2021-06-21,124313,66991,57322,Aruba,https://www.government.aw,Pfizer/BioNTech,
2021-06-22,124332,67004,57328,Aruba,https://www.government.aw,Pfizer/BioNTech,
2021-06-23,124856,67126,57730,Aruba,https://www.government.aw,Pfizer/BioNTech,
2021-06-24,125289,67278,58011,Aruba,https://www.government.aw,Pfizer/BioNTech,
2021-06-27,125290,67278,58012,Aruba,https://www.government.aw,Pfizer/BioNTech,
2021-06-28,125875,67457,58418,Aruba,https://www.government.aw,Pfizer/BioNTech,
2021-06-29,126387,67610,58777,Aruba,https://www.government.aw,Pfizer/BioNTech,
2021-06-30,127256,67827,59429,Aruba,https://www.government.aw,Pfizer/BioNTech,
2021-07-01,127416,67890,59526,Aruba,https://www.government.aw,Pfizer/BioNTech,
2021-07-02,127984,68087,59897,Aruba,https://www.government.aw,Pfizer/BioNTech,
2021-07-05,128575,68241,60334,Aruba,https://www.government.aw,Pfizer/BioNTech,
2021-07-06,129162,68478,60684,Aruba,https://www.government.aw,Pfizer/BioNTech,
2021-07-07,129646,68664,60982,Aruba,https://www.government.aw,Pfizer/BioNTech,
2021-07-08,130121,68855,61266,Aruba,https://www.government.aw,Pfizer/BioNTech,
2021-07-09,130670,69031,61639,Aruba,https://www.government.aw,Pfizer/BioNTech,
2021-07-10,131930,70174,61756,Aruba,https://www.government.aw,Pfizer/BioNTech,
2021-07-12,132344,70353,61991,Aruba,https://www.government.aw,Pfizer/BioNTech,
2021-07-13,132715,70539,62176,Aruba,https://www.government.aw,Pfizer/BioNTech,
2021-07-14,133180,70755,62425,Aruba,https://www.government.aw,Pfizer/BioNTech,
2021-07-15,133727,71025,62702,Aruba,https://www.government.aw,Pfizer/BioNTech,
2021-07-16,133750,71035,62715,Aruba,https://www.government.aw,Pfizer/BioNTech,
2021-07-19,134510,71409,63101,Aruba,https://www.government.aw,Pfizer/BioNTech,
2021-07-20,134521,71415,63106,Aruba,https://www.government.aw,Pfizer/BioNTech,
2021-07-21,134983,71650,63333,Aruba,https://www.government.aw,Pfizer/BioNTech,
2021-07-22,135450,71894,63556,Aruba,https://www.government.aw,Pfizer/BioNTech,
2021-07-23,135509,71913,63596,Aruba,https://www.government.aw,Pfizer/BioNTech,
2021-07-26,135988,72151,63837,Aruba,https://www.government.aw,Pfizer/BioNTech,
2021-07-27,136496,72440,64056,Aruba,https://www.government.aw,Pfizer/BioNTech,
2021-07-28,136907,72598,64309,Aruba,https://www.government.aw,Pfizer/BioNTech,
2021-07-29,137305,72758,64547,Aruba,https://www.government.aw,Pfizer/BioNTech,
2021-07-30,137598,72787,64811,Aruba,https://www.government.aw,Pfizer/BioNTech,
2021-07-31,138509,72793,65716,Aruba,https://www.government.aw,Pfizer/BioNTech,
2021-08-01,138513,72795,65718,Aruba,https://www.government.aw,Pfizer/BioNTech,
2021-08-02,138688,72813,65875,Aruba,https://www.government.aw,Pfizer/BioNTech,
2021-08-03,139043,72843,66200,Aruba,https://www.government.aw,Pfizer/BioNTech,
2021-08-04,139122,72858,66264,Aruba,https://www.government.aw,Pfizer/BioNTech,
2021-08-05,139303,72908,66395,Aruba,https://www.government.aw,Pfizer/BioNTech,
2021-08-06,139566,72991,66575,Aruba,https://www.government.aw,Pfizer/BioNTech,
2021-08-09,139887,73125,66762,Aruba,https://www.government.aw,Pfizer/BioNTech,
2021-08-10,140304,73394,66910,Aruba,https://www.government.aw,Pfizer/BioNTech,
2021-08-11,140901,73738,67163,Aruba,https://www.government.aw,Pfizer/BioNTech,
2021-08-12,141116,73843,67273,Aruba,https://www.government.aw,Pfizer/BioNTech,
2021-08-13,141611,74089,67522,Aruba,https://www.government.aw,Pfizer/BioNTech,
2021-08-16,142033,74271,67762,Aruba,https://www.government.aw,Pfizer/BioNTech,
2021-08-17,142606,74555,68051,Aruba,https://www.government.aw,Pfizer/BioNTech,
2021-08-18,143030,74788,68242,Aruba,https://www.government.aw,Pfizer/BioNTech,
2021-08-19,143396,74987,68409,Aruba,https://www.government.aw,Pfizer/BioNTech,
2021-08-20,143661,75163,68498,Aruba,https://www.government.aw,Pfizer/BioNTech,
2021-08-22,145934,77278,68656,Aruba,https://www.government.aw,Pfizer/BioNTech,
2021-08-23,146254,77540,68714,Aruba,https://www.government.aw,Pfizer/BioNTech,
2021-08-24,146496,77745,68751,Aruba,https://www.government.aw,Pfizer/BioNTech,
2021-08-25,146793,77973,68820,Aruba,https://www.government.aw,Pfizer/BioNTech,
2021-08-26,147080,78173,68907,Aruba,https://www.government.aw,Pfizer/BioNTech,
2021-08-27,147363,78344,69019,Aruba,https://www.government.aw,Pfizer/BioNTech,
2021-08-29,147577,78460,69117,Aruba,https://www.government.aw,Pfizer/BioNTech,
2021-08-30,147653,78503,69150,Aruba,https://www.government.aw,Pfizer/BioNTech,
2021-08-31,148225,78669,69556,Aruba,https://www.government.aw,Pfizer/BioNTech,
2021-09-01,148632,78853,69779,Aruba,https://www.government.aw,Pfizer/BioNTech,
2021-09-02,148867,78935,69932,Aruba,https://www.government.aw,Pfizer/BioNTech,
2021-09-03,149047,78997,70050,Aruba,https://www.government.aw,Pfizer/BioNTech,
2021-09-06,149590,79209,70381,Aruba,https://www.government.aw,Pfizer/BioNTech,
2021-09-07,149690,79261,70429,Aruba,https://www.government.aw,Pfizer/BioNTech,
2021-09-08,149974,79341,70633,Aruba,https://www.government.aw,Pfizer/BioNTech,
2021-09-09,150216,79400,70816,Aruba,https://www.government.aw,Pfizer/BioNTech,
2021-09-10,150466,79475,70991,Aruba,https://www.government.aw,Pfizer/BioNTech,
2021-09-11,151287,79801,71486,Aruba,https://www.government.aw,Pfizer/BioNTech,
2021-09-12,153189,80344,72845,Aruba,https://www.government.aw,Pfizer/BioNTech,
2021-09-13,153193,80346,72847,Aruba,https://www.government.aw,Pfizer/BioNTech,
2021-09-14,153597,80425,73172,Aruba,https://www.government.aw,Pfizer/BioNTech,
2021-09-15,154061,80518,73543,Aruba,https://www.government.aw,Pfizer/BioNTech,
2021-09-16,154447,80606,73841,Aruba,https://www.government.aw,Pfizer/BioNTech,
2021-09-20,154700,80707,73993,Aruba,https://www.government.aw,Pfizer/BioNTech,
2021-09-21,155093,80888,74205,Aruba,https://www.government.aw,Pfizer/BioNTech,
2021-09-22,155119,80907,74212,Aruba,https://www.government.aw,Pfizer/BioNTech,
2021-09-23,155336,80976,74360,Aruba,https://www.government.aw,Pfizer/BioNTech,
2021-09-24,155501,81036,74465,Aruba,https://www.government.aw,Pfizer/BioNTech,
2021-09-25,155609,81124,74485,Aruba,https://www.government.aw,Pfizer/BioNTech,
2021-09-26,155660,81149,74511,Aruba,https://www.government.aw,Pfizer/BioNTech,
2021-09-27,155753,81187,74566,Aruba,https://www.government.aw,Pfizer/BioNTech,
2021-09-28,155908,81238,74670,Aruba,https://www.government.aw,Pfizer/BioNTech,
2021-09-29,156061,81319,74742,Aruba,https://www.government.aw,Pfizer/BioNTech,
2021-09-30,156179,81374,74805,Aruba,https://www.government.aw,Pfizer/BioNTech,
2021-10-01,156355,81461,74894,Aruba,https://www.government.aw,Pfizer/BioNTech,
2021-10-02,156357,81462,74895,Aruba,https://www.government.aw,Pfizer/BioNTech,
2021-10-04,156561,81514,75047,Aruba,https://www.government.aw,Pfizer/BioNTech,
2021-10-05,156764,81564,75200,Aruba,https://www.government.aw,Pfizer/BioNTech,
2021-10-06,157007,81641,75366,Aruba,https://www.government.aw,Pfizer/BioNTech,
2021-10-07,157212,81700,75512,Aruba,https://www.government.aw,Pfizer/BioNTech,
2021-10-08,157355,81761,75594,Aruba,https://www.government.aw,Pfizer/BioNTech,
2021-10-09,157356,81761,75595,Aruba,https://www.government.aw,Pfizer/BioNTech,
2021-10-10,157541,81871,75670,Aruba,https://www.government.aw,Pfizer/BioNTech,
2021-10-12,157665,81916,75749,Aruba,https://www.government.aw,Pfizer/BioNTech,
2021-10-13,157866,81987,75879,Aruba,https://www.government.aw,Pfizer/BioNTech,
2021-10-14,157952,82015,75937,Aruba,https://www.government.aw,Pfizer/BioNTech,
2021-10-15,158065,82054,76011,Aruba,https://www.government.aw,Pfizer/BioNTech,
2021-10-18,158219,82107,76112,Aruba,https://www.government.aw,Pfizer/BioNTech,
2021-10-19,158440,82193,76247,Aruba,https://www.government.aw,Pfizer/BioNTech,
2021-10-20,158552,82236,76316,Aruba,https://www.government.aw,Pfizer/BioNTech,
2021-10-21,158665,82294,76371,Aruba,https://www.government.aw,Pfizer/BioNTech,
2021-10-22,158815,82370,76445,Aruba,https://www.government.aw,Pfizer/BioNTech,
2021-10-25,158921,82417,76504,Aruba,https://www.government.aw,Pfizer/BioNTech,
2021-10-26,159016,82459,76557,Aruba,https://www.government.aw,Pfizer/BioNTech,
2021-10-27,159175,82535,76640,Aruba,https://www.government.aw,Pfizer/BioNTech,
2021-10-28,159250,82562,76688,Aruba,https://www.government.aw,Pfizer/BioNTech,
2021-10-29,159406,82650,76756,Aruba,https://www.government.aw,Pfizer/BioNTech,
2021-11-01,159537,82682,76855,Aruba,https://www.government.aw,Pfizer/BioNTech,
2021-11-02,159631,82729,76902,Aruba,https://www.government.aw,Pfizer/BioNTech,
2021-11-03,159864,82849,77015,Aruba,https://www.government.aw,Pfizer/BioNTech,
2021-11-05,160012,82934,77078,Aruba,https://www.government.aw,Pfizer/BioNTech,
