date,people_vaccinated,people_fully_vaccinated,total_vaccinations,total_boosters,location,source_url,vaccine
2020-12-27,753,0,753,0,Austria,https://info.gesundheitsministerium.gv.at/data/COVID19_vaccination_doses_timeline.csv,Pfizer/BioNTech
2020-12-28,2075,0,2075,0,Austria,https://info.gesundheitsministerium.gv.at/data/COVID19_vaccination_doses_timeline.csv,Pfizer/BioNTech
2020-12-29,3728,0,3728,0,Austria,https://info.gesundheitsministerium.gv.at/data/COVID19_vaccination_doses_timeline.csv,Pfizer/BioNTech
2020-12-30,5111,0,5111,0,Austria,https://info.gesundheitsministerium.gv.at/data/COVID19_vaccination_doses_timeline.csv,Pfizer/BioNTech
2020-12-31,5125,0,5125,0,Austria,https://info.gesundheitsministerium.gv.at/data/COVID19_vaccination_doses_timeline.csv,Pfizer/BioNTech
2021-01-01,5134,0,5134,0,Austria,https://info.gesundheitsministerium.gv.at/data/COVID19_vaccination_doses_timeline.csv,Pfizer/BioNTech
2021-01-02,5146,0,5146,0,Austria,https://info.gesundheitsministerium.gv.at/data/COVID19_vaccination_doses_timeline.csv,Pfizer/BioNTech
2021-01-03,5155,0,5155,0,Austria,https://info.gesundheitsministerium.gv.at/data/COVID19_vaccination_doses_timeline.csv,Pfizer/BioNTech
2021-01-04,5285,0,5285,0,Austria,https://info.gesundheitsministerium.gv.at/data/COVID19_vaccination_doses_timeline.csv,Pfizer/BioNTech
2021-01-05,7090,0,7090,0,Austria,https://info.gesundheitsministerium.gv.at/data/COVID19_vaccination_doses_timeline.csv,Pfizer/BioNTech
2021-01-06,7954,0,7954,0,Austria,https://info.gesundheitsministerium.gv.at/data/COVID19_vaccination_doses_timeline.csv,Pfizer/BioNTech
2021-01-07,11248,0,11248,0,Austria,https://info.gesundheitsministerium.gv.at/data/COVID19_vaccination_doses_timeline.csv,Pfizer/BioNTech
2021-01-08,24484,0,24484,0,Austria,https://info.gesundheitsministerium.gv.at/data/COVID19_vaccination_doses_timeline.csv,Pfizer/BioNTech
2021-01-09,29012,0,29012,0,Austria,https://info.gesundheitsministerium.gv.at/data/COVID19_vaccination_doses_timeline.csv,Pfizer/BioNTech
2021-01-10,31255,0,31255,0,Austria,https://info.gesundheitsministerium.gv.at/data/COVID19_vaccination_doses_timeline.csv,Pfizer/BioNTech
2021-01-11,36952,0,36952,0,Austria,https://info.gesundheitsministerium.gv.at/data/COVID19_vaccination_doses_timeline.csv,Pfizer/BioNTech
2021-01-12,51968,0,51968,0,Austria,https://info.gesundheitsministerium.gv.at/data/COVID19_vaccination_doses_timeline.csv,Pfizer/BioNTech
2021-01-13,68116,0,68116,0,Austria,https://info.gesundheitsministerium.gv.at/data/COVID19_vaccination_doses_timeline.csv,Pfizer/BioNTech
2021-01-14,85091,0,85091,0,Austria,https://info.gesundheitsministerium.gv.at/data/COVID19_vaccination_doses_timeline.csv,Pfizer/BioNTech
2021-01-15,103665,0,103665,0,Austria,https://info.gesundheitsministerium.gv.at/data/COVID19_vaccination_doses_timeline.csv,"Moderna, Pfizer/BioNTech"
2021-01-16,110546,12,110558,0,Austria,https://info.gesundheitsministerium.gv.at/data/COVID19_vaccination_doses_timeline.csv,"Moderna, Pfizer/BioNTech"
2021-01-17,115887,393,116280,0,Austria,https://info.gesundheitsministerium.gv.at/data/COVID19_vaccination_doses_timeline.csv,"Moderna, Pfizer/BioNTech"
2021-01-18,126460,1295,127755,0,Austria,https://info.gesundheitsministerium.gv.at/data/COVID19_vaccination_doses_timeline.csv,"Moderna, Pfizer/BioNTech"
2021-01-19,151219,2793,154012,0,Austria,https://info.gesundheitsministerium.gv.at/data/COVID19_vaccination_doses_timeline.csv,"Moderna, Pfizer/BioNTech"
2021-01-20,173607,4111,177719,1,Austria,https://info.gesundheitsministerium.gv.at/data/COVID19_vaccination_doses_timeline.csv,"Moderna, Pfizer/BioNTech"
2021-01-21,193441,4284,197726,1,Austria,https://info.gesundheitsministerium.gv.at/data/COVID19_vaccination_doses_timeline.csv,"Moderna, Pfizer/BioNTech"
2021-01-22,204470,4875,209346,1,Austria,https://info.gesundheitsministerium.gv.at/data/COVID19_vaccination_doses_timeline.csv,"Moderna, Pfizer/BioNTech"
2021-01-23,207628,4877,212506,1,Austria,https://info.gesundheitsministerium.gv.at/data/COVID19_vaccination_doses_timeline.csv,"Moderna, Pfizer/BioNTech"
2021-01-24,208890,4888,213779,1,Austria,https://info.gesundheitsministerium.gv.at/data/COVID19_vaccination_doses_timeline.csv,"Moderna, Pfizer/BioNTech"
2021-01-25,210305,5003,215309,1,Austria,https://info.gesundheitsministerium.gv.at/data/COVID19_vaccination_doses_timeline.csv,"Moderna, Pfizer/BioNTech"
2021-01-26,218151,5920,224072,1,Austria,https://info.gesundheitsministerium.gv.at/data/COVID19_vaccination_doses_timeline.csv,"Moderna, Pfizer/BioNTech"
2021-01-27,225705,6454,232160,1,Austria,https://info.gesundheitsministerium.gv.at/data/COVID19_vaccination_doses_timeline.csv,"Moderna, Pfizer/BioNTech"
2021-01-28,233027,9141,242169,1,Austria,https://info.gesundheitsministerium.gv.at/data/COVID19_vaccination_doses_timeline.csv,"Moderna, Pfizer/BioNTech"
2021-01-29,238412,18933,257360,15,Austria,https://info.gesundheitsministerium.gv.at/data/COVID19_vaccination_doses_timeline.csv,"Moderna, Pfizer/BioNTech"
2021-01-30,239764,21320,261099,15,Austria,https://info.gesundheitsministerium.gv.at/data/COVID19_vaccination_doses_timeline.csv,"Moderna, Pfizer/BioNTech"
2021-01-31,240178,22334,262527,15,Austria,https://info.gesundheitsministerium.gv.at/data/COVID19_vaccination_doses_timeline.csv,"Moderna, Pfizer/BioNTech"
2021-02-01,241788,25479,267282,15,Austria,https://info.gesundheitsministerium.gv.at/data/COVID19_vaccination_doses_timeline.csv,"Moderna, Pfizer/BioNTech"
2021-02-02,244929,40037,285011,45,Austria,https://info.gesundheitsministerium.gv.at/data/COVID19_vaccination_doses_timeline.csv,"Moderna, Pfizer/BioNTech"
2021-02-03,248142,55251,303439,46,Austria,https://info.gesundheitsministerium.gv.at/data/COVID19_vaccination_doses_timeline.csv,"Moderna, Pfizer/BioNTech"
2021-02-04,251041,73296,324383,46,Austria,https://info.gesundheitsministerium.gv.at/data/COVID19_vaccination_doses_timeline.csv,"Moderna, Pfizer/BioNTech"
2021-02-05,255222,90576,345844,46,Austria,https://info.gesundheitsministerium.gv.at/data/COVID19_vaccination_doses_timeline.csv,"Moderna, Pfizer/BioNTech"
2021-02-06,257992,97029,355068,47,Austria,https://info.gesundheitsministerium.gv.at/data/COVID19_vaccination_doses_timeline.csv,"Moderna, Pfizer/BioNTech"
2021-02-07,258620,101438,360105,47,Austria,https://info.gesundheitsministerium.gv.at/data/COVID19_vaccination_doses_timeline.csv,"Moderna, Pfizer/BioNTech"
2021-02-08,260687,109235,369969,47,Austria,https://info.gesundheitsministerium.gv.at/data/COVID19_vaccination_doses_timeline.csv,"Moderna, Oxford/AstraZeneca, Pfizer/BioNTech"
2021-02-09,263584,126122,389753,47,Austria,https://info.gesundheitsministerium.gv.at/data/COVID19_vaccination_doses_timeline.csv,"Moderna, Oxford/AstraZeneca, Pfizer/BioNTech"
2021-02-10,267223,144694,411965,48,Austria,https://info.gesundheitsministerium.gv.at/data/COVID19_vaccination_doses_timeline.csv,"Moderna, Oxford/AstraZeneca, Pfizer/BioNTech"
2021-02-11,272673,164295,437017,49,Austria,https://info.gesundheitsministerium.gv.at/data/COVID19_vaccination_doses_timeline.csv,"Moderna, Oxford/AstraZeneca, Pfizer/BioNTech"
2021-02-12,281281,182753,464083,49,Austria,https://info.gesundheitsministerium.gv.at/data/COVID19_vaccination_doses_timeline.csv,"Moderna, Oxford/AstraZeneca, Pfizer/BioNTech"
2021-02-13,286648,187904,474601,49,Austria,https://info.gesundheitsministerium.gv.at/data/COVID19_vaccination_doses_timeline.csv,"Moderna, Oxford/AstraZeneca, Pfizer/BioNTech"
2021-02-14,287127,189499,476675,49,Austria,https://info.gesundheitsministerium.gv.at/data/COVID19_vaccination_doses_timeline.csv,"Moderna, Oxford/AstraZeneca, Pfizer/BioNTech"
2021-02-15,291063,192749,483861,49,Austria,https://info.gesundheitsministerium.gv.at/data/COVID19_vaccination_doses_timeline.csv,"Moderna, Oxford/AstraZeneca, Pfizer/BioNTech"
2021-02-16,298144,200441,498634,49,Austria,https://info.gesundheitsministerium.gv.at/data/COVID19_vaccination_doses_timeline.csv,"Moderna, Oxford/AstraZeneca, Pfizer/BioNTech"
2021-02-17,308303,210120,518472,49,Austria,https://info.gesundheitsministerium.gv.at/data/COVID19_vaccination_doses_timeline.csv,"Moderna, Oxford/AstraZeneca, Pfizer/BioNTech"
2021-02-18,320227,218267,538543,49,Austria,https://info.gesundheitsministerium.gv.at/data/COVID19_vaccination_doses_timeline.csv,"Moderna, Oxford/AstraZeneca, Pfizer/BioNTech"
2021-02-19,333277,226805,560131,49,Austria,https://info.gesundheitsministerium.gv.at/data/COVID19_vaccination_doses_timeline.csv,"Moderna, Oxford/AstraZeneca, Pfizer/BioNTech"
2021-02-20,344663,228514,573226,49,Austria,https://info.gesundheitsministerium.gv.at/data/COVID19_vaccination_doses_timeline.csv,"Moderna, Oxford/AstraZeneca, Pfizer/BioNTech"
2021-02-21,350318,228899,579266,49,Austria,https://info.gesundheitsministerium.gv.at/data/COVID19_vaccination_doses_timeline.csv,"Moderna, Oxford/AstraZeneca, Pfizer/BioNTech"
2021-02-22,355472,230763,586284,49,Austria,https://info.gesundheitsministerium.gv.at/data/COVID19_vaccination_doses_timeline.csv,"Moderna, Oxford/AstraZeneca, Pfizer/BioNTech"
2021-02-23,366055,235273,601377,49,Austria,https://info.gesundheitsministerium.gv.at/data/COVID19_vaccination_doses_timeline.csv,"Moderna, Oxford/AstraZeneca, Pfizer/BioNTech"
2021-02-24,382543,238786,621378,49,Austria,https://info.gesundheitsministerium.gv.at/data/COVID19_vaccination_doses_timeline.csv,"Moderna, Oxford/AstraZeneca, Pfizer/BioNTech"
2021-02-25,399023,242500,641572,49,Austria,https://info.gesundheitsministerium.gv.at/data/COVID19_vaccination_doses_timeline.csv,"Moderna, Oxford/AstraZeneca, Pfizer/BioNTech"
2021-02-26,423622,247517,671188,49,Austria,https://info.gesundheitsministerium.gv.at/data/COVID19_vaccination_doses_timeline.csv,"Moderna, Oxford/AstraZeneca, Pfizer/BioNTech"
2021-02-27,446873,249495,696417,49,Austria,https://info.gesundheitsministerium.gv.at/data/COVID19_vaccination_doses_timeline.csv,"Moderna, Oxford/AstraZeneca, Pfizer/BioNTech"
2021-02-28,456573,250007,706629,49,Austria,https://info.gesundheitsministerium.gv.at/data/COVID19_vaccination_doses_timeline.csv,"Moderna, Oxford/AstraZeneca, Pfizer/BioNTech"
2021-03-01,464692,250899,715640,49,Austria,https://info.gesundheitsministerium.gv.at/data/COVID19_vaccination_doses_timeline.csv,"Moderna, Oxford/AstraZeneca, Pfizer/BioNTech"
2021-03-02,488088,253323,741461,50,Austria,https://info.gesundheitsministerium.gv.at/data/COVID19_vaccination_doses_timeline.csv,"Moderna, Oxford/AstraZeneca, Pfizer/BioNTech"
2021-03-03,513974,255738,769762,50,Austria,https://info.gesundheitsministerium.gv.at/data/COVID19_vaccination_doses_timeline.csv,"Moderna, Oxford/AstraZeneca, Pfizer/BioNTech"
2021-03-04,538951,258553,797554,50,Austria,https://info.gesundheitsministerium.gv.at/data/COVID19_vaccination_doses_timeline.csv,"Moderna, Oxford/AstraZeneca, Pfizer/BioNTech"
2021-03-05,573337,261710,835097,50,Austria,https://info.gesundheitsministerium.gv.at/data/COVID19_vaccination_doses_timeline.csv,"Moderna, Oxford/AstraZeneca, Pfizer/BioNTech"
2021-03-06,599027,264256,863333,50,Austria,https://info.gesundheitsministerium.gv.at/data/COVID19_vaccination_doses_timeline.csv,"Moderna, Oxford/AstraZeneca, Pfizer/BioNTech"
2021-03-07,610375,264917,875342,50,Austria,https://info.gesundheitsministerium.gv.at/data/COVID19_vaccination_doses_timeline.csv,"Moderna, Oxford/AstraZeneca, Pfizer/BioNTech"
2021-03-08,620736,266324,887111,51,Austria,https://info.gesundheitsministerium.gv.at/data/COVID19_vaccination_doses_timeline.csv,"Moderna, Oxford/AstraZeneca, Pfizer/BioNTech"
2021-03-09,645817,269918,915786,51,Austria,https://info.gesundheitsministerium.gv.at/data/COVID19_vaccination_doses_timeline.csv,"Moderna, Oxford/AstraZeneca, Pfizer/BioNTech"
2021-03-10,670455,274473,944979,51,Austria,https://info.gesundheitsministerium.gv.at/data/COVID19_vaccination_doses_timeline.csv,"Moderna, Oxford/AstraZeneca, Pfizer/BioNTech"
2021-03-11,710012,279959,990022,51,Austria,https://info.gesundheitsministerium.gv.at/data/COVID19_vaccination_doses_timeline.csv,"Moderna, Oxford/AstraZeneca, Pfizer/BioNTech"
2021-03-12,763589,285413,1049053,51,Austria,https://info.gesundheitsministerium.gv.at/data/COVID19_vaccination_doses_timeline.csv,"Moderna, Oxford/AstraZeneca, Pfizer/BioNTech"
2021-03-13,810405,291239,1101695,51,Austria,https://info.gesundheitsministerium.gv.at/data/COVID19_vaccination_doses_timeline.csv,"Moderna, Oxford/AstraZeneca, Pfizer/BioNTech"
2021-03-14,837382,295499,1132932,51,Austria,https://info.gesundheitsministerium.gv.at/data/COVID19_vaccination_doses_timeline.csv,"Moderna, Oxford/AstraZeneca, Pfizer/BioNTech"
2021-03-15,856322,297839,1154209,51,Austria,https://info.gesundheitsministerium.gv.at/data/COVID19_vaccination_doses_timeline.csv,"Johnson&Johnson, Moderna, Oxford/AstraZeneca, Pfizer/BioNTech"
2021-03-16,878668,304326,1183031,51,Austria,https://info.gesundheitsministerium.gv.at/data/COVID19_vaccination_doses_timeline.csv,"Johnson&Johnson, Moderna, Oxford/AstraZeneca, Pfizer/BioNTech"
2021-03-17,905300,312569,1217902,51,Austria,https://info.gesundheitsministerium.gv.at/data/COVID19_vaccination_doses_timeline.csv,"Johnson&Johnson, Moderna, Oxford/AstraZeneca, Pfizer/BioNTech"
2021-03-18,932225,320808,1253066,51,Austria,https://info.gesundheitsministerium.gv.at/data/COVID19_vaccination_doses_timeline.csv,"Johnson&Johnson, Moderna, Oxford/AstraZeneca, Pfizer/BioNTech"
2021-03-19,977971,329511,1307514,51,Austria,https://info.gesundheitsministerium.gv.at/data/COVID19_vaccination_doses_timeline.csv,"Johnson&Johnson, Moderna, Oxford/AstraZeneca, Pfizer/BioNTech"
2021-03-20,1015935,339232,1355198,51,Austria,https://info.gesundheitsministerium.gv.at/data/COVID19_vaccination_doses_timeline.csv,"Johnson&Johnson, Moderna, Oxford/AstraZeneca, Pfizer/BioNTech"
2021-03-21,1027656,343145,1370832,51,Austria,https://info.gesundheitsministerium.gv.at/data/COVID19_vaccination_doses_timeline.csv,"Johnson&Johnson, Moderna, Oxford/AstraZeneca, Pfizer/BioNTech"
2021-03-22,1041216,345765,1387010,52,Austria,https://info.gesundheitsministerium.gv.at/data/COVID19_vaccination_doses_timeline.csv,"Johnson&Johnson, Moderna, Oxford/AstraZeneca, Pfizer/BioNTech"
2021-03-23,1060612,362695,1423336,52,Austria,https://info.gesundheitsministerium.gv.at/data/COVID19_vaccination_doses_timeline.csv,"Johnson&Johnson, Moderna, Oxford/AstraZeneca, Pfizer/BioNTech"
2021-03-24,1082541,380944,1463514,53,Austria,https://info.gesundheitsministerium.gv.at/data/COVID19_vaccination_doses_timeline.csv,"Johnson&Johnson, Moderna, Oxford/AstraZeneca, Pfizer/BioNTech"
2021-03-25,1112521,397622,1510168,53,Austria,https://info.gesundheitsministerium.gv.at/data/COVID19_vaccination_doses_timeline.csv,"Johnson&Johnson, Moderna, Oxford/AstraZeneca, Pfizer/BioNTech"
2021-03-26,1145182,416610,1561814,53,Austria,https://info.gesundheitsministerium.gv.at/data/COVID19_vaccination_doses_timeline.csv,"Johnson&Johnson, Moderna, Oxford/AstraZeneca, Pfizer/BioNTech"
2021-03-27,1172174,431398,1603591,53,Austria,https://info.gesundheitsministerium.gv.at/data/COVID19_vaccination_doses_timeline.csv,"Johnson&Johnson, Moderna, Oxford/AstraZeneca, Pfizer/BioNTech"
2021-03-28,1182194,436110,1618323,53,Austria,https://info.gesundheitsministerium.gv.at/data/COVID19_vaccination_doses_timeline.csv,"Johnson&Johnson, Moderna, Oxford/AstraZeneca, Pfizer/BioNTech"
2021-03-29,1203460,441782,1645261,53,Austria,https://info.gesundheitsministerium.gv.at/data/COVID19_vaccination_doses_timeline.csv,"Johnson&Johnson, Moderna, Oxford/AstraZeneca, Pfizer/BioNTech"
2021-03-30,1233329,453717,1687063,53,Austria,https://info.gesundheitsministerium.gv.at/data/COVID19_vaccination_doses_timeline.csv,"Johnson&Johnson, Moderna, Oxford/AstraZeneca, Pfizer/BioNTech"
2021-03-31,1255682,466988,1722681,53,Austria,https://info.gesundheitsministerium.gv.at/data/COVID19_vaccination_doses_timeline.csv,"Johnson&Johnson, Moderna, Oxford/AstraZeneca, Pfizer/BioNTech"
2021-04-01,1278765,486354,1765123,53,Austria,https://info.gesundheitsministerium.gv.at/data/COVID19_vaccination_doses_timeline.csv,"Johnson&Johnson, Moderna, Oxford/AstraZeneca, Pfizer/BioNTech"
2021-04-02,1303703,505872,1809574,53,Austria,https://info.gesundheitsministerium.gv.at/data/COVID19_vaccination_doses_timeline.csv,"Johnson&Johnson, Moderna, Oxford/AstraZeneca, Pfizer/BioNTech"
2021-04-03,1316531,514999,1831525,53,Austria,https://info.gesundheitsministerium.gv.at/data/COVID19_vaccination_doses_timeline.csv,"Johnson&Johnson, Moderna, Oxford/AstraZeneca, Pfizer/BioNTech"
2021-04-04,1324883,516798,1841675,53,Austria,https://info.gesundheitsministerium.gv.at/data/COVID19_vaccination_doses_timeline.csv,"Johnson&Johnson, Moderna, Oxford/AstraZeneca, Pfizer/BioNTech"
2021-04-05,1332744,521612,1854345,54,Austria,https://info.gesundheitsministerium.gv.at/data/COVID19_vaccination_doses_timeline.csv,"Johnson&Johnson, Moderna, Oxford/AstraZeneca, Pfizer/BioNTech"
2021-04-06,1359152,533771,1892908,56,Austria,https://info.gesundheitsministerium.gv.at/data/COVID19_vaccination_doses_timeline.csv,"Johnson&Johnson, Moderna, Oxford/AstraZeneca, Pfizer/BioNTech"
2021-04-07,1399100,550133,1949213,57,Austria,https://info.gesundheitsministerium.gv.at/data/COVID19_vaccination_doses_timeline.csv,"Johnson&Johnson, Moderna, Oxford/AstraZeneca, Pfizer/BioNTech"
2021-04-08,1446586,576139,2022698,57,Austria,https://info.gesundheitsministerium.gv.at/data/COVID19_vaccination_doses_timeline.csv,"Johnson&Johnson, Moderna, Oxford/AstraZeneca, Pfizer/BioNTech"
2021-04-09,1492257,609756,2101977,57,Austria,https://info.gesundheitsministerium.gv.at/data/COVID19_vaccination_doses_timeline.csv,"Johnson&Johnson, Moderna, Oxford/AstraZeneca, Pfizer/BioNTech"
2021-04-10,1529078,638781,2167827,73,Austria,https://info.gesundheitsministerium.gv.at/data/COVID19_vaccination_doses_timeline.csv,"Johnson&Johnson, Moderna, Oxford/AstraZeneca, Pfizer/BioNTech"
2021-04-11,1539477,654509,2193948,74,Austria,https://info.gesundheitsministerium.gv.at/data/COVID19_vaccination_doses_timeline.csv,"Johnson&Johnson, Moderna, Oxford/AstraZeneca, Pfizer/BioNTech"
2021-04-12,1567739,661658,2229353,74,Austria,https://info.gesundheitsministerium.gv.at/data/COVID19_vaccination_doses_timeline.csv,"Johnson&Johnson, Moderna, Oxford/AstraZeneca, Pfizer/BioNTech"
2021-04-13,1601598,673385,2274938,75,Austria,https://info.gesundheitsministerium.gv.at/data/COVID19_vaccination_doses_timeline.csv,"Johnson&Johnson, Moderna, Oxford/AstraZeneca, Pfizer/BioNTech"
2021-04-14,1655882,687288,2343127,77,Austria,https://info.gesundheitsministerium.gv.at/data/COVID19_vaccination_doses_timeline.csv,"Johnson&Johnson, Moderna, Oxford/AstraZeneca, Pfizer/BioNTech"
2021-04-15,1711682,706535,2418173,77,Austria,https://info.gesundheitsministerium.gv.at/data/COVID19_vaccination_doses_timeline.csv,"Johnson&Johnson, Moderna, Oxford/AstraZeneca, Pfizer/BioNTech"
2021-04-16,1763861,725319,2489137,79,Austria,https://info.gesundheitsministerium.gv.at/data/COVID19_vaccination_doses_timeline.csv,"Johnson&Johnson, Moderna, Oxford/AstraZeneca, Pfizer/BioNTech"
2021-04-17,1800103,747411,2547470,79,Austria,https://info.gesundheitsministerium.gv.at/data/COVID19_vaccination_doses_timeline.csv,"Johnson&Johnson, Moderna, Oxford/AstraZeneca, Pfizer/BioNTech"
2021-04-18,1815087,751765,2566809,80,Austria,https://info.gesundheitsministerium.gv.at/data/COVID19_vaccination_doses_timeline.csv,"Johnson&Johnson, Moderna, Oxford/AstraZeneca, Pfizer/BioNTech"
2021-04-19,1841334,757586,2598877,80,Austria,https://info.gesundheitsministerium.gv.at/data/COVID19_vaccination_doses_timeline.csv,"Johnson&Johnson, Moderna, Oxford/AstraZeneca, Pfizer/BioNTech"
2021-04-20,1874353,770449,2644758,80,Austria,https://info.gesundheitsministerium.gv.at/data/COVID19_vaccination_doses_timeline.csv,"Johnson&Johnson, Moderna, Oxford/AstraZeneca, Pfizer/BioNTech"
2021-04-21,1927277,781360,2708591,80,Austria,https://info.gesundheitsministerium.gv.at/data/COVID19_vaccination_doses_timeline.csv,"Johnson&Johnson, Moderna, Oxford/AstraZeneca, Pfizer/BioNTech"
2021-04-22,1988049,792103,2780106,80,Austria,https://info.gesundheitsministerium.gv.at/data/COVID19_vaccination_doses_timeline.csv,"Johnson&Johnson, Moderna, Oxford/AstraZeneca, Pfizer/BioNTech"
2021-04-23,2045369,803621,2848944,80,Austria,https://info.gesundheitsministerium.gv.at/data/COVID19_vaccination_doses_timeline.csv,"Johnson&Johnson, Moderna, Oxford/AstraZeneca, Pfizer/BioNTech"
2021-04-24,2080007,809510,2889470,80,Austria,https://info.gesundheitsministerium.gv.at/data/COVID19_vaccination_doses_timeline.csv,"Johnson&Johnson, Moderna, Oxford/AstraZeneca, Pfizer/BioNTech"
2021-04-25,2106218,811352,2917522,80,Austria,https://info.gesundheitsministerium.gv.at/data/COVID19_vaccination_doses_timeline.csv,"Johnson&Johnson, Moderna, Oxford/AstraZeneca, Pfizer/BioNTech"
2021-04-26,2133824,814926,2948699,80,Austria,https://info.gesundheitsministerium.gv.at/data/COVID19_vaccination_doses_timeline.csv,"Johnson&Johnson, Moderna, Oxford/AstraZeneca, Pfizer/BioNTech"
2021-04-27,2170949,826389,2997282,81,Austria,https://info.gesundheitsministerium.gv.at/data/COVID19_vaccination_doses_timeline.csv,"Johnson&Johnson, Moderna, Oxford/AstraZeneca, Pfizer/BioNTech"
2021-04-28,2215332,840954,3056228,81,Austria,https://info.gesundheitsministerium.gv.at/data/COVID19_vaccination_doses_timeline.csv,"Johnson&Johnson, Moderna, Oxford/AstraZeneca, Pfizer/BioNTech"
2021-04-29,2276771,856362,3133044,82,Austria,https://info.gesundheitsministerium.gv.at/data/COVID19_vaccination_doses_timeline.csv,"Johnson&Johnson, Moderna, Oxford/AstraZeneca, Pfizer/BioNTech"
2021-04-30,2344388,870221,3214499,83,Austria,https://info.gesundheitsministerium.gv.at/data/COVID19_vaccination_doses_timeline.csv,"Johnson&Johnson, Moderna, Oxford/AstraZeneca, Pfizer/BioNTech"
2021-05-01,2378619,878434,3256741,83,Austria,https://info.gesundheitsministerium.gv.at/data/COVID19_vaccination_doses_timeline.csv,"Johnson&Johnson, Moderna, Oxford/AstraZeneca, Pfizer/BioNTech"
2021-05-02,2394012,879839,3273532,83,Austria,https://info.gesundheitsministerium.gv.at/data/COVID19_vaccination_doses_timeline.csv,"Johnson&Johnson, Moderna, Oxford/AstraZeneca, Pfizer/BioNTech"
2021-05-03,2412169,892211,3303197,83,Austria,https://info.gesundheitsministerium.gv.at/data/COVID19_vaccination_doses_timeline.csv,"Johnson&Johnson, Moderna, Oxford/AstraZeneca, Pfizer/BioNTech"
2021-05-04,2453635,914223,3365026,83,Austria,https://info.gesundheitsministerium.gv.at/data/COVID19_vaccination_doses_timeline.csv,"Johnson&Johnson, Moderna, Oxford/AstraZeneca, Pfizer/BioNTech"
2021-05-05,2514572,932579,3443667,84,Austria,https://info.gesundheitsministerium.gv.at/data/COVID19_vaccination_doses_timeline.csv,"Johnson&Johnson, Moderna, Oxford/AstraZeneca, Pfizer/BioNTech"
2021-05-06,2592989,953518,3541954,85,Austria,https://info.gesundheitsministerium.gv.at/data/COVID19_vaccination_doses_timeline.csv,"Johnson&Johnson, Moderna, Oxford/AstraZeneca, Pfizer/BioNTech"
2021-05-07,2680274,977018,3651835,87,Austria,https://info.gesundheitsministerium.gv.at/data/COVID19_vaccination_doses_timeline.csv,"Johnson&Johnson, Moderna, Oxford/AstraZeneca, Pfizer/BioNTech"
2021-05-08,2714373,996731,3704699,87,Austria,https://info.gesundheitsministerium.gv.at/data/COVID19_vaccination_doses_timeline.csv,"Johnson&Johnson, Moderna, Oxford/AstraZeneca, Pfizer/BioNTech"
2021-05-09,2727193,1002895,3723668,87,Austria,https://info.gesundheitsministerium.gv.at/data/COVID19_vaccination_doses_timeline.csv,"Johnson&Johnson, Moderna, Oxford/AstraZeneca, Pfizer/BioNTech"
2021-05-10,2760635,1014216,3767447,87,Austria,https://info.gesundheitsministerium.gv.at/data/COVID19_vaccination_doses_timeline.csv,"Johnson&Johnson, Moderna, Oxford/AstraZeneca, Pfizer/BioNTech"
2021-05-11,2810216,1032326,3834167,87,Austria,https://info.gesundheitsministerium.gv.at/data/COVID19_vaccination_doses_timeline.csv,"Johnson&Johnson, Moderna, Oxford/AstraZeneca, Pfizer/BioNTech"
2021-05-12,2888833,1056676,3935653,87,Austria,https://info.gesundheitsministerium.gv.at/data/COVID19_vaccination_doses_timeline.csv,"Johnson&Johnson, Moderna, Oxford/AstraZeneca, Pfizer/BioNTech"
2021-05-13,2915398,1065309,3970052,87,Austria,https://info.gesundheitsministerium.gv.at/data/COVID19_vaccination_doses_timeline.csv,"Johnson&Johnson, Moderna, Oxford/AstraZeneca, Pfizer/BioNTech"
2021-05-14,2982893,1089791,4061017,88,Austria,https://info.gesundheitsministerium.gv.at/data/COVID19_vaccination_doses_timeline.csv,"Johnson&Johnson, Moderna, Oxford/AstraZeneca, Pfizer/BioNTech"
2021-05-15,3027488,1106822,4121597,88,Austria,https://info.gesundheitsministerium.gv.at/data/COVID19_vaccination_doses_timeline.csv,"Johnson&Johnson, Moderna, Oxford/AstraZeneca, Pfizer/BioNTech"
2021-05-16,3045311,1114056,4145944,88,Austria,https://info.gesundheitsministerium.gv.at/data/COVID19_vaccination_doses_timeline.csv,"Johnson&Johnson, Moderna, Oxford/AstraZeneca, Pfizer/BioNTech"
2021-05-17,3076098,1132831,4193757,89,Austria,https://info.gesundheitsministerium.gv.at/data/COVID19_vaccination_doses_timeline.csv,"Johnson&Johnson, Moderna, Oxford/AstraZeneca, Pfizer/BioNTech"
2021-05-18,3120742,1160799,4264309,89,Austria,https://info.gesundheitsministerium.gv.at/data/COVID19_vaccination_doses_timeline.csv,"Johnson&Johnson, Moderna, Oxford/AstraZeneca, Pfizer/BioNTech"
2021-05-19,3195601,1194600,4370990,89,Austria,https://info.gesundheitsministerium.gv.at/data/COVID19_vaccination_doses_timeline.csv,"Johnson&Johnson, Moderna, Oxford/AstraZeneca, Pfizer/BioNTech"
2021-05-20,3272641,1231367,4482977,91,Austria,https://info.gesundheitsministerium.gv.at/data/COVID19_vaccination_doses_timeline.csv,"Johnson&Johnson, Moderna, Oxford/AstraZeneca, Pfizer/BioNTech"
2021-05-21,3346226,1273267,4595569,93,Austria,https://info.gesundheitsministerium.gv.at/data/COVID19_vaccination_doses_timeline.csv,"Johnson&Johnson, Moderna, Oxford/AstraZeneca, Pfizer/BioNTech"
2021-05-22,3385849,1293529,4655168,93,Austria,https://info.gesundheitsministerium.gv.at/data/COVID19_vaccination_doses_timeline.csv,"Johnson&Johnson, Moderna, Oxford/AstraZeneca, Pfizer/BioNTech"
2021-05-23,3405384,1305151,4684858,93,Austria,https://info.gesundheitsministerium.gv.at/data/COVID19_vaccination_doses_timeline.csv,"Johnson&Johnson, Moderna, Oxford/AstraZeneca, Pfizer/BioNTech"
2021-05-24,3417663,1318174,4710029,93,Austria,https://info.gesundheitsministerium.gv.at/data/COVID19_vaccination_doses_timeline.csv,"Johnson&Johnson, Moderna, Oxford/AstraZeneca, Pfizer/BioNTech"
2021-05-25,3455902,1337104,4765650,93,Austria,https://info.gesundheitsministerium.gv.at/data/COVID19_vaccination_doses_timeline.csv,"Johnson&Johnson, Moderna, Oxford/AstraZeneca, Pfizer/BioNTech"
2021-05-26,3505204,1383078,4859291,93,Austria,https://info.gesundheitsministerium.gv.at/data/COVID19_vaccination_doses_timeline.csv,"Johnson&Johnson, Moderna, Oxford/AstraZeneca, Pfizer/BioNTech"
2021-05-27,3560303,1430890,4959481,97,Austria,https://info.gesundheitsministerium.gv.at/data/COVID19_vaccination_doses_timeline.csv,"Johnson&Johnson, Moderna, Oxford/AstraZeneca, Pfizer/BioNTech"
2021-05-28,3620114,1487963,5070633,97,Austria,https://info.gesundheitsministerium.gv.at/data/COVID19_vaccination_doses_timeline.csv,"Johnson&Johnson, Moderna, Oxford/AstraZeneca, Pfizer/BioNTech"
2021-05-29,3645597,1525777,5133554,100,Austria,https://info.gesundheitsministerium.gv.at/data/COVID19_vaccination_doses_timeline.csv,"Johnson&Johnson, Moderna, Oxford/AstraZeneca, Pfizer/BioNTech"
2021-05-30,3659744,1550064,5171963,100,Austria,https://info.gesundheitsministerium.gv.at/data/COVID19_vaccination_doses_timeline.csv,"Johnson&Johnson, Moderna, Oxford/AstraZeneca, Pfizer/BioNTech"
2021-05-31,3681625,1575459,5216348,101,Austria,https://info.gesundheitsministerium.gv.at/data/COVID19_vaccination_doses_timeline.csv,"Johnson&Johnson, Moderna, Oxford/AstraZeneca, Pfizer/BioNTech"
2021-06-01,3737978,1616580,5307984,106,Austria,https://info.gesundheitsministerium.gv.at/data/COVID19_vaccination_doses_timeline.csv,"Johnson&Johnson, Moderna, Oxford/AstraZeneca, Pfizer/BioNTech"
2021-06-02,3816043,1689663,5452234,110,Austria,https://info.gesundheitsministerium.gv.at/data/COVID19_vaccination_doses_timeline.csv,"Johnson&Johnson, Moderna, Oxford/AstraZeneca, Pfizer/BioNTech"
2021-06-03,3847232,1728491,5521318,111,Austria,https://info.gesundheitsministerium.gv.at/data/COVID19_vaccination_doses_timeline.csv,"Johnson&Johnson, Moderna, Oxford/AstraZeneca, Pfizer/BioNTech"
2021-06-04,3909879,1778849,5631356,112,Austria,https://info.gesundheitsministerium.gv.at/data/COVID19_vaccination_doses_timeline.csv,"Johnson&Johnson, Moderna, Oxford/AstraZeneca, Pfizer/BioNTech"
2021-06-05,3943539,1809053,5694777,115,Austria,https://info.gesundheitsministerium.gv.at/data/COVID19_vaccination_doses_timeline.csv,"Johnson&Johnson, Moderna, Oxford/AstraZeneca, Pfizer/BioNTech"
2021-06-06,3967687,1839023,5748503,116,Austria,https://info.gesundheitsministerium.gv.at/data/COVID19_vaccination_doses_timeline.csv,"Johnson&Johnson, Moderna, Oxford/AstraZeneca, Pfizer/BioNTech"
2021-06-07,3993782,1873838,5806658,118,Austria,https://info.gesundheitsministerium.gv.at/data/COVID19_vaccination_doses_timeline.csv,"Johnson&Johnson, Moderna, Oxford/AstraZeneca, Pfizer/BioNTech"
2021-06-08,4044407,1920284,5898902,121,Austria,https://info.gesundheitsministerium.gv.at/data/COVID19_vaccination_doses_timeline.csv,"Johnson&Johnson, Moderna, Oxford/AstraZeneca, Pfizer/BioNTech"
2021-06-09,4107303,1979912,6016905,122,Austria,https://info.gesundheitsministerium.gv.at/data/COVID19_vaccination_doses_timeline.csv,"Johnson&Johnson, Moderna, Oxford/AstraZeneca, Pfizer/BioNTech"
2021-06-10,4160065,2053990,6139086,125,Austria,https://info.gesundheitsministerium.gv.at/data/COVID19_vaccination_doses_timeline.csv,"Johnson&Johnson, Moderna, Oxford/AstraZeneca, Pfizer/BioNTech"
2021-06-11,4215811,2134167,6270876,130,Austria,https://info.gesundheitsministerium.gv.at/data/COVID19_vaccination_doses_timeline.csv,"Johnson&Johnson, Moderna, Oxford/AstraZeneca, Pfizer/BioNTech"
2021-06-12,4243929,2176575,6340704,131,Austria,https://info.gesundheitsministerium.gv.at/data/COVID19_vaccination_doses_timeline.csv,"Johnson&Johnson, Moderna, Oxford/AstraZeneca, Pfizer/BioNTech"
2021-06-13,4261259,2197284,6378608,131,Austria,https://info.gesundheitsministerium.gv.at/data/COVID19_vaccination_doses_timeline.csv,"Johnson&Johnson, Moderna, Oxford/AstraZeneca, Pfizer/BioNTech"
2021-06-14,4281069,2228904,6427972,131,Austria,https://info.gesundheitsministerium.gv.at/data/COVID19_vaccination_doses_timeline.csv,"Johnson&Johnson, Moderna, Oxford/AstraZeneca, Pfizer/BioNTech"
2021-06-15,4328607,2271231,6515092,133,Austria,https://info.gesundheitsministerium.gv.at/data/COVID19_vaccination_doses_timeline.csv,"Johnson&Johnson, Moderna, Oxford/AstraZeneca, Pfizer/BioNTech"
2021-06-16,4378553,2344848,6635946,136,Austria,https://info.gesundheitsministerium.gv.at/data/COVID19_vaccination_doses_timeline.csv,"Johnson&Johnson, Moderna, Oxford/AstraZeneca, Pfizer/BioNTech"
2021-06-17,4420777,2421058,6751779,145,Austria,https://info.gesundheitsministerium.gv.at/data/COVID19_vaccination_doses_timeline.csv,"Johnson&Johnson, Moderna, Oxford/AstraZeneca, Pfizer/BioNTech"
2021-06-18,4463344,2496337,6865162,147,Austria,https://info.gesundheitsministerium.gv.at/data/COVID19_vaccination_doses_timeline.csv,"Johnson&Johnson, Moderna, Oxford/AstraZeneca, Pfizer/BioNTech"
2021-06-19,4493917,2533215,6932330,147,Austria,https://info.gesundheitsministerium.gv.at/data/COVID19_vaccination_doses_timeline.csv,"Johnson&Johnson, Moderna, Oxford/AstraZeneca, Pfizer/BioNTech"
2021-06-20,4513211,2551201,6969498,147,Austria,https://info.gesundheitsministerium.gv.at/data/COVID19_vaccination_doses_timeline.csv,"Johnson&Johnson, Moderna, Oxford/AstraZeneca, Pfizer/BioNTech"
2021-06-21,4534172,2584577,7022309,149,Austria,https://info.gesundheitsministerium.gv.at/data/COVID19_vaccination_doses_timeline.csv,"Johnson&Johnson, Moderna, Oxford/AstraZeneca, Pfizer/BioNTech"
2021-06-22,4570157,2642892,7114662,158,Austria,https://info.gesundheitsministerium.gv.at/data/COVID19_vaccination_doses_timeline.csv,"Johnson&Johnson, Moderna, Oxford/AstraZeneca, Pfizer/BioNTech"
2021-06-23,4605646,2721300,7227287,162,Austria,https://info.gesundheitsministerium.gv.at/data/COVID19_vaccination_doses_timeline.csv,"Johnson&Johnson, Moderna, Oxford/AstraZeneca, Pfizer/BioNTech"
2021-06-24,4638701,2800051,7337322,169,Austria,https://info.gesundheitsministerium.gv.at/data/COVID19_vaccination_doses_timeline.csv,"Johnson&Johnson, Moderna, Oxford/AstraZeneca, Pfizer/BioNTech"
2021-06-25,4673809,2889439,7460136,179,Austria,https://info.gesundheitsministerium.gv.at/data/COVID19_vaccination_doses_timeline.csv,"Johnson&Johnson, Moderna, Oxford/AstraZeneca, Pfizer/BioNTech"
2021-06-26,4700491,2940500,7537656,183,Austria,https://info.gesundheitsministerium.gv.at/data/COVID19_vaccination_doses_timeline.csv,"Johnson&Johnson, Moderna, Oxford/AstraZeneca, Pfizer/BioNTech"
2021-06-27,4722604,2960072,7579209,186,Austria,https://info.gesundheitsministerium.gv.at/data/COVID19_vaccination_doses_timeline.csv,"Johnson&Johnson, Moderna, Oxford/AstraZeneca, Pfizer/BioNTech"
2021-06-28,4738765,2998232,7630527,189,Austria,https://info.gesundheitsministerium.gv.at/data/COVID19_vaccination_doses_timeline.csv,"Johnson&Johnson, Moderna, Oxford/AstraZeneca, Pfizer/BioNTech"
2021-06-29,4770569,3062385,7723279,196,Austria,https://info.gesundheitsministerium.gv.at/data/COVID19_vaccination_doses_timeline.csv,"Johnson&Johnson, Moderna, Oxford/AstraZeneca, Pfizer/BioNTech"
2021-06-30,4804089,3147432,7838231,202,Austria,https://info.gesundheitsministerium.gv.at/data/COVID19_vaccination_doses_timeline.csv,"Johnson&Johnson, Moderna, Oxford/AstraZeneca, Pfizer/BioNTech"
2021-07-01,4835457,3237980,7956400,219,Austria,https://info.gesundheitsministerium.gv.at/data/COVID19_vaccination_doses_timeline.csv,"Johnson&Johnson, Moderna, Oxford/AstraZeneca, Pfizer/BioNTech"
2021-07-02,4863658,3327691,8071166,233,Austria,https://info.gesundheitsministerium.gv.at/data/COVID19_vaccination_doses_timeline.csv,"Johnson&Johnson, Moderna, Oxford/AstraZeneca, Pfizer/BioNTech"
2021-07-03,4885971,3378876,8142135,235,Austria,https://info.gesundheitsministerium.gv.at/data/COVID19_vaccination_doses_timeline.csv,"Johnson&Johnson, Moderna, Oxford/AstraZeneca, Pfizer/BioNTech"
2021-07-04,4920168,3405538,8196789,236,Austria,https://info.gesundheitsministerium.gv.at/data/COVID19_vaccination_doses_timeline.csv,"Johnson&Johnson, Moderna, Oxford/AstraZeneca, Pfizer/BioNTech"
2021-07-05,4938817,3437723,8243118,245,Austria,https://info.gesundheitsministerium.gv.at/data/COVID19_vaccination_doses_timeline.csv,"Johnson&Johnson, Moderna, Oxford/AstraZeneca, Pfizer/BioNTech"
2021-07-06,4967469,3495835,8325788,254,Austria,https://info.gesundheitsministerium.gv.at/data/COVID19_vaccination_doses_timeline.csv,"Johnson&Johnson, Moderna, Oxford/AstraZeneca, Pfizer/BioNTech"
2021-07-07,4993293,3567379,8420741,270,Austria,https://info.gesundheitsministerium.gv.at/data/COVID19_vaccination_doses_timeline.csv,"Johnson&Johnson, Moderna, Oxford/AstraZeneca, Pfizer/BioNTech"
2021-07-08,5019296,3641821,8518347,333,Austria,https://info.gesundheitsministerium.gv.at/data/COVID19_vaccination_doses_timeline.csv,"Johnson&Johnson, Moderna, Oxford/AstraZeneca, Pfizer/BioNTech"
2021-07-09,5044170,3712083,8608623,383,Austria,https://info.gesundheitsministerium.gv.at/data/COVID19_vaccination_doses_timeline.csv,"Johnson&Johnson, Moderna, Oxford/AstraZeneca, Pfizer/BioNTech"
2021-07-10,5057019,3753408,8660200,390,Austria,https://info.gesundheitsministerium.gv.at/data/COVID19_vaccination_doses_timeline.csv,"Johnson&Johnson, Moderna, Oxford/AstraZeneca, Pfizer/BioNTech"
2021-07-11,5069188,3774918,8691206,398,Austria,https://info.gesundheitsministerium.gv.at/data/COVID19_vaccination_doses_timeline.csv,"Johnson&Johnson, Moderna, Oxford/AstraZeneca, Pfizer/BioNTech"
2021-07-12,5078081,3804305,8727668,415,Austria,https://info.gesundheitsministerium.gv.at/data/COVID19_vaccination_doses_timeline.csv,"Johnson&Johnson, Moderna, Oxford/AstraZeneca, Pfizer/BioNTech"
2021-07-13,5099139,3860091,8802722,428,Austria,https://info.gesundheitsministerium.gv.at/data/COVID19_vaccination_doses_timeline.csv,"Johnson&Johnson, Moderna, Oxford/AstraZeneca, Pfizer/BioNTech"
2021-07-14,5115816,3927283,8884524,451,Austria,https://info.gesundheitsministerium.gv.at/data/COVID19_vaccination_doses_timeline.csv,"Johnson&Johnson, Moderna, Oxford/AstraZeneca, Pfizer/BioNTech"
2021-07-15,5134194,3976109,8949086,526,Austria,https://info.gesundheitsministerium.gv.at/data/COVID19_vaccination_doses_timeline.csv,"Johnson&Johnson, Moderna, Oxford/AstraZeneca, Pfizer/BioNTech"
2021-07-16,5153106,4041837,9030687,603,Austria,https://info.gesundheitsministerium.gv.at/data/COVID19_vaccination_doses_timeline.csv,"Johnson&Johnson, Moderna, Oxford/AstraZeneca, Pfizer/BioNTech"
2021-07-17,5170507,4082042,9082039,622,Austria,https://info.gesundheitsministerium.gv.at/data/COVID19_vaccination_doses_timeline.csv,"Johnson&Johnson, Moderna, Oxford/AstraZeneca, Pfizer/BioNTech"
2021-07-18,5177782,4104575,9110383,625,Austria,https://info.gesundheitsministerium.gv.at/data/COVID19_vaccination_doses_timeline.csv,"Johnson&Johnson, Moderna, Oxford/AstraZeneca, Pfizer/BioNTech"
2021-07-19,5189261,4126281,9142197,633,Austria,https://info.gesundheitsministerium.gv.at/data/COVID19_vaccination_doses_timeline.csv,"Johnson&Johnson, Moderna, Oxford/AstraZeneca, Pfizer/BioNTech"
2021-07-20,5201975,4162720,9189789,662,Austria,https://info.gesundheitsministerium.gv.at/data/COVID19_vaccination_doses_timeline.csv,"Johnson&Johnson, Moderna, Oxford/AstraZeneca, Pfizer/BioNTech"
2021-07-21,5214003,4220371,9257345,680,Austria,https://info.gesundheitsministerium.gv.at/data/COVID19_vaccination_doses_timeline.csv,"Johnson&Johnson, Moderna, Oxford/AstraZeneca, Pfizer/BioNTech"
2021-07-22,5232321,4274955,9326984,711,Austria,https://info.gesundheitsministerium.gv.at/data/COVID19_vaccination_doses_timeline.csv,"Johnson&Johnson, Moderna, Oxford/AstraZeneca, Pfizer/BioNTech"
2021-07-23,5249307,4332246,9398496,729,Austria,https://info.gesundheitsministerium.gv.at/data/COVID19_vaccination_doses_timeline.csv,"Johnson&Johnson, Moderna, Oxford/AstraZeneca, Pfizer/BioNTech"
2021-07-24,5260840,4375311,9449591,736,Austria,https://info.gesundheitsministerium.gv.at/data/COVID19_vaccination_doses_timeline.csv,"Johnson&Johnson, Moderna, Oxford/AstraZeneca, Pfizer/BioNTech"
2021-07-25,5267500,4398907,9478003,740,Austria,https://info.gesundheitsministerium.gv.at/data/COVID19_vaccination_doses_timeline.csv,"Johnson&Johnson, Moderna, Oxford/AstraZeneca, Pfizer/BioNTech"
2021-07-26,5276448,4421959,9508616,755,Austria,https://info.gesundheitsministerium.gv.at/data/COVID19_vaccination_doses_timeline.csv,"Johnson&Johnson, Moderna, Oxford/AstraZeneca, Pfizer/BioNTech"
2021-07-27,5284272,4469511,9562611,776,Austria,https://info.gesundheitsministerium.gv.at/data/COVID19_vaccination_doses_timeline.csv,"Johnson&Johnson, Moderna, Oxford/AstraZeneca, Pfizer/BioNTech"
2021-07-28,5292855,4518944,9619001,803,Austria,https://info.gesundheitsministerium.gv.at/data/COVID19_vaccination_doses_timeline.csv,"Johnson&Johnson, Moderna, Oxford/AstraZeneca, Pfizer/BioNTech"
2021-07-29,5302173,4556292,9663777,839,Austria,https://info.gesundheitsministerium.gv.at/data/COVID19_vaccination_doses_timeline.csv,"Johnson&Johnson, Moderna, Oxford/AstraZeneca, Pfizer/BioNTech"
2021-07-30,5313989,4603764,9719644,860,Austria,https://info.gesundheitsministerium.gv.at/data/COVID19_vaccination_doses_timeline.csv,"Johnson&Johnson, Moderna, Oxford/AstraZeneca, Pfizer/BioNTech"
2021-07-31,5320101,4634922,9755326,882,Austria,https://info.gesundheitsministerium.gv.at/data/COVID19_vaccination_doses_timeline.csv,"Johnson&Johnson, Moderna, Oxford/AstraZeneca, Pfizer/BioNTech"
2021-08-01,5322571,4660283,9782511,886,Austria,https://info.gesundheitsministerium.gv.at/data/COVID19_vaccination_doses_timeline.csv,"Johnson&Johnson, Moderna, Oxford/AstraZeneca, Pfizer/BioNTech"
2021-08-02,5328038,4684207,9810550,901,Austria,https://info.gesundheitsministerium.gv.at/data/COVID19_vaccination_doses_timeline.csv,"Johnson&Johnson, Moderna, Oxford/AstraZeneca, Pfizer/BioNTech"
2021-08-03,5336596,4724149,9857202,931,Austria,https://info.gesundheitsministerium.gv.at/data/COVID19_vaccination_doses_timeline.csv,"Johnson&Johnson, Moderna, Oxford/AstraZeneca, Pfizer/BioNTech"
2021-08-04,5346662,4762212,9903463,967,Austria,https://info.gesundheitsministerium.gv.at/data/COVID19_vaccination_doses_timeline.csv,"Johnson&Johnson, Moderna, Oxford/AstraZeneca, Pfizer/BioNTech"
2021-08-05,5356211,4795604,9943785,995,Austria,https://info.gesundheitsministerium.gv.at/data/COVID19_vaccination_doses_timeline.csv,"Johnson&Johnson, Moderna, Oxford/AstraZeneca, Pfizer/BioNTech"
2021-08-06,5365953,4835068,9990036,1053,Austria,https://info.gesundheitsministerium.gv.at/data/COVID19_vaccination_doses_timeline.csv,"Johnson&Johnson, Moderna, Oxford/AstraZeneca, Pfizer/BioNTech"
2021-08-07,5373409,4860758,10019704,1063,Austria,https://info.gesundheitsministerium.gv.at/data/COVID19_vaccination_doses_timeline.csv,"Johnson&Johnson, Moderna, Oxford/AstraZeneca, Pfizer/BioNTech"
2021-08-08,5377275,4882860,10044803,1078,Austria,https://info.gesundheitsministerium.gv.at/data/COVID19_vaccination_doses_timeline.csv,"Johnson&Johnson, Moderna, Oxford/AstraZeneca, Pfizer/BioNTech"
2021-08-09,5381309,4895103,10059885,1112,Austria,https://info.gesundheitsministerium.gv.at/data/COVID19_vaccination_doses_timeline.csv,"Johnson&Johnson, Moderna, Oxford/AstraZeneca, Pfizer/BioNTech"
2021-08-10,5386746,4930908,10099681,1162,Austria,https://info.gesundheitsministerium.gv.at/data/COVID19_vaccination_doses_timeline.csv,"Johnson&Johnson, Moderna, Oxford/AstraZeneca, Pfizer/BioNTech"
2021-08-11,5393705,4964926,10139166,1211,Austria,https://info.gesundheitsministerium.gv.at/data/COVID19_vaccination_doses_timeline.csv,"Johnson&Johnson, Moderna, Oxford/AstraZeneca, Pfizer/BioNTech"
2021-08-12,5400363,4990385,10169790,1257,Austria,https://info.gesundheitsministerium.gv.at/data/COVID19_vaccination_doses_timeline.csv,"Johnson&Johnson, Moderna, Oxford/AstraZeneca, Pfizer/BioNTech"
2021-08-13,5406796,5012296,10195970,1332,Austria,https://info.gesundheitsministerium.gv.at/data/COVID19_vaccination_doses_timeline.csv,"Johnson&Johnson, Moderna, Oxford/AstraZeneca, Pfizer/BioNTech"
2021-08-14,5412257,5026602,10214203,1342,Austria,https://info.gesundheitsministerium.gv.at/data/COVID19_vaccination_doses_timeline.csv,"Johnson&Johnson, Moderna, Oxford/AstraZeneca, Pfizer/BioNTech"
2021-08-15,5414212,5034453,10223322,1355,Austria,https://info.gesundheitsministerium.gv.at/data/COVID19_vaccination_doses_timeline.csv,"Johnson&Johnson, Moderna, Oxford/AstraZeneca, Pfizer/BioNTech"
2021-08-16,5418427,5054526,10246468,1384,Austria,https://info.gesundheitsministerium.gv.at/data/COVID19_vaccination_doses_timeline.csv,"Johnson&Johnson, Moderna, Oxford/AstraZeneca, Pfizer/BioNTech"
2021-08-17,5424775,5074782,10271386,1446,Austria,https://info.gesundheitsministerium.gv.at/data/COVID19_vaccination_doses_timeline.csv,"Johnson&Johnson, Moderna, Oxford/AstraZeneca, Pfizer/BioNTech"
2021-08-18,5431874,5094807,10296885,1534,Austria,https://info.gesundheitsministerium.gv.at/data/COVID19_vaccination_doses_timeline.csv,"Johnson&Johnson, Moderna, Oxford/AstraZeneca, Pfizer/BioNTech"
2021-08-19,5439268,5114490,10322002,1637,Austria,https://info.gesundheitsministerium.gv.at/data/COVID19_vaccination_doses_timeline.csv,"Johnson&Johnson, Moderna, Oxford/AstraZeneca, Pfizer/BioNTech"
2021-08-20,5448307,5134219,10347783,1744,Austria,https://info.gesundheitsministerium.gv.at/data/COVID19_vaccination_doses_timeline.csv,"Johnson&Johnson, Moderna, Oxford/AstraZeneca, Pfizer/BioNTech"
2021-08-21,5455003,5146889,10364346,1814,Austria,https://info.gesundheitsministerium.gv.at/data/COVID19_vaccination_doses_timeline.csv,"Johnson&Johnson, Moderna, Oxford/AstraZeneca, Pfizer/BioNTech"
2021-08-22,5458429,5151858,10372035,1830,Austria,https://info.gesundheitsministerium.gv.at/data/COVID19_vaccination_doses_timeline.csv,"Johnson&Johnson, Moderna, Oxford/AstraZeneca, Pfizer/BioNTech"
2021-08-23,5461849,5158031,10380724,1928,Austria,https://info.gesundheitsministerium.gv.at/data/COVID19_vaccination_doses_timeline.csv,"Johnson&Johnson, Moderna, Oxford/AstraZeneca, Pfizer/BioNTech"
2021-08-24,5472853,5169594,10400084,2090,Austria,https://info.gesundheitsministerium.gv.at/data/COVID19_vaccination_doses_timeline.csv,"Johnson&Johnson, Moderna, Oxford/AstraZeneca, Pfizer/BioNTech"
2021-08-25,5479913,5179343,10415258,2253,Austria,https://info.gesundheitsministerium.gv.at/data/COVID19_vaccination_doses_timeline.csv,"Johnson&Johnson, Moderna, Oxford/AstraZeneca, Pfizer/BioNTech"
2021-08-26,5488411,5194520,10436544,2473,Austria,https://info.gesundheitsministerium.gv.at/data/COVID19_vaccination_doses_timeline.csv,"Johnson&Johnson, Moderna, Oxford/AstraZeneca, Pfizer/BioNTech"
2021-08-27,5497562,5206572,10455268,2667,Austria,https://info.gesundheitsministerium.gv.at/data/COVID19_vaccination_doses_timeline.csv,"Johnson&Johnson, Moderna, Oxford/AstraZeneca, Pfizer/BioNTech"
2021-08-28,5503175,5211739,10464413,2708,Austria,https://info.gesundheitsministerium.gv.at/data/COVID19_vaccination_doses_timeline.csv,"Johnson&Johnson, Moderna, Oxford/AstraZeneca, Pfizer/BioNTech"
2021-08-29,5504828,5214025,10467812,2732,Austria,https://info.gesundheitsministerium.gv.at/data/COVID19_vaccination_doses_timeline.csv,"Johnson&Johnson, Moderna, Oxford/AstraZeneca, Pfizer/BioNTech"
2021-08-30,5509299,5219792,10476924,2832,Austria,https://info.gesundheitsministerium.gv.at/data/COVID19_vaccination_doses_timeline.csv,"Johnson&Johnson, Moderna, Oxford/AstraZeneca, Pfizer/BioNTech"
2021-08-31,5519698,5229289,10494296,3049,Austria,https://info.gesundheitsministerium.gv.at/data/COVID19_vaccination_doses_timeline.csv,"Johnson&Johnson, Moderna, Oxford/AstraZeneca, Pfizer/BioNTech"
2021-09-01,5527353,5237308,10508465,3437,Austria,https://info.gesundheitsministerium.gv.at/data/COVID19_vaccination_doses_timeline.csv,"Johnson&Johnson, Moderna, Oxford/AstraZeneca, Pfizer/BioNTech"
2021-09-02,5534595,5246464,10524020,4172,Austria,https://info.gesundheitsministerium.gv.at/data/COVID19_vaccination_doses_timeline.csv,"Johnson&Johnson, Moderna, Oxford/AstraZeneca, Pfizer/BioNTech"
2021-09-03,5543632,5255216,10540132,5243,Austria,https://info.gesundheitsministerium.gv.at/data/COVID19_vaccination_doses_timeline.csv,"Johnson&Johnson, Moderna, Oxford/AstraZeneca, Pfizer/BioNTech"
2021-09-04,5550990,5263389,10554193,6027,Austria,https://info.gesundheitsministerium.gv.at/data/COVID19_vaccination_doses_timeline.csv,"Johnson&Johnson, Moderna, Oxford/AstraZeneca, Pfizer/BioNTech"
2021-09-05,5552172,5264756,10556370,6070,Austria,https://info.gesundheitsministerium.gv.at/data/COVID19_vaccination_doses_timeline.csv,"Johnson&Johnson, Moderna, Oxford/AstraZeneca, Pfizer/BioNTech"
2021-09-06,5555703,5268621,10563564,6675,Austria,https://info.gesundheitsministerium.gv.at/data/COVID19_vaccination_doses_timeline.csv,"Johnson&Johnson, Moderna, Oxford/AstraZeneca, Pfizer/BioNTech"
2021-09-07,5564977,5275707,10579144,7764,Austria,https://info.gesundheitsministerium.gv.at/data/COVID19_vaccination_doses_timeline.csv,"Johnson&Johnson, Moderna, Oxford/AstraZeneca, Pfizer/BioNTech"
2021-09-08,5573238,5283155,10593905,8721,Austria,https://info.gesundheitsministerium.gv.at/data/COVID19_vaccination_doses_timeline.csv,"Johnson&Johnson, Moderna, Oxford/AstraZeneca, Pfizer/BioNTech"
2021-09-09,5582068,5291396,10610091,9922,Austria,https://info.gesundheitsministerium.gv.at/data/COVID19_vaccination_doses_timeline.csv,"Johnson&Johnson, Moderna, Oxford/AstraZeneca, Pfizer/BioNTech"
2021-09-10,5593295,5300731,10629206,11152,Austria,https://info.gesundheitsministerium.gv.at/data/COVID19_vaccination_doses_timeline.csv,"Johnson&Johnson, Moderna, Oxford/AstraZeneca, Pfizer/BioNTech"
2021-09-11,5602719,5308378,10642838,11651,Austria,https://info.gesundheitsministerium.gv.at/data/COVID19_vaccination_doses_timeline.csv,"Johnson&Johnson, Moderna, Oxford/AstraZeneca, Pfizer/BioNTech"
2021-09-12,5604461,5310227,10645922,11753,Austria,https://info.gesundheitsministerium.gv.at/data/COVID19_vaccination_doses_timeline.csv,"Johnson&Johnson, Moderna, Oxford/AstraZeneca, Pfizer/BioNTech"
2021-09-13,5608931,5314657,10654879,12882,Austria,https://info.gesundheitsministerium.gv.at/data/COVID19_vaccination_doses_timeline.csv,"Johnson&Johnson, Moderna, Oxford/AstraZeneca, Pfizer/BioNTech"
2021-09-14,5619179,5323270,10674495,14920,Austria,https://info.gesundheitsministerium.gv.at/data/COVID19_vaccination_doses_timeline.csv,"Johnson&Johnson, Moderna, Oxford/AstraZeneca, Pfizer/BioNTech"
2021-09-15,5628183,5330590,10691565,17479,Austria,https://info.gesundheitsministerium.gv.at/data/COVID19_vaccination_doses_timeline.csv,"Johnson&Johnson, Moderna, Oxford/AstraZeneca, Pfizer/BioNTech"
2021-09-16,5638150,5338667,10710521,20493,Austria,https://info.gesundheitsministerium.gv.at/data/COVID19_vaccination_doses_timeline.csv,"Johnson&Johnson, Moderna, Oxford/AstraZeneca, Pfizer/BioNTech"
2021-09-17,5652383,5348386,10734845,23401,Austria,https://info.gesundheitsministerium.gv.at/data/COVID19_vaccination_doses_timeline.csv,"Johnson&Johnson, Moderna, Oxford/AstraZeneca, Pfizer/BioNTech"
2021-09-18,5660122,5354655,10747556,24151,Austria,https://info.gesundheitsministerium.gv.at/data/COVID19_vaccination_doses_timeline.csv,"Johnson&Johnson, Moderna, Oxford/AstraZeneca, Pfizer/BioNTech"
2021-09-19,5661664,5357100,10751268,24347,Austria,https://info.gesundheitsministerium.gv.at/data/COVID19_vaccination_doses_timeline.csv,"Johnson&Johnson, Moderna, Oxford/AstraZeneca, Pfizer/BioNTech"
2021-09-20,5666380,5361632,10761460,26497,Austria,https://info.gesundheitsministerium.gv.at/data/COVID19_vaccination_doses_timeline.csv,"Johnson&Johnson, Moderna, Oxford/AstraZeneca, Pfizer/BioNTech"
2021-09-21,5676041,5370958,10782364,30858,Austria,https://info.gesundheitsministerium.gv.at/data/COVID19_vaccination_doses_timeline.csv,"Johnson&Johnson, Moderna, Oxford/AstraZeneca, Pfizer/BioNTech"
2021-09-22,5685543,5378590,10803912,36989,Austria,https://info.gesundheitsministerium.gv.at/data/COVID19_vaccination_doses_timeline.csv,"Johnson&Johnson, Moderna, Oxford/AstraZeneca, Pfizer/BioNTech"
2021-09-23,5694610,5385946,10822372,40982,Austria,https://info.gesundheitsministerium.gv.at/data/COVID19_vaccination_doses_timeline.csv,"Johnson&Johnson, Moderna, Oxford/AstraZeneca, Pfizer/BioNTech"
2021-09-24,5709080,5396569,10846710,44378,Austria,https://info.gesundheitsministerium.gv.at/data/COVID19_vaccination_doses_timeline.csv,"Johnson&Johnson, Moderna, Oxford/AstraZeneca, Pfizer/BioNTech"
2021-09-25,5714725,5402180,10858168,46295,Austria,https://info.gesundheitsministerium.gv.at/data/COVID19_vaccination_doses_timeline.csv,"Johnson&Johnson, Moderna, Oxford/AstraZeneca, Pfizer/BioNTech"
2021-09-26,5715998,5403422,10860696,46746,Austria,https://info.gesundheitsministerium.gv.at/data/COVID19_vaccination_doses_timeline.csv,"Johnson&Johnson, Moderna, Oxford/AstraZeneca, Pfizer/BioNTech"
2021-09-27,5720794,5407580,10871398,49424,Austria,https://info.gesundheitsministerium.gv.at/data/COVID19_vaccination_doses_timeline.csv,"Johnson&Johnson, Moderna, Oxford/AstraZeneca, Pfizer/BioNTech"
2021-09-28,5728398,5415776,10890019,54003,Austria,https://info.gesundheitsministerium.gv.at/data/COVID19_vaccination_doses_timeline.csv,"Johnson&Johnson, Moderna, Oxford/AstraZeneca, Pfizer/BioNTech"
2021-09-29,5736033,5422776,10911389,61943,Austria,https://info.gesundheitsministerium.gv.at/data/COVID19_vaccination_doses_timeline.csv,"Johnson&Johnson, Moderna, Oxford/AstraZeneca, Pfizer/BioNTech"
2021-09-30,5743138,5429901,10932652,69998,Austria,https://info.gesundheitsministerium.gv.at/data/COVID19_vaccination_doses_timeline.csv,"Johnson&Johnson, Moderna, Oxford/AstraZeneca, Pfizer/BioNTech"
2021-10-01,5752608,5440091,10956670,75809,Austria,https://info.gesundheitsministerium.gv.at/data/COVID19_vaccination_doses_timeline.csv,"Johnson&Johnson, Moderna, Oxford/AstraZeneca, Pfizer/BioNTech"
2021-10-02,5757462,5445404,10968549,78315,Austria,https://info.gesundheitsministerium.gv.at/data/COVID19_vaccination_doses_timeline.csv,"Johnson&Johnson, Moderna, Oxford/AstraZeneca, Pfizer/BioNTech"
2021-10-03,5758386,5446546,10970752,78600,Austria,https://info.gesundheitsministerium.gv.at/data/COVID19_vaccination_doses_timeline.csv,"Johnson&Johnson, Moderna, Oxford/AstraZeneca, Pfizer/BioNTech"
2021-10-04,5761985,5451429,10983846,83846,Austria,https://info.gesundheitsministerium.gv.at/data/COVID19_vaccination_doses_timeline.csv,"Johnson&Johnson, Moderna, Oxford/AstraZeneca, Pfizer/BioNTech"
2021-10-05,5768246,5459979,11007476,93602,Austria,https://info.gesundheitsministerium.gv.at/data/COVID19_vaccination_doses_timeline.csv,"Johnson&Johnson, Moderna, Oxford/AstraZeneca, Pfizer/BioNTech"
2021-10-06,5774531,5467998,11035456,108010,Austria,https://info.gesundheitsministerium.gv.at/data/COVID19_vaccination_doses_timeline.csv,"Johnson&Johnson, Moderna, Oxford/AstraZeneca, Pfizer/BioNTech"
2021-10-07,5779923,5475324,11059481,119777,Austria,https://info.gesundheitsministerium.gv.at/data/COVID19_vaccination_doses_timeline.csv,"Johnson&Johnson, Moderna, Oxford/AstraZeneca, Pfizer/BioNTech"
2021-10-08,5787657,5487806,11091851,132602,Austria,https://info.gesundheitsministerium.gv.at/data/COVID19_vaccination_doses_timeline.csv,"Johnson&Johnson, Moderna, Oxford/AstraZeneca, Pfizer/BioNTech"
2021-10-09,5791533,5492582,11105174,137672,Austria,https://info.gesundheitsministerium.gv.at/data/COVID19_vaccination_doses_timeline.csv,"Johnson&Johnson, Moderna, Oxford/AstraZeneca, Pfizer/BioNTech"
2021-10-10,5792186,5493657,11107369,138250,Austria,https://info.gesundheitsministerium.gv.at/data/COVID19_vaccination_doses_timeline.csv,"Johnson&Johnson, Moderna, Oxford/AstraZeneca, Pfizer/BioNTech"
2021-10-11,5795082,5498576,11121177,144602,Austria,https://info.gesundheitsministerium.gv.at/data/COVID19_vaccination_doses_timeline.csv,"Johnson&Johnson, Moderna, Oxford/AstraZeneca, Pfizer/BioNTech"
2021-10-12,5799840,5506099,11143087,154685,Austria,https://info.gesundheitsministerium.gv.at/data/COVID19_vaccination_doses_timeline.csv,"Johnson&Johnson, Moderna, Oxford/AstraZeneca, Pfizer/BioNTech"
2021-10-13,5805048,5514302,11170166,168702,Austria,https://info.gesundheitsministerium.gv.at/data/COVID19_vaccination_doses_timeline.csv,"Johnson&Johnson, Moderna, Oxford/AstraZeneca, Pfizer/BioNTech"
2021-10-14,5810223,5522282,11195977,181783,Austria,https://info.gesundheitsministerium.gv.at/data/COVID19_vaccination_doses_timeline.csv,"Johnson&Johnson, Moderna, Oxford/AstraZeneca, Pfizer/BioNTech"
2021-10-15,5816541,5533461,11224650,193553,Austria,https://info.gesundheitsministerium.gv.at/data/COVID19_vaccination_doses_timeline.csv,"Johnson&Johnson, Moderna, Oxford/AstraZeneca, Pfizer/BioNTech"
2021-10-16,5819784,5538337,11235865,196954,Austria,https://info.gesundheitsministerium.gv.at/data/COVID19_vaccination_doses_timeline.csv,"Johnson&Johnson, Moderna, Oxford/AstraZeneca, Pfizer/BioNTech"
2021-10-17,5820346,5539216,11237746,197465,Austria,https://info.gesundheitsministerium.gv.at/data/COVID19_vaccination_doses_timeline.csv,"Johnson&Johnson, Moderna, Oxford/AstraZeneca, Pfizer/BioNTech"
2021-10-18,5822774,5544136,11253963,206542,Austria,https://info.gesundheitsministerium.gv.at/data/COVID19_vaccination_doses_timeline.csv,"Johnson&Johnson, Moderna, Oxford/AstraZeneca, Pfizer/BioNTech"
2021-10-19,5827085,5551263,11277622,219122,Austria,https://info.gesundheitsministerium.gv.at/data/COVID19_vaccination_doses_timeline.csv,"Johnson&Johnson, Moderna, Oxford/AstraZeneca, Pfizer/BioNTech"
2021-10-20,5831785,5559739,11307254,235916,Austria,https://info.gesundheitsministerium.gv.at/data/COVID19_vaccination_doses_timeline.csv,"Johnson&Johnson, Moderna, Oxford/AstraZeneca, Pfizer/BioNTech"
2021-10-21,5837447,5568155,11336194,251131,Austria,https://info.gesundheitsministerium.gv.at/data/COVID19_vaccination_doses_timeline.csv,"Johnson&Johnson, Moderna, Oxford/AstraZeneca, Pfizer/BioNTech"
2021-10-22,5847191,5578927,11370178,265566,Austria,https://info.gesundheitsministerium.gv.at/data/COVID19_vaccination_doses_timeline.csv,"Johnson&Johnson, Moderna, Oxford/AstraZeneca, Pfizer/BioNTech"
2021-10-23,5853701,5584159,11385942,270233,Austria,https://info.gesundheitsministerium.gv.at/data/COVID19_vaccination_doses_timeline.csv,"Johnson&Johnson, Moderna, Oxford/AstraZeneca, Pfizer/BioNTech"
2021-10-24,5855088,5585271,11389001,270946,Austria,https://info.gesundheitsministerium.gv.at/data/COVID19_vaccination_doses_timeline.csv,"Johnson&Johnson, Moderna, Oxford/AstraZeneca, Pfizer/BioNTech"
2021-10-25,5859975,5590592,11404643,276972,Austria,https://info.gesundheitsministerium.gv.at/data/COVID19_vaccination_doses_timeline.csv,"Johnson&Johnson, Moderna, Oxford/AstraZeneca, Pfizer/BioNTech"
2021-10-26,5864206,5592819,11412169,278567,Austria,https://info.gesundheitsministerium.gv.at/data/COVID19_vaccination_doses_timeline.csv,"Johnson&Johnson, Moderna, Oxford/AstraZeneca, Pfizer/BioNTech"
2021-10-27,5873242,5601958,11443708,292604,Austria,https://info.gesundheitsministerium.gv.at/data/COVID19_vaccination_doses_timeline.csv,"Johnson&Johnson, Moderna, Oxford/AstraZeneca, Pfizer/BioNTech"
2021-10-28,5881478,5609781,11472309,305734,Austria,https://info.gesundheitsministerium.gv.at/data/COVID19_vaccination_doses_timeline.csv,"Johnson&Johnson, Moderna, Oxford/AstraZeneca, Pfizer/BioNTech"
2021-10-29,5895550,5619478,11507307,318545,Austria,https://info.gesundheitsministerium.gv.at/data/COVID19_vaccination_doses_timeline.csv,"Johnson&Johnson, Moderna, Oxford/AstraZeneca, Pfizer/BioNTech"
2021-10-30,5904093,5624011,11524827,323846,Austria,https://info.gesundheitsministerium.gv.at/data/COVID19_vaccination_doses_timeline.csv,"Johnson&Johnson, Moderna, Oxford/AstraZeneca, Pfizer/BioNTech"
2021-10-31,5905979,5625112,11528741,324937,Austria,https://info.gesundheitsministerium.gv.at/data/COVID19_vaccination_doses_timeline.csv,"Johnson&Johnson, Moderna, Oxford/AstraZeneca, Pfizer/BioNTech"
2021-11-01,5907341,5626042,11532127,326200,Austria,https://info.gesundheitsministerium.gv.at/data/COVID19_vaccination_doses_timeline.csv,"Johnson&Johnson, Moderna, Oxford/AstraZeneca, Pfizer/BioNTech"
2021-11-02,5918571,5633310,11562883,339415,Austria,https://info.gesundheitsministerium.gv.at/data/COVID19_vaccination_doses_timeline.csv,"Johnson&Johnson, Moderna, Oxford/AstraZeneca, Pfizer/BioNTech"
2021-11-03,5929775,5642414,11606430,363292,Austria,https://info.gesundheitsministerium.gv.at/data/COVID19_vaccination_doses_timeline.csv,"Johnson&Johnson, Moderna, Oxford/AstraZeneca, Pfizer/BioNTech"
2021-11-04,5939865,5650222,11647834,387221,Austria,https://info.gesundheitsministerium.gv.at/data/COVID19_vaccination_doses_timeline.csv,"Johnson&Johnson, Moderna, Oxford/AstraZeneca, Pfizer/BioNTech"
