location,date,vaccine,source_url,total_vaccinations,people_vaccinated,people_fully_vaccinated,total_boosters
Bangladesh,2021-01-26,Oxford/AstraZeneca,https://www.dhakatribune.com/health/coronavirus/2021/02/01/covid-19-5-vaccine-takers-report-similar-minor-side-effects,0,0,,
Bangladesh,2021-01-27,Oxford/AstraZeneca,https://www.dhakatribune.com/health/coronavirus/2021/02/01/covid-19-5-vaccine-takers-report-similar-minor-side-effects,26,26,,
Bangladesh,2021-01-28,Oxford/AstraZeneca,https://www.dhakatribune.com/health/coronavirus/2021/02/01/covid-19-5-vaccine-takers-report-similar-minor-side-effects,567,567,,
Bangladesh,2021-02-07,Oxford/AstraZeneca,https://bdnews24.com/bangladesh/2021/02/08/bangladesh-administers-31160-doses-on-first-day-of-covid-vaccination-drive,31160,31160,,
Bangladesh,2021-02-09,Oxford/AstraZeneca,https://www.dhakatribune.com/bangladesh/2021/02/10/number-of-vaccine-takers-on-the-rise,179318,179318,,
Bangladesh,2021-02-10,Oxford/AstraZeneca,https://www.dhakatribune.com/bangladesh/2021/02/10/number-of-vaccine-takers-on-the-rise,337769,337769,,
Bangladesh,2021-02-13,Oxford/AstraZeneca,https://www.dhakatribune.com/bangladesh/2021/02/13/nearly-200-000-get-covid-19-vaccine-shots-in-a-day,736680,736680,,
Bangladesh,2021-02-14,Oxford/AstraZeneca,https://www.dhakatribune.com/health/coronavirus/2021/02/14/covid-19-vaccination-bangladesh-on-the-right-track,906033,906033,,
Bangladesh,2021-02-15,Oxford/AstraZeneca,https://dghs.gov.bd/images/docs/Press%20Release/Covid-19-Vaccination-Update-15-2-2021.pdf,1132711,1132711,,
Bangladesh,2021-02-16,Oxford/AstraZeneca,https://dghs.gov.bd/images/docs/Press%20Release/Covid-19-Vaccination-Update-16-2-2021.pdf,1359613,1359613,,
Bangladesh,2021-02-17,Oxford/AstraZeneca,https://dghs.gov.bd/images/docs/Press%20Release/Covid-19-Vaccination-Update-17-2-2021.pdf,1586368,1586368,,
Bangladesh,2021-02-18,Oxford/AstraZeneca,https://dghs.gov.bd/images/docs/Press%20Release/Covid-19-Vaccination-Update-18-2-2021.pdf,1848313,1848313,,
Bangladesh,2021-02-20,Oxford/AstraZeneca,https://dghs.gov.bd/images/docs/Press%20Release/Covid-19-Vaccination-Update-20-2-2021.pdf,2082877,2082877,,
Bangladesh,2021-02-22,Oxford/AstraZeneca,https://dghs.gov.bd/images/docs/Press%20Release/Covid-19-Vaccination-Update-22-2-2021.pdf,2308157,2308157,,
Bangladesh,2021-02-23,Oxford/AstraZeneca,https://dghs.gov.bd/images/docs/Press%20Release/Covid-19-Vaccination-Update-23-2-2021.pdf,2491053,2491053,,
Bangladesh,2021-02-24,Oxford/AstraZeneca,https://dghs.gov.bd/images/docs/Press%20Release/Covid-19-Vaccination-Update-24-2-2021.pdf,2673038,2673038,,
Bangladesh,2021-02-25,Oxford/AstraZeneca,https://dghs.gov.bd/images/docs/Press%20Release/Covid-19-Vaccination-Update-25-2-2021.pdf,2850940,2850940,,
Bangladesh,2021-02-27,Oxford/AstraZeneca,https://dghs.gov.bd/images/docs/Press%20Release/Covid-19-Vaccination-Update-27-2-2021.pdf,2984773,2984773,,
Bangladesh,2021-02-28,Oxford/AstraZeneca,https://corona.gov.bd/storage/press-releases/February2021/OAb3i7TdP1FbyuEaf5dO.pdf,3110525,3110525,,
Bangladesh,2021-03-02,Oxford/AstraZeneca,https://dghs.gov.bd/images/docs/Press%20Release/Covid-19-Vaccination-Update-2-3-2021.pdf,3341505,3341505,,
Bangladesh,2021-03-04,Oxford/AstraZeneca,https://dghs.gov.bd/images/docs/Press%20Release/Covid-19-Vaccination-Update-4-3-2021.pdf,3581169,3581169,,
Bangladesh,2021-03-07,Oxford/AstraZeneca,https://dghs.gov.bd/images/docs/Press%20Release/Covid-19-Vaccination-Update-7-3-2021.pdf,3682152,3682152,,
Bangladesh,2021-03-09,Oxford/AstraZeneca,https://dghs.gov.bd/images/docs/Press%20Release/Covid-19-Vaccination-Update-9-3-2021.pdf,4013963,4013963,,
Bangladesh,2021-03-11,Oxford/AstraZeneca,https://dghs.gov.bd/images/docs/Press%20Release/Covid-19-Vaccination-Update-11-3-2021.pdf,4218127,4218127,,
Bangladesh,2021-03-14,Oxford/AstraZeneca,https://dghs.gov.bd/images/docs/Press%20Release/Covid-19-Vaccination-Update-14-3-2021.pdf,4398094,4398094,,
Bangladesh,2021-03-16,Oxford/AstraZeneca,https://dghs.gov.bd/images/docs/Press%20Release/Covid-19-Vaccination-Update-16-3-2021.pdf,4580391,4580391,,
Bangladesh,2021-03-18,Oxford/AstraZeneca,https://dghs.gov.bd/images/docs/Press%20Release/Covid-19-Vaccination-Update-18-3-2021.pdf,4687824,4687824,,
Bangladesh,2021-03-20,Oxford/AstraZeneca,https://dghs.gov.bd/images/docs/Press%20Release/Covid-19-Vaccination-Update-20-3-2021.pdf,4760747,4760747,,
Bangladesh,2021-03-22,Oxford/AstraZeneca,https://dghs.gov.bd/images/docs/Press%20Release/Covid-19-Vaccination-Update-22-3-2021.pdf,4911902,4911902,,
Bangladesh,2021-03-24,Oxford/AstraZeneca,https://dghs.gov.bd/images/docs/vpr/Covid-19-Vaccination-Update-24-3-2021.pdf,5069049,5069049,,
Bangladesh,2021-03-25,Oxford/AstraZeneca,https://dghs.gov.bd/images/docs/vpr/Covid-19-Vaccination-Update-25-3-2021.pdf,5139456,5139456,,
Bangladesh,2021-03-29,Oxford/AstraZeneca,https://corona.gov.bd/storage/press-releases/March2021/ZhGxbB5GAvKd2xrHa6yb.pdf,5319679,5319679,,
Bangladesh,2021-03-31,Oxford/AstraZeneca,https://dghs.gov.bd/images/docs/vpr/Covid-19-Vaccination-Update-31-3-2021.pdf,5370431,5370431,,
Bangladesh,2021-04-01,Oxford/AstraZeneca,https://dghs.gov.bd/images/docs/vpr/Covid-19-Vaccination-Update-1-4-2021.pdf,5412691,5412691,,
Bangladesh,2021-04-03,Oxford/AstraZeneca,https://dghs.gov.bd/images/docs/vpr/Covid-19-Vaccination-Update-3-4-2021.pdf,5452634,5452634,,
Bangladesh,2021-04-04,Oxford/AstraZeneca,https://dghs.gov.bd/images/docs/vpr/Covid-19-Vaccination-Update-4-4-2021.pdf,5498172,5498172,,
Bangladesh,2021-04-05,Oxford/AstraZeneca,https://dghs.gov.bd/images/docs/vpr/Covid-19-Vaccination-Update-5-4-2021.pdf,5539494,5539494,,
Bangladesh,2021-04-07,Oxford/AstraZeneca,https://dghs.gov.bd/images/docs/vpr/Covid-19-Vaccination-Update-7-4-2021.pdf,5568703,5568703,,
Bangladesh,2021-04-08,Oxford/AstraZeneca,https://dghs.gov.bd/images/docs/vpr/Covid-19-Vaccination-Update-8-4-2021.pdf,5664830,5583507,81323,
Bangladesh,2021-04-10,Oxford/AstraZeneca,https://dghs.gov.bd/images/docs/vpr/Covid-19-Vaccination-Update-10-4-2021.pdf,5821476,5603450,218026,
Bangladesh,2021-04-11,Oxford/AstraZeneca,https://dghs.gov.bd/images/docs/vpr/Covid-19-Vaccination-Update-11-4-2021.pdf,6010824,5627107,383717,
Bangladesh,2021-04-12,Oxford/AstraZeneca,https://dghs.gov.bd/images/docs/vpr/Covid-19-Vaccination-Update-12-4-2021.pdf,6172159,5649563,522596,
Bangladesh,2021-04-15,Oxford/AstraZeneca,https://dghs.gov.bd/images/docs/vpr/Covid-19-Vaccination-Update-15-4-2021.pdf,6617036,5686885,930151,
Bangladesh,2021-04-18,Oxford/AstraZeneca,https://dghs.gov.bd/images/docs/vpr/Covid-19-Vaccination-Update-18-4-2021.pdf,7080699,5714090,1366609,
Bangladesh,2021-04-20,Oxford/AstraZeneca,https://dghs.gov.bd/images/docs/vpr/Covid-19-Vaccination-Update-20-4-2021.pdf,7423274,5745085,1678189,
Bangladesh,2021-04-22,Oxford/AstraZeneca,https://dghs.gov.bd/images/docs/vpr/Covid-19-Vaccination-Update-22-4-2021.pdf,7746661,5778686,1967975,
Bangladesh,2021-04-24,Oxford/AstraZeneca,https://dghs.gov.bd/images/docs/vpr/Covid-19-Vaccination-Update-24-4-2021.pdf,7954176,5798880,2155296,
Bangladesh,2021-04-25,Oxford/AstraZeneca,https://dghs.gov.bd/images/docs/vpr/Covid-19-Vaccination-Update-25-4-2021.pdf,8145266,5818400,2326866,
Bangladesh,2021-04-26,Oxford/AstraZeneca,https://dghs.gov.bd/images/docs/vpr/Covid-19-Vaccination-Update-26-4-2021.pdf,8277514,5819291,2458223,
Bangladesh,2021-04-27,Oxford/AstraZeneca,https://dghs.gov.bd/images/docs/vpr/Covid-19-Vaccination-Update-27-4-2021.pdf,8398700,5819616,2579084,
Bangladesh,2021-04-28,Oxford/AstraZeneca,https://dghs.gov.bd/images/docs/vpr/Covid-19-Vaccination-Update-28-4-2021.pdf,8517801,5819646,2698155,
Bangladesh,2021-04-29,Oxford/AstraZeneca,https://dghs.gov.bd/images/docs/vpr/Covid-19-Vaccination-Update-29-4-2021.pdf,8625350,5819656,2805694,
Bangladesh,2021-05-02,Oxford/AstraZeneca,https://dghs.gov.bd/images/docs/vpr/Covid-19-Vaccination-Update-2-5-2021.pdf,8755950,5819709,2936241,
Bangladesh,2021-05-03,Oxford/AstraZeneca,https://dghs.gov.bd/images/docs/vpr/Covid-19-Vaccination-Update-3-5-2021.pdf,8842888,5819719,3023169,
Bangladesh,2021-05-04,Oxford/AstraZeneca,https://dghs.gov.bd/images/docs/vpr/Covid-19-Vaccination-Update-4-5-2021.pdf,8926466,5819757,3106709,
Bangladesh,2021-05-05,Oxford/AstraZeneca,https://dghs.gov.bd/images/docs/vpr/Covid-19-Vaccination-Update-5-5-2021.pdf,9030320,5819811,3210509,
Bangladesh,2021-05-06,Oxford/AstraZeneca,https://dghs.gov.bd/images/docs/vpr/Covid-19-Vaccination-Update-6-5-2021.pdf,9133278,5819854,3313424,
Bangladesh,2021-05-08,Oxford/AstraZeneca,https://dghs.gov.bd/images/docs/vpr/Covid-19-Vaccination-Update-8-5-2021.pdf,9221387,5819856,3401531,
Bangladesh,2021-05-09,Oxford/AstraZeneca,https://dghs.gov.bd/images/docs/vpr/Covid-19-Vaccination-Update-9-5-2021.pdf,9316086,5819900,3496186,
Bangladesh,2021-05-11,Oxford/AstraZeneca,https://dghs.gov.bd/images/docs/vpr/Covid-19-Vaccination-Update-11-5-2021.pdf,9413433,5819910,3593523,
Bangladesh,2021-05-12,Oxford/AstraZeneca,https://dghs.gov.bd/images/docs/vpr/Covid-19-Vaccination-Update-12-5-2021.pdf,9471065,5819912,3651153,
Bangladesh,2021-05-16,Oxford/AstraZeneca,https://dghs.gov.bd/images/docs/vpr/Covid-19-Vaccination-Update-16-5-2021.pdf,9519995,5819912,3700083,
Bangladesh,2021-05-17,Oxford/AstraZeneca,https://dghs.gov.bd/images/docs/vpr/Covid-19-Vaccination-Update-17-5-2021.pdf,9576935,5819912,3757023,
Bangladesh,2021-05-18,Oxford/AstraZeneca,http://103.247.238.92/webportal/pages/covid19-vaccination-update.php,9639289,5823201,3816088,
Bangladesh,2021-05-19,Oxford/AstraZeneca,http://103.247.238.92/webportal/pages/covid19-vaccination-update.php,9650852,5823201,3827651,
Bangladesh,2021-05-20,Oxford/AstraZeneca,http://103.247.238.92/webportal/pages/covid19-vaccination-update.php,9748408,5823201,3925207,
Bangladesh,2021-05-22,Oxford/AstraZeneca,http://103.247.238.92/webportal/pages/covid19-vaccination-update.php,9789875,5823201,3966674,
Bangladesh,2021-05-24,Oxford/AstraZeneca,http://103.247.238.92/webportal/pages/covid19-vaccination-update.php,9868062,5823231,4044831,
Bangladesh,2021-05-25,Oxford/AstraZeneca,http://103.247.238.92/webportal/pages/covid19-vaccination-update.php,9901717,5823231,4078486,
Bangladesh,2021-05-27,Oxford/AstraZeneca,http://103.247.238.92/webportal/pages/covid19-vaccination-update.php,9939018,5823245,4115773,
Bangladesh,2021-05-29,Oxford/AstraZeneca,http://103.247.238.92/webportal/pages/covid19-vaccination-update.php,9959947,5823245,4136702,
Bangladesh,2021-05-30,Oxford/AstraZeneca,http://103.247.238.92/webportal/pages/covid19-vaccination-update.php,9979415,5823245,4156170,
Bangladesh,2021-05-31,Oxford/AstraZeneca,http://103.247.238.92/webportal/pages/covid19-vaccination-update.php,9991671,5823245,4168426,
Bangladesh,2021-06-01,Oxford/AstraZeneca,http://103.247.238.92/webportal/pages/covid19-vaccination-update.php,9992849,5823245,4169604,
Bangladesh,2021-06-03,Oxford/AstraZeneca,http://103.247.238.92/webportal/pages/covid19-vaccination-update.php,10020942,5823245,4197697,
Bangladesh,2021-06-05,Oxford/AstraZeneca,http://103.247.238.92/webportal/pages/covid19-vaccination-update.php,10021634,5823245,4198389,
Bangladesh,2021-06-06,Oxford/AstraZeneca,http://103.247.238.92/webportal/pages/covid19-vaccination-update.php,10034502,5823245,4211257,
Bangladesh,2021-06-07,Oxford/AstraZeneca,http://103.247.238.92/webportal/pages/covid19-vaccination-update.php,10040964,5823245,4217719,
Bangladesh,2021-06-08,Oxford/AstraZeneca,http://103.247.238.92/webportal/pages/covid19-vaccination-update.php,10046528,5823245,4223283,
Bangladesh,2021-06-10,Oxford/AstraZeneca,http://103.247.238.92/webportal/pages/covid19-vaccination-update.php,10058643,5823245,4235398,
Bangladesh,2021-06-12,Oxford/AstraZeneca,http://103.247.238.92/webportal/pages/covid19-vaccination-update.php,10062784,5823245,4239539,
Bangladesh,2021-06-14,Oxford/AstraZeneca,http://103.247.238.92/webportal/pages/covid19-vaccination-update.php,10071313,5823245,4248068,
Bangladesh,2021-06-16,Oxford/AstraZeneca,http://103.247.238.92/webportal/pages/covid19-vaccination-update.php,10078366,5823245,4255121,
Bangladesh,2021-06-17,Oxford/AstraZeneca,http://103.247.238.92/webportal/pages/covid19-vaccination-update.php,10079471,5823245,4256226,
Bangladesh,2021-06-19,"Oxford/AstraZeneca, Sinopharm/Beijing",http://103.247.238.92/webportal/pages/covid19-vaccination-update.php,10083608,5823245,4260363,
Bangladesh,2021-06-20,"Oxford/AstraZeneca, Sinopharm/Beijing",http://103.247.238.92/webportal/pages/covid19-vaccination-update.php,10086979,5823245,4263734,
Bangladesh,2021-06-21,"Oxford/AstraZeneca, Sinopharm/Beijing, Pfizer/BioNTech",http://103.247.238.92/webportal/pages/covid19-vaccination-update.php,10089982,5823245,4266737,
Bangladesh,2021-06-22,"Oxford/AstraZeneca, Sinopharm/Beijing, Pfizer/BioNTech",http://103.247.238.92/webportal/pages/covid19-vaccination-update.php,10090206,5823245,4266961,
Bangladesh,2021-06-23,"Oxford/AstraZeneca, Sinopharm/Beijing, Pfizer/BioNTech",http://103.247.238.92/webportal/pages/covid19-vaccination-update.php,10090433,5823245,4267188,
Bangladesh,2021-06-24,"Oxford/AstraZeneca, Sinopharm/Beijing, Pfizer/BioNTech",http://103.247.238.92/webportal/pages/covid19-vaccination-update.php,10095579,5823245,4272334,
Bangladesh,2021-06-26,"Oxford/AstraZeneca, Sinopharm/Beijing, Pfizer/BioNTech",http://103.247.238.92/webportal/pages/covid19-vaccination-update.php,10097645,5823245,4274400,
Bangladesh,2021-06-28,"Oxford/AstraZeneca, Sinopharm/Beijing, Pfizer/BioNTech",http://103.247.238.92/webportal/pages/covid19-vaccination-update.php,10099562,5823245,4276317,
Bangladesh,2021-06-29,"Oxford/AstraZeneca, Sinopharm/Beijing, Pfizer/BioNTech",http://103.247.238.92/webportal/pages/covid19-vaccination-update.php,10101143,5823245,4277898,
Bangladesh,2021-06-30,"Oxford/AstraZeneca, Sinopharm/Beijing, Pfizer/BioNTech",http://103.247.238.92/webportal/pages/covid19-vaccination-update.php,10103015,5823245,4279770,
Bangladesh,2021-07-03,"Oxford/AstraZeneca, Sinopharm/Beijing, Pfizer/BioNTech",http://103.247.238.92/webportal/pages/covid19-vaccination-update.php,10104748,5823245,4281503,
Bangladesh,2021-07-05,"Oxford/AstraZeneca, Sinopharm/Beijing, Pfizer/BioNTech",http://103.247.238.92/webportal/pages/covid19-vaccination-update.php,10106136,5823245,4282891,
Bangladesh,2021-07-08,"Oxford/AstraZeneca, Pfizer/BioNTech, Sinopharm/Beijing",http://103.247.238.92/webportal/pages/covid19-vaccination-update.php,10107557,5823245,4284312,
Bangladesh,2021-07-13,"Oxford/AstraZeneca, Pfizer/BioNTech, Sinopharm/Beijing",http://103.247.238.92/webportal/pages/covid19-vaccination-update.php,10108224,5823265,4284959,
Bangladesh,2021-07-21,"Moderna, Oxford/AstraZeneca, Pfizer/BioNTech, Sinopharm/Beijing",http://103.247.238.92/webportal/pages/covid19-vaccination-update.php,10112604,5823265,4289339,
Bangladesh,2021-07-22,"Moderna, Oxford/AstraZeneca, Pfizer/BioNTech, Sinopharm/Beijing",http://103.247.238.92/webportal/pages/covid19-vaccination-update.php,10320579,6031105,4289474,
Bangladesh,2021-07-24,"Moderna, Oxford/AstraZeneca, Pfizer/BioNTech, Sinopharm/Beijing",http://103.247.238.92/webportal/pages/covid19-vaccination-update.php,10322957,6033439,4289518,
Bangladesh,2021-07-25,"Moderna, Oxford/AstraZeneca, Pfizer/BioNTech, Sinopharm/Beijing",http://103.247.238.92/webportal/pages/covid19-vaccination-update.php,10366468,6076310,4290158,
Bangladesh,2021-07-26,"Moderna, Oxford/AstraZeneca, Pfizer/BioNTech, Sinopharm/Beijing",http://103.247.238.92/webportal/pages/covid19-vaccination-update.php,10404676,6114127,4290549,
Bangladesh,2021-07-27,"Moderna, Oxford/AstraZeneca, Pfizer/BioNTech, Sinopharm/Beijing",http://103.247.238.92/webportal/pages/covid19-vaccination-update.php,10472964,6181065,4291899,
Bangladesh,2021-07-28,"Moderna, Oxford/AstraZeneca, Pfizer/BioNTech, Sinopharm/Beijing",http://103.247.238.92/webportal/pages/covid19-vaccination-update.php,10920876,6622525,4298351,
Bangladesh,2021-07-29,"Moderna, Oxford/AstraZeneca, Pfizer/BioNTech, Sinopharm/Beijing",http://103.247.238.92/webportal/pages/covid19-vaccination-update.php,11189663,6883277,4306386,
Bangladesh,2021-07-30,"Moderna, Oxford/AstraZeneca, Pfizer/BioNTech, Sinopharm/Beijing",http://103.247.238.92/webportal/pages/covid19-vaccination-update.php,11734447,7428061,4306386,
Bangladesh,2021-07-31,"Moderna, Oxford/AstraZeneca, Pfizer/BioNTech, Sinopharm/Beijing",http://103.247.238.92/webportal/pages/covid19-vaccination-update.php,12849265,8520221,4329044,
Bangladesh,2021-08-01,"Moderna, Oxford/AstraZeneca, Pfizer/BioNTech, Sinopharm/Beijing",http://103.247.238.92/webportal/pages/covid19-vaccination-update.php,13141815,8803650,4338165,
Bangladesh,2021-08-02,"Moderna, Oxford/AstraZeneca, Pfizer/BioNTech, Sinopharm/Beijing",http://103.247.238.92/webportal/pages/covid19-vaccination-update.php,13455373,9105713,4349660,
Bangladesh,2021-08-03,"Moderna, Oxford/AstraZeneca, Pfizer/BioNTech, Sinopharm/Beijing",http://103.247.238.92/webportal/pages/covid19-vaccination-update.php,14103674,9715105,4388569,
Bangladesh,2021-08-05,"Moderna, Oxford/AstraZeneca, Pfizer/BioNTech, Sinopharm/Beijing",http://103.247.238.92/webportal/pages/covid19-vaccination-update.php,14510568,10060879,4449689,
Bangladesh,2021-08-07,"Moderna, Oxford/AstraZeneca, Pfizer/BioNTech, Sinopharm/Beijing",http://103.247.238.92/webportal/pages/covid19-vaccination-update.php,14699590,10235458,4464132,
Bangladesh,2021-08-08,"Moderna, Oxford/AstraZeneca, Pfizer/BioNTech, Sinopharm/Beijing",http://103.247.238.92/webportal/pages/covid19-vaccination-update.php,17678802,13159099,4519703,
Bangladesh,2021-08-09,"Moderna, Oxford/AstraZeneca, Pfizer/BioNTech, Sinopharm/Beijing",http://103.247.238.92/webportal/pages/covid19-vaccination-update.php,18675672,14062404,4613268,
Bangladesh,2021-08-10,"Moderna, Oxford/AstraZeneca, Pfizer/BioNTech, Sinopharm/Beijing",http://103.247.238.92/webportal/pages/covid19-vaccination-update.php,19288874,14556745,4732129,
Bangladesh,2021-08-11,"Moderna, Oxford/AstraZeneca, Pfizer/BioNTech, Sinopharm/Beijing",http://103.247.238.92/webportal/pages/covid19-vaccination-update.php,19785800,14875182,4910618,
Bangladesh,2021-08-12,"Moderna, Oxford/AstraZeneca, Pfizer/BioNTech, Sinopharm/Beijing",http://103.247.238.92/webportal/pages/covid19-vaccination-update.php,20198481,15128897,5069584,
Bangladesh,2021-08-13,"Moderna, Oxford/AstraZeneca, Pfizer/BioNTech, Sinopharm/Beijing",http://103.247.238.92/webportal/pages/covid19-vaccination-update.php,20362016,15210889,5151127,
Bangladesh,2021-08-14,"Moderna, Oxford/AstraZeneca, Pfizer/BioNTech, Sinopharm/Beijing",http://103.247.238.92/webportal/pages/covid19-vaccination-update.php,20641652,15417404,5224248,
Bangladesh,2021-08-15,"Moderna, Oxford/AstraZeneca, Pfizer/BioNTech, Sinopharm/Beijing",http://103.247.238.92/webportal/pages/covid19-vaccination-update.php,20918340,15567318,5351022,
Bangladesh,2021-08-16,"Moderna, Oxford/AstraZeneca, Pfizer/BioNTech, Sinopharm/Beijing",http://103.247.238.92/webportal/pages/covid19-vaccination-update.php,20992637,15567318,5425319,
Bangladesh,2021-08-17,"Moderna, Oxford/AstraZeneca, Pfizer/BioNTech, Sinopharm/Beijing",http://103.247.238.92/webportal/pages/covid19-vaccination-update.php,21432342,15742198,5690144,
Bangladesh,2021-08-18,"Moderna, Oxford/AstraZeneca, Pfizer/BioNTech, Sinopharm/Beijing",http://103.247.238.92/webportal/pages/covid19-vaccination-update.php,21767854,15898019,5869835,
Bangladesh,2021-08-19,"Moderna, Oxford/AstraZeneca, Pfizer/BioNTech, Sinopharm/Beijing",http://103.247.238.92/webportal/pages/covid19-vaccination-update.php,22166720,16083447,6083273,
Bangladesh,2021-08-21,"Moderna, Oxford/AstraZeneca, Pfizer/BioNTech, Sinopharm/Beijing",http://103.247.238.92/webportal/pages/covid19-vaccination-update.php,22415481,16258753,6156728,
Bangladesh,2021-08-22,"Moderna, Oxford/AstraZeneca, Pfizer/BioNTech, Sinopharm/Beijing",http://103.247.238.92/webportal/pages/covid19-vaccination-update.php,22813877,16491181,6322696,
Bangladesh,2021-08-23,"Moderna, Oxford/AstraZeneca, Pfizer/BioNTech, Sinopharm/Beijing",http://103.247.238.92/webportal/pages/covid19-vaccination-update.php,23267430,16765756,6501674,
Bangladesh,2021-08-24,"Moderna, Oxford/AstraZeneca, Pfizer/BioNTech, Sinopharm/Beijing",http://103.247.238.92/webportal/pages/covid19-vaccination-update.php,23737677,17054356,6683321,
Bangladesh,2021-08-25,"Moderna, Oxford/AstraZeneca, Pfizer/BioNTech, Sinopharm/Beijing",http://103.247.238.92/webportal/pages/covid19-vaccination-update.php,24251390,17348143,6903247,
Bangladesh,2021-08-26,"Moderna, Oxford/AstraZeneca, Pfizer/BioNTech, Sinopharm/Beijing",http://103.247.238.92/webportal/pages/covid19-vaccination-update.php,24781134,17648128,7133006,
Bangladesh,2021-08-29,"Moderna, Oxford/AstraZeneca, Pfizer/BioNTech, Sinopharm/Beijing",http://103.247.238.92/webportal/pages/covid19-vaccination-update.php,25542041,18131561,7410480,
Bangladesh,2021-08-31,"Moderna, Oxford/AstraZeneca, Pfizer/BioNTech, Sinopharm/Beijing",http://103.247.238.92/webportal/pages/covid19-vaccination-update.php,26471819,18580195,7891624,
Bangladesh,2021-09-02,"Moderna, Oxford/AstraZeneca, Pfizer/BioNTech, Sinopharm/Beijing",http://103.247.238.92/webportal/pages/covid19-vaccination-update.php,26993280,18746000,8247280,
Bangladesh,2021-09-04,"Moderna, Oxford/AstraZeneca, Pfizer/BioNTech, Sinopharm/Beijing",http://103.247.238.92/webportal/pages/covid19-vaccination-update.php,27343557,18945025,8398532,
Bangladesh,2021-09-05,"Moderna, Oxford/AstraZeneca, Pfizer/BioNTech, Sinopharm/Beijing",http://103.247.238.92/webportal/pages/covid19-vaccination-update.php,27715325,19150115,8565210,
Bangladesh,2021-09-06,"Moderna, Oxford/AstraZeneca, Pfizer/BioNTech, Sinopharm/Beijing",http://103.247.238.92/webportal/pages/covid19-vaccination-update.php,28074272,19340488,8733784,
Bangladesh,2021-09-07,"Moderna, Oxford/AstraZeneca, Pfizer/BioNTech, Sinopharm/Beijing",http://103.247.238.92/webportal/pages/covid19-vaccination-update.php,28576527,19613839,8962688,
Bangladesh,2021-09-08,"Moderna, Oxford/AstraZeneca, Pfizer/BioNTech, Sinopharm/Beijing",http://103.247.238.92/webportal/pages/covid19-vaccination-update.php,31596628,19840998,11755630,
Bangladesh,2021-09-09,"Moderna, Oxford/AstraZeneca, Pfizer/BioNTech, Sinopharm/Beijing",http://103.247.238.92/webportal/pages/covid19-vaccination-update.php,32751434,20141795,12609639,
Bangladesh,2021-09-11,"Moderna, Oxford/AstraZeneca, Pfizer/BioNTech, Sinopharm/Beijing",http://103.247.238.92/webportal/pages/covid19-vaccination-update.php,33713954,20436050,13277904,
Bangladesh,2021-09-12,"Moderna, Oxford/AstraZeneca, Pfizer/BioNTech, Sinopharm/Beijing",http://103.247.238.92/webportal/pages/covid19-vaccination-update.php,34288574,20656175,13632399,
Bangladesh,2021-09-13,"Moderna, Oxford/AstraZeneca, Pfizer/BioNTech, Sinopharm/Beijing",http://103.247.238.92/webportal/pages/covid19-vaccination-update.php,34779989,20911189,13868800,
Bangladesh,2021-09-14,"Moderna, Oxford/AstraZeneca, Pfizer/BioNTech, Sinopharm/Beijing",http://103.247.238.92/webportal/pages/covid19-vaccination-update.php,35188485,21139916,14048569,
Bangladesh,2021-09-15,"Moderna, Oxford/AstraZeneca, Pfizer/BioNTech, Sinopharm/Beijing",http://103.247.238.92/webportal/pages/covid19-vaccination-update.php,35483633,21323646,14159987,
Bangladesh,2021-09-16,"Moderna, Oxford/AstraZeneca, Pfizer/BioNTech, Sinopharm/Beijing",http://103.247.238.92/webportal/pages/covid19-vaccination-update.php,35861843,21559401,14302442,
Bangladesh,2021-09-18,"Moderna, Oxford/AstraZeneca, Pfizer/BioNTech, Sinopharm/Beijing",http://103.247.238.92/webportal/pages/covid19-vaccination-update.php,36298150,21836090,14462060,
Bangladesh,2021-09-19,"Moderna, Oxford/AstraZeneca, Pfizer/BioNTech, Sinopharm/Beijing",http://103.247.238.92/webportal/pages/covid19-vaccination-update.php,36832791,22148103,14684688,
Bangladesh,2021-09-20,"Moderna, Oxford/AstraZeneca, Pfizer/BioNTech, Sinopharm/Beijing",http://103.247.238.92/webportal/pages/covid19-vaccination-update.php,37400947,22491063,14909884,
Bangladesh,2021-09-21,"Moderna, Oxford/AstraZeneca, Pfizer/BioNTech, Sinopharm/Beijing",http://103.247.238.92/webportal/pages/covid19-vaccination-update.php,37936542,22821357,15115185,
Bangladesh,2021-09-22,"Moderna, Oxford/AstraZeneca, Pfizer/BioNTech, Sinopharm/Beijing",http://103.247.238.92/webportal/pages/covid19-vaccination-update.php,38516436,23164422,15352014,
Bangladesh,2021-09-23,"Moderna, Oxford/AstraZeneca, Pfizer/BioNTech, Sinopharm/Beijing",http://103.247.238.92/webportal/pages/covid19-vaccination-update.php,39118015,23509860,15608155,
Bangladesh,2021-09-25,"Moderna, Oxford/AstraZeneca, Pfizer/BioNTech, Sinopharm/Beijing",http://103.247.238.92/webportal/pages/covid19-vaccination-update.php,39638948,23783472,15855476,
Bangladesh,2021-09-26,"Moderna, Oxford/AstraZeneca, Pfizer/BioNTech, Sinopharm/Beijing",http://103.247.238.92/webportal/pages/covid19-vaccination-update.php,40317634,24194096,16123538,
Bangladesh,2021-09-27,"Moderna, Oxford/AstraZeneca, Pfizer/BioNTech, Sinopharm/Beijing",http://103.247.238.92/webportal/pages/covid19-vaccination-update.php,40976791,24575140,16401651,
Bangladesh,2021-09-28,"Moderna, Oxford/AstraZeneca, Pfizer/BioNTech, Sinopharm/Beijing",http://103.247.238.92/webportal/pages/covid19-vaccination-update.php,41466455,24877392,16589063,
Bangladesh,2021-09-29,"Moderna, Oxford/AstraZeneca, Pfizer/BioNTech, Sinopharm/Beijing",http://103.247.238.92/webportal/pages/covid19-vaccination-update.php,48225447,31502515,16722932,
Bangladesh,2021-10-01,"Moderna, Oxford/AstraZeneca, Pfizer/BioNTech, Sinopharm/Beijing",http://103.247.238.92/webportal/pages/covid19-vaccination-update.php,49559691,32688608,16871083,
Bangladesh,2021-10-03,"Moderna, Oxford/AstraZeneca, Pfizer/BioNTech, Sinopharm/Beijing",http://103.247.238.92/webportal/pages/covid19-vaccination-update.php,50785915,33663082,17122833,
Bangladesh,2021-10-04,"Moderna, Oxford/AstraZeneca, Pfizer/BioNTech, Sinopharm/Beijing",http://103.247.238.92/webportal/pages/covid19-vaccination-update.php,51375351,34114445,17260906,
Bangladesh,2021-10-05,"Moderna, Oxford/AstraZeneca, Pfizer/BioNTech, Sinopharm/Beijing",http://103.247.238.92/webportal/pages/covid19-vaccination-update.php,51928350,34525911,17402439,
Bangladesh,2021-10-06,"Moderna, Oxford/AstraZeneca, Pfizer/BioNTech, Sinopharm/Beijing",http://103.247.238.92/webportal/pages/covid19-vaccination-update.php,52528324,34972074,17556250,
Bangladesh,2021-10-07,"Moderna, Oxford/AstraZeneca, Pfizer/BioNTech, Sinopharm/Beijing",http://103.247.238.92/webportal/pages/covid19-vaccination-update.php,53089129,35378370,17710759,
Bangladesh,2021-10-09,"Moderna, Oxford/AstraZeneca, Pfizer/BioNTech, Sinopharm/Beijing",http://103.247.238.92/webportal/pages/covid19-vaccination-update.php,53280648,35513117,17767531,
Bangladesh,2021-10-10,"Moderna, Oxford/AstraZeneca, Pfizer/BioNTech, Sinopharm/Beijing",http://103.247.238.92/webportal/pages/covid19-vaccination-update.php,54191063,36162135,18028928,
Bangladesh,2021-10-11,"Moderna, Oxford/AstraZeneca, Pfizer/BioNTech, Sinopharm/Beijing",http://103.247.238.92/webportal/pages/covid19-vaccination-update.php,54798986,36580037,18218949,
Bangladesh,2021-10-12,"Moderna, Oxford/AstraZeneca, Pfizer/BioNTech, Sinopharm/Beijing",http://103.247.238.92/webportal/pages/covid19-vaccination-update.php,55279822,36897472,18382350,
Bangladesh,2021-10-13,"Moderna, Oxford/AstraZeneca, Pfizer/BioNTech, Sinopharm/Beijing",http://103.247.238.92/webportal/pages/covid19-vaccination-update.php,55723900,37180111,18543789,
Bangladesh,2021-10-14,"Moderna, Oxford/AstraZeneca, Pfizer/BioNTech, Sinopharm/Beijing",http://103.247.238.92/webportal/pages/covid19-vaccination-update.php,56118944,37436111,18682833,
Bangladesh,2021-10-16,"Moderna, Oxford/AstraZeneca, Pfizer/BioNTech, Sinopharm/Beijing",http://103.247.238.92/webportal/pages/covid19-vaccination-update.php,56133021,37450120,18682901,
Bangladesh,2021-10-17,"Moderna, Oxford/AstraZeneca, Pfizer/BioNTech, Sinopharm/Beijing",http://103.247.238.92/webportal/pages/covid19-vaccination-update.php,56317857,37575990,18741867,
Bangladesh,2021-10-18,"Moderna, Oxford/AstraZeneca, Pfizer/BioNTech, Sinopharm/Beijing",http://103.247.238.92/webportal/pages/covid19-vaccination-update.php,57279405,38180638,19098767,
Bangladesh,2021-10-19,"Moderna, Oxford/AstraZeneca, Pfizer/BioNTech, Sinopharm/Beijing",http://103.247.238.92/webportal/pages/covid19-vaccination-update.php,57876338,38544256,19332082,
Bangladesh,2021-10-21,"Moderna, Oxford/AstraZeneca, Pfizer/BioNTech, Sinopharm/Beijing",http://103.247.238.92/webportal/pages/covid19-vaccination-update.php,58438612,38875016,19563596,
Bangladesh,2021-10-23,"Moderna, Oxford/AstraZeneca, Pfizer/BioNTech, Sinopharm/Beijing",http://103.247.238.92/webportal/pages/covid19-vaccination-update.php,60153454,39888958,20264496,
Bangladesh,2021-10-25,"Moderna, Oxford/AstraZeneca, Pfizer/BioNTech, Sinopharm/Beijing",http://103.247.238.92/webportal/pages/covid19-vaccination-update.php,60871683,40281045,20590638,
Bangladesh,2021-10-31,"Moderna, Oxford/AstraZeneca, Pfizer/BioNTech, Sinopharm/Beijing",http://103.247.238.92/webportal/pages/covid19-vaccination-update.php,70510078,41784170,28725908,
Bangladesh,2021-11-01,"Moderna, Oxford/AstraZeneca, Pfizer/BioNTech, Sinopharm/Beijing",http://103.247.238.92/webportal/pages/covid19-vaccination-update.php,71392153,42156550,29235603,
Bangladesh,2021-11-02,"Moderna, Oxford/AstraZeneca, Pfizer/BioNTech, Sinopharm/Beijing",http://103.247.238.92/webportal/pages/covid19-vaccination-update.php,72027089,42464397,29562692,
Bangladesh,2021-11-03,"Moderna, Oxford/AstraZeneca, Pfizer/BioNTech, Sinopharm/Beijing",http://103.247.238.92/webportal/pages/covid19-vaccination-update.php,72711848,42816155,29895693,
Bangladesh,2021-11-04,"Moderna, Oxford/AstraZeneca, Pfizer/BioNTech, Sinopharm/Beijing",http://103.247.238.92/webportal/pages/covid19-vaccination-update.php,73306117,43100706,30205411,
