date,total_vaccinations,people_vaccinated,people_fully_vaccinated,total_boosters,vaccine,location,source_url
2020-12-28,329,329,0,0,Pfizer/BioNTech,Belgium,https://epistat.wiv-isp.be/covid/
2020-12-29,364,363,11,0,Pfizer/BioNTech,Belgium,https://epistat.wiv-isp.be/covid/
2020-12-30,878,876,21,0,Pfizer/BioNTech,Belgium,https://epistat.wiv-isp.be/covid/
2020-12-31,912,910,21,0,Pfizer/BioNTech,Belgium,https://epistat.wiv-isp.be/covid/
2021-01-01,922,920,21,0,Pfizer/BioNTech,Belgium,https://epistat.wiv-isp.be/covid/
2021-01-02,940,938,34,0,Pfizer/BioNTech,Belgium,https://epistat.wiv-isp.be/covid/
2021-01-03,959,957,34,0,Pfizer/BioNTech,Belgium,https://epistat.wiv-isp.be/covid/
2021-01-04,999,997,37,0,Pfizer/BioNTech,Belgium,https://epistat.wiv-isp.be/covid/
2021-01-05,2759,2755,57,0,Pfizer/BioNTech,Belgium,https://epistat.wiv-isp.be/covid/
2021-01-06,6755,6750,81,0,Pfizer/BioNTech,Belgium,https://epistat.wiv-isp.be/covid/
2021-01-07,15235,15226,98,0,Pfizer/BioNTech,Belgium,https://epistat.wiv-isp.be/covid/
2021-01-08,24632,24621,135,0,Pfizer/BioNTech,Belgium,https://epistat.wiv-isp.be/covid/
2021-01-09,27906,27892,148,0,Pfizer/BioNTech,Belgium,https://epistat.wiv-isp.be/covid/
2021-01-10,28336,28320,150,0,Pfizer/BioNTech,Belgium,https://epistat.wiv-isp.be/covid/
2021-01-11,34050,34028,165,0,"Moderna, Pfizer/BioNTech",Belgium,https://epistat.wiv-isp.be/covid/
2021-01-12,50087,50057,194,0,"Moderna, Pfizer/BioNTech",Belgium,https://epistat.wiv-isp.be/covid/
2021-01-13,71991,71840,332,0,"Moderna, Pfizer/BioNTech",Belgium,https://epistat.wiv-isp.be/covid/
2021-01-14,95511,95346,357,0,"Moderna, Pfizer/BioNTech",Belgium,https://epistat.wiv-isp.be/covid/
2021-01-15,119181,119009,385,0,"Moderna, Pfizer/BioNTech",Belgium,https://epistat.wiv-isp.be/covid/
2021-01-16,124423,124247,399,0,"Moderna, Pfizer/BioNTech",Belgium,https://epistat.wiv-isp.be/covid/
2021-01-17,127702,127506,419,0,"Moderna, Pfizer/BioNTech",Belgium,https://epistat.wiv-isp.be/covid/
2021-01-18,138960,138622,574,0,"Moderna, Pfizer/BioNTech",Belgium,https://epistat.wiv-isp.be/covid/
2021-01-19,158405,157862,809,0,"Moderna, Pfizer/BioNTech",Belgium,https://epistat.wiv-isp.be/covid/
2021-01-20,180098,179097,1293,0,"Moderna, Pfizer/BioNTech",Belgium,https://epistat.wiv-isp.be/covid/
2021-01-21,210444,209414,1346,0,"Moderna, Pfizer/BioNTech",Belgium,https://epistat.wiv-isp.be/covid/
2021-01-22,240641,239565,1427,0,"Moderna, Pfizer/BioNTech",Belgium,https://epistat.wiv-isp.be/covid/
2021-01-23,249151,248066,1448,0,"Moderna, Pfizer/BioNTech",Belgium,https://epistat.wiv-isp.be/covid/
2021-01-24,251083,249976,1470,0,"Moderna, Pfizer/BioNTech",Belgium,https://epistat.wiv-isp.be/covid/
2021-01-25,262534,261406,1514,0,"Moderna, Pfizer/BioNTech",Belgium,https://epistat.wiv-isp.be/covid/
2021-01-26,275484,272581,3310,0,"Moderna, Pfizer/BioNTech",Belgium,https://epistat.wiv-isp.be/covid/
2021-01-27,292308,285952,6802,0,"Moderna, Pfizer/BioNTech",Belgium,https://epistat.wiv-isp.be/covid/
2021-01-28,316306,302024,14759,0,"Moderna, Pfizer/BioNTech",Belgium,https://epistat.wiv-isp.be/covid/
2021-01-29,337947,314591,23867,0,"Moderna, Pfizer/BioNTech",Belgium,https://epistat.wiv-isp.be/covid/
2021-01-30,342501,316226,26798,0,"Moderna, Pfizer/BioNTech",Belgium,https://epistat.wiv-isp.be/covid/
2021-01-31,343486,316861,27148,0,"Moderna, Pfizer/BioNTech",Belgium,https://epistat.wiv-isp.be/covid/
2021-02-01,351455,320860,31133,0,"Moderna, Pfizer/BioNTech",Belgium,https://epistat.wiv-isp.be/covid/
2021-02-02,376204,331159,45612,0,"Moderna, Pfizer/BioNTech",Belgium,https://epistat.wiv-isp.be/covid/
2021-02-03,407296,341429,66457,0,"Moderna, Pfizer/BioNTech",Belgium,https://epistat.wiv-isp.be/covid/
2021-02-04,441835,351491,90955,0,"Moderna, Pfizer/BioNTech",Belgium,https://epistat.wiv-isp.be/covid/
2021-02-05,473039,359623,114065,0,"Moderna, Pfizer/BioNTech",Belgium,https://epistat.wiv-isp.be/covid/
2021-02-06,479619,360859,119423,0,"Moderna, Pfizer/BioNTech",Belgium,https://epistat.wiv-isp.be/covid/
2021-02-07,483049,361191,122522,0,"Moderna, Pfizer/BioNTech",Belgium,https://epistat.wiv-isp.be/covid/
2021-02-08,493347,363575,130454,0,"Moderna, Pfizer/BioNTech",Belgium,https://epistat.wiv-isp.be/covid/
2021-02-09,521468,371806,150367,0,"Moderna, Pfizer/BioNTech",Belgium,https://epistat.wiv-isp.be/covid/
2021-02-10,547298,378377,169655,0,"Moderna, Pfizer/BioNTech",Belgium,https://epistat.wiv-isp.be/covid/
2021-02-11,584063,386658,198155,0,"Moderna, Pfizer/BioNTech",Belgium,https://epistat.wiv-isp.be/covid/
2021-02-12,619210,393453,226546,0,"Moderna, Oxford/AstraZeneca, Pfizer/BioNTech",Belgium,https://epistat.wiv-isp.be/covid/
2021-02-13,627992,394054,234742,0,"Moderna, Oxford/AstraZeneca, Pfizer/BioNTech",Belgium,https://epistat.wiv-isp.be/covid/
2021-02-14,630001,394171,236634,0,"Moderna, Oxford/AstraZeneca, Pfizer/BioNTech",Belgium,https://epistat.wiv-isp.be/covid/
2021-02-15,643870,396239,248445,0,"Moderna, Oxford/AstraZeneca, Pfizer/BioNTech",Belgium,https://epistat.wiv-isp.be/covid/
2021-02-16,658937,400646,259122,0,"Moderna, Oxford/AstraZeneca, Pfizer/BioNTech",Belgium,https://epistat.wiv-isp.be/covid/
2021-02-17,679142,407923,272070,0,"Moderna, Oxford/AstraZeneca, Pfizer/BioNTech",Belgium,https://epistat.wiv-isp.be/covid/
2021-02-18,707211,418582,289486,0,"Moderna, Oxford/AstraZeneca, Pfizer/BioNTech",Belgium,https://epistat.wiv-isp.be/covid/
2021-02-19,738638,436638,302880,0,"Moderna, Oxford/AstraZeneca, Pfizer/BioNTech",Belgium,https://epistat.wiv-isp.be/covid/
2021-02-20,744714,441101,304506,0,"Moderna, Oxford/AstraZeneca, Pfizer/BioNTech",Belgium,https://epistat.wiv-isp.be/covid/
2021-02-21,746943,443039,304798,0,"Moderna, Oxford/AstraZeneca, Pfizer/BioNTech",Belgium,https://epistat.wiv-isp.be/covid/
2021-02-22,759791,452905,307784,0,"Moderna, Oxford/AstraZeneca, Pfizer/BioNTech",Belgium,https://epistat.wiv-isp.be/covid/
2021-02-23,780100,464926,316086,0,"Moderna, Oxford/AstraZeneca, Pfizer/BioNTech",Belgium,https://epistat.wiv-isp.be/covid/
2021-02-24,803486,479867,324548,0,"Moderna, Oxford/AstraZeneca, Pfizer/BioNTech",Belgium,https://epistat.wiv-isp.be/covid/
2021-02-25,835631,502697,333872,0,"Moderna, Oxford/AstraZeneca, Pfizer/BioNTech",Belgium,https://epistat.wiv-isp.be/covid/
2021-02-26,867985,528038,340914,0,"Moderna, Oxford/AstraZeneca, Pfizer/BioNTech",Belgium,https://epistat.wiv-isp.be/covid/
2021-02-27,872458,531672,341767,0,"Moderna, Oxford/AstraZeneca, Pfizer/BioNTech",Belgium,https://epistat.wiv-isp.be/covid/
2021-02-28,873350,532287,342044,0,"Moderna, Oxford/AstraZeneca, Pfizer/BioNTech",Belgium,https://epistat.wiv-isp.be/covid/
2021-03-01,887120,543253,344859,0,"Moderna, Oxford/AstraZeneca, Pfizer/BioNTech",Belgium,https://epistat.wiv-isp.be/covid/
2021-03-02,911021,560227,351805,0,"Moderna, Oxford/AstraZeneca, Pfizer/BioNTech",Belgium,https://epistat.wiv-isp.be/covid/
2021-03-03,941479,584454,358056,0,"Moderna, Oxford/AstraZeneca, Pfizer/BioNTech",Belgium,https://epistat.wiv-isp.be/covid/
2021-03-04,991630,625702,366971,0,"Moderna, Oxford/AstraZeneca, Pfizer/BioNTech",Belgium,https://epistat.wiv-isp.be/covid/
2021-03-05,1036944,664171,373831,0,"Moderna, Oxford/AstraZeneca, Pfizer/BioNTech",Belgium,https://epistat.wiv-isp.be/covid/
2021-03-06,1045354,671932,374497,0,"Moderna, Oxford/AstraZeneca, Pfizer/BioNTech",Belgium,https://epistat.wiv-isp.be/covid/
2021-03-07,1046915,673291,374699,0,"Moderna, Oxford/AstraZeneca, Pfizer/BioNTech",Belgium,https://epistat.wiv-isp.be/covid/
2021-03-08,1064417,688775,376727,0,"Moderna, Oxford/AstraZeneca, Pfizer/BioNTech",Belgium,https://epistat.wiv-isp.be/covid/
2021-03-09,1093595,710449,384251,0,"Moderna, Oxford/AstraZeneca, Pfizer/BioNTech",Belgium,https://epistat.wiv-isp.be/covid/
2021-03-10,1129957,737550,393542,0,"Moderna, Oxford/AstraZeneca, Pfizer/BioNTech",Belgium,https://epistat.wiv-isp.be/covid/
2021-03-11,1184512,781905,403755,0,"Moderna, Oxford/AstraZeneca, Pfizer/BioNTech",Belgium,https://epistat.wiv-isp.be/covid/
2021-03-12,1229860,813470,417567,0,"Moderna, Oxford/AstraZeneca, Pfizer/BioNTech",Belgium,https://epistat.wiv-isp.be/covid/
2021-03-13,1239859,821236,419812,0,"Moderna, Oxford/AstraZeneca, Pfizer/BioNTech",Belgium,https://epistat.wiv-isp.be/covid/
2021-03-14,1241391,821465,421115,0,"Moderna, Oxford/AstraZeneca, Pfizer/BioNTech",Belgium,https://epistat.wiv-isp.be/covid/
2021-03-15,1272335,847688,425839,0,"Moderna, Oxford/AstraZeneca, Pfizer/BioNTech",Belgium,https://epistat.wiv-isp.be/covid/
2021-03-16,1319363,890408,430154,0,"Moderna, Oxford/AstraZeneca, Pfizer/BioNTech",Belgium,https://epistat.wiv-isp.be/covid/
2021-03-17,1367374,929540,439036,0,"Moderna, Oxford/AstraZeneca, Pfizer/BioNTech",Belgium,https://epistat.wiv-isp.be/covid/
2021-03-18,1443113,988250,456067,0,"Moderna, Oxford/AstraZeneca, Pfizer/BioNTech",Belgium,https://epistat.wiv-isp.be/covid/
2021-03-19,1511289,1037375,475123,0,"Moderna, Oxford/AstraZeneca, Pfizer/BioNTech",Belgium,https://epistat.wiv-isp.be/covid/
2021-03-20,1533900,1058387,476726,0,"Moderna, Oxford/AstraZeneca, Pfizer/BioNTech",Belgium,https://epistat.wiv-isp.be/covid/
2021-03-21,1534933,1058884,477267,0,"Moderna, Oxford/AstraZeneca, Pfizer/BioNTech",Belgium,https://epistat.wiv-isp.be/covid/
2021-03-22,1567994,1086505,482708,0,"Moderna, Oxford/AstraZeneca, Pfizer/BioNTech",Belgium,https://epistat.wiv-isp.be/covid/
2021-03-23,1616277,1128930,488569,0,"Moderna, Oxford/AstraZeneca, Pfizer/BioNTech",Belgium,https://epistat.wiv-isp.be/covid/
2021-03-24,1678317,1180280,499265,0,"Moderna, Oxford/AstraZeneca, Pfizer/BioNTech",Belgium,https://epistat.wiv-isp.be/covid/
2021-03-25,1757885,1239640,519478,0,"Moderna, Oxford/AstraZeneca, Pfizer/BioNTech",Belgium,https://epistat.wiv-isp.be/covid/
2021-03-26,1828386,1290247,539377,0,"Moderna, Oxford/AstraZeneca, Pfizer/BioNTech",Belgium,https://epistat.wiv-isp.be/covid/
2021-03-27,1851066,1309104,543205,0,"Moderna, Oxford/AstraZeneca, Pfizer/BioNTech",Belgium,https://epistat.wiv-isp.be/covid/
2021-03-28,1853543,1310597,544190,0,"Moderna, Oxford/AstraZeneca, Pfizer/BioNTech",Belgium,https://epistat.wiv-isp.be/covid/
2021-03-29,1877461,1329176,549532,0,"Moderna, Oxford/AstraZeneca, Pfizer/BioNTech",Belgium,https://epistat.wiv-isp.be/covid/
2021-03-30,1909897,1355795,555355,0,"Moderna, Oxford/AstraZeneca, Pfizer/BioNTech",Belgium,https://epistat.wiv-isp.be/covid/
2021-03-31,1995095,1429551,566807,0,"Moderna, Oxford/AstraZeneca, Pfizer/BioNTech",Belgium,https://epistat.wiv-isp.be/covid/
2021-04-01,2097263,1506714,591853,0,"Moderna, Oxford/AstraZeneca, Pfizer/BioNTech",Belgium,https://epistat.wiv-isp.be/covid/
2021-04-02,2180377,1571115,611078,0,"Moderna, Oxford/AstraZeneca, Pfizer/BioNTech",Belgium,https://epistat.wiv-isp.be/covid/
2021-04-03,2201408,1590719,612550,0,"Moderna, Oxford/AstraZeneca, Pfizer/BioNTech",Belgium,https://epistat.wiv-isp.be/covid/
2021-04-04,2201643,1590832,612680,0,"Moderna, Oxford/AstraZeneca, Pfizer/BioNTech",Belgium,https://epistat.wiv-isp.be/covid/
2021-04-05,2216461,1603136,615224,0,"Moderna, Oxford/AstraZeneca, Pfizer/BioNTech",Belgium,https://epistat.wiv-isp.be/covid/
2021-04-06,2263593,1641032,624532,0,"Moderna, Oxford/AstraZeneca, Pfizer/BioNTech",Belgium,https://epistat.wiv-isp.be/covid/
2021-04-07,2311757,1679348,634506,0,"Moderna, Oxford/AstraZeneca, Pfizer/BioNTech",Belgium,https://epistat.wiv-isp.be/covid/
2021-04-08,2439367,1790006,651516,0,"Moderna, Oxford/AstraZeneca, Pfizer/BioNTech",Belgium,https://epistat.wiv-isp.be/covid/
2021-04-09,2575015,1909696,667584,0,"Moderna, Oxford/AstraZeneca, Pfizer/BioNTech",Belgium,https://epistat.wiv-isp.be/covid/
2021-04-10,2643958,1974539,671749,0,"Moderna, Oxford/AstraZeneca, Pfizer/BioNTech",Belgium,https://epistat.wiv-isp.be/covid/
2021-04-11,2648030,1978216,672157,0,"Moderna, Oxford/AstraZeneca, Pfizer/BioNTech",Belgium,https://epistat.wiv-isp.be/covid/
2021-04-12,2697033,2018096,681327,0,"Moderna, Oxford/AstraZeneca, Pfizer/BioNTech",Belgium,https://epistat.wiv-isp.be/covid/
2021-04-13,2769792,2082399,689866,0,"Moderna, Oxford/AstraZeneca, Pfizer/BioNTech",Belgium,https://epistat.wiv-isp.be/covid/
2021-04-14,2870838,2158681,714633,0,"Moderna, Oxford/AstraZeneca, Pfizer/BioNTech",Belgium,https://epistat.wiv-isp.be/covid/
2021-04-15,2982917,2243974,741422,0,"Moderna, Oxford/AstraZeneca, Pfizer/BioNTech",Belgium,https://epistat.wiv-isp.be/covid/
2021-04-16,3077198,2320823,758855,0,"Moderna, Oxford/AstraZeneca, Pfizer/BioNTech",Belgium,https://epistat.wiv-isp.be/covid/
2021-04-17,3135491,2373260,764712,0,"Moderna, Oxford/AstraZeneca, Pfizer/BioNTech",Belgium,https://epistat.wiv-isp.be/covid/
2021-04-18,3141644,2379282,764843,0,"Moderna, Oxford/AstraZeneca, Pfizer/BioNTech",Belgium,https://epistat.wiv-isp.be/covid/
2021-04-19,3203015,2436167,769330,0,"Moderna, Oxford/AstraZeneca, Pfizer/BioNTech",Belgium,https://epistat.wiv-isp.be/covid/
2021-04-20,3253580,2483397,772668,0,"Moderna, Oxford/AstraZeneca, Pfizer/BioNTech",Belgium,https://epistat.wiv-isp.be/covid/
2021-04-21,3345857,2570990,777355,0,"Moderna, Oxford/AstraZeneca, Pfizer/BioNTech",Belgium,https://epistat.wiv-isp.be/covid/
2021-04-22,3442669,2661634,783526,0,"Moderna, Oxford/AstraZeneca, Pfizer/BioNTech",Belgium,https://epistat.wiv-isp.be/covid/
2021-04-23,3515043,2726667,790870,0,"Moderna, Oxford/AstraZeneca, Pfizer/BioNTech",Belgium,https://epistat.wiv-isp.be/covid/
2021-04-24,3561555,2771313,792753,0,"Moderna, Oxford/AstraZeneca, Pfizer/BioNTech",Belgium,https://epistat.wiv-isp.be/covid/
2021-04-25,3567972,2777669,792817,0,"Moderna, Oxford/AstraZeneca, Pfizer/BioNTech",Belgium,https://epistat.wiv-isp.be/covid/
2021-04-26,3631596,2834183,799932,0,"Moderna, Oxford/AstraZeneca, Pfizer/BioNTech",Belgium,https://epistat.wiv-isp.be/covid/
2021-04-27,3684935,2872781,814698,0,"Moderna, Oxford/AstraZeneca, Pfizer/BioNTech",Belgium,https://epistat.wiv-isp.be/covid/
2021-04-28,3779935,2952481,830119,0,"Johnson&Johnson, Moderna, Oxford/AstraZeneca, Pfizer/BioNTech",Belgium,https://epistat.wiv-isp.be/covid/
2021-04-29,3886640,3040535,850144,0,"Johnson&Johnson, Moderna, Oxford/AstraZeneca, Pfizer/BioNTech",Belgium,https://epistat.wiv-isp.be/covid/
2021-04-30,3969275,3101245,873055,0,"Johnson&Johnson, Moderna, Oxford/AstraZeneca, Pfizer/BioNTech",Belgium,https://epistat.wiv-isp.be/covid/
2021-05-01,4016807,3141149,881208,0,"Johnson&Johnson, Moderna, Oxford/AstraZeneca, Pfizer/BioNTech",Belgium,https://epistat.wiv-isp.be/covid/
2021-05-02,4020566,3144750,881386,0,"Johnson&Johnson, Moderna, Oxford/AstraZeneca, Pfizer/BioNTech",Belgium,https://epistat.wiv-isp.be/covid/
2021-05-03,4099698,3211344,896572,0,"Johnson&Johnson, Moderna, Oxford/AstraZeneca, Pfizer/BioNTech",Belgium,https://epistat.wiv-isp.be/covid/
2021-05-04,4183246,3279015,915766,0,"Johnson&Johnson, Moderna, Oxford/AstraZeneca, Pfizer/BioNTech",Belgium,https://epistat.wiv-isp.be/covid/
2021-05-05,4338549,3363603,990242,0,"Johnson&Johnson, Moderna, Oxford/AstraZeneca, Pfizer/BioNTech",Belgium,https://epistat.wiv-isp.be/covid/
2021-05-06,4500817,3452378,1068673,0,"Johnson&Johnson, Moderna, Oxford/AstraZeneca, Pfizer/BioNTech",Belgium,https://epistat.wiv-isp.be/covid/
2021-05-07,4656799,3553396,1128172,0,"Johnson&Johnson, Moderna, Oxford/AstraZeneca, Pfizer/BioNTech",Belgium,https://epistat.wiv-isp.be/covid/
2021-05-08,4747467,3634319,1139667,0,"Johnson&Johnson, Moderna, Oxford/AstraZeneca, Pfizer/BioNTech",Belgium,https://epistat.wiv-isp.be/covid/
2021-05-09,4755565,3642270,1139856,0,"Johnson&Johnson, Moderna, Oxford/AstraZeneca, Pfizer/BioNTech",Belgium,https://epistat.wiv-isp.be/covid/
2021-05-10,4839388,3721377,1145983,0,"Johnson&Johnson, Moderna, Oxford/AstraZeneca, Pfizer/BioNTech",Belgium,https://epistat.wiv-isp.be/covid/
2021-05-11,4908518,3780409,1157352,0,"Johnson&Johnson, Moderna, Oxford/AstraZeneca, Pfizer/BioNTech",Belgium,https://epistat.wiv-isp.be/covid/
2021-05-12,5002184,3845679,1187072,0,"Johnson&Johnson, Moderna, Oxford/AstraZeneca, Pfizer/BioNTech",Belgium,https://epistat.wiv-isp.be/covid/
2021-05-13,5121452,3884362,1268026,0,"Johnson&Johnson, Moderna, Oxford/AstraZeneca, Pfizer/BioNTech",Belgium,https://epistat.wiv-isp.be/covid/
2021-05-14,5267253,3926753,1372514,0,"Johnson&Johnson, Moderna, Oxford/AstraZeneca, Pfizer/BioNTech",Belgium,https://epistat.wiv-isp.be/covid/
2021-05-15,5355480,3959717,1428090,0,"Johnson&Johnson, Moderna, Oxford/AstraZeneca, Pfizer/BioNTech",Belgium,https://epistat.wiv-isp.be/covid/
2021-05-16,5361689,3962072,1431985,0,"Johnson&Johnson, Moderna, Oxford/AstraZeneca, Pfizer/BioNTech",Belgium,https://epistat.wiv-isp.be/covid/
2021-05-17,5470862,4048720,1458097,0,"Johnson&Johnson, Moderna, Oxford/AstraZeneca, Pfizer/BioNTech",Belgium,https://epistat.wiv-isp.be/covid/
2021-05-18,5604515,4151475,1492098,0,"Johnson&Johnson, Moderna, Oxford/AstraZeneca, Pfizer/BioNTech",Belgium,https://epistat.wiv-isp.be/covid/
2021-05-19,5746398,4229874,1559808,0,"Johnson&Johnson, Moderna, Oxford/AstraZeneca, Pfizer/BioNTech",Belgium,https://epistat.wiv-isp.be/covid/
2021-05-20,5893771,4299337,1643103,0,"Johnson&Johnson, Moderna, Oxford/AstraZeneca, Pfizer/BioNTech",Belgium,https://epistat.wiv-isp.be/covid/
2021-05-21,6022521,4369512,1705405,0,"Johnson&Johnson, Moderna, Oxford/AstraZeneca, Pfizer/BioNTech",Belgium,https://epistat.wiv-isp.be/covid/
2021-05-22,6111834,4413991,1750818,0,"Johnson&Johnson, Moderna, Oxford/AstraZeneca, Pfizer/BioNTech",Belgium,https://epistat.wiv-isp.be/covid/
2021-05-23,6121562,4420924,1753668,0,"Johnson&Johnson, Moderna, Oxford/AstraZeneca, Pfizer/BioNTech",Belgium,https://epistat.wiv-isp.be/covid/
2021-05-24,6183840,4447536,1790366,0,"Johnson&Johnson, Moderna, Oxford/AstraZeneca, Pfizer/BioNTech",Belgium,https://epistat.wiv-isp.be/covid/
2021-05-25,6284145,4507425,1837768,0,"Johnson&Johnson, Moderna, Oxford/AstraZeneca, Pfizer/BioNTech",Belgium,https://epistat.wiv-isp.be/covid/
2021-05-26,6407246,4543434,1929912,0,"Johnson&Johnson, Moderna, Oxford/AstraZeneca, Pfizer/BioNTech",Belgium,https://epistat.wiv-isp.be/covid/
2021-05-27,6547593,4584822,2033251,0,"Johnson&Johnson, Moderna, Oxford/AstraZeneca, Pfizer/BioNTech",Belgium,https://epistat.wiv-isp.be/covid/
2021-05-28,6660338,4623931,2110722,0,"Johnson&Johnson, Moderna, Oxford/AstraZeneca, Pfizer/BioNTech",Belgium,https://epistat.wiv-isp.be/covid/
2021-05-29,6751620,4667163,2161217,0,"Johnson&Johnson, Moderna, Oxford/AstraZeneca, Pfizer/BioNTech",Belgium,https://epistat.wiv-isp.be/covid/
2021-05-30,6763242,4671659,2168479,0,"Johnson&Johnson, Moderna, Oxford/AstraZeneca, Pfizer/BioNTech",Belgium,https://epistat.wiv-isp.be/covid/
2021-05-31,6883927,4737693,2226427,0,"Johnson&Johnson, Moderna, Oxford/AstraZeneca, Pfizer/BioNTech",Belgium,https://epistat.wiv-isp.be/covid/
2021-06-01,6987547,4802085,2274600,0,"Johnson&Johnson, Moderna, Oxford/AstraZeneca, Pfizer/BioNTech",Belgium,https://epistat.wiv-isp.be/covid/
2021-06-02,7156228,4883201,2365284,0,"Johnson&Johnson, Moderna, Oxford/AstraZeneca, Pfizer/BioNTech",Belgium,https://epistat.wiv-isp.be/covid/
2021-06-03,7343681,4976285,2462973,0,"Johnson&Johnson, Moderna, Oxford/AstraZeneca, Pfizer/BioNTech",Belgium,https://epistat.wiv-isp.be/covid/
2021-06-04,7497168,5058322,2537168,0,"Johnson&Johnson, Moderna, Oxford/AstraZeneca, Pfizer/BioNTech",Belgium,https://epistat.wiv-isp.be/covid/
2021-06-05,7636414,5147646,2588988,0,"Johnson&Johnson, Moderna, Oxford/AstraZeneca, Pfizer/BioNTech",Belgium,https://epistat.wiv-isp.be/covid/
2021-06-06,7667756,5173543,2594968,0,"Johnson&Johnson, Moderna, Oxford/AstraZeneca, Pfizer/BioNTech",Belgium,https://epistat.wiv-isp.be/covid/
2021-06-07,7838684,5273296,2674666,0,"Johnson&Johnson, Moderna, Oxford/AstraZeneca, Pfizer/BioNTech",Belgium,https://epistat.wiv-isp.be/covid/
2021-06-08,7987904,5357456,2755908,0,"Johnson&Johnson, Moderna, Oxford/AstraZeneca, Pfizer/BioNTech",Belgium,https://epistat.wiv-isp.be/covid/
2021-06-09,8184975,5450877,2865954,0,"Johnson&Johnson, Moderna, Oxford/AstraZeneca, Pfizer/BioNTech",Belgium,https://epistat.wiv-isp.be/covid/
2021-06-10,8380360,5532419,2984343,0,"Johnson&Johnson, Moderna, Oxford/AstraZeneca, Pfizer/BioNTech",Belgium,https://epistat.wiv-isp.be/covid/
2021-06-11,8576524,5621559,3094803,0,"Johnson&Johnson, Moderna, Oxford/AstraZeneca, Pfizer/BioNTech",Belgium,https://epistat.wiv-isp.be/covid/
2021-06-12,8719944,5700183,3166435,0,"Johnson&Johnson, Moderna, Oxford/AstraZeneca, Pfizer/BioNTech",Belgium,https://epistat.wiv-isp.be/covid/
2021-06-13,8744031,5715989,3175140,0,"Johnson&Johnson, Moderna, Oxford/AstraZeneca, Pfizer/BioNTech",Belgium,https://epistat.wiv-isp.be/covid/
2021-06-14,8898278,5794516,3264246,0,"Johnson&Johnson, Moderna, Oxford/AstraZeneca, Pfizer/BioNTech",Belgium,https://epistat.wiv-isp.be/covid/
2021-06-15,9049659,5888632,3347932,0,"Johnson&Johnson, Moderna, Oxford/AstraZeneca, Pfizer/BioNTech",Belgium,https://epistat.wiv-isp.be/covid/
2021-06-16,9233687,6009925,3427115,0,"Johnson&Johnson, Moderna, Oxford/AstraZeneca, Pfizer/BioNTech",Belgium,https://epistat.wiv-isp.be/covid/
2021-06-17,9423097,6147630,3483656,0,"Johnson&Johnson, Moderna, Oxford/AstraZeneca, Pfizer/BioNTech",Belgium,https://epistat.wiv-isp.be/covid/
2021-06-18,9616386,6286295,3543817,0,"Johnson&Johnson, Moderna, Oxford/AstraZeneca, Pfizer/BioNTech",Belgium,https://epistat.wiv-isp.be/covid/
2021-06-19,9742576,6382828,3575935,0,"Johnson&Johnson, Moderna, Oxford/AstraZeneca, Pfizer/BioNTech",Belgium,https://epistat.wiv-isp.be/covid/
2021-06-20,9774921,6413720,3577857,0,"Johnson&Johnson, Moderna, Oxford/AstraZeneca, Pfizer/BioNTech",Belgium,https://epistat.wiv-isp.be/covid/
2021-06-21,9893802,6496798,3616688,0,"Johnson&Johnson, Moderna, Oxford/AstraZeneca, Pfizer/BioNTech",Belgium,https://epistat.wiv-isp.be/covid/
2021-06-22,10002496,6558465,3672849,0,"Johnson&Johnson, Moderna, Oxford/AstraZeneca, Pfizer/BioNTech",Belgium,https://epistat.wiv-isp.be/covid/
2021-06-23,10186909,6681708,3737366,0,"Johnson&Johnson, Moderna, Oxford/AstraZeneca, Pfizer/BioNTech",Belgium,https://epistat.wiv-isp.be/covid/
2021-06-24,10368803,6807919,3798678,0,"Johnson&Johnson, Moderna, Oxford/AstraZeneca, Pfizer/BioNTech",Belgium,https://epistat.wiv-isp.be/covid/
2021-06-25,10533931,6925935,3850966,0,"Johnson&Johnson, Moderna, Oxford/AstraZeneca, Pfizer/BioNTech",Belgium,https://epistat.wiv-isp.be/covid/
2021-06-26,10649344,6996830,3901187,0,"Johnson&Johnson, Moderna, Oxford/AstraZeneca, Pfizer/BioNTech",Belgium,https://epistat.wiv-isp.be/covid/
2021-06-27,10684226,7025430,3908208,0,"Johnson&Johnson, Moderna, Oxford/AstraZeneca, Pfizer/BioNTech",Belgium,https://epistat.wiv-isp.be/covid/
2021-06-28,10804828,7094239,3963877,0,"Johnson&Johnson, Moderna, Oxford/AstraZeneca, Pfizer/BioNTech",Belgium,https://epistat.wiv-isp.be/covid/
2021-06-29,10926479,7152385,4033320,0,"Johnson&Johnson, Moderna, Oxford/AstraZeneca, Pfizer/BioNTech",Belgium,https://epistat.wiv-isp.be/covid/
2021-06-30,11051825,7237605,4080224,0,"Johnson&Johnson, Moderna, Oxford/AstraZeneca, Pfizer/BioNTech",Belgium,https://epistat.wiv-isp.be/covid/
2021-07-01,11188825,7329640,4129440,0,"Johnson&Johnson, Moderna, Oxford/AstraZeneca, Pfizer/BioNTech",Belgium,https://epistat.wiv-isp.be/covid/
2021-07-02,11303237,7406247,4171046,0,"Johnson&Johnson, Moderna, Oxford/AstraZeneca, Pfizer/BioNTech",Belgium,https://epistat.wiv-isp.be/covid/
2021-07-03,11392304,7443827,4223453,0,"Johnson&Johnson, Moderna, Oxford/AstraZeneca, Pfizer/BioNTech",Belgium,https://epistat.wiv-isp.be/covid/
2021-07-04,11406670,7451321,4230387,0,"Johnson&Johnson, Moderna, Oxford/AstraZeneca, Pfizer/BioNTech",Belgium,https://epistat.wiv-isp.be/covid/
2021-07-05,11527185,7475845,4329677,0,"Johnson&Johnson, Moderna, Oxford/AstraZeneca, Pfizer/BioNTech",Belgium,https://epistat.wiv-isp.be/covid/
2021-07-06,11642884,7498588,4424956,0,"Johnson&Johnson, Moderna, Oxford/AstraZeneca, Pfizer/BioNTech",Belgium,https://epistat.wiv-isp.be/covid/
2021-07-07,11802236,7537494,4548476,0,"Johnson&Johnson, Moderna, Oxford/AstraZeneca, Pfizer/BioNTech",Belgium,https://epistat.wiv-isp.be/covid/
2021-07-08,11967581,7574623,4680213,0,"Johnson&Johnson, Moderna, Oxford/AstraZeneca, Pfizer/BioNTech",Belgium,https://epistat.wiv-isp.be/covid/
2021-07-09,12115482,7610445,4794396,0,"Johnson&Johnson, Moderna, Oxford/AstraZeneca, Pfizer/BioNTech",Belgium,https://epistat.wiv-isp.be/covid/
2021-07-10,12244358,7630076,4905000,0,"Johnson&Johnson, Moderna, Oxford/AstraZeneca, Pfizer/BioNTech",Belgium,https://epistat.wiv-isp.be/covid/
2021-07-11,12275524,7634398,4932103,0,"Johnson&Johnson, Moderna, Oxford/AstraZeneca, Pfizer/BioNTech",Belgium,https://epistat.wiv-isp.be/covid/
2021-07-12,12421813,7660115,5055368,0,"Johnson&Johnson, Moderna, Oxford/AstraZeneca, Pfizer/BioNTech",Belgium,https://epistat.wiv-isp.be/covid/
2021-07-13,12539325,7687823,5149549,0,"Johnson&Johnson, Moderna, Oxford/AstraZeneca, Pfizer/BioNTech",Belgium,https://epistat.wiv-isp.be/covid/
2021-07-14,12687023,7723021,5265329,0,"Johnson&Johnson, Moderna, Oxford/AstraZeneca, Pfizer/BioNTech",Belgium,https://epistat.wiv-isp.be/covid/
2021-07-15,12822741,7754870,5372481,0,"Johnson&Johnson, Moderna, Oxford/AstraZeneca, Pfizer/BioNTech",Belgium,https://epistat.wiv-isp.be/covid/
2021-07-16,12960825,7785202,5483436,0,"Johnson&Johnson, Moderna, Oxford/AstraZeneca, Pfizer/BioNTech",Belgium,https://epistat.wiv-isp.be/covid/
2021-07-17,13062981,7804004,5568431,0,"Johnson&Johnson, Moderna, Oxford/AstraZeneca, Pfizer/BioNTech",Belgium,https://epistat.wiv-isp.be/covid/
2021-07-18,13077877,7807396,5580455,0,"Johnson&Johnson, Moderna, Oxford/AstraZeneca, Pfizer/BioNTech",Belgium,https://epistat.wiv-isp.be/covid/
2021-07-19,13206873,7827742,5690680,0,"Johnson&Johnson, Moderna, Oxford/AstraZeneca, Pfizer/BioNTech",Belgium,https://epistat.wiv-isp.be/covid/
2021-07-20,13329030,7854085,5788549,0,"Johnson&Johnson, Moderna, Oxford/AstraZeneca, Pfizer/BioNTech",Belgium,https://epistat.wiv-isp.be/covid/
2021-07-21,13429598,7867961,5876638,0,"Johnson&Johnson, Moderna, Oxford/AstraZeneca, Pfizer/BioNTech",Belgium,https://epistat.wiv-isp.be/covid/
2021-07-22,13614715,7895837,6035760,0,"Johnson&Johnson, Moderna, Oxford/AstraZeneca, Pfizer/BioNTech",Belgium,https://epistat.wiv-isp.be/covid/
2021-07-23,13778056,7920621,6176927,0,"Johnson&Johnson, Moderna, Oxford/AstraZeneca, Pfizer/BioNTech",Belgium,https://epistat.wiv-isp.be/covid/
2021-07-24,13875914,7936835,6259681,0,"Johnson&Johnson, Moderna, Oxford/AstraZeneca, Pfizer/BioNTech",Belgium,https://epistat.wiv-isp.be/covid/
2021-07-25,13889922,7938440,6272382,0,"Johnson&Johnson, Moderna, Oxford/AstraZeneca, Pfizer/BioNTech",Belgium,https://epistat.wiv-isp.be/covid/
2021-07-26,14008168,7959970,6371012,0,"Johnson&Johnson, Moderna, Oxford/AstraZeneca, Pfizer/BioNTech",Belgium,https://epistat.wiv-isp.be/covid/
2021-07-27,14119008,7982520,6461477,0,"Johnson&Johnson, Moderna, Oxford/AstraZeneca, Pfizer/BioNTech",Belgium,https://epistat.wiv-isp.be/covid/
2021-07-28,14277293,8010969,6592596,0,"Johnson&Johnson, Moderna, Oxford/AstraZeneca, Pfizer/BioNTech",Belgium,https://epistat.wiv-isp.be/covid/
2021-07-29,14425060,8035321,6717316,0,"Johnson&Johnson, Moderna, Oxford/AstraZeneca, Pfizer/BioNTech",Belgium,https://epistat.wiv-isp.be/covid/
2021-07-30,14567674,8061411,6835389,0,"Johnson&Johnson, Moderna, Oxford/AstraZeneca, Pfizer/BioNTech",Belgium,https://epistat.wiv-isp.be/covid/
2021-07-31,14653679,8077730,6906216,0,"Johnson&Johnson, Moderna, Oxford/AstraZeneca, Pfizer/BioNTech",Belgium,https://epistat.wiv-isp.be/covid/
2021-08-01,14665923,8079925,6916339,0,"Johnson&Johnson, Moderna, Oxford/AstraZeneca, Pfizer/BioNTech",Belgium,https://epistat.wiv-isp.be/covid/
2021-08-02,14772358,8099651,7004042,0,"Johnson&Johnson, Moderna, Oxford/AstraZeneca, Pfizer/BioNTech",Belgium,https://epistat.wiv-isp.be/covid/
2021-08-03,14865579,8122701,7076126,0,"Johnson&Johnson, Moderna, Oxford/AstraZeneca, Pfizer/BioNTech",Belgium,https://epistat.wiv-isp.be/covid/
2021-08-04,14983088,8154602,7163239,0,"Johnson&Johnson, Moderna, Oxford/AstraZeneca, Pfizer/BioNTech",Belgium,https://epistat.wiv-isp.be/covid/
2021-08-05,15098728,8180293,7254831,0,"Johnson&Johnson, Moderna, Oxford/AstraZeneca, Pfizer/BioNTech",Belgium,https://epistat.wiv-isp.be/covid/
2021-08-06,15210742,8206193,7342699,0,"Johnson&Johnson, Moderna, Oxford/AstraZeneca, Pfizer/BioNTech",Belgium,https://epistat.wiv-isp.be/covid/
2021-08-07,15270024,8228126,7381401,0,"Johnson&Johnson, Moderna, Oxford/AstraZeneca, Pfizer/BioNTech",Belgium,https://epistat.wiv-isp.be/covid/
2021-08-08,15276594,8229606,7386659,0,"Johnson&Johnson, Moderna, Oxford/AstraZeneca, Pfizer/BioNTech",Belgium,https://epistat.wiv-isp.be/covid/
2021-08-09,15346941,8248655,7439369,0,"Johnson&Johnson, Moderna, Oxford/AstraZeneca, Pfizer/BioNTech",Belgium,https://epistat.wiv-isp.be/covid/
2021-08-10,15427018,8264726,7505231,0,"Johnson&Johnson, Moderna, Oxford/AstraZeneca, Pfizer/BioNTech",Belgium,https://epistat.wiv-isp.be/covid/
2021-08-11,15504090,8281114,7567249,0,"Johnson&Johnson, Moderna, Oxford/AstraZeneca, Pfizer/BioNTech",Belgium,https://epistat.wiv-isp.be/covid/
2021-08-12,15580347,8298164,7627786,0,"Johnson&Johnson, Moderna, Oxford/AstraZeneca, Pfizer/BioNTech",Belgium,https://epistat.wiv-isp.be/covid/
2021-08-13,15641565,8312262,7675700,0,"Johnson&Johnson, Moderna, Oxford/AstraZeneca, Pfizer/BioNTech",Belgium,https://epistat.wiv-isp.be/covid/
2021-08-14,15669099,8319017,7697142,0,"Johnson&Johnson, Moderna, Oxford/AstraZeneca, Pfizer/BioNTech",Belgium,https://epistat.wiv-isp.be/covid/
2021-08-15,15670991,8319229,7698838,0,"Johnson&Johnson, Moderna, Oxford/AstraZeneca, Pfizer/BioNTech",Belgium,https://epistat.wiv-isp.be/covid/
2021-08-16,15710656,8327337,7731490,0,"Johnson&Johnson, Moderna, Oxford/AstraZeneca, Pfizer/BioNTech",Belgium,https://epistat.wiv-isp.be/covid/
2021-08-17,15756641,8339653,7766783,0,"Johnson&Johnson, Moderna, Oxford/AstraZeneca, Pfizer/BioNTech",Belgium,https://epistat.wiv-isp.be/covid/
2021-08-18,15808343,8350972,7808215,0,"Johnson&Johnson, Moderna, Oxford/AstraZeneca, Pfizer/BioNTech",Belgium,https://epistat.wiv-isp.be/covid/
2021-08-19,15857318,8360620,7848489,0,"Johnson&Johnson, Moderna, Oxford/AstraZeneca, Pfizer/BioNTech",Belgium,https://epistat.wiv-isp.be/covid/
2021-08-20,15900065,8369917,7882890,0,"Johnson&Johnson, Moderna, Oxford/AstraZeneca, Pfizer/BioNTech",Belgium,https://epistat.wiv-isp.be/covid/
2021-08-21,15924704,8376591,7901403,0,"Johnson&Johnson, Moderna, Oxford/AstraZeneca, Pfizer/BioNTech",Belgium,https://epistat.wiv-isp.be/covid/
2021-08-22,15927758,8376800,7904253,0,"Johnson&Johnson, Moderna, Oxford/AstraZeneca, Pfizer/BioNTech",Belgium,https://epistat.wiv-isp.be/covid/
2021-08-23,15968617,8385471,7937353,0,"Johnson&Johnson, Moderna, Oxford/AstraZeneca, Pfizer/BioNTech",Belgium,https://epistat.wiv-isp.be/covid/
2021-08-24,16008330,8393784,7970377,0,"Johnson&Johnson, Moderna, Oxford/AstraZeneca, Pfizer/BioNTech",Belgium,https://epistat.wiv-isp.be/covid/
2021-08-25,16051797,8403705,8005048,0,"Johnson&Johnson, Moderna, Oxford/AstraZeneca, Pfizer/BioNTech",Belgium,https://epistat.wiv-isp.be/covid/
2021-08-26,16100601,8413979,8044432,0,"Johnson&Johnson, Moderna, Oxford/AstraZeneca, Pfizer/BioNTech",Belgium,https://epistat.wiv-isp.be/covid/
2021-08-27,16140078,8421295,8077415,0,"Johnson&Johnson, Moderna, Oxford/AstraZeneca, Pfizer/BioNTech",Belgium,https://epistat.wiv-isp.be/covid/
2021-08-28,16174773,8428539,8105363,0,"Johnson&Johnson, Moderna, Oxford/AstraZeneca, Pfizer/BioNTech",Belgium,https://epistat.wiv-isp.be/covid/
2021-08-29,16176123,8428587,8106670,0,"Johnson&Johnson, Moderna, Oxford/AstraZeneca, Pfizer/BioNTech",Belgium,https://epistat.wiv-isp.be/covid/
2021-08-30,16208448,8435117,8133171,0,"Johnson&Johnson, Moderna, Oxford/AstraZeneca, Pfizer/BioNTech",Belgium,https://epistat.wiv-isp.be/covid/
2021-08-31,16247744,8446358,8162766,0,"Johnson&Johnson, Moderna, Oxford/AstraZeneca, Pfizer/BioNTech",Belgium,https://epistat.wiv-isp.be/covid/
2021-09-01,16269130,8453092,8178353,0,"Johnson&Johnson, Moderna, Oxford/AstraZeneca, Pfizer/BioNTech",Belgium,https://epistat.wiv-isp.be/covid/
2021-09-02,16286249,8459434,8189933,0,"Johnson&Johnson, Moderna, Oxford/AstraZeneca, Pfizer/BioNTech",Belgium,https://epistat.wiv-isp.be/covid/
2021-09-03,16311140,8467416,8207843,0,"Johnson&Johnson, Moderna, Oxford/AstraZeneca, Pfizer/BioNTech",Belgium,https://epistat.wiv-isp.be/covid/
2021-09-04,16341392,8478177,8228333,0,"Johnson&Johnson, Moderna, Oxford/AstraZeneca, Pfizer/BioNTech",Belgium,https://epistat.wiv-isp.be/covid/
2021-09-05,16342770,8479245,8228721,0,"Johnson&Johnson, Moderna, Oxford/AstraZeneca, Pfizer/BioNTech",Belgium,https://epistat.wiv-isp.be/covid/
2021-09-06,16349046,8481984,8232647,0,"Johnson&Johnson, Moderna, Oxford/AstraZeneca, Pfizer/BioNTech",Belgium,https://epistat.wiv-isp.be/covid/
2021-09-07,16358867,8485799,8239229,0,"Johnson&Johnson, Moderna, Oxford/AstraZeneca, Pfizer/BioNTech",Belgium,https://epistat.wiv-isp.be/covid/
2021-09-08,16385364,8496594,8256032,0,"Johnson&Johnson, Moderna, Oxford/AstraZeneca, Pfizer/BioNTech",Belgium,https://epistat.wiv-isp.be/covid/
2021-09-09,16396361,8500633,8263830,171,"Johnson&Johnson, Moderna, Oxford/AstraZeneca, Pfizer/BioNTech",Belgium,https://epistat.wiv-isp.be/covid/
2021-09-10,16414897,8508771,8275232,346,"Johnson&Johnson, Moderna, Oxford/AstraZeneca, Pfizer/BioNTech",Belgium,https://epistat.wiv-isp.be/covid/
2021-09-11,16437407,8517746,8289809,412,"Johnson&Johnson, Moderna, Oxford/AstraZeneca, Pfizer/BioNTech",Belgium,https://epistat.wiv-isp.be/covid/
2021-09-12,16438761,8518370,8290594,414,"Johnson&Johnson, Moderna, Oxford/AstraZeneca, Pfizer/BioNTech",Belgium,https://epistat.wiv-isp.be/covid/
2021-09-13,16446867,8521261,8296622,805,"Johnson&Johnson, Moderna, Oxford/AstraZeneca, Pfizer/BioNTech",Belgium,https://epistat.wiv-isp.be/covid/
2021-09-14,16451500,8523292,8299873,1135,"Johnson&Johnson, Moderna, Oxford/AstraZeneca, Pfizer/BioNTech",Belgium,https://epistat.wiv-isp.be/covid/
2021-09-15,16468004,8529893,8310875,2186,"Johnson&Johnson, Moderna, Oxford/AstraZeneca, Pfizer/BioNTech",Belgium,https://epistat.wiv-isp.be/covid/
2021-09-16,16480173,8534695,8319979,4173,"Johnson&Johnson, Moderna, Oxford/AstraZeneca, Pfizer/BioNTech",Belgium,https://epistat.wiv-isp.be/covid/
2021-09-17,16496867,8542121,8330347,9641,"Johnson&Johnson, Moderna, Oxford/AstraZeneca, Pfizer/BioNTech",Belgium,https://epistat.wiv-isp.be/covid/
2021-09-18,16517642,8549890,8344482,16601,"Johnson&Johnson, Moderna, Oxford/AstraZeneca, Pfizer/BioNTech",Belgium,https://epistat.wiv-isp.be/covid/
2021-09-19,16518034,8550205,8344680,16635,"Johnson&Johnson, Moderna, Oxford/AstraZeneca, Pfizer/BioNTech",Belgium,https://epistat.wiv-isp.be/covid/
2021-09-20,16524016,8553186,8348214,19217,"Johnson&Johnson, Moderna, Oxford/AstraZeneca, Pfizer/BioNTech",Belgium,https://epistat.wiv-isp.be/covid/
2021-09-21,16534343,8557977,8354881,24918,"Johnson&Johnson, Moderna, Oxford/AstraZeneca, Pfizer/BioNTech",Belgium,https://epistat.wiv-isp.be/covid/
2021-09-22,16551505,8564964,8366240,38223,"Johnson&Johnson, Moderna, Oxford/AstraZeneca, Pfizer/BioNTech",Belgium,https://epistat.wiv-isp.be/covid/
2021-09-23,16562205,8569611,8373601,47555,"Johnson&Johnson, Moderna, Oxford/AstraZeneca, Pfizer/BioNTech",Belgium,https://epistat.wiv-isp.be/covid/
2021-09-24,16577103,8576870,8382293,59187,"Johnson&Johnson, Moderna, Oxford/AstraZeneca, Pfizer/BioNTech",Belgium,https://epistat.wiv-isp.be/covid/
2021-09-25,16602234,8585450,8400259,74347,"Johnson&Johnson, Moderna, Oxford/AstraZeneca, Pfizer/BioNTech",Belgium,https://epistat.wiv-isp.be/covid/
2021-09-26,16603353,8586058,8401086,74415,"Johnson&Johnson, Moderna, Oxford/AstraZeneca, Pfizer/BioNTech",Belgium,https://epistat.wiv-isp.be/covid/
2021-09-27,16609453,8588697,8405159,82701,"Johnson&Johnson, Moderna, Oxford/AstraZeneca, Pfizer/BioNTech",Belgium,https://epistat.wiv-isp.be/covid/
2021-09-28,16618033,8592956,8410572,96937,"Johnson&Johnson, Moderna, Oxford/AstraZeneca, Pfizer/BioNTech",Belgium,https://epistat.wiv-isp.be/covid/
2021-09-29,16638432,8600140,8424901,120177,"Johnson&Johnson, Moderna, Oxford/AstraZeneca, Pfizer/BioNTech",Belgium,https://epistat.wiv-isp.be/covid/
2021-09-30,16649299,8604735,8432006,138444,"Johnson&Johnson, Moderna, Oxford/AstraZeneca, Pfizer/BioNTech",Belgium,https://epistat.wiv-isp.be/covid/
2021-10-01,16663223,8611665,8439838,153595,"Johnson&Johnson, Moderna, Oxford/AstraZeneca, Pfizer/BioNTech",Belgium,https://epistat.wiv-isp.be/covid/
2021-10-02,16679498,8618009,8450298,166740,"Johnson&Johnson, Moderna, Oxford/AstraZeneca, Pfizer/BioNTech",Belgium,https://epistat.wiv-isp.be/covid/
2021-10-03,16680162,8618290,8450698,167173,"Johnson&Johnson, Moderna, Oxford/AstraZeneca, Pfizer/BioNTech",Belgium,https://epistat.wiv-isp.be/covid/
2021-10-04,16685070,8620732,8453590,176150,"Johnson&Johnson, Moderna, Oxford/AstraZeneca, Pfizer/BioNTech",Belgium,https://epistat.wiv-isp.be/covid/
2021-10-05,16690767,8624392,8456087,189681,"Johnson&Johnson, Moderna, Oxford/AstraZeneca, Pfizer/BioNTech",Belgium,https://epistat.wiv-isp.be/covid/
2021-10-06,16701395,8629288,8462331,219560,"Johnson&Johnson, Moderna, Oxford/AstraZeneca, Pfizer/BioNTech",Belgium,https://epistat.wiv-isp.be/covid/
2021-10-07,16709096,8633406,8466633,257650,"Johnson&Johnson, Moderna, Oxford/AstraZeneca, Pfizer/BioNTech",Belgium,https://epistat.wiv-isp.be/covid/
2021-10-08,16720122,8637928,8473882,285795,"Johnson&Johnson, Moderna, Oxford/AstraZeneca, Pfizer/BioNTech",Belgium,https://epistat.wiv-isp.be/covid/
2021-10-09,16733316,8642853,8483276,300720,"Johnson&Johnson, Moderna, Oxford/AstraZeneca, Pfizer/BioNTech",Belgium,https://epistat.wiv-isp.be/covid/
2021-10-10,16733660,8643060,8483428,301498,"Johnson&Johnson, Moderna, Oxford/AstraZeneca, Pfizer/BioNTech",Belgium,https://epistat.wiv-isp.be/covid/
2021-10-11,16738877,8645591,8486467,316160,"Johnson&Johnson, Moderna, Oxford/AstraZeneca, Pfizer/BioNTech",Belgium,https://epistat.wiv-isp.be/covid/
2021-10-12,16746155,8649296,8490601,343601,"Johnson&Johnson, Moderna, Oxford/AstraZeneca, Pfizer/BioNTech",Belgium,https://epistat.wiv-isp.be/covid/
2021-10-13,16757263,8653757,8498035,375772,"Johnson&Johnson, Moderna, Oxford/AstraZeneca, Pfizer/BioNTech",Belgium,https://epistat.wiv-isp.be/covid/
2021-10-14,16765064,8658221,8502068,406118,"Johnson&Johnson, Moderna, Oxford/AstraZeneca, Pfizer/BioNTech",Belgium,https://epistat.wiv-isp.be/covid/
2021-10-15,16777197,8662837,8510543,426971,"Johnson&Johnson, Moderna, Oxford/AstraZeneca, Pfizer/BioNTech",Belgium,https://epistat.wiv-isp.be/covid/
2021-10-16,16788258,8667081,8518019,437434,"Johnson&Johnson, Moderna, Oxford/AstraZeneca, Pfizer/BioNTech",Belgium,https://epistat.wiv-isp.be/covid/
2021-10-17,16788671,8667383,8518140,438158,"Johnson&Johnson, Moderna, Oxford/AstraZeneca, Pfizer/BioNTech",Belgium,https://epistat.wiv-isp.be/covid/
2021-10-18,16793268,8670074,8520495,445041,"Johnson&Johnson, Moderna, Oxford/AstraZeneca, Pfizer/BioNTech",Belgium,https://epistat.wiv-isp.be/covid/
2021-10-19,16798613,8673191,8523142,461291,"Johnson&Johnson, Moderna, Oxford/AstraZeneca, Pfizer/BioNTech",Belgium,https://epistat.wiv-isp.be/covid/
2021-10-20,16807894,8678210,8528013,482962,"Johnson&Johnson, Moderna, Oxford/AstraZeneca, Pfizer/BioNTech",Belgium,https://epistat.wiv-isp.be/covid/
2021-10-21,16814960,8682312,8531596,510094,"Johnson&Johnson, Moderna, Oxford/AstraZeneca, Pfizer/BioNTech",Belgium,https://epistat.wiv-isp.be/covid/
2021-10-22,16825401,8685975,8538951,528968,"Johnson&Johnson, Moderna, Oxford/AstraZeneca, Pfizer/BioNTech",Belgium,https://epistat.wiv-isp.be/covid/
2021-10-23,16835006,8689625,8545408,536256,"Johnson&Johnson, Moderna, Oxford/AstraZeneca, Pfizer/BioNTech",Belgium,https://epistat.wiv-isp.be/covid/
2021-10-24,16835268,8689823,8545480,536377,"Johnson&Johnson, Moderna, Oxford/AstraZeneca, Pfizer/BioNTech",Belgium,https://epistat.wiv-isp.be/covid/
2021-10-25,16840397,8692529,8548235,546157,"Johnson&Johnson, Moderna, Oxford/AstraZeneca, Pfizer/BioNTech",Belgium,https://epistat.wiv-isp.be/covid/
2021-10-26,16847724,8696329,8552137,566845,"Johnson&Johnson, Moderna, Oxford/AstraZeneca, Pfizer/BioNTech",Belgium,https://epistat.wiv-isp.be/covid/
2021-10-27,16859141,8702198,8558216,590261,"Johnson&Johnson, Moderna, Oxford/AstraZeneca, Pfizer/BioNTech",Belgium,https://epistat.wiv-isp.be/covid/
2021-10-28,16867618,8706911,8562670,616283,"Johnson&Johnson, Moderna, Oxford/AstraZeneca, Pfizer/BioNTech",Belgium,https://epistat.wiv-isp.be/covid/
2021-10-29,16876925,8711320,8568406,634945,"Johnson&Johnson, Moderna, Oxford/AstraZeneca, Pfizer/BioNTech",Belgium,https://epistat.wiv-isp.be/covid/
2021-10-30,16885897,8715250,8573864,642179,"Johnson&Johnson, Moderna, Oxford/AstraZeneca, Pfizer/BioNTech",Belgium,https://epistat.wiv-isp.be/covid/
2021-10-31,16885908,8715257,8573871,642241,"Johnson&Johnson, Moderna, Oxford/AstraZeneca, Pfizer/BioNTech",Belgium,https://epistat.wiv-isp.be/covid/
2021-11-01,16886238,8715492,8573988,642683,"Johnson&Johnson, Moderna, Oxford/AstraZeneca, Pfizer/BioNTech",Belgium,https://epistat.wiv-isp.be/covid/
2021-11-02,16892977,8719231,8577341,652869,"Johnson&Johnson, Moderna, Oxford/AstraZeneca, Pfizer/BioNTech",Belgium,https://epistat.wiv-isp.be/covid/
2021-11-03,16901322,8724234,8581361,670709,"Johnson&Johnson, Moderna, Oxford/AstraZeneca, Pfizer/BioNTech",Belgium,https://epistat.wiv-isp.be/covid/
2021-11-04,16905856,8726966,8583492,681618,"Johnson&Johnson, Moderna, Oxford/AstraZeneca, Pfizer/BioNTech",Belgium,https://epistat.wiv-isp.be/covid/
