location,date,total_vaccinations,people_vaccinated,vaccine,source_url,people_fully_vaccinated,total_boosters
Brazil,2021-01-16,0,0,Sinovac,https://g1.globo.com/sp/sao-paulo/noticia/2021/01/17/apos-aprovacao-da-anvisa-governo-de-sp-aplica-1a-dose-da-coronavac-antes-do-inicio-do-plano-nacional-de-vacinacao.ghtml,,
Brazil,2021-01-17,112,112,Sinovac,https://g1.globo.com/sp/sao-paulo/noticia/2021/01/17/apos-aprovacao-da-anvisa-governo-de-sp-aplica-1a-dose-da-coronavac-antes-do-inicio-do-plano-nacional-de-vacinacao.ghtml,,
Brazil,2021-01-18,1109,1109,Sinovac,https://coronavirusbra1.github.io/,,
Brazil,2021-01-19,11470,11470,Sinovac,https://coronavirusbra1.github.io/,,
Brazil,2021-01-20,28543,28543,Sinovac,https://coronavirusbra1.github.io/,,
Brazil,2021-01-21,136519,136519,Sinovac,https://coronavirusbra1.github.io/,,
Brazil,2021-01-22,245877,245877,Sinovac,https://coronavirusbra1.github.io/,,
Brazil,2021-01-23,537774,537774,"Oxford/AstraZeneca, Sinovac",https://coronavirusbra1.github.io/,,
Brazil,2021-01-24,604722,604722,"Oxford/AstraZeneca, Sinovac",https://coronavirusbra1.github.io/,,
Brazil,2021-01-25,700608,700608,"Oxford/AstraZeneca, Sinovac",https://coronavirusbra1.github.io/,,
Brazil,2021-01-26,848883,848883,"Oxford/AstraZeneca, Sinovac",https://coronavirusbra1.github.io/,,
Brazil,2021-01-27,1129885,1129885,"Oxford/AstraZeneca, Sinovac",https://coronavirusbra1.github.io/,,
Brazil,2021-01-28,1450900,1450900,"Oxford/AstraZeneca, Sinovac",https://coronavirusbra1.github.io/,,
Brazil,2021-01-29,1668032,1656851,"Oxford/AstraZeneca, Sinovac",https://coronavirusbra1.github.io/,,
Brazil,2021-01-30,2003211,1923813,"Oxford/AstraZeneca, Sinovac",https://coronavirusbra1.github.io/,,
Brazil,2021-01-31,2074059,2046523,"Oxford/AstraZeneca, Sinovac",https://coronavirusbra1.github.io/,,
Brazil,2021-02-01,2124307,2107624,"Oxford/AstraZeneca, Sinovac",https://coronavirusbra1.github.io/,,
Brazil,2021-02-02,2292551,2292551,"Oxford/AstraZeneca, Sinovac",https://coronavirusbra1.github.io/,,
Brazil,2021-02-03,2521704,2521704,"Oxford/AstraZeneca, Sinovac",https://coronavirusbra1.github.io/,,
Brazil,2021-02-04,3073057,3073057,"Oxford/AstraZeneca, Sinovac",https://coronavirusbra1.github.io/,,
Brazil,2021-02-05,3074906,3074906,"Oxford/AstraZeneca, Sinovac",https://coronavirusbra1.github.io/,,
Brazil,2021-02-06,3401383,3399421,"Oxford/AstraZeneca, Sinovac",https://coronavirusbra1.github.io/,1962,
Brazil,2021-02-07,3553681,3534004,"Oxford/AstraZeneca, Sinovac",https://coronavirusbra1.github.io/,19677,
Brazil,2021-02-08,3605538,3579850,"Oxford/AstraZeneca, Sinovac",https://coronavirusbra1.github.io/,25688,
Brazil,2021-02-09,3820207,3786591,"Oxford/AstraZeneca, Sinovac",https://coronavirusbra1.github.io/,33616,
Brazil,2021-02-10,4120332,4069677,"Oxford/AstraZeneca, Sinovac",https://coronavirusbra1.github.io/,50655,
Brazil,2021-02-11,4406835,4326075,"Oxford/AstraZeneca, Sinovac",https://coronavirusbra1.github.io/,80760,
Brazil,2021-02-12,4696136,4586270,"Oxford/AstraZeneca, Sinovac",https://coronavirusbra1.github.io/,109866,
Brazil,2021-02-13,5125206,4946738,"Oxford/AstraZeneca, Sinovac",https://coronavirusbra1.github.io/,178468,
Brazil,2021-02-14,5236943,5042713,"Oxford/AstraZeneca, Sinovac",https://coronavirusbra1.github.io/,194230,
Brazil,2021-02-15,5293979,5076110,"Oxford/AstraZeneca, Sinovac",https://coronavirusbra1.github.io/,217869,
Brazil,2021-02-16,5609937,5324317,"Oxford/AstraZeneca, Sinovac",https://coronavirusbra1.github.io/,285620,
Brazil,2021-02-17,5883539,5326007,"Oxford/AstraZeneca, Sinovac",https://coronavirusbra1.github.io/,557532,
Brazil,2021-02-18,6206680,5482925,"Oxford/AstraZeneca, Sinovac",https://coronavirusbra1.github.io/,723755,
Brazil,2021-02-19,6535156,5640483,"Oxford/AstraZeneca, Sinovac",https://coronavirusbra1.github.io/,894673,
Brazil,2021-02-20,6813168,5756361,"Oxford/AstraZeneca, Sinovac",https://coronavirusbra1.github.io/,1056807,
Brazil,2021-02-21,6950802,5817908,"Oxford/AstraZeneca, Sinovac",https://coronavirusbra1.github.io/,1132894,
Brazil,2021-02-22,7028356,5857080,"Oxford/AstraZeneca, Sinovac",https://coronavirusbra1.github.io/,1171276,
Brazil,2021-02-23,7297061,6002873,"Oxford/AstraZeneca, Sinovac",https://coronavirusbra1.github.io/,1294188,
Brazil,2021-02-24,7551676,6116082,"Oxford/AstraZeneca, Sinovac",https://coronavirusbra1.github.io/,1435594,
Brazil,2021-02-25,7799000,6202055,"Oxford/AstraZeneca, Sinovac",https://coronavirusbra1.github.io/,1596945,
Brazil,2021-02-26,8101787,6346769,"Oxford/AstraZeneca, Sinovac",https://coronavirusbra1.github.io/,1755018,
Brazil,2021-02-27,8322042,6437836,"Oxford/AstraZeneca, Sinovac",https://coronavirusbra1.github.io/,1884206,
Brazil,2021-02-28,8433568,6518628,"Oxford/AstraZeneca, Sinovac",https://coronavirusbra1.github.io/,1914940,
Brazil,2021-03-01,8465403,6542206,"Oxford/AstraZeneca, Sinovac",https://coronavirusbra1.github.io/,1923197,
Brazil,2021-03-02,8841027,6806293,"Oxford/AstraZeneca, Sinovac",https://coronavirusbra1.github.io/,2034734,
Brazil,2021-03-03,9277322,7114219,"Oxford/AstraZeneca, Sinovac",https://coronavirusbra1.github.io/,2163103,
Brazil,2021-03-04,9739676,7417852,"Oxford/AstraZeneca, Sinovac",https://coronavirusbra1.github.io/,2321824,
Brazil,2021-03-05,10169160,7701146,"Oxford/AstraZeneca, Sinovac",https://coronavirusbra1.github.io/,2468014,
Brazil,2021-03-10,10362487,7851531,"Oxford/AstraZeneca, Sinovac",https://viz.saude.gov.br/extensions/DEMAS_C19Vacina/DEMAS_C19Vacina.html,2510956,
Brazil,2021-03-11,10740859,8092244,"Oxford/AstraZeneca, Sinovac",https://viz.saude.gov.br/extensions/DEMAS_C19Vacina/DEMAS_C19Vacina.html,2648615,
Brazil,2021-03-12,11149530,8360366,"Oxford/AstraZeneca, Sinovac",https://viz.saude.gov.br/extensions/DEMAS_C19Vacina/DEMAS_C19Vacina.html,2789164,
Brazil,2021-03-13,11362190,8512960,"Oxford/AstraZeneca, Sinovac",https://viz.saude.gov.br/extensions/DEMAS_C19Vacina/DEMAS_C19Vacina.html,2849230,
Brazil,2021-03-14,11422666,8561847,"Oxford/AstraZeneca, Sinovac",https://viz.saude.gov.br/extensions/DEMAS_C19Vacina/DEMAS_C19Vacina.html,2860819,
Brazil,2021-03-15,11895560,8919356,"Oxford/AstraZeneca, Sinovac",https://viz.saude.gov.br/extensions/DEMAS_C19Vacina/DEMAS_C19Vacina.html,2976204,
Brazil,2021-03-17,12682290,9451188,"Oxford/AstraZeneca, Sinovac",https://viz.saude.gov.br/extensions/DEMAS_C19Vacina/DEMAS_C19Vacina.html,3231102,
Brazil,2021-03-18,13013331,9709526,"Oxford/AstraZeneca, Sinovac",https://viz.saude.gov.br/extensions/DEMAS_C19Vacina/DEMAS_C19Vacina.html,3303805,
Brazil,2021-03-19,13335728,9970231,"Oxford/AstraZeneca, Sinovac",https://viz.saude.gov.br/extensions/DEMAS_C19Vacina/DEMAS_C19Vacina.html,3365497,
Brazil,2021-03-20,13479165,10099070,"Oxford/AstraZeneca, Sinovac",https://viz.saude.gov.br/extensions/DEMAS_C19Vacina/DEMAS_C19Vacina.html,3380095,
Brazil,2021-03-21,13562176,10168973,"Oxford/AstraZeneca, Sinovac",https://viz.saude.gov.br/extensions/DEMAS_C19Vacina/DEMAS_C19Vacina.html,3393203,
Brazil,2021-03-22,14116560,10609471,"Oxford/AstraZeneca, Sinovac",https://viz.saude.gov.br/extensions/DEMAS_C19Vacina/DEMAS_C19Vacina.html,3507089,
Brazil,2021-03-23,15209201,11559487,"Oxford/AstraZeneca, Sinovac",https://viz.saude.gov.br/extensions/DEMAS_C19Vacina/DEMAS_C19Vacina.html,3649714,
Brazil,2021-03-24,15943964,12148769,"Oxford/AstraZeneca, Sinovac",https://viz.saude.gov.br/extensions/DEMAS_C19Vacina/DEMAS_C19Vacina.html,3795195,
Brazil,2021-03-25,16557071,12639545,"Oxford/AstraZeneca, Sinovac",https://viz.saude.gov.br/extensions/DEMAS_C19Vacina/DEMAS_C19Vacina.html,3917526,
Brazil,2021-03-26,17032868,13053114,"Oxford/AstraZeneca, Sinovac",https://viz.saude.gov.br/extensions/DEMAS_C19Vacina/DEMAS_C19Vacina.html,3979754,
Brazil,2021-03-27,17519083,13487207,"Oxford/AstraZeneca, Sinovac",https://viz.saude.gov.br/extensions/DEMAS_C19Vacina/DEMAS_C19Vacina.html,4031876,
Brazil,2021-03-28,17706983,13659406,"Oxford/AstraZeneca, Sinovac",https://viz.saude.gov.br/extensions/DEMAS_C19Vacina/DEMAS_C19Vacina.html,4047577,
Brazil,2021-03-29,18082153,13988029,"Oxford/AstraZeneca, Sinovac",https://viz.saude.gov.br/extensions/DEMAS_C19Vacina/DEMAS_C19Vacina.html,4094124,
Brazil,2021-03-30,18222559,14112509,"Oxford/AstraZeneca, Sinovac",https://viz.saude.gov.br/extensions/DEMAS_C19Vacina/DEMAS_C19Vacina.html,4110050,
Brazil,2021-03-31,19155981,14921376,"Oxford/AstraZeneca, Sinovac",https://viz.saude.gov.br/extensions/DEMAS_C19Vacina/DEMAS_C19Vacina.html,4234605,
Brazil,2021-04-02,20632877,16099532,"Oxford/AstraZeneca, Sinovac",https://viz.saude.gov.br/extensions/DEMAS_C19Vacina/DEMAS_C19Vacina.html,4533345,
Brazil,2021-04-03,20956770,16377083,"Oxford/AstraZeneca, Sinovac",https://viz.saude.gov.br/extensions/DEMAS_C19Vacina/DEMAS_C19Vacina.html,4579687,
Brazil,2021-04-04,21070128,16472281,"Oxford/AstraZeneca, Sinovac",https://viz.saude.gov.br/extensions/DEMAS_C19Vacina/DEMAS_C19Vacina.html,4597847,
Brazil,2021-04-05,21960953,17128933,"Oxford/AstraZeneca, Sinovac",https://viz.saude.gov.br/extensions/DEMAS_C19Vacina/DEMAS_C19Vacina.html,4832020,
Brazil,2021-04-06,22850791,17791338,"Oxford/AstraZeneca, Sinovac",https://viz.saude.gov.br/extensions/DEMAS_C19Vacina/DEMAS_C19Vacina.html,5059453,
Brazil,2021-04-07,24197996,18859274,"Oxford/AstraZeneca, Sinovac",https://viz.saude.gov.br/extensions/DEMAS_C19Vacina/DEMAS_C19Vacina.html,5338722,
Brazil,2021-04-08,24981199,19386057,"Oxford/AstraZeneca, Sinovac",https://viz.saude.gov.br/extensions/DEMAS_C19Vacina/DEMAS_C19Vacina.html,5595142,
Brazil,2021-04-09,25735314,19886870,"Oxford/AstraZeneca, Sinovac",https://viz.saude.gov.br/extensions/DEMAS_C19Vacina/DEMAS_C19Vacina.html,5848444,
Brazil,2021-04-10,26548845,20513828,"Oxford/AstraZeneca, Sinovac",https://viz.saude.gov.br/extensions/DEMAS_C19Vacina/DEMAS_C19Vacina.html,6035017,
Brazil,2021-04-11,26741261,20654434,"Oxford/AstraZeneca, Sinovac",https://viz.saude.gov.br/extensions/DEMAS_C19Vacina/DEMAS_C19Vacina.html,6086827,
Brazil,2021-04-12,27432994,21080623,"Oxford/AstraZeneca, Sinovac",https://viz.saude.gov.br/extensions/DEMAS_C19Vacina/DEMAS_C19Vacina.html,6352371,
Brazil,2021-04-13,30801723,23602070,"Oxford/AstraZeneca, Sinovac",https://viz.saude.gov.br/extensions/DEMAS_C19Vacina/DEMAS_C19Vacina.html,7199653,
Brazil,2021-04-14,31703967,24197321,"Oxford/AstraZeneca, Sinovac",https://viz.saude.gov.br/extensions/DEMAS_C19Vacina/DEMAS_C19Vacina.html,7506646,
Brazil,2021-04-18,32947066,24350046,"Oxford/AstraZeneca, Sinovac",https://qsprod.saude.gov.br/extensions/DEMAS_C19Vacina/DEMAS_C19Vacina.html,8597020,
Brazil,2021-04-19,33755229,24776701,"Oxford/AstraZeneca, Sinovac",https://qsprod.saude.gov.br/extensions/DEMAS_C19Vacina/DEMAS_C19Vacina.html,8978528,
Brazil,2021-04-20,33807132,24805515,"Oxford/AstraZeneca, Sinovac",https://qsprod.saude.gov.br/extensions/DEMAS_C19Vacina/DEMAS_C19Vacina.html,9001617,
Brazil,2021-04-21,34058640,24918188,"Oxford/AstraZeneca, Sinovac",https://qsprod.saude.gov.br/extensions/DEMAS_C19Vacina/DEMAS_C19Vacina.html,9140452,
Brazil,2021-04-22,35024957,25340967,"Oxford/AstraZeneca, Sinovac",https://qsprod.saude.gov.br/extensions/DEMAS_C19Vacina/DEMAS_C19Vacina.html,9683990,
Brazil,2021-04-23,37112833,26398005,"Oxford/AstraZeneca, Sinovac",https://qsprod.saude.gov.br/extensions/DEMAS_C19Vacina/DEMAS_C19Vacina.html,10714828,
Brazil,2021-04-24,37730651,26687711,"Oxford/AstraZeneca, Sinovac",https://qsprod.saude.gov.br/extensions/DEMAS_C19Vacina/DEMAS_C19Vacina.html,11042940,
Brazil,2021-04-25,38027113,26873143,"Oxford/AstraZeneca, Sinovac",https://qsprod.saude.gov.br/extensions/DEMAS_C19Vacina/DEMAS_C19Vacina.html,11153970,
Brazil,2021-04-26,38986878,27345796,"Oxford/AstraZeneca, Sinovac",https://qsprod.saude.gov.br/extensions/DEMAS_C19Vacina/DEMAS_C19Vacina.html,11641082,
Brazil,2021-04-27,40168799,27920546,"Oxford/AstraZeneca, Sinovac",https://qsprod.saude.gov.br/extensions/DEMAS_C19Vacina/DEMAS_C19Vacina.html,12248253,
Brazil,2021-04-28,41003659,28312000,"Oxford/AstraZeneca, Sinovac",https://qsprod.saude.gov.br/extensions/DEMAS_C19Vacina/DEMAS_C19Vacina.html,12691659,
Brazil,2021-04-29,41989957,28778338,"Oxford/AstraZeneca, Sinovac",https://qsprod.saude.gov.br/extensions/DEMAS_C19Vacina/DEMAS_C19Vacina.html,13211619,
Brazil,2021-04-30,42698862,29149512,"Oxford/AstraZeneca, Sinovac",https://qsprod.saude.gov.br/extensions/DEMAS_C19Vacina/DEMAS_C19Vacina.html,13549350,
Brazil,2021-05-01,43036179,29336953,"Oxford/AstraZeneca, Sinovac",https://qsprod.saude.gov.br/extensions/DEMAS_C19Vacina/DEMAS_C19Vacina.html,13699226,
Brazil,2021-05-02,43173356,29421191,"Oxford/AstraZeneca, Sinovac",https://qsprod.saude.gov.br/extensions/DEMAS_C19Vacina/DEMAS_C19Vacina.html,13752165,
Brazil,2021-05-03,43962159,29865013,"Oxford/AstraZeneca, Sinovac",https://qsprod.saude.gov.br/extensions/DEMAS_C19Vacina/DEMAS_C19Vacina.html,14097146,
Brazil,2021-05-04,45273825,30658945,"Oxford/AstraZeneca, Sinovac",https://qsprod.saude.gov.br/extensions/DEMAS_C19Vacina/DEMAS_C19Vacina.html,14614880,
Brazil,2021-05-05,46185689,31265483,"Oxford/AstraZeneca, Sinovac",https://qsprod.saude.gov.br/extensions/DEMAS_C19Vacina/DEMAS_C19Vacina.html,14920206,
Brazil,2021-05-06,46542392,31504414,"Oxford/AstraZeneca, Sinovac",https://qsprod.saude.gov.br/extensions/DEMAS_C19Vacina/DEMAS_C19Vacina.html,15037978,
Brazil,2021-05-07,46875460,31722544,"Pfizer/BioNTech, Oxford/AstraZeneca, Sinovac",https://qsprod.saude.gov.br/extensions/DEMAS_C19Vacina/DEMAS_C19Vacina.html,15152916,
Brazil,2021-05-10,47365348,32101075,"Pfizer/BioNTech, Oxford/AstraZeneca, Sinovac",https://qsprod.saude.gov.br/extensions/DEMAS_C19Vacina/DEMAS_C19Vacina.html,15264273,
Brazil,2021-05-11,48193472,32647725,"Pfizer/BioNTech, Oxford/AstraZeneca, Sinovac",https://qsprod.saude.gov.br/extensions/DEMAS_C19Vacina/DEMAS_C19Vacina.html,15545747,
Brazil,2021-05-12,49188608,33332789,"Pfizer/BioNTech, Oxford/AstraZeneca, Sinovac",https://qsprod.saude.gov.br/extensions/DEMAS_C19Vacina/DEMAS_C19Vacina.html,15855819,
Brazil,2021-05-13,50308106,34092728,"Pfizer/BioNTech, Oxford/AstraZeneca, Sinovac",https://qsprod.saude.gov.br/extensions/DEMAS_C19Vacina/DEMAS_C19Vacina.html,16215378,
Brazil,2021-05-14,52093242,35383566,"Pfizer/BioNTech, Oxford/AstraZeneca, Sinovac",https://qsprod.saude.gov.br/extensions/DEMAS_C19Vacina/DEMAS_C19Vacina.html,16709676,
Brazil,2021-05-15,52641583,35731848,"Pfizer/BioNTech, Oxford/AstraZeneca, Sinovac",https://qsprod.saude.gov.br/extensions/DEMAS_C19Vacina/DEMAS_C19Vacina.html,16909735,
Brazil,2021-05-16,52771668,35801333,"Pfizer/BioNTech, Oxford/AstraZeneca, Sinovac",https://qsprod.saude.gov.br/extensions/DEMAS_C19Vacina/DEMAS_C19Vacina.html,16970335,
Brazil,2021-05-17,53624328,36355939,"Pfizer/BioNTech, Oxford/AstraZeneca, Sinovac",https://qsprod.saude.gov.br/extensions/DEMAS_C19Vacina/DEMAS_C19Vacina.html,17268389,
Brazil,2021-05-18,54332240,36844286,"Pfizer/BioNTech, Oxford/AstraZeneca, Sinovac",https://qsprod.saude.gov.br/extensions/DEMAS_C19Vacina/DEMAS_C19Vacina.html,17487954,
Brazil,2021-05-19,55098913,37376193,"Pfizer/BioNTech, Oxford/AstraZeneca, Sinovac",https://qsprod.saude.gov.br/extensions/DEMAS_C19Vacina/DEMAS_C19Vacina.html,17722720,
Brazil,2021-05-20,55960152,37937840,"Pfizer/BioNTech, Oxford/AstraZeneca, Sinovac",https://qsprod.saude.gov.br/extensions/DEMAS_C19Vacina/DEMAS_C19Vacina.html,18022312,
Brazil,2021-05-25,63740557,42702699,"Pfizer/BioNTech, Oxford/AstraZeneca, Sinovac",https://qsprod.saude.gov.br/extensions/DEMAS_C19Vacina/DEMAS_C19Vacina.html,21037858,
Brazil,2021-05-26,64568609,43239648,"Pfizer/BioNTech, Oxford/AstraZeneca, Sinovac",https://qsprod.saude.gov.br/extensions/DEMAS_C19Vacina/DEMAS_C19Vacina.html,21328961,
Brazil,2021-05-27,65268576,43727936,"Pfizer/BioNTech, Oxford/AstraZeneca, Sinovac",https://qsprod.saude.gov.br/extensions/DEMAS_C19Vacina/DEMAS_C19Vacina.html,21540640,
Brazil,2021-05-28,66432341,44564785,"Pfizer/BioNTech, Oxford/AstraZeneca, Sinovac",https://qsprod.saude.gov.br/extensions/DEMAS_C19Vacina/DEMAS_C19Vacina.html,21867556,
Brazil,2021-05-29,66934363,44956732,"Pfizer/BioNTech, Oxford/AstraZeneca, Sinovac",https://qsprod.saude.gov.br/extensions/DEMAS_C19Vacina/DEMAS_C19Vacina.html,21977631,
Brazil,2021-05-30,67088046,45079934,"Pfizer/BioNTech, Oxford/AstraZeneca, Sinovac",https://qsprod.saude.gov.br/extensions/DEMAS_C19Vacina/DEMAS_C19Vacina.html,22008112,
Brazil,2021-05-31,67482730,45376214,"Pfizer/BioNTech, Oxford/AstraZeneca, Sinovac",https://qsprod.saude.gov.br/extensions/DEMAS_C19Vacina/DEMAS_C19Vacina.html,22106516,
Brazil,2021-06-01,68244216,45940210,"Pfizer/BioNTech, Oxford/AstraZeneca, Sinovac",https://qsprod.saude.gov.br/extensions/DEMAS_C19Vacina/DEMAS_C19Vacina.html,22304006,
Brazil,2021-06-02,68919860,46498375,"Pfizer/BioNTech, Oxford/AstraZeneca, Sinovac",https://qsprod.saude.gov.br/extensions/DEMAS_C19Vacina/DEMAS_C19Vacina.html,22421485,
Brazil,2021-06-03,70330300,47636424,"Pfizer/BioNTech, Oxford/AstraZeneca, Sinovac",https://qsprod.saude.gov.br/extensions/DEMAS_C19Vacina/DEMAS_C19Vacina.html,22693876,
Brazil,2021-06-04,70743531,48007886,"Pfizer/BioNTech, Oxford/AstraZeneca, Sinovac",https://qsprod.saude.gov.br/extensions/DEMAS_C19Vacina/DEMAS_C19Vacina.html,22735645,
Brazil,2021-06-05,71429257,48576572,"Pfizer/BioNTech, Oxford/AstraZeneca, Sinovac",https://qsprod.saude.gov.br/extensions/DEMAS_C19Vacina/DEMAS_C19Vacina.html,22852685,
Brazil,2021-06-06,71691137,48802098,"Pfizer/BioNTech, Oxford/AstraZeneca, Sinovac",https://qsprod.saude.gov.br/extensions/DEMAS_C19Vacina/DEMAS_C19Vacina.html,22889039,
Brazil,2021-06-09,74812794,51465240,"Pfizer/BioNTech, Oxford/AstraZeneca, Sinovac",https://qsprod.saude.gov.br/extensions/DEMAS_C19Vacina/DEMAS_C19Vacina.html,23347554,
Brazil,2021-06-10,75890097,52429219,"Pfizer/BioNTech, Oxford/AstraZeneca, Sinovac",https://qsprod.saude.gov.br/extensions/DEMAS_C19Vacina/DEMAS_C19Vacina.html,23460878,
Brazil,2021-06-11,76758587,53224020,"Pfizer/BioNTech, Oxford/AstraZeneca, Sinovac",https://qsprod.saude.gov.br/extensions/DEMAS_C19Vacina/DEMAS_C19Vacina.html,23534567,
Brazil,2021-06-13,78133938,54489914,"Pfizer/BioNTech, Oxford/AstraZeneca, Sinovac",https://qsprod.saude.gov.br/extensions/DEMAS_C19Vacina/DEMAS_C19Vacina.html,23644024,
Brazil,2021-06-14,78906225,55226467,"Pfizer/BioNTech, Oxford/AstraZeneca, Sinovac",https://qsprod.saude.gov.br/extensions/DEMAS_C19Vacina/DEMAS_C19Vacina.html,23679758,
Brazil,2021-06-15,80268207,56479200,"Pfizer/BioNTech, Oxford/AstraZeneca, Sinovac",https://qsprod.saude.gov.br/extensions/DEMAS_C19Vacina/DEMAS_C19Vacina.html,23789007,
Brazil,2021-06-16,81540602,57676179,"Pfizer/BioNTech, Oxford/AstraZeneca, Sinovac",https://qsprod.saude.gov.br/extensions/DEMAS_C19Vacina/DEMAS_C19Vacina.html,23864423,
Brazil,2021-06-17,84102155,60066656,"Pfizer/BioNTech, Oxford/AstraZeneca, Sinovac",https://qsprod.saude.gov.br/extensions/DEMAS_C19Vacina/DEMAS_C19Vacina.html,24035499,
Brazil,2021-06-18,85390996,61270446,"Pfizer/BioNTech, Oxford/AstraZeneca, Sinovac",https://qsprod.saude.gov.br/extensions/DEMAS_C19Vacina/DEMAS_C19Vacina.html,24120550,
Brazil,2021-06-19,86475842,62276105,"Pfizer/BioNTech, Oxford/AstraZeneca, Sinovac",https://qsprod.saude.gov.br/extensions/DEMAS_C19Vacina/DEMAS_C19Vacina.html,24199737,
Brazil,2021-06-20,86960570,62741992,"Pfizer/BioNTech, Oxford/AstraZeneca, Sinovac",https://qsprod.saude.gov.br/extensions/DEMAS_C19Vacina/DEMAS_C19Vacina.html,24218578,
Brazil,2021-06-21,88353063,64034871,"Pfizer/BioNTech, Oxford/AstraZeneca, Sinovac",https://qsprod.saude.gov.br/extensions/DEMAS_C19Vacina/DEMAS_C19Vacina.html,24318192,
Brazil,2021-06-22,90077011,,"Pfizer/BioNTech, Oxford/AstraZeneca, Sinovac",https://qsprod.saude.gov.br/extensions/DEMAS_C19Vacina/DEMAS_C19Vacina.html,,
Brazil,2021-06-23,91593968,67005097,"Pfizer/BioNTech, Oxford/AstraZeneca, Sinovac",https://qsprod.saude.gov.br/extensions/DEMAS_C19Vacina/DEMAS_C19Vacina.html,24588871,
Brazil,2021-06-24,92917274,68185022,"Pfizer/BioNTech, Oxford/AstraZeneca, Sinovac",https://qsprod.saude.gov.br/extensions/DEMAS_C19Vacina/DEMAS_C19Vacina.html,24732252,
Brazil,2021-06-27,96804664,71206835,"Pfizer/BioNTech, Oxford/AstraZeneca, Sinovac",https://qsprod.saude.gov.br/extensions/DEMAS_C19Vacina/DEMAS_C19Vacina.html,25597829,
Brazil,2021-06-28,96913929,71291563,"Pfizer/BioNTech, Oxford/AstraZeneca, Sinovac",https://qsprod.saude.gov.br/extensions/DEMAS_C19Vacina/DEMAS_C19Vacina.html,25622366,
Brazil,2021-06-29,98827485,72722360,"Pfizer/BioNTech, Oxford/AstraZeneca, Sinovac",https://qsprod.saude.gov.br/extensions/DEMAS_C19Vacina/DEMAS_C19Vacina.html,26105125,
Brazil,2021-07-01,102780096,75783345,"Pfizer/BioNTech, Oxford/AstraZeneca, Sinovac",https://qsprod.saude.gov.br/extensions/DEMAS_C19Vacina/DEMAS_C19Vacina.html,26996751,
Brazil,2021-07-04,105301611,77653882,"Pfizer/BioNTech, Oxford/AstraZeneca, Sinovac",https://qsprod.saude.gov.br/extensions/DEMAS_C19Vacina/DEMAS_C19Vacina.html,27647729,
Brazil,2021-07-05,106909223,78950076,"Pfizer/BioNTech, Oxford/AstraZeneca, Sinovac",https://qsprod.saude.gov.br/extensions/DEMAS_C19Vacina/DEMAS_C19Vacina.html,27959147,
Brazil,2021-07-06,107628177,79467536,"Pfizer/BioNTech, Oxford/AstraZeneca, Sinovac",https://qsprod.saude.gov.br/extensions/DEMAS_C19Vacina/DEMAS_C19Vacina.html,28160641,
Brazil,2021-07-07,110101829,81134483,"Pfizer/BioNTech, Oxford/AstraZeneca, Sinovac",https://qsprod.saude.gov.br/extensions/DEMAS_C19Vacina/DEMAS_C19Vacina.html,28967346,
Brazil,2021-07-08,111477691,83713097,"Pfizer/BioNTech, Oxford/AstraZeneca, Sinovac",https://qsprod.saude.gov.br/extensions/DEMAS_C19Vacina/DEMAS_C19Vacina.html,29493829,
Brazil,2021-07-09,112774302,85201397,"Johnson&Johnson, Pfizer/BioNTech, Oxford/AstraZeneca, Sinovac",https://qsprod.saude.gov.br/extensions/DEMAS_C19Vacina/DEMAS_C19Vacina.html,29901792,
Brazil,2021-07-11,114456183,86797811,"Johnson&Johnson, Pfizer/BioNTech, Oxford/AstraZeneca, Sinovac",https://qsprod.saude.gov.br/extensions/DEMAS_C19Vacina/DEMAS_C19Vacina.html,30551564,
Brazil,2021-07-12,115832172,87883245,"Johnson&Johnson, Pfizer/BioNTech, Oxford/AstraZeneca, Sinovac",https://qsprod.saude.gov.br/extensions/DEMAS_C19Vacina/DEMAS_C19Vacina.html,31074583,
Brazil,2021-07-13,117005229,88805948,"Johnson&Johnson, Pfizer/BioNTech, Oxford/AstraZeneca, Sinovac",https://qsprod.saude.gov.br/extensions/DEMAS_C19Vacina/DEMAS_C19Vacina.html,31489872,
Brazil,2021-07-14,118886610,90161336,"Johnson&Johnson, Pfizer/BioNTech, Oxford/AstraZeneca, Sinovac",https://qsprod.saude.gov.br/extensions/DEMAS_C19Vacina/DEMAS_C19Vacina.html,32303899,
Brazil,2021-07-15,120873006,91336865,"Johnson&Johnson, Pfizer/BioNTech, Oxford/AstraZeneca, Sinovac",https://qsprod.saude.gov.br/extensions/DEMAS_C19Vacina/DEMAS_C19Vacina.html,33296719,
Brazil,2021-07-16,121802482,92180046,"Johnson&Johnson, Pfizer/BioNTech, Oxford/AstraZeneca, Sinovac",https://qsprod.saude.gov.br/extensions/DEMAS_C19Vacina/DEMAS_C19Vacina.html,33467639,
Brazil,2021-07-17,123793735,93842534,"Johnson&Johnson, Pfizer/BioNTech, Oxford/AstraZeneca, Sinovac",https://qsprod.saude.gov.br/extensions/DEMAS_C19Vacina/DEMAS_C19Vacina.html,33854929,
Brazil,2021-07-18,124113911,94082186,"Johnson&Johnson, Pfizer/BioNTech, Oxford/AstraZeneca, Sinovac",https://qsprod.saude.gov.br/extensions/DEMAS_C19Vacina/DEMAS_C19Vacina.html,33990366,
Brazil,2021-07-19,124906515,94429515,"Johnson&Johnson, Pfizer/BioNTech, Oxford/AstraZeneca, Sinovac",https://qsprod.saude.gov.br/extensions/DEMAS_C19Vacina/DEMAS_C19Vacina.html,34514945,
Brazil,2021-07-20,126643283,95589624,"Johnson&Johnson, Pfizer/BioNTech, Oxford/AstraZeneca, Sinovac",https://qsprod.saude.gov.br/extensions/DEMAS_C19Vacina/DEMAS_C19Vacina.html,35160343,
Brazil,2021-07-21,128405129,96240322,"Johnson&Johnson, Pfizer/BioNTech, Oxford/AstraZeneca, Sinovac",https://qsprod.saude.gov.br/extensions/DEMAS_C19Vacina/DEMAS_C19Vacina.html,35846608,
Brazil,2021-07-22,130432227,97420756,"Johnson&Johnson, Pfizer/BioNTech, Oxford/AstraZeneca, Sinovac",https://qsprod.saude.gov.br/extensions/DEMAS_C19Vacina/DEMAS_C19Vacina.html,36765097,
Brazil,2021-07-23,131522663,98268594,"Johnson&Johnson, Pfizer/BioNTech, Oxford/AstraZeneca, Sinovac",https://qsprod.saude.gov.br/extensions/DEMAS_C19Vacina/DEMAS_C19Vacina.html,37036459,
Brazil,2021-07-24,131845297,98514854,"Johnson&Johnson, Pfizer/BioNTech, Oxford/AstraZeneca, Sinovac",https://qsprod.saude.gov.br/extensions/DEMAS_C19Vacina/DEMAS_C19Vacina.html,37145993,
Brazil,2021-07-25,131967387,98616846,"Johnson&Johnson, Pfizer/BioNTech, Oxford/AstraZeneca, Sinovac",https://qsprod.saude.gov.br/extensions/DEMAS_C19Vacina/DEMAS_C19Vacina.html,37179203,
Brazil,2021-07-26,134539613,100371110,"Johnson&Johnson, Pfizer/BioNTech, Oxford/AstraZeneca, Sinovac",https://qsprod.saude.gov.br/extensions/DEMAS_C19Vacina/DEMAS_C19Vacina.html,38035356,
Brazil,2021-07-27,136509687,101534282,"Johnson&Johnson, Pfizer/BioNTech, Oxford/AstraZeneca, Sinovac",https://qsprod.saude.gov.br/extensions/DEMAS_C19Vacina/DEMAS_C19Vacina.html,38880731,
Brazil,2021-07-28,137880754,102294772,"Johnson&Johnson, Pfizer/BioNTech, Oxford/AstraZeneca, Sinovac",https://qsprod.saude.gov.br/extensions/DEMAS_C19Vacina/DEMAS_C19Vacina.html,39524828,
Brazil,2021-07-29,140028826,103500926,"Johnson&Johnson, Pfizer/BioNTech, Oxford/AstraZeneca, Sinovac",https://qsprod.saude.gov.br/extensions/DEMAS_C19Vacina/DEMAS_C19Vacina.html,40546320,
Brazil,2021-07-30,140169214,103597287,"Johnson&Johnson, Pfizer/BioNTech, Oxford/AstraZeneca, Sinovac",https://qsprod.saude.gov.br/extensions/DEMAS_C19Vacina/DEMAS_C19Vacina.html,40602854,
Brazil,2021-07-31,142488679,105057816,"Johnson&Johnson, Pfizer/BioNTech, Oxford/AstraZeneca, Sinovac",https://qsprod.saude.gov.br/extensions/DEMAS_C19Vacina/DEMAS_C19Vacina.html,41489804,
Brazil,2021-08-02,142559470,105105405,"Johnson&Johnson, Pfizer/BioNTech, Oxford/AstraZeneca, Sinovac",https://qsprod.saude.gov.br/extensions/DEMAS_C19Vacina/DEMAS_C19Vacina.html,41515443,
Brazil,2021-08-03,145558264,106917279,"Johnson&Johnson, Pfizer/BioNTech, Oxford/AstraZeneca, Sinovac",https://qsprod.saude.gov.br/extensions/DEMAS_C19Vacina/DEMAS_C19Vacina.html,42756263,
Brazil,2021-08-04,147214665,107980946,"Johnson&Johnson, Pfizer/BioNTech, Oxford/AstraZeneca, Sinovac",https://qsprod.saude.gov.br/extensions/DEMAS_C19Vacina/DEMAS_C19Vacina.html,43375897,
Brazil,2021-08-06,149469803,,"Johnson&Johnson, Pfizer/BioNTech, Oxford/AstraZeneca, Sinovac",https://qsprod.saude.gov.br/extensions/DEMAS_C19Vacina/DEMAS_C19Vacina.html,,
Brazil,2021-08-07,151711314,108567088,"Johnson&Johnson, Pfizer/BioNTech, Oxford/AstraZeneca, Sinovac",https://qsprod.saude.gov.br/extensions/DEMAS_C19Vacina/DEMAS_C19Vacina.html,45188539,
Brazil,2021-08-08,152989038,111583449,"Johnson&Johnson, Pfizer/BioNTech, Oxford/AstraZeneca, Sinovac",https://qsprod.saude.gov.br/extensions/DEMAS_C19Vacina/DEMAS_C19Vacina.html,45612438,
Brazil,2021-08-10,155432167,113049759,"Johnson&Johnson, Pfizer/BioNTech, Oxford/AstraZeneca, Sinovac",https://qsprod.saude.gov.br/extensions/DEMAS_C19Vacina/DEMAS_C19Vacina.html,46582569,
Brazil,2021-08-11,157673092,114496161,"Johnson&Johnson, Pfizer/BioNTech, Oxford/AstraZeneca, Sinovac",https://qsprod.saude.gov.br/extensions/DEMAS_C19Vacina/DEMAS_C19Vacina.html,47397442,
Brazil,2021-08-14,163452602,116123404,"Johnson&Johnson, Pfizer/BioNTech, Oxford/AstraZeneca, Sinovac",https://qsprod.saude.gov.br/extensions/DEMAS_C19Vacina/DEMAS_C19Vacina.html,49297923,
Brazil,2021-08-15,164638573,119793423,"Johnson&Johnson, Pfizer/BioNTech, Oxford/AstraZeneca, Sinovac",https://qsprod.saude.gov.br/extensions/DEMAS_C19Vacina/DEMAS_C19Vacina.html,49629214,
Brazil,2021-08-16,168157560,121838235,"Johnson&Johnson, Pfizer/BioNTech, Oxford/AstraZeneca, Sinovac",https://qsprod.saude.gov.br/extensions/DEMAS_C19Vacina/DEMAS_C19Vacina.html,51152090,
Brazil,2021-08-17,169753003,122541955,"Johnson&Johnson, Pfizer/BioNTech, Oxford/AstraZeneca, Sinovac",https://coronavirusbra1.github.io/vacinacao,51771235,
Brazil,2021-08-18,171741149,123678883,"Johnson&Johnson, Pfizer/BioNTech, Oxford/AstraZeneca, Sinovac",https://coronavirusbra1.github.io/vacinacao,52629848,
Brazil,2021-08-19,173650317,124755667,"Johnson&Johnson, Pfizer/BioNTech, Oxford/AstraZeneca, Sinovac",https://qsprod.saude.gov.br/extensions/DEMAS_C19Vacina/DEMAS_C19Vacina.html,53240329,
Brazil,2021-08-22,176616552,126453502,"Johnson&Johnson, Pfizer/BioNTech, Oxford/AstraZeneca, Sinovac",https://qsprod.saude.gov.br/extensions/DEMAS_C19Vacina/DEMAS_C19Vacina.html,54521380,
Brazil,2021-08-23,178551085,127635209,"Johnson&Johnson, Pfizer/BioNTech, Oxford/AstraZeneca, Sinovac",https://qsprod.saude.gov.br/extensions/DEMAS_C19Vacina/DEMAS_C19Vacina.html,55286442,
Brazil,2021-08-24,179727882,128359705,"Johnson&Johnson, Pfizer/BioNTech, Oxford/AstraZeneca, Sinovac",https://qsprod.saude.gov.br/extensions/DEMAS_C19Vacina/DEMAS_C19Vacina.html,55748292,
Brazil,2021-08-25,181908368,129675516,"Johnson&Johnson, Pfizer/BioNTech, Oxford/AstraZeneca, Sinovac",https://qsprod.saude.gov.br/extensions/DEMAS_C19Vacina/DEMAS_C19Vacina.html,56624456,
Brazil,2021-08-26,186279872,132202507,"Johnson&Johnson, Pfizer/BioNTech, Oxford/AstraZeneca, Sinovac",https://qsprod.saude.gov.br/extensions/DEMAS_C19Vacina/DEMAS_C19Vacina.html,58486260,
Brazil,2021-08-27,187637417,132897426,"Johnson&Johnson, Pfizer/BioNTech, Oxford/AstraZeneca, Sinovac",https://qsprod.saude.gov.br/extensions/DEMAS_C19Vacina/DEMAS_C19Vacina.html,59161643,
Brazil,2021-08-29,189061012,133647690,"Johnson&Johnson, Pfizer/BioNTech, Oxford/AstraZeneca, Sinovac",https://qsprod.saude.gov.br/extensions/DEMAS_C19Vacina/DEMAS_C19Vacina.html,59840253,
Brazil,2021-08-30,191502128,134521410,"Johnson&Johnson, Pfizer/BioNTech, Oxford/AstraZeneca, Sinovac",https://qsprod.saude.gov.br/extensions/DEMAS_C19Vacina/DEMAS_C19Vacina.html,61416222,
Brazil,2021-09-01,195521167,136458383,"Johnson&Johnson, Pfizer/BioNTech, Oxford/AstraZeneca, Sinovac",https://qsprod.saude.gov.br/extensions/DEMAS_C19Vacina/DEMAS_C19Vacina.html,63515389,
Brazil,2021-09-02,197285447,137246796,"Johnson&Johnson, Pfizer/BioNTech, Oxford/AstraZeneca, Sinovac",https://qsprod.saude.gov.br/extensions/DEMAS_C19Vacina/DEMAS_C19Vacina.html,64500731,
Brazil,2021-09-04,199146903,138001912,"Johnson&Johnson, Pfizer/BioNTech, Oxford/AstraZeneca, Sinovac",https://qsprod.saude.gov.br/extensions/DEMAS_C19Vacina/DEMAS_C19Vacina.html,65613092,
Brazil,2021-09-05,200714744,138636322,"Johnson&Johnson, Pfizer/BioNTech, Oxford/AstraZeneca, Sinovac",https://qsprod.saude.gov.br/extensions/DEMAS_C19Vacina/DEMAS_C19Vacina.html,66548816,
Brazil,2021-09-06,202266292,139358218,"Johnson&Johnson, Pfizer/BioNTech, Oxford/AstraZeneca, Sinovac",https://qsprod.saude.gov.br/extensions/DEMAS_C19Vacina/DEMAS_C19Vacina.html,67383668,
Brazil,2021-09-08,203930265,140010729,"Johnson&Johnson, Pfizer/BioNTech, Oxford/AstraZeneca, Sinovac",https://qsprod.saude.gov.br/extensions/DEMAS_C19Vacina/DEMAS_C19Vacina.html,68402645,
Brazil,2021-09-09,205866758,140609541,"Johnson&Johnson, Pfizer/BioNTech, Oxford/AstraZeneca, Sinovac",https://qsprod.saude.gov.br/extensions/DEMAS_C19Vacina/DEMAS_C19Vacina.html,69746839,
Brazil,2021-09-10,208292584,141425785,"Johnson&Johnson, Pfizer/BioNTech, Oxford/AstraZeneca, Sinovac",https://qsprod.saude.gov.br/extensions/DEMAS_C19Vacina/DEMAS_C19Vacina.html,71365811,
Brazil,2021-09-11,210275382,142138164,"Johnson&Johnson, Pfizer/BioNTech, Oxford/AstraZeneca, Sinovac",https://qsprod.saude.gov.br/extensions/DEMAS_C19Vacina/DEMAS_C19Vacina.html,72640257,
Brazil,2021-09-12,210549234,142257204,"Johnson&Johnson, Pfizer/BioNTech, Oxford/AstraZeneca, Sinovac",https://qsprod.saude.gov.br/extensions/DEMAS_C19Vacina/DEMAS_C19Vacina.html,72795741,
Brazil,2021-09-14,214665906,143732460,"Johnson&Johnson, Pfizer/BioNTech, Oxford/AstraZeneca, Sinovac",https://qsprod.saude.gov.br/extensions/DEMAS_C19Vacina/DEMAS_C19Vacina.html,75453129,
Brazil,2021-09-15,216611648,144397444,"Johnson&Johnson, Pfizer/BioNTech, Oxford/AstraZeneca, Sinovac",https://qsprod.saude.gov.br/extensions/DEMAS_C19Vacina/DEMAS_C19Vacina.html,76735581,
Brazil,2021-09-16,218651740,145113195,"Johnson&Johnson, Pfizer/BioNTech, Oxford/AstraZeneca, Sinovac",https://qsprod.saude.gov.br/extensions/DEMAS_C19Vacina/DEMAS_C19Vacina.html,78072189,
Brazil,2021-09-18,220596996,145788916,"Johnson&Johnson, Pfizer/BioNTech, Oxford/AstraZeneca, Sinovac",https://qsprod.saude.gov.br/extensions/DEMAS_C19Vacina/DEMAS_C19Vacina.html,79345927,
Brazil,2021-09-19,222322654,146354111,"Johnson&Johnson, Pfizer/BioNTech, Oxford/AstraZeneca, Sinovac",https://qsprod.saude.gov.br/extensions/DEMAS_C19Vacina/DEMAS_C19Vacina.html,80507122,
Brazil,2021-09-20,222478696,146421254,"Johnson&Johnson, Pfizer/BioNTech, Oxford/AstraZeneca, Sinovac",https://qsprod.saude.gov.br/extensions/DEMAS_C19Vacina/DEMAS_C19Vacina.html,80596815,
Brazil,2021-09-21,224901404,147173307,"Johnson&Johnson, Pfizer/BioNTech, Oxford/AstraZeneca, Sinovac",https://qsprod.saude.gov.br/extensions/DEMAS_C19Vacina/DEMAS_C19Vacina.html,82276982,
Brazil,2021-09-23,229179603,148489013,"Johnson&Johnson, Pfizer/BioNTech, Oxford/AstraZeneca, Sinovac",https://qsprod.saude.gov.br/extensions/DEMAS_C19Vacina/DEMAS_C19Vacina.html,85254118,
Brazil,2021-09-25,230477848,148959378,"Johnson&Johnson, Pfizer/BioNTech, Oxford/AstraZeneca, Sinovac",https://qsprod.saude.gov.br/extensions/DEMAS_C19Vacina/DEMAS_C19Vacina.html,86085238,
Brazil,2021-09-26,231844536,149349669,"Johnson&Johnson, Pfizer/BioNTech, Oxford/AstraZeneca, Sinovac",https://qsprod.saude.gov.br/extensions/DEMAS_C19Vacina/DEMAS_C19Vacina.html,87063618,
Brazil,2021-09-27,233261963,149841174,"Johnson&Johnson, Pfizer/BioNTech, Oxford/AstraZeneca, Sinovac",https://qsprod.saude.gov.br/extensions/DEMAS_C19Vacina/DEMAS_C19Vacina.html,87994741,
Brazil,2021-09-28,234674906,150269515,"Johnson&Johnson, Pfizer/BioNTech, Oxford/AstraZeneca, Sinovac",https://qsprod.saude.gov.br/extensions/DEMAS_C19Vacina/DEMAS_C19Vacina.html,88983740,
Brazil,2021-09-30,237425768,151150943,"Johnson&Johnson, Pfizer/BioNTech, Oxford/AstraZeneca, Sinovac",https://qsprod.saude.gov.br/extensions/DEMAS_C19Vacina/DEMAS_C19Vacina.html,90860944,
Brazil,2021-10-03,241625472,152268850,"Johnson&Johnson, Pfizer/BioNTech, Oxford/AstraZeneca, Sinovac",https://qsprod.saude.gov.br/extensions/DEMAS_C19Vacina/DEMAS_C19Vacina.html,93951410,
Brazil,2021-10-05,242736755,152596850,"Johnson&Johnson, Pfizer/BioNTech, Oxford/AstraZeneca, Sinovac",https://qsprod.saude.gov.br/extensions/DEMAS_C19Vacina/DEMAS_C19Vacina.html,94739208,
Brazil,2021-10-06,243589234,152886127,"Johnson&Johnson, Pfizer/BioNTech, Oxford/AstraZeneca, Sinovac",https://qsprod.saude.gov.br/extensions/DEMAS_C19Vacina/DEMAS_C19Vacina.html,95306373,
Brazil,2021-10-07,245109870,153360099,"Johnson&Johnson, Pfizer/BioNTech, Oxford/AstraZeneca, Sinovac",https://qsprod.saude.gov.br/extensions/DEMAS_C19Vacina/DEMAS_C19Vacina.html,96366335,
Brazil,2021-10-08,246835990,153856720,"Johnson&Johnson, Pfizer/BioNTech, Oxford/AstraZeneca, Sinovac",https://qsprod.saude.gov.br/extensions/DEMAS_C19Vacina/DEMAS_C19Vacina.html,97624430,
Brazil,2021-10-09,248201579,154202574,"Johnson&Johnson, Pfizer/BioNTech, Oxford/AstraZeneca, Sinovac",https://qsprod.saude.gov.br/extensions/DEMAS_C19Vacina/DEMAS_C19Vacina.html,98653914,
Brazil,2021-10-10,249340259,154414034,"Johnson&Johnson, Pfizer/BioNTech, Oxford/AstraZeneca, Sinovac",https://qsprod.saude.gov.br/extensions/DEMAS_C19Vacina/DEMAS_C19Vacina.html,99584719,
Brazil,2021-10-14,250811841,154852830,"Johnson&Johnson, Pfizer/BioNTech, Oxford/AstraZeneca, Sinovac",https://qsprod.saude.gov.br/extensions/DEMAS_C19Vacina/DEMAS_C19Vacina.html,100632085,
Brazil,2021-10-15,256425302,156046285,"Johnson&Johnson, Pfizer/BioNTech, Oxford/AstraZeneca, Sinovac",https://qsprod.saude.gov.br/extensions/DEMAS_C19Vacina/DEMAS_C19Vacina.html,105171980,
Brazil,2021-10-17,257801055,156355821,"Johnson&Johnson, Pfizer/BioNTech, Oxford/AstraZeneca, Sinovac",https://qsprod.saude.gov.br/extensions/DEMAS_C19Vacina/DEMAS_C19Vacina.html,106240671,
Brazil,2021-10-18,257933346,156384784,"Johnson&Johnson, Pfizer/BioNTech, Oxford/AstraZeneca, Sinovac",https://qsprod.saude.gov.br/extensions/DEMAS_C19Vacina/DEMAS_C19Vacina.html,106344897,
Brazil,2021-10-19,259937358,156718094,"Johnson&Johnson, Pfizer/BioNTech, Oxford/AstraZeneca, Sinovac",https://qsprod.saude.gov.br/extensions/DEMAS_C19Vacina/DEMAS_C19Vacina.html,108025121,
Brazil,2021-10-21,261002038,156924572,"Johnson&Johnson, Pfizer/BioNTech, Oxford/AstraZeneca, Sinovac",https://qsprod.saude.gov.br/extensions/DEMAS_C19Vacina/DEMAS_C19Vacina.html,108873341,
Brazil,2021-10-22,263093138,157551962,"Johnson&Johnson, Pfizer/BioNTech, Oxford/AstraZeneca, Sinovac",https://qsprod.saude.gov.br/extensions/DEMAS_C19Vacina/DEMAS_C19Vacina.html,110329167,
Brazil,2021-10-23,268199870,158233397,"Johnson&Johnson, Pfizer/BioNTech, Oxford/AstraZeneca, Sinovac",https://qsprod.saude.gov.br/extensions/DEMAS_C19Vacina/DEMAS_C19Vacina.html,114767275,
Brazil,2021-10-24,269148527,158464224,"Johnson&Johnson, Pfizer/BioNTech, Oxford/AstraZeneca, Sinovac",https://qsprod.saude.gov.br/extensions/DEMAS_C19Vacina/DEMAS_C19Vacina.html,115489354,
Brazil,2021-10-26,270107435,158722691,"Johnson&Johnson, Pfizer/BioNTech, Oxford/AstraZeneca, Sinovac",https://qsprod.saude.gov.br/extensions/DEMAS_C19Vacina/DEMAS_C19Vacina.html,116192968,345280
Brazil,2021-10-27,272673196,159200858,"Johnson&Johnson, Pfizer/BioNTech, Oxford/AstraZeneca, Sinovac",https://qsprod.saude.gov.br/extensions/DEMAS_C19_Vacina_V2/DEMAS_C19_Vacina_v2.html,118280562,7284303
Brazil,2021-10-31,275907676,,"Johnson&Johnson, Pfizer/BioNTech, Oxford/AstraZeneca, Sinovac",https://qsprod.saude.gov.br/extensions/DEMAS_C19_Vacina_V2/DEMAS_C19_Vacina_v2.html,120758718,8140564
Brazil,2021-11-04,277865826,160240241,"Johnson&Johnson, Pfizer/BioNTech, Oxford/AstraZeneca, Sinovac",https://qsprod.saude.gov.br/extensions/DEMAS_C19_Vacina_V2/DEMAS_C19_Vacina_v2.html,122349304,8992567
Brazil,2021-11-05,279979569,161945574,"Johnson&Johnson, Pfizer/BioNTech, Oxford/AstraZeneca, Sinovac",https://qsprod.saude.gov.br/extensions/DEMAS_C19_Vacina_V2/DEMAS_C19_Vacina_v2.html,122793648,10231025
