location,date,vaccine,total_vaccinations,source_url,people_vaccinated,people_fully_vaccinated,total_boosters
Bulgaria,2020-12-29,Pfizer/BioNTech,1719,https://www.dnes.bg/politika/2020/12/29/prof-angelov-1719-vaksinirani-do-momenta-ima-vse-poveche-jelaeshti.474821,1719,,
Bulgaria,2020-12-30,Pfizer/BioNTech,4608,https://coronavirus.bg/bg/statistika,4608,,
Bulgaria,2021-01-01,Pfizer/BioNTech,4739,https://coronavirus.bg/bg/statistika,4739,,
Bulgaria,2021-01-05,Pfizer/BioNTech,5448,https://coronavirus.bg/bg/statistika,5448,,
Bulgaria,2021-01-06,Pfizer/BioNTech,7913,https://coronavirus.bg/bg/statistika,7913,,
Bulgaria,2021-01-07,Pfizer/BioNTech,11117,https://coronavirus.bg/bg/statistika,11117,,
Bulgaria,2021-01-08,Pfizer/BioNTech,13355,https://coronavirus.bg/bg/statistika,13355,,
Bulgaria,2021-01-09,Pfizer/BioNTech,13473,https://coronavirus.bg/bg/statistika,13473,,
Bulgaria,2021-01-11,Pfizer/BioNTech,14161,https://coronavirus.bg/bg/statistika,14161,,
Bulgaria,2021-01-12,Pfizer/BioNTech,15780,https://coronavirus.bg/bg/statistika,15780,,
Bulgaria,2021-01-13,Pfizer/BioNTech,17038,https://coronavirus.bg/bg/statistika,17038,,
Bulgaria,2021-01-14,Pfizer/BioNTech,17686,https://coronavirus.bg/bg/statistika,17686,,
Bulgaria,2021-01-15,"Moderna, Pfizer/BioNTech",18126,https://coronavirus.bg/bg/statistika,18126,,
Bulgaria,2021-01-16,"Moderna, Pfizer/BioNTech",18332,https://coronavirus.bg/bg/statistika,18332,,
Bulgaria,2021-01-17,"Moderna, Pfizer/BioNTech",18453,https://coronavirus.bg/bg/statistika,18453,,
Bulgaria,2021-01-18,"Moderna, Pfizer/BioNTech",19638,https://coronavirus.bg/bg/statistika,18524,1114,
Bulgaria,2021-01-19,"Moderna, Pfizer/BioNTech",22226,https://coronavirus.bg/bg/statistika,19058,3168,
Bulgaria,2021-01-20,"Moderna, Pfizer/BioNTech",24127,https://coronavirus.bg/bg/statistika,19834,4293,
Bulgaria,2021-01-21,"Moderna, Pfizer/BioNTech",25251,https://coronavirus.bg/bg/statistika,20719,4532,
Bulgaria,2021-01-22,"Moderna, Pfizer/BioNTech",26101,https://coronavirus.bg/bg/statistika,21496,4605,
Bulgaria,2021-01-23,"Moderna, Pfizer/BioNTech",26119,https://coronavirus.bg/bg/statistika,21509,4610,
Bulgaria,2021-01-24,"Moderna, Pfizer/BioNTech",26143,https://coronavirus.bg/bg/statistika,21533,4610,
Bulgaria,2021-01-25,"Moderna, Pfizer/BioNTech",26798,https://coronavirus.bg/bg/statistika,22129,4669,
Bulgaria,2021-01-26,"Moderna, Pfizer/BioNTech",29122,https://coronavirus.bg/bg/statistika,23667,5455,
Bulgaria,2021-01-27,"Moderna, Pfizer/BioNTech",32917,https://coronavirus.bg/bg/statistika,25245,7672,
Bulgaria,2021-01-28,"Moderna, Pfizer/BioNTech",37636,https://coronavirus.bg/bg/statistika,26753,10883,
Bulgaria,2021-01-29,"Moderna, Pfizer/BioNTech",40805,https://coronavirus.bg/bg/statistika,27856,12949,
Bulgaria,2021-01-30,"Moderna, Pfizer/BioNTech",41020,https://coronavirus.bg/bg/statistika,27957,13063,
Bulgaria,2021-01-31,"Moderna, Pfizer/BioNTech",41125,https://coronavirus.bg/bg/statistika,28041,13084,
Bulgaria,2021-02-01,"Moderna, Pfizer/BioNTech",42634,https://coronavirus.bg/bg/statistika,28978,13656,
Bulgaria,2021-02-02,"Moderna, Pfizer/BioNTech",45917,https://coronavirus.bg/bg/statistika,30817,15100,
Bulgaria,2021-02-03,"Moderna, Pfizer/BioNTech",50124,https://coronavirus.bg/bg/statistika,33691,16433,
Bulgaria,2021-02-04,"Moderna, Pfizer/BioNTech",54025,https://coronavirus.bg/bg/statistika,36929,17096,
Bulgaria,2021-02-05,"Moderna, Pfizer/BioNTech",56860,https://coronavirus.bg/bg/statistika,39468,17392,
Bulgaria,2021-02-06,"Moderna, Pfizer/BioNTech",57016,https://coronavirus.bg/bg/statistika,39624,17392,
Bulgaria,2021-02-07,"Moderna, Pfizer/BioNTech",57038,https://coronavirus.bg/bg/statistika,39646,17392,
Bulgaria,2021-02-08,"Moderna, Oxford/AstraZeneca, Pfizer/BioNTech",58888,https://coronavirus.bg/bg/statistika,41407,17481,
Bulgaria,2021-02-09,"Moderna, Oxford/AstraZeneca, Pfizer/BioNTech",62428,https://coronavirus.bg/bg/statistika,44482,17946,
Bulgaria,2021-02-10,"Moderna, Oxford/AstraZeneca, Pfizer/BioNTech",66163,https://coronavirus.bg/bg/statistika,47551,18612,
Bulgaria,2021-02-11,"Moderna, Oxford/AstraZeneca, Pfizer/BioNTech",71123,https://coronavirus.bg/bg/statistika,51435,19688,
Bulgaria,2021-02-12,"Moderna, Oxford/AstraZeneca, Pfizer/BioNTech",74694,https://coronavirus.bg/bg/statistika,54123,20571,
Bulgaria,2021-02-13,"Moderna, Oxford/AstraZeneca, Pfizer/BioNTech",75320,https://coronavirus.bg/bg/statistika,54646,20674,
Bulgaria,2021-02-14,"Moderna, Oxford/AstraZeneca, Pfizer/BioNTech",75388,https://coronavirus.bg/bg/statistika,54690,20698,
Bulgaria,2021-02-15,"Moderna, Oxford/AstraZeneca, Pfizer/BioNTech",77436,https://coronavirus.bg/bg/statistika,56113,21323,
Bulgaria,2021-02-16,"Moderna, Oxford/AstraZeneca, Pfizer/BioNTech",81338,https://coronavirus.bg/bg/statistika,58562,22776,
Bulgaria,2021-02-17,"Moderna, Oxford/AstraZeneca, Pfizer/BioNTech",85920,https://coronavirus.bg/bg/statistika,61813,24107,
Bulgaria,2021-02-18,"Moderna, Oxford/AstraZeneca, Pfizer/BioNTech",90514,https://coronavirus.bg/bg/statistika,65073,25441,
Bulgaria,2021-02-19,"Moderna, Oxford/AstraZeneca, Pfizer/BioNTech",104268,https://coronavirus.bg/bg/statistika,77518,26750,
Bulgaria,2021-02-20,"Moderna, Oxford/AstraZeneca, Pfizer/BioNTech",108356,https://coronavirus.bg/bg/statistika,81433,26923,
Bulgaria,2021-02-21,"Moderna, Oxford/AstraZeneca, Pfizer/BioNTech",119354,https://coronavirus.bg/bg/statistika,92381,26973,
Bulgaria,2021-02-22,"Moderna, Oxford/AstraZeneca, Pfizer/BioNTech",131063,https://coronavirus.bg/bg/statistika,103111,27952,
Bulgaria,2021-02-23,"Moderna, Oxford/AstraZeneca, Pfizer/BioNTech",148226,https://coronavirus.bg/bg/statistika,118549,29677,
Bulgaria,2021-02-24,"Moderna, Oxford/AstraZeneca, Pfizer/BioNTech",168462,https://coronavirus.bg/bg/statistika,136454,32008,
Bulgaria,2021-02-25,"Moderna, Oxford/AstraZeneca, Pfizer/BioNTech",188512,https://coronavirus.bg/bg/statistika,153793,34719,
Bulgaria,2021-02-26,"Moderna, Oxford/AstraZeneca, Pfizer/BioNTech",204439,https://coronavirus.bg/bg/statistika,167258,37181,
Bulgaria,2021-02-27,"Moderna, Oxford/AstraZeneca, Pfizer/BioNTech",209760,https://coronavirus.bg/bg/statistika,172393,37367,
Bulgaria,2021-02-28,"Moderna, Oxford/AstraZeneca, Pfizer/BioNTech",212445,https://coronavirus.bg/bg/statistika,175066,37379,
Bulgaria,2021-03-01,"Moderna, Oxford/AstraZeneca, Pfizer/BioNTech",223539,https://coronavirus.bg/bg/statistika,184764,38775,
Bulgaria,2021-03-02,"Moderna, Oxford/AstraZeneca, Pfizer/BioNTech",243772,https://coronavirus.bg/bg/statistika,202247,41525,
Bulgaria,2021-03-03,"Moderna, Oxford/AstraZeneca, Pfizer/BioNTech",248169,https://coronavirus.bg/bg/statistika,206296,41873,
Bulgaria,2021-03-04,"Moderna, Oxford/AstraZeneca, Pfizer/BioNTech",268544,https://coronavirus.bg/bg/statistika,221832,46712,
Bulgaria,2021-03-05,"Moderna, Oxford/AstraZeneca, Pfizer/BioNTech",284464,https://coronavirus.bg/bg/statistika,234526,49938,
Bulgaria,2021-03-06,"Moderna, Oxford/AstraZeneca, Pfizer/BioNTech",287118,https://coronavirus.bg/bg/statistika,237067,50051,
Bulgaria,2021-03-07,"Moderna, Oxford/AstraZeneca, Pfizer/BioNTech",288631,https://coronavirus.bg/bg/statistika,238575,50056,
Bulgaria,2021-03-08,"Moderna, Oxford/AstraZeneca, Pfizer/BioNTech",294132,https://coronavirus.bg/bg/statistika,243479,50653,
Bulgaria,2021-03-09,"Moderna, Oxford/AstraZeneca, Pfizer/BioNTech",302151,https://coronavirus.bg/bg/statistika,250507,51644,
Bulgaria,2021-03-10,"Moderna, Oxford/AstraZeneca, Pfizer/BioNTech",309145,https://coronavirus.bg/bg/statistika,256410,52735,
Bulgaria,2021-03-11,"Moderna, Oxford/AstraZeneca, Pfizer/BioNTech",324446,https://coronavirus.bg/bg/statistika,270587,53859,
Bulgaria,2021-03-12,"Moderna, Oxford/AstraZeneca, Pfizer/BioNTech",336660,https://coronavirus.bg/bg/statistika,279324,57336,
Bulgaria,2021-03-13,"Moderna, Oxford/AstraZeneca, Pfizer/BioNTech",337904,https://coronavirus.bg/bg/statistika,280137,57767,
Bulgaria,2021-03-14,"Moderna, Oxford/AstraZeneca, Pfizer/BioNTech",338879,https://coronavirus.bg/bg/statistika,280462,58417,
Bulgaria,2021-03-15,"Moderna, Oxford/AstraZeneca, Pfizer/BioNTech",341707,https://coronavirus.bg/bg/statistika,281713,59994,
Bulgaria,2021-03-16,"Moderna, Oxford/AstraZeneca, Pfizer/BioNTech",345994,https://coronavirus.bg/bg/statistika,284266,61728,
Bulgaria,2021-03-17,"Moderna, Oxford/AstraZeneca, Pfizer/BioNTech",350702,https://coronavirus.bg/bg/statistika,286950,63752,
Bulgaria,2021-03-18,"Moderna, Oxford/AstraZeneca, Pfizer/BioNTech",356052,https://coronavirus.bg/bg/statistika,289311,66741,
Bulgaria,2021-03-19,"Moderna, Oxford/AstraZeneca, Pfizer/BioNTech",362721,https://coronavirus.bg/bg/statistika,293176,69545,
Bulgaria,2021-03-20,"Moderna, Oxford/AstraZeneca, Pfizer/BioNTech",366547,https://coronavirus.bg/bg/statistika,295794,70753,
Bulgaria,2021-03-21,"Moderna, Oxford/AstraZeneca, Pfizer/BioNTech",368905,https://coronavirus.bg/bg/statistika,297681,71224,
Bulgaria,2021-03-22,"Moderna, Oxford/AstraZeneca, Pfizer/BioNTech",376370,https://coronavirus.bg/bg/statistika,302517,73853,
Bulgaria,2021-03-23,"Moderna, Oxford/AstraZeneca, Pfizer/BioNTech",388805,https://coronavirus.bg/bg/statistika,310415,78390,
Bulgaria,2021-03-24,"Moderna, Oxford/AstraZeneca, Pfizer/BioNTech",401309,https://coronavirus.bg/bg/statistika,321332,79977,
Bulgaria,2021-03-25,"Moderna, Oxford/AstraZeneca, Pfizer/BioNTech",415601,https://coronavirus.bg/bg/statistika,332467,83134,
Bulgaria,2021-03-26,"Moderna, Oxford/AstraZeneca, Pfizer/BioNTech",430228,https://coronavirus.bg/bg/statistika,343120,87108,
Bulgaria,2021-03-27,"Moderna, Oxford/AstraZeneca, Pfizer/BioNTech",434158,https://coronavirus.bg/bg/statistika,346392,87766,
Bulgaria,2021-03-28,"Moderna, Oxford/AstraZeneca, Pfizer/BioNTech",436541,https://coronavirus.bg/bg/statistika,348327,88214,
Bulgaria,2021-03-29,"Moderna, Oxford/AstraZeneca, Pfizer/BioNTech",445547,https://coronavirus.bg/bg/statistika,355220,90327,
Bulgaria,2021-03-30,"Moderna, Oxford/AstraZeneca, Pfizer/BioNTech",458731,https://coronavirus.bg/bg/statistika,365650,93081,
Bulgaria,2021-03-31,"Moderna, Oxford/AstraZeneca, Pfizer/BioNTech",472443,https://coronavirus.bg/bg/statistika,377440,95003,
Bulgaria,2021-04-01,"Moderna, Oxford/AstraZeneca, Pfizer/BioNTech",486002,https://coronavirus.bg/bg/statistika,388595,97407,
Bulgaria,2021-04-02,"Moderna, Oxford/AstraZeneca, Pfizer/BioNTech",498085,https://coronavirus.bg/bg/statistika,398203,99882,
Bulgaria,2021-04-03,"Moderna, Oxford/AstraZeneca, Pfizer/BioNTech",502078,https://coronavirus.bg/bg/statistika,401514,100564,
Bulgaria,2021-04-04,"Moderna, Oxford/AstraZeneca, Pfizer/BioNTech",503570,https://coronavirus.bg/bg/statistika,402693,100877,
Bulgaria,2021-04-05,"Moderna, Oxford/AstraZeneca, Pfizer/BioNTech",510049,https://coronavirus.bg/bg/statistika,407622,102427,
Bulgaria,2021-04-06,"Moderna, Oxford/AstraZeneca, Pfizer/BioNTech",519635,https://coronavirus.bg/bg/statistika,414790,104845,
Bulgaria,2021-04-07,"Moderna, Oxford/AstraZeneca, Pfizer/BioNTech",533453,https://coronavirus.bg/bg/statistika,425706,107747,
Bulgaria,2021-04-08,"Moderna, Oxford/AstraZeneca, Pfizer/BioNTech",552516,https://coronavirus.bg/bg/statistika,442439,110077,
Bulgaria,2021-04-09,"Moderna, Oxford/AstraZeneca, Pfizer/BioNTech",567396,https://coronavirus.bg/bg/statistika,454711,112685,
Bulgaria,2021-04-10,"Moderna, Oxford/AstraZeneca, Pfizer/BioNTech",571062,https://coronavirus.bg/bg/statistika,458084,112978,
Bulgaria,2021-04-11,"Moderna, Oxford/AstraZeneca, Pfizer/BioNTech",572662,https://coronavirus.bg/bg/statistika,459409,113253,
Bulgaria,2021-04-12,"Moderna, Oxford/AstraZeneca, Pfizer/BioNTech",579992,https://coronavirus.bg/bg/statistika,465348,114644,
Bulgaria,2021-04-13,"Moderna, Oxford/AstraZeneca, Pfizer/BioNTech",590495,https://coronavirus.bg/bg/statistika,474072,116423,
Bulgaria,2021-04-14,"Moderna, Oxford/AstraZeneca, Pfizer/BioNTech",605377,https://coronavirus.bg/bg/statistika,485498,119879,
Bulgaria,2021-04-15,"Moderna, Oxford/AstraZeneca, Pfizer/BioNTech",620375,https://coronavirus.bg/bg/statistika,496994,123381,
Bulgaria,2021-04-16,"Moderna, Oxford/AstraZeneca, Pfizer/BioNTech",634129,https://coronavirus.bg/bg/statistika,507245,126884,
Bulgaria,2021-04-17,"Moderna, Oxford/AstraZeneca, Pfizer/BioNTech",637216,https://coronavirus.bg/bg/statistika,509196,128020,
Bulgaria,2021-04-18,"Moderna, Oxford/AstraZeneca, Pfizer/BioNTech",638443,https://coronavirus.bg/bg/statistika,509905,128538,
Bulgaria,2021-04-19,"Moderna, Oxford/AstraZeneca, Pfizer/BioNTech",645486,https://coronavirus.bg/bg/statistika,514417,131069,
Bulgaria,2021-04-20,"Moderna, Oxford/AstraZeneca, Pfizer/BioNTech",657333,https://coronavirus.bg/bg/statistika,521956,135377,
Bulgaria,2021-04-21,"Moderna, Oxford/AstraZeneca, Pfizer/BioNTech",676501,https://coronavirus.bg/bg/statistika,533316,143185,
Bulgaria,2021-04-22,"Moderna, Oxford/AstraZeneca, Pfizer/BioNTech",698517,https://coronavirus.bg/bg/statistika,546700,151817,
Bulgaria,2021-04-23,"Moderna, Oxford/AstraZeneca, Pfizer/BioNTech",716940,https://coronavirus.bg/bg/statistika,556719,160221,
Bulgaria,2021-04-24,"Moderna, Oxford/AstraZeneca, Pfizer/BioNTech",721170,https://coronavirus.bg/bg/statistika,558405,162765,
Bulgaria,2021-04-25,"Moderna, Oxford/AstraZeneca, Pfizer/BioNTech",723240,https://coronavirus.bg/bg/statistika,559274,163966,
Bulgaria,2021-04-26,"Moderna, Oxford/AstraZeneca, Pfizer/BioNTech",734150,https://coronavirus.bg/bg/statistika,564282,169868,
Bulgaria,2021-04-27,"Moderna, Oxford/AstraZeneca, Pfizer/BioNTech",750899,https://coronavirus.bg/bg/statistika,572924,177975,
Bulgaria,2021-04-28,"Moderna, Oxford/AstraZeneca, Pfizer/BioNTech",776254,https://coronavirus.bg/bg/statistika,585719,190535,
Bulgaria,2021-04-29,"Moderna, Oxford/AstraZeneca, Pfizer/BioNTech",803176,https://coronavirus.bg/bg/statistika,595509,207667,
Bulgaria,2021-04-30,"Moderna, Oxford/AstraZeneca, Pfizer/BioNTech",815463,https://coronavirus.bg/bg/statistika,602109,213354,
Bulgaria,2021-05-01,"Moderna, Oxford/AstraZeneca, Pfizer/BioNTech",821218,https://coronavirus.bg/bg/statistika,606144,215074,
Bulgaria,2021-05-02,"Moderna, Oxford/AstraZeneca, Pfizer/BioNTech",824623,https://coronavirus.bg/bg/statistika,608428,216195,
Bulgaria,2021-05-03,"Moderna, Oxford/AstraZeneca, Pfizer/BioNTech",833510,https://coronavirus.bg/bg/statistika,613677,219833,
Bulgaria,2021-05-04,"Moderna, Oxford/AstraZeneca, Pfizer/BioNTech",844643,https://coronavirus.bg/bg/statistika,619256,225387,
Bulgaria,2021-05-05,"Oxford/AstraZeneca, Moderna, Pfizer/BioNTech",877124,https://coronavirus.bg/bg/statistika,625922,251202,
Bulgaria,2021-05-06,"Oxford/AstraZeneca, Moderna, Pfizer/BioNTech",884254,https://coronavirus.bg/bg/statistika,629749,254505,
Bulgaria,2021-05-07,"Oxford/AstraZeneca, Moderna, Pfizer/BioNTech",922371,https://coronavirus.bg/bg/statistika,638468,283903,
Bulgaria,2021-05-08,"Oxford/AstraZeneca, Moderna, Pfizer/BioNTech",932419,https://coronavirus.bg/bg/statistika,642807,289612,
Bulgaria,2021-05-09,"Oxford/AstraZeneca, Moderna, Pfizer/BioNTech",938064,https://coronavirus.bg/bg/statistika,646068,291996,
Bulgaria,2021-05-10,"Oxford/AstraZeneca, Moderna, Pfizer/BioNTech",963539,https://coronavirus.bg/bg/statistika,651694,311845,
Bulgaria,2021-05-11,"Johnson&Johnson, Oxford/AstraZeneca, Moderna, Pfizer/BioNTech",999287,https://coronavirus.bg/bg/statistika,661204,338083,
Bulgaria,2021-05-12,"Johnson&Johnson, Oxford/AstraZeneca, Moderna, Pfizer/BioNTech",1035763,https://coronavirus.bg/bg/statistika,673441,362322,
Bulgaria,2021-05-13,"Johnson&Johnson, Oxford/AstraZeneca, Moderna, Pfizer/BioNTech",1073523,https://coronavirus.bg/bg/statistika,685543,387980,
Bulgaria,2021-05-14,"Johnson&Johnson, Oxford/AstraZeneca, Moderna, Pfizer/BioNTech",1106760,https://coronavirus.bg/bg/statistika,697366,409394,
Bulgaria,2021-05-15,"Johnson&Johnson, Oxford/AstraZeneca, Moderna, Pfizer/BioNTech",1113351,https://coronavirus.bg/bg/statistika,700203,413148,
Bulgaria,2021-05-16,"Johnson&Johnson, Oxford/AstraZeneca, Moderna, Pfizer/BioNTech",1116741,https://coronavirus.bg/bg/statistika,702012,414729,
Bulgaria,2021-05-17,"Johnson&Johnson, Oxford/AstraZeneca, Moderna, Pfizer/BioNTech",1134977,https://coronavirus.bg/bg/statistika,709006,425971,
Bulgaria,2021-05-18,"Johnson&Johnson, Oxford/AstraZeneca, Moderna, Pfizer/BioNTech",1161048,https://coronavirus.bg/bg/statistika,720124,440924,
Bulgaria,2021-05-19,"Johnson&Johnson, Oxford/AstraZeneca, Moderna, Pfizer/BioNTech",1191397,https://coronavirus.bg/bg/statistika,733149,458248,
Bulgaria,2021-05-20,"Johnson&Johnson, Oxford/AstraZeneca, Moderna, Pfizer/BioNTech",1225601,https://coronavirus.bg/bg/statistika,746125,479476,
Bulgaria,2021-05-21,"Johnson&Johnson, Oxford/AstraZeneca, Moderna, Pfizer/BioNTech",1250667,https://coronavirus.bg/bg/statistika,756201,494466,
Bulgaria,2021-05-22,"Johnson&Johnson, Oxford/AstraZeneca, Moderna, Pfizer/BioNTech",1257015,https://coronavirus.bg/bg/statistika,758350,498665,
Bulgaria,2021-05-23,"Johnson&Johnson, Oxford/AstraZeneca, Moderna, Pfizer/BioNTech",1260683,https://coronavirus.bg/bg/statistika,759630,501053,
Bulgaria,2021-05-24,"Johnson&Johnson, Oxford/AstraZeneca, Moderna, Pfizer/BioNTech",1265855,https://coronavirus.bg/bg/statistika,760923,504932,
Bulgaria,2021-05-25,"Johnson&Johnson, Oxford/AstraZeneca, Moderna, Pfizer/BioNTech",1282717,https://coronavirus.bg/bg/statistika,766754,515963,
Bulgaria,2021-05-26,"Johnson&Johnson, Oxford/AstraZeneca, Moderna, Pfizer/BioNTech",1303575,https://coronavirus.bg/bg/statistika,777089,526486,
Bulgaria,2021-05-27,"Johnson&Johnson, Oxford/AstraZeneca, Moderna, Pfizer/BioNTech",1321786,https://coronavirus.bg/bg/statistika,787995,533791,
Bulgaria,2021-05-28,"Johnson&Johnson, Oxford/AstraZeneca, Moderna, Pfizer/BioNTech",1341130,https://coronavirus.bg/bg/statistika,796827,544303,
Bulgaria,2021-05-29,"Johnson&Johnson, Oxford/AstraZeneca, Moderna, Pfizer/BioNTech",1348204,https://coronavirus.bg/bg/statistika,799293,548911,
Bulgaria,2021-05-30,"Johnson&Johnson, Oxford/AstraZeneca, Moderna, Pfizer/BioNTech",1353249,https://coronavirus.bg/bg/statistika,801064,552185,
Bulgaria,2021-05-31,"Johnson&Johnson, Oxford/AstraZeneca, Moderna, Pfizer/BioNTech",1365923,https://coronavirus.bg/bg/statistika,805538,560385,
Bulgaria,2021-06-01,"Johnson&Johnson, Oxford/AstraZeneca, Moderna, Pfizer/BioNTech",1383971,https://coronavirus.bg/bg/statistika,812072,571899,
Bulgaria,2021-06-02,"Johnson&Johnson, Oxford/AstraZeneca, Moderna, Pfizer/BioNTech",1405952,https://coronavirus.bg/bg/statistika,819332,586620,
Bulgaria,2021-06-03,"Johnson&Johnson, Oxford/AstraZeneca, Moderna, Pfizer/BioNTech",1429105,https://coronavirus.bg/bg/statistika,827703,601402,
Bulgaria,2021-06-04,"Johnson&Johnson, Oxford/AstraZeneca, Moderna, Pfizer/BioNTech",1450850,https://coronavirus.bg/bg/statistika,834815,616035,
Bulgaria,2021-06-05,"Johnson&Johnson, Oxford/AstraZeneca, Moderna, Pfizer/BioNTech",1456841,https://coronavirus.bg/bg/statistika,837157,619684,
Bulgaria,2021-06-06,"Johnson&Johnson, Oxford/AstraZeneca, Moderna, Pfizer/BioNTech",1464251,https://coronavirus.bg/bg/statistika,840111,624140,
Bulgaria,2021-06-07,"Johnson&Johnson, Oxford/AstraZeneca, Moderna, Pfizer/BioNTech",1478774,https://coronavirus.bg/bg/statistika,844483,634291,
Bulgaria,2021-06-08,"Johnson&Johnson, Oxford/AstraZeneca, Moderna, Pfizer/BioNTech",1500534,https://coronavirus.bg/bg/statistika,851993,648541,
Bulgaria,2021-06-09,"Johnson&Johnson, Oxford/AstraZeneca, Moderna, Pfizer/BioNTech",1524541,https://coronavirus.bg/bg/statistika,860007,664534,
Bulgaria,2021-06-10,"Johnson&Johnson, Oxford/AstraZeneca, Moderna, Pfizer/BioNTech",1548304,https://coronavirus.bg/bg/statistika,867873,680431,
Bulgaria,2021-06-11,"Johnson&Johnson, Oxford/AstraZeneca, Moderna, Pfizer/BioNTech",1568793,https://coronavirus.bg/bg/statistika,874457,694336,
Bulgaria,2021-06-12,"Johnson&Johnson, Oxford/AstraZeneca, Moderna, Pfizer/BioNTech",1573761,https://coronavirus.bg/bg/statistika,876614,697147,
Bulgaria,2021-06-13,"Johnson&Johnson, Oxford/AstraZeneca, Moderna, Pfizer/BioNTech",1577024,https://coronavirus.bg/bg/statistika,878290,698734,
Bulgaria,2021-06-14,"Johnson&Johnson, Oxford/AstraZeneca, Moderna, Pfizer/BioNTech",1586678,https://coronavirus.bg/bg/statistika,882269,704409,
Bulgaria,2021-06-15,"Johnson&Johnson, Oxford/AstraZeneca, Moderna, Pfizer/BioNTech",1602136,https://coronavirus.bg/bg/statistika,888892,713244,
Bulgaria,2021-06-16,"Johnson&Johnson, Oxford/AstraZeneca, Moderna, Pfizer/BioNTech",1619744,https://coronavirus.bg/bg/statistika,895526,724218,
Bulgaria,2021-06-17,"Johnson&Johnson, Oxford/AstraZeneca, Moderna, Pfizer/BioNTech",1637956,https://coronavirus.bg/bg/statistika,902058,735898,
Bulgaria,2021-06-18,"Johnson&Johnson, Oxford/AstraZeneca, Moderna, Pfizer/BioNTech",1653186,https://coronavirus.bg/bg/statistika,907614,745572,
Bulgaria,2021-06-19,"Johnson&Johnson, Oxford/AstraZeneca, Moderna, Pfizer/BioNTech",1657042,https://coronavirus.bg/bg/statistika,909571,747471,
Bulgaria,2021-06-20,"Johnson&Johnson, Oxford/AstraZeneca, Moderna, Pfizer/BioNTech",1660175,https://coronavirus.bg/bg/statistika,911349,748826,
Bulgaria,2021-06-21,"Johnson&Johnson, Oxford/AstraZeneca, Moderna, Pfizer/BioNTech",1668677,https://coronavirus.bg/bg/statistika,915302,753375,
Bulgaria,2021-06-22,"Johnson&Johnson, Oxford/AstraZeneca, Moderna, Pfizer/BioNTech",1681399,https://coronavirus.bg/bg/statistika,921437,759962,
Bulgaria,2021-06-23,"Johnson&Johnson, Oxford/AstraZeneca, Moderna, Pfizer/BioNTech",1695298,https://coronavirus.bg/bg/statistika,927575,767723,
Bulgaria,2021-06-24,"Johnson&Johnson, Oxford/AstraZeneca, Moderna, Pfizer/BioNTech",1709510,https://coronavirus.bg/bg/statistika,933338,776172,
Bulgaria,2021-06-25,"Johnson&Johnson, Oxford/AstraZeneca, Moderna, Pfizer/BioNTech",1721790,https://coronavirus.bg/bg/statistika,938397,783393,
Bulgaria,2021-06-26,"Johnson&Johnson, Oxford/AstraZeneca, Moderna, Pfizer/BioNTech",1724896,https://coronavirus.bg/bg/statistika,939901,784995,
Bulgaria,2021-06-27,"Johnson&Johnson, Oxford/AstraZeneca, Moderna, Pfizer/BioNTech",1727616,https://coronavirus.bg/bg/statistika,941280,786336,
Bulgaria,2021-06-28,"Johnson&Johnson, Oxford/AstraZeneca, Moderna, Pfizer/BioNTech",1735675,https://coronavirus.bg/bg/statistika,944704,790971,
Bulgaria,2021-06-29,"Johnson&Johnson, Oxford/AstraZeneca, Moderna, Pfizer/BioNTech",1748265,https://coronavirus.bg/bg/statistika,950212,798053,
Bulgaria,2021-06-30,"Johnson&Johnson, Oxford/AstraZeneca, Moderna, Pfizer/BioNTech",1761277,https://coronavirus.bg/bg/statistika,955804,805473,
Bulgaria,2021-07-01,"Johnson&Johnson, Oxford/AstraZeneca, Moderna, Pfizer/BioNTech",1773581,https://coronavirus.bg/bg/statistika,961406,812175,
Bulgaria,2021-07-02,"Johnson&Johnson, Oxford/AstraZeneca, Moderna, Pfizer/BioNTech",1785306,https://coronavirus.bg/bg/statistika,966942,818364,
Bulgaria,2021-07-03,"Johnson&Johnson, Oxford/AstraZeneca, Moderna, Pfizer/BioNTech",1788904,https://coronavirus.bg/bg/statistika,968924,819980,
Bulgaria,2021-07-04,"Johnson&Johnson, Oxford/AstraZeneca, Moderna, Pfizer/BioNTech",1791061,https://coronavirus.bg/bg/statistika,970086,820975,
Bulgaria,2021-07-05,"Johnson&Johnson, Oxford/AstraZeneca, Moderna, Pfizer/BioNTech",1798875,https://coronavirus.bg/bg/statistika,974405,824470,
Bulgaria,2021-07-06,"Johnson&Johnson, Oxford/AstraZeneca, Moderna, Pfizer/BioNTech",1810576,https://coronavirus.bg/bg/statistika,980315,830261,
Bulgaria,2021-07-07,"Johnson&Johnson, Oxford/AstraZeneca, Moderna, Pfizer/BioNTech",1823403,https://coronavirus.bg/bg/statistika,987250,836153,
Bulgaria,2021-07-08,"Johnson&Johnson, Oxford/AstraZeneca, Moderna, Pfizer/BioNTech",1835681,https://coronavirus.bg/bg/statistika,993887,841794,
Bulgaria,2021-07-09,"Johnson&Johnson, Oxford/AstraZeneca, Moderna, Pfizer/BioNTech",1847225,https://coronavirus.bg/bg/statistika,1000367,846858,
Bulgaria,2021-07-10,"Johnson&Johnson, Oxford/AstraZeneca, Moderna, Pfizer/BioNTech",1850490,https://coronavirus.bg/bg/statistika,1002491,847999,
Bulgaria,2021-07-11,"Johnson&Johnson, Oxford/AstraZeneca, Moderna, Pfizer/BioNTech",1852583,https://coronavirus.bg/bg/statistika,1003791,848792,
Bulgaria,2021-07-12,"Johnson&Johnson, Oxford/AstraZeneca, Moderna, Pfizer/BioNTech",1860993,https://coronavirus.bg/bg/statistika,1008573,852420,
Bulgaria,2021-07-27,"Johnson&Johnson, Oxford/AstraZeneca, Moderna, Pfizer/BioNTech",1988805,https://coronavirus.bg/bg/statistika,1011640,977165,
Bulgaria,2021-07-28,"Johnson&Johnson, Oxford/AstraZeneca, Moderna, Pfizer/BioNTech",2001777,https://coronavirus.bg/bg/statistika,1017204,984573,
Bulgaria,2021-07-29,"Johnson&Johnson, Oxford/AstraZeneca, Moderna, Pfizer/BioNTech",2013988,https://coronavirus.bg/bg/statistika,1022453,991535,
Bulgaria,2021-07-30,"Johnson&Johnson, Oxford/AstraZeneca, Moderna, Pfizer/BioNTech",2024943,https://coronavirus.bg/bg/statistika,1026855,998088,
Bulgaria,2021-07-31,"Johnson&Johnson, Oxford/AstraZeneca, Moderna, Pfizer/BioNTech",2028136,https://coronavirus.bg/bg/statistika,1028258,999878,
Bulgaria,2021-08-01,"Johnson&Johnson, Oxford/AstraZeneca, Moderna, Pfizer/BioNTech",2030301,https://coronavirus.bg/bg/statistika,1029158,1001143,
Bulgaria,2021-08-02,"Johnson&Johnson, Oxford/AstraZeneca, Moderna, Pfizer/BioNTech",2038611,https://coronavirus.bg/bg/statistika,1032438,1006173,
Bulgaria,2021-08-03,"Johnson&Johnson, Oxford/AstraZeneca, Moderna, Pfizer/BioNTech",2050991,https://coronavirus.bg/bg/statistika,1037737,1013254,
Bulgaria,2021-08-04,"Johnson&Johnson, Oxford/AstraZeneca, Moderna, Pfizer/BioNTech",2063643,https://coronavirus.bg/bg/statistika,1043316,1020327,
Bulgaria,2021-08-05,"Johnson&Johnson, Oxford/AstraZeneca, Moderna, Pfizer/BioNTech",2076157,https://coronavirus.bg/bg/statistika,1048780,1027377,
Bulgaria,2021-08-06,"Johnson&Johnson, Oxford/AstraZeneca, Moderna, Pfizer/BioNTech",2088021,https://coronavirus.bg/bg/statistika,1053837,1034184,
Bulgaria,2021-08-07,"Johnson&Johnson, Oxford/AstraZeneca, Moderna, Pfizer/BioNTech",2091299,https://coronavirus.bg/bg/statistika,1055433,1035866,
Bulgaria,2021-08-08,"Johnson&Johnson, Oxford/AstraZeneca, Moderna, Pfizer/BioNTech",2093630,https://coronavirus.bg/bg/statistika,1056484,1037146,
Bulgaria,2021-08-09,"Johnson&Johnson, Oxford/AstraZeneca, Moderna, Pfizer/BioNTech",2102614,https://coronavirus.bg/bg/statistika,1060139,1042475,
Bulgaria,2021-08-10,"Johnson&Johnson, Oxford/AstraZeneca, Moderna, Pfizer/BioNTech",2114510,https://coronavirus.bg/bg/statistika,1065354,1049156,
Bulgaria,2021-08-11,"Johnson&Johnson, Oxford/AstraZeneca, Moderna, Pfizer/BioNTech",2126824,https://coronavirus.bg/bg/statistika,1070631,1056193,
Bulgaria,2021-08-12,"Johnson&Johnson, Oxford/AstraZeneca, Moderna, Pfizer/BioNTech",2138659,https://coronavirus.bg/bg/statistika,1075464,1063195,
Bulgaria,2021-08-13,"Johnson&Johnson, Oxford/AstraZeneca, Moderna, Pfizer/BioNTech",2149134,https://coronavirus.bg/bg/statistika,1079476,1069658,
Bulgaria,2021-08-14,"Johnson&Johnson, Oxford/AstraZeneca, Moderna, Pfizer/BioNTech",2152638,https://coronavirus.bg/bg/statistika,1080799,1071839,
Bulgaria,2021-08-15,"Johnson&Johnson, Oxford/AstraZeneca, Moderna, Pfizer/BioNTech",2154824,https://coronavirus.bg/bg/statistika,1081636,1073188,
Bulgaria,2021-08-16,"Johnson&Johnson, Oxford/AstraZeneca, Moderna, Pfizer/BioNTech",2163959,https://coronavirus.bg/bg/statistika,1084693,1079266,
Bulgaria,2021-08-17,"Johnson&Johnson, Oxford/AstraZeneca, Moderna, Pfizer/BioNTech",2176168,https://coronavirus.bg/bg/statistika,1089066,1087102,
Bulgaria,2021-08-18,"Johnson&Johnson, Oxford/AstraZeneca, Moderna, Pfizer/BioNTech",2188957,https://coronavirus.bg/bg/statistika,,1094904,
Bulgaria,2021-08-19,"Johnson&Johnson, Oxford/AstraZeneca, Moderna, Pfizer/BioNTech",2201084,https://coronavirus.bg/bg/statistika,,1102320,
Bulgaria,2021-08-20,"Johnson&Johnson, Oxford/AstraZeneca, Moderna, Pfizer/BioNTech",2212854,https://coronavirus.bg/bg/statistika,,1109399,
Bulgaria,2021-08-21,"Johnson&Johnson, Oxford/AstraZeneca, Moderna, Pfizer/BioNTech",2216558,https://coronavirus.bg/bg/statistika,,1111648,
Bulgaria,2021-08-22,"Johnson&Johnson, Oxford/AstraZeneca, Moderna, Pfizer/BioNTech",2218947,https://coronavirus.bg/bg/statistika,,1113213,
Bulgaria,2021-08-23,"Johnson&Johnson, Oxford/AstraZeneca, Moderna, Pfizer/BioNTech",2228826,https://coronavirus.bg/bg/statistika,,1119571,
Bulgaria,2021-08-24,"Johnson&Johnson, Oxford/AstraZeneca, Moderna, Pfizer/BioNTech",2242559,https://coronavirus.bg/bg/statistika,,1128101,
Bulgaria,2021-08-25,"Johnson&Johnson, Oxford/AstraZeneca, Moderna, Pfizer/BioNTech",2256350,https://coronavirus.bg/bg/statistika,,1136584,
Bulgaria,2021-08-26,"Johnson&Johnson, Oxford/AstraZeneca, Moderna, Pfizer/BioNTech",2269759,https://coronavirus.bg/bg/statistika,,1144803,
Bulgaria,2021-08-27,"Johnson&Johnson, Oxford/AstraZeneca, Moderna, Pfizer/BioNTech",2282245,https://coronavirus.bg/bg/statistika,,1152656,
Bulgaria,2021-08-28,"Johnson&Johnson, Oxford/AstraZeneca, Moderna, Pfizer/BioNTech",2286175,https://coronavirus.bg/bg/statistika,,1155078,
Bulgaria,2021-08-29,"Johnson&Johnson, Oxford/AstraZeneca, Moderna, Pfizer/BioNTech",2288715,https://coronavirus.bg/bg/statistika,,1156729,
Bulgaria,2021-08-30,"Johnson&Johnson, Oxford/AstraZeneca, Moderna, Pfizer/BioNTech",2299118,https://coronavirus.bg/bg/statistika,,1163504,
Bulgaria,2021-08-31,"Johnson&Johnson, Oxford/AstraZeneca, Moderna, Pfizer/BioNTech",2312605,https://coronavirus.bg/bg/statistika,,1172184,
Bulgaria,2021-09-01,"Johnson&Johnson, Oxford/AstraZeneca, Moderna, Pfizer/BioNTech",2324643,https://coronavirus.bg/bg/statistika,,1180497,
Bulgaria,2021-09-02,"Johnson&Johnson, Oxford/AstraZeneca, Moderna, Pfizer/BioNTech",2336831,https://coronavirus.bg/bg/statistika,,1188377,
Bulgaria,2021-09-03,"Johnson&Johnson, Oxford/AstraZeneca, Moderna, Pfizer/BioNTech",2349025,https://coronavirus.bg/bg/statistika,,1196017,
Bulgaria,2021-09-04,"Johnson&Johnson, Oxford/AstraZeneca, Moderna, Pfizer/BioNTech",2352395,https://coronavirus.bg/bg/statistika,,1198196,
Bulgaria,2021-09-05,"Johnson&Johnson, Oxford/AstraZeneca, Moderna, Pfizer/BioNTech",2354543,https://coronavirus.bg/bg/statistika,,1199588,
Bulgaria,2021-09-06,"Johnson&Johnson, Oxford/AstraZeneca, Moderna, Pfizer/BioNTech",2356197,https://coronavirus.bg/bg/statistika,,1200713,
Bulgaria,2021-09-07,"Johnson&Johnson, Oxford/AstraZeneca, Moderna, Pfizer/BioNTech",2367564,https://coronavirus.bg/bg/statistika,,1209100,
Bulgaria,2021-09-08,"Johnson&Johnson, Oxford/AstraZeneca, Moderna, Pfizer/BioNTech",2380022,https://coronavirus.bg/bg/statistika,,1217377,
Bulgaria,2021-09-09,"Johnson&Johnson, Oxford/AstraZeneca, Moderna, Pfizer/BioNTech",2391930,https://coronavirus.bg/bg/statistika,,1225164,
Bulgaria,2021-09-10,"Johnson&Johnson, Oxford/AstraZeneca, Moderna, Pfizer/BioNTech",2402957,https://coronavirus.bg/bg/statistika,,1232840,
Bulgaria,2021-09-11,"Johnson&Johnson, Oxford/AstraZeneca, Moderna, Pfizer/BioNTech",2406030,https://coronavirus.bg/bg/statistika,,1234979,
Bulgaria,2021-09-12,"Johnson&Johnson, Oxford/AstraZeneca, Moderna, Pfizer/BioNTech",2407986,https://coronavirus.bg/bg/statistika,,1236422,
Bulgaria,2021-09-13,"Johnson&Johnson, Oxford/AstraZeneca, Moderna, Pfizer/BioNTech",2416030,https://coronavirus.bg/bg/statistika,,1242231,
Bulgaria,2021-09-14,"Johnson&Johnson, Oxford/AstraZeneca, Moderna, Pfizer/BioNTech",2427013,https://coronavirus.bg/bg/statistika,,1249902,
Bulgaria,2021-09-15,"Johnson&Johnson, Oxford/AstraZeneca, Moderna, Pfizer/BioNTech",2437295,https://coronavirus.bg/bg/statistika,,1257214,
Bulgaria,2021-09-16,"Johnson&Johnson, Oxford/AstraZeneca, Moderna, Pfizer/BioNTech",2448482,https://coronavirus.bg/bg/statistika,,1265174,
Bulgaria,2021-09-17,"Johnson&Johnson, Oxford/AstraZeneca, Moderna, Pfizer/BioNTech",2458928,https://coronavirus.bg/bg/statistika,,1272680,
Bulgaria,2021-09-18,"Johnson&Johnson, Oxford/AstraZeneca, Moderna, Pfizer/BioNTech",2461969,https://coronavirus.bg/bg/statistika,,1274875,
Bulgaria,2021-09-19,"Johnson&Johnson, Oxford/AstraZeneca, Moderna, Pfizer/BioNTech",2463666,https://coronavirus.bg/bg/statistika,,1276139,
Bulgaria,2021-09-20,"Johnson&Johnson, Oxford/AstraZeneca, Moderna, Pfizer/BioNTech",2471212,https://coronavirus.bg/bg/statistika,,1281766,
Bulgaria,2021-09-21,"Johnson&Johnson, Oxford/AstraZeneca, Moderna, Pfizer/BioNTech",2481276,https://coronavirus.bg/bg/statistika,,1289055,
Bulgaria,2021-09-22,"Johnson&Johnson, Oxford/AstraZeneca, Moderna, Pfizer/BioNTech",2483134,https://coronavirus.bg/bg/statistika,,1290434,
Bulgaria,2021-09-23,"Johnson&Johnson, Oxford/AstraZeneca, Moderna, Pfizer/BioNTech",2494575,https://coronavirus.bg/bg/statistika,,1298936,
Bulgaria,2021-09-24,"Johnson&Johnson, Oxford/AstraZeneca, Moderna, Pfizer/BioNTech",2504582,https://coronavirus.bg/bg/statistika,,1306264,
Bulgaria,2021-09-25,"Johnson&Johnson, Oxford/AstraZeneca, Moderna, Pfizer/BioNTech",2507048,https://coronavirus.bg/bg/statistika,,1307993,
Bulgaria,2021-09-26,"Johnson&Johnson, Oxford/AstraZeneca, Moderna, Pfizer/BioNTech",2508560,https://coronavirus.bg/bg/statistika,,1309135,
Bulgaria,2021-09-27,"Johnson&Johnson, Oxford/AstraZeneca, Moderna, Pfizer/BioNTech",2513769,https://coronavirus.bg/bg/statistika,,1312649,
Bulgaria,2021-09-28,"Johnson&Johnson, Oxford/AstraZeneca, Moderna, Pfizer/BioNTech",2521738,https://coronavirus.bg/bg/statistika,,1318066,
Bulgaria,2021-09-29,"Johnson&Johnson, Oxford/AstraZeneca, Moderna, Pfizer/BioNTech",2530744,https://coronavirus.bg/bg/statistika,,1324137,
Bulgaria,2021-09-30,"Johnson&Johnson, Oxford/AstraZeneca, Moderna, Pfizer/BioNTech",2539650,https://coronavirus.bg/bg/statistika,,1330199,
Bulgaria,2021-10-01,"Johnson&Johnson, Oxford/AstraZeneca, Moderna, Pfizer/BioNTech",2546712,https://coronavirus.bg/bg/statistika,,1335039,
Bulgaria,2021-10-02,"Johnson&Johnson, Oxford/AstraZeneca, Moderna, Pfizer/BioNTech",2548995,https://coronavirus.bg/bg/statistika,,1336437,
Bulgaria,2021-10-03,"Johnson&Johnson, Oxford/AstraZeneca, Moderna, Pfizer/BioNTech",2549465,https://who.maps.arcgis.com/apps/dashboards/ead3c6475654481ca51c248d52ab9c61,1407830,,
Bulgaria,2021-10-04,"Johnson&Johnson, Oxford/AstraZeneca, Moderna, Pfizer/BioNTech",2555664,https://coronavirus.bg/bg/statistika,,1340793,
Bulgaria,2021-10-05,"Johnson&Johnson, Oxford/AstraZeneca, Moderna, Pfizer/BioNTech",2563069,https://coronavirus.bg/bg/statistika,,1345602,
Bulgaria,2021-10-06,"Johnson&Johnson, Oxford/AstraZeneca, Moderna, Pfizer/BioNTech",2570248,https://coronavirus.bg/bg/statistika,,1350132,
Bulgaria,2021-10-07,"Johnson&Johnson, Oxford/AstraZeneca, Moderna, Pfizer/BioNTech",2577957,https://coronavirus.bg/bg/statistika,,1354896,
Bulgaria,2021-10-08,"Johnson&Johnson, Oxford/AstraZeneca, Moderna, Pfizer/BioNTech",2585160,https://coronavirus.bg/bg/statistika,,1359501,
Bulgaria,2021-10-09,"Johnson&Johnson, Oxford/AstraZeneca, Moderna, Pfizer/BioNTech",2587495,https://coronavirus.bg/bg/statistika,,1360933,
Bulgaria,2021-10-10,"Johnson&Johnson, Oxford/AstraZeneca, Moderna, Pfizer/BioNTech",2588714,https://coronavirus.bg/bg/statistika,,1361629,
Bulgaria,2021-10-11,"Johnson&Johnson, Oxford/AstraZeneca, Moderna, Pfizer/BioNTech",2593879,https://coronavirus.bg/bg/statistika,,1365088,
Bulgaria,2021-10-12,"Johnson&Johnson, Oxford/AstraZeneca, Moderna, Pfizer/BioNTech",2601548,https://coronavirus.bg/bg/statistika,,1369817,
Bulgaria,2021-10-13,"Johnson&Johnson, Oxford/AstraZeneca, Moderna, Pfizer/BioNTech",2607096,https://coronavirus.bg/bg/statistika,,1372723,
Bulgaria,2021-10-14,"Johnson&Johnson, Oxford/AstraZeneca, Moderna, Pfizer/BioNTech",2615154,https://coronavirus.bg/bg/statistika,,1377516,
Bulgaria,2021-10-15,"Johnson&Johnson, Oxford/AstraZeneca, Moderna, Pfizer/BioNTech",2623783,https://coronavirus.bg/bg/statistika,,1382469,
Bulgaria,2021-10-16,"Johnson&Johnson, Oxford/AstraZeneca, Moderna, Pfizer/BioNTech",2626708,https://coronavirus.bg/bg/statistika,,1383964,
Bulgaria,2021-10-17,"Johnson&Johnson, Oxford/AstraZeneca, Moderna, Pfizer/BioNTech",2628498,https://coronavirus.bg/bg/statistika,,1384919,
Bulgaria,2021-10-18,"Johnson&Johnson, Oxford/AstraZeneca, Moderna, Pfizer/BioNTech",2634699,https://coronavirus.bg/bg/statistika,,1388405,
Bulgaria,2021-10-19,"Johnson&Johnson, Oxford/AstraZeneca, Moderna, Pfizer/BioNTech",2643788,https://coronavirus.bg/bg/statistika,,1393292,
Bulgaria,2021-10-20,"Johnson&Johnson, Oxford/AstraZeneca, Moderna, Pfizer/BioNTech",2657271,https://coronavirus.bg/bg/statistika,,1401299,
Bulgaria,2021-10-21,"Johnson&Johnson, Oxford/AstraZeneca, Moderna, Pfizer/BioNTech",2685512,https://coronavirus.bg/bg/statistika,,1417227,
Bulgaria,2021-10-22,"Johnson&Johnson, Oxford/AstraZeneca, Moderna, Pfizer/BioNTech",2709549,https://coronavirus.bg/bg/statistika,,1430115,
Bulgaria,2021-10-23,"Johnson&Johnson, Oxford/AstraZeneca, Moderna, Pfizer/BioNTech",,https://coronavirus.bg/bg/statistika,,1436426,12287
Bulgaria,2021-10-24,"Johnson&Johnson, Oxford/AstraZeneca, Moderna, Pfizer/BioNTech",2718716,https://covid19.who.int,1532911,,
Bulgaria,2021-10-25,"Johnson&Johnson, Oxford/AstraZeneca, Moderna, Pfizer/BioNTech",2743549,https://coronavirus.bg/bg/statistika,,1448683,13101
Bulgaria,2021-10-26,"Johnson&Johnson, Oxford/AstraZeneca, Moderna, Pfizer/BioNTech",2775555,https://coronavirus.bg/bg/statistika,,1466012,
Bulgaria,2021-10-27,"Johnson&Johnson, Oxford/AstraZeneca, Moderna, Pfizer/BioNTech",2800965,https://coronavirus.bg/bg/statistika,,1479038,
Bulgaria,2021-10-28,"Johnson&Johnson, Oxford/AstraZeneca, Moderna, Pfizer/BioNTech",2824345,https://coronavirus.bg/bg/statistika,,1491628,
Bulgaria,2021-10-29,"Johnson&Johnson, Oxford/AstraZeneca, Moderna, Pfizer/BioNTech",2847489,https://coronavirus.bg/bg/statistika,,1503885,
Bulgaria,2021-10-30,"Johnson&Johnson, Oxford/AstraZeneca, Moderna, Pfizer/BioNTech",2855224,https://coronavirus.bg/bg/statistika,,1508365,
Bulgaria,2021-10-31,"Johnson&Johnson, Oxford/AstraZeneca, Moderna, Pfizer/BioNTech",2860195,https://coronavirus.bg/bg/statistika,,1511130,
Bulgaria,2021-11-01,"Johnson&Johnson, Oxford/AstraZeneca, Moderna, Pfizer/BioNTech",2874721,https://coronavirus.bg/bg/statistika,,1518989,
Bulgaria,2021-11-02,"Johnson&Johnson, Oxford/AstraZeneca, Moderna, Pfizer/BioNTech",2893502,https://coronavirus.bg/bg/statistika,,1528975,
Bulgaria,2021-11-03,"Johnson&Johnson, Oxford/AstraZeneca, Moderna, Pfizer/BioNTech",2913044,https://coronavirus.bg/bg/statistika,,1538928,
Bulgaria,2021-11-04,"Johnson&Johnson, Oxford/AstraZeneca, Moderna, Pfizer/BioNTech",2933806,https://coronavirus.bg/bg/statistika,,1549160,
Bulgaria,2021-11-05,"Johnson&Johnson, Oxford/AstraZeneca, Moderna, Pfizer/BioNTech",2954059,https://coronavirus.bg/bg/statistika,,1559169,
