location,date,vaccine,source_url,total_vaccinations,people_vaccinated,people_fully_vaccinated,total_boosters
Burundi,2021-10-19,Sinopharm/Beijing,https://reliefweb.int/sites/reliefweb.int/files/resources/burundi_covid-19_rapport_de_situation_2021-10-19.pdf,81,81,0,
Burundi,2021-10-20,Sinopharm/Beijing,https://reliefweb.int/sites/reliefweb.int/files/resources/burundi_covid-19_rapport_de_situation_2021-10-20.pdf,175,175,0,
Burundi,2021-10-22,Sinopharm/Beijing,https://covid19.who.int/,287,287,0,
Burundi,2021-10-26,Sinopharm/Beijing,https://reliefweb.int/sites/reliefweb.int/files/resources/burundi_covid-19_rapport_de_situation_2021-10-25.pdf,459,459,0,
Burundi,2021-10-28,Sinopharm/Beijing,https://covid19.who.int/,560,560,0,
Burundi,2021-10-29,Sinopharm/Beijing,https://reliefweb.int/sites/reliefweb.int/files/resources/burundi_covid-19_rapport_de_situation_2021-10-29.pdf,615,615,0,
