date,total_vaccinations,people_fully_vaccinated,total_boosters,people_vaccinated,location,source_url,vaccine
2020-12-14,5,0,0,5,Canada,https://covid19tracker.ca/vaccinationtracker.html,"Moderna, Oxford/AstraZeneca, Pfizer/BioNTech"
2020-12-15,727,0,0,727,Canada,https://covid19tracker.ca/vaccinationtracker.html,"Moderna, Oxford/AstraZeneca, Pfizer/BioNTech"
2020-12-16,3016,0,0,3016,Canada,https://covid19tracker.ca/vaccinationtracker.html,"Moderna, Oxford/AstraZeneca, Pfizer/BioNTech"
2020-12-17,7267,0,0,7267,Canada,https://covid19tracker.ca/vaccinationtracker.html,"Moderna, Oxford/AstraZeneca, Pfizer/BioNTech"
2020-12-18,11276,0,0,11276,Canada,https://covid19tracker.ca/vaccinationtracker.html,"Moderna, Oxford/AstraZeneca, Pfizer/BioNTech"
2020-12-19,12042,0,0,12042,Canada,https://covid19tracker.ca/vaccinationtracker.html,"Moderna, Oxford/AstraZeneca, Pfizer/BioNTech"
2020-12-20,12901,0,0,12901,Canada,https://covid19tracker.ca/vaccinationtracker.html,"Moderna, Oxford/AstraZeneca, Pfizer/BioNTech"
2020-12-21,21043,0,0,21043,Canada,https://covid19tracker.ca/vaccinationtracker.html,"Moderna, Oxford/AstraZeneca, Pfizer/BioNTech"
2020-12-22,26826,0,0,26826,Canada,https://covid19tracker.ca/vaccinationtracker.html,"Moderna, Oxford/AstraZeneca, Pfizer/BioNTech"
2020-12-23,35503,0,0,35503,Canada,https://covid19tracker.ca/vaccinationtracker.html,"Moderna, Oxford/AstraZeneca, Pfizer/BioNTech"
2020-12-24,45698,0,0,45698,Canada,https://covid19tracker.ca/vaccinationtracker.html,"Moderna, Oxford/AstraZeneca, Pfizer/BioNTech"
2020-12-25,48744,0,0,48744,Canada,https://covid19tracker.ca/vaccinationtracker.html,"Moderna, Oxford/AstraZeneca, Pfizer/BioNTech"
2020-12-26,48759,0,0,48759,Canada,https://covid19tracker.ca/vaccinationtracker.html,"Moderna, Oxford/AstraZeneca, Pfizer/BioNTech"
2020-12-27,52368,0,0,52368,Canada,https://covid19tracker.ca/vaccinationtracker.html,"Moderna, Oxford/AstraZeneca, Pfizer/BioNTech"
2020-12-28,58985,0,0,58985,Canada,https://covid19tracker.ca/vaccinationtracker.html,"Moderna, Oxford/AstraZeneca, Pfizer/BioNTech"
2020-12-29,72298,1,0,72297,Canada,https://covid19tracker.ca/vaccinationtracker.html,"Moderna, Oxford/AstraZeneca, Pfizer/BioNTech"
2020-12-30,85688,1,0,85687,Canada,https://covid19tracker.ca/vaccinationtracker.html,"Moderna, Oxford/AstraZeneca, Pfizer/BioNTech"
2020-12-31,98657,1,0,98656,Canada,https://covid19tracker.ca/vaccinationtracker.html,"Moderna, Oxford/AstraZeneca, Pfizer/BioNTech"
2021-01-01,105269,1,0,105268,Canada,https://covid19tracker.ca/vaccinationtracker.html,"Moderna, Oxford/AstraZeneca, Pfizer/BioNTech"
2021-01-02,109940,1,0,109939,Canada,https://covid19tracker.ca/vaccinationtracker.html,"Moderna, Oxford/AstraZeneca, Pfizer/BioNTech"
2021-01-03,115140,1,0,115139,Canada,https://covid19tracker.ca/vaccinationtracker.html,"Moderna, Oxford/AstraZeneca, Pfizer/BioNTech"
2021-01-04,138739,1,0,138738,Canada,https://covid19tracker.ca/vaccinationtracker.html,"Moderna, Oxford/AstraZeneca, Pfizer/BioNTech"
2021-01-05,156548,3,0,156545,Canada,https://covid19tracker.ca/vaccinationtracker.html,"Moderna, Oxford/AstraZeneca, Pfizer/BioNTech"
2021-01-06,184625,442,0,184183,Canada,https://covid19tracker.ca/vaccinationtracker.html,"Moderna, Oxford/AstraZeneca, Pfizer/BioNTech"
2021-01-07,221739,1122,0,220617,Canada,https://covid19tracker.ca/vaccinationtracker.html,"Moderna, Oxford/AstraZeneca, Pfizer/BioNTech"
2021-01-08,263555,2092,0,261463,Canada,https://covid19tracker.ca/vaccinationtracker.html,"Moderna, Oxford/AstraZeneca, Pfizer/BioNTech"
2021-01-09,299744,3037,0,296707,Canada,https://covid19tracker.ca/vaccinationtracker.html,"Moderna, Oxford/AstraZeneca, Pfizer/BioNTech"
2021-01-10,323140,3049,0,320091,Canada,https://covid19tracker.ca/vaccinationtracker.html,"Moderna, Oxford/AstraZeneca, Pfizer/BioNTech"
2021-01-11,361410,3055,0,358355,Canada,https://covid19tracker.ca/vaccinationtracker.html,"Moderna, Oxford/AstraZeneca, Pfizer/BioNTech"
2021-01-12,391390,4312,0,387078,Canada,https://covid19tracker.ca/vaccinationtracker.html,"Moderna, Oxford/AstraZeneca, Pfizer/BioNTech"
2021-01-13,422488,13240,0,409248,Canada,https://covid19tracker.ca/vaccinationtracker.html,"Moderna, Oxford/AstraZeneca, Pfizer/BioNTech"
2021-01-14,463850,15823,0,448027,Canada,https://covid19tracker.ca/vaccinationtracker.html,"Moderna, Oxford/AstraZeneca, Pfizer/BioNTech"
2021-01-15,512870,19354,0,493516,Canada,https://covid19tracker.ca/vaccinationtracker.html,"Moderna, Oxford/AstraZeneca, Pfizer/BioNTech"
2021-01-16,549257,20534,0,528723,Canada,https://covid19tracker.ca/vaccinationtracker.html,"Moderna, Oxford/AstraZeneca, Pfizer/BioNTech"
2021-01-17,576631,21789,0,554842,Canada,https://covid19tracker.ca/vaccinationtracker.html,"Moderna, Oxford/AstraZeneca, Pfizer/BioNTech"
2021-01-18,620930,22530,0,598400,Canada,https://covid19tracker.ca/vaccinationtracker.html,"Moderna, Oxford/AstraZeneca, Pfizer/BioNTech"
2021-01-19,660332,24774,0,635558,Canada,https://covid19tracker.ca/vaccinationtracker.html,"Moderna, Oxford/AstraZeneca, Pfizer/BioNTech"
2021-01-20,703461,37468,0,665993,Canada,https://covid19tracker.ca/vaccinationtracker.html,"Moderna, Oxford/AstraZeneca, Pfizer/BioNTech"
2021-01-21,746228,43701,0,702527,Canada,https://covid19tracker.ca/vaccinationtracker.html,"Moderna, Oxford/AstraZeneca, Pfizer/BioNTech"
2021-01-22,784098,50027,0,734071,Canada,https://covid19tracker.ca/vaccinationtracker.html,"Moderna, Oxford/AstraZeneca, Pfizer/BioNTech"
2021-01-23,811370,54406,0,756964,Canada,https://covid19tracker.ca/vaccinationtracker.html,"Moderna, Oxford/AstraZeneca, Pfizer/BioNTech"
2021-01-24,826726,57057,0,769669,Canada,https://covid19tracker.ca/vaccinationtracker.html,"Moderna, Oxford/AstraZeneca, Pfizer/BioNTech"
2021-01-25,850439,65292,0,785147,Canada,https://covid19tracker.ca/vaccinationtracker.html,"Moderna, Oxford/AstraZeneca, Pfizer/BioNTech"
2021-01-26,879514,73496,0,806018,Canada,https://covid19tracker.ca/vaccinationtracker.html,"Moderna, Oxford/AstraZeneca, Pfizer/BioNTech"
2021-01-27,902506,83039,0,819467,Canada,https://covid19tracker.ca/vaccinationtracker.html,"Moderna, Oxford/AstraZeneca, Pfizer/BioNTech"
2021-01-28,927564,92950,0,834614,Canada,https://covid19tracker.ca/vaccinationtracker.html,"Moderna, Oxford/AstraZeneca, Pfizer/BioNTech"
2021-01-29,949385,102380,0,847005,Canada,https://covid19tracker.ca/vaccinationtracker.html,"Moderna, Oxford/AstraZeneca, Pfizer/BioNTech"
2021-01-30,964909,110879,0,854030,Canada,https://covid19tracker.ca/vaccinationtracker.html,"Moderna, Oxford/AstraZeneca, Pfizer/BioNTech"
2021-01-31,970644,113432,0,857212,Canada,https://covid19tracker.ca/vaccinationtracker.html,"Moderna, Oxford/AstraZeneca, Pfizer/BioNTech"
2021-02-01,989093,118003,0,871090,Canada,https://covid19tracker.ca/vaccinationtracker.html,"Moderna, Oxford/AstraZeneca, Pfizer/BioNTech"
2021-02-02,1000686,122933,0,877753,Canada,https://covid19tracker.ca/vaccinationtracker.html,"Moderna, Oxford/AstraZeneca, Pfizer/BioNTech"
2021-02-03,1014360,132262,0,882098,Canada,https://covid19tracker.ca/vaccinationtracker.html,"Moderna, Oxford/AstraZeneca, Pfizer/BioNTech"
2021-02-04,1033903,144797,0,889106,Canada,https://covid19tracker.ca/vaccinationtracker.html,"Moderna, Oxford/AstraZeneca, Pfizer/BioNTech"
2021-02-05,1057493,158105,0,899388,Canada,https://covid19tracker.ca/vaccinationtracker.html,"Moderna, Oxford/AstraZeneca, Pfizer/BioNTech"
2021-02-06,1079202,171858,0,907344,Canada,https://covid19tracker.ca/vaccinationtracker.html,"Moderna, Oxford/AstraZeneca, Pfizer/BioNTech"
2021-02-07,1093062,179640,0,913422,Canada,https://covid19tracker.ca/vaccinationtracker.html,"Moderna, Oxford/AstraZeneca, Pfizer/BioNTech"
2021-02-08,1114446,190582,0,923864,Canada,https://covid19tracker.ca/vaccinationtracker.html,"Moderna, Oxford/AstraZeneca, Pfizer/BioNTech"
2021-02-09,1140762,207532,0,933230,Canada,https://covid19tracker.ca/vaccinationtracker.html,"Moderna, Oxford/AstraZeneca, Pfizer/BioNTech"
2021-02-10,1170829,227947,0,942882,Canada,https://covid19tracker.ca/vaccinationtracker.html,"Moderna, Oxford/AstraZeneca, Pfizer/BioNTech"
2021-02-11,1204243,248785,3,955455,Canada,https://covid19tracker.ca/vaccinationtracker.html,"Moderna, Oxford/AstraZeneca, Pfizer/BioNTech"
2021-02-12,1241937,272358,5,969574,Canada,https://covid19tracker.ca/vaccinationtracker.html,"Moderna, Oxford/AstraZeneca, Pfizer/BioNTech"
2021-02-13,1275636,293373,5,982258,Canada,https://covid19tracker.ca/vaccinationtracker.html,"Moderna, Oxford/AstraZeneca, Pfizer/BioNTech"
2021-02-14,1292405,307797,5,984603,Canada,https://covid19tracker.ca/vaccinationtracker.html,"Moderna, Oxford/AstraZeneca, Pfizer/BioNTech"
2021-02-15,1302428,316113,5,986310,Canada,https://covid19tracker.ca/vaccinationtracker.html,"Moderna, Oxford/AstraZeneca, Pfizer/BioNTech"
2021-02-16,1329123,334091,5,995027,Canada,https://covid19tracker.ca/vaccinationtracker.html,"Moderna, Oxford/AstraZeneca, Pfizer/BioNTech"
2021-02-17,1349991,350005,5,999981,Canada,https://covid19tracker.ca/vaccinationtracker.html,"Moderna, Oxford/AstraZeneca, Pfizer/BioNTech"
2021-02-18,1377662,369968,5,1007689,Canada,https://covid19tracker.ca/vaccinationtracker.html,"Moderna, Oxford/AstraZeneca, Pfizer/BioNTech"
2021-02-19,1428358,394815,7,1033536,Canada,https://covid19tracker.ca/vaccinationtracker.html,"Moderna, Oxford/AstraZeneca, Pfizer/BioNTech"
2021-02-20,1479368,411913,11,1067444,Canada,https://covid19tracker.ca/vaccinationtracker.html,"Moderna, Oxford/AstraZeneca, Pfizer/BioNTech"
2021-02-21,1521369,425056,12,1096301,Canada,https://covid19tracker.ca/vaccinationtracker.html,"Moderna, Oxford/AstraZeneca, Pfizer/BioNTech"
2021-02-22,1583558,457228,13,1126317,Canada,https://covid19tracker.ca/vaccinationtracker.html,"Moderna, Oxford/AstraZeneca, Pfizer/BioNTech"
2021-02-23,1632259,475704,13,1156542,Canada,https://covid19tracker.ca/vaccinationtracker.html,"Moderna, Oxford/AstraZeneca, Pfizer/BioNTech"
2021-02-24,1678643,490243,13,1188387,Canada,https://covid19tracker.ca/vaccinationtracker.html,"Moderna, Oxford/AstraZeneca, Pfizer/BioNTech"
2021-02-25,1737754,507317,13,1230424,Canada,https://covid19tracker.ca/vaccinationtracker.html,"Moderna, Oxford/AstraZeneca, Pfizer/BioNTech"
2021-02-26,1806381,520696,13,1285672,Canada,https://covid19tracker.ca/vaccinationtracker.html,"Moderna, Oxford/AstraZeneca, Pfizer/BioNTech"
2021-02-27,1868171,528696,13,1339462,Canada,https://covid19tracker.ca/vaccinationtracker.html,"Moderna, Oxford/AstraZeneca, Pfizer/BioNTech"
2021-02-28,1914342,534084,13,1380245,Canada,https://covid19tracker.ca/vaccinationtracker.html,"Moderna, Oxford/AstraZeneca, Pfizer/BioNTech"
2021-03-01,1973986,547434,13,1426539,Canada,https://covid19tracker.ca/vaccinationtracker.html,"Moderna, Oxford/AstraZeneca, Pfizer/BioNTech"
2021-03-02,2048549,557558,13,1490978,Canada,https://covid19tracker.ca/vaccinationtracker.html,"Moderna, Oxford/AstraZeneca, Pfizer/BioNTech"
2021-03-03,2123146,564083,13,1559050,Canada,https://covid19tracker.ca/vaccinationtracker.html,"Moderna, Oxford/AstraZeneca, Pfizer/BioNTech"
2021-03-04,2202359,568850,13,1633496,Canada,https://covid19tracker.ca/vaccinationtracker.html,"Moderna, Oxford/AstraZeneca, Pfizer/BioNTech"
2021-03-05,2288269,572137,13,1716119,Canada,https://covid19tracker.ca/vaccinationtracker.html,"Moderna, Oxford/AstraZeneca, Pfizer/BioNTech"
2021-03-06,2362239,574626,13,1787600,Canada,https://covid19tracker.ca/vaccinationtracker.html,"Moderna, Oxford/AstraZeneca, Pfizer/BioNTech"
2021-03-07,2419917,576266,13,1843638,Canada,https://covid19tracker.ca/vaccinationtracker.html,"Moderna, Oxford/AstraZeneca, Pfizer/BioNTech"
2021-03-08,2506500,586267,13,1920220,Canada,https://covid19tracker.ca/vaccinationtracker.html,"Moderna, Oxford/AstraZeneca, Pfizer/BioNTech"
2021-03-09,2576941,590286,15,1986640,Canada,https://covid19tracker.ca/vaccinationtracker.html,"Moderna, Oxford/AstraZeneca, Pfizer/BioNTech"
2021-03-10,2655825,595529,15,2060281,Canada,https://covid19tracker.ca/vaccinationtracker.html,"Moderna, Oxford/AstraZeneca, Pfizer/BioNTech"
2021-03-11,2755175,600695,15,2154465,Canada,https://covid19tracker.ca/vaccinationtracker.html,"Moderna, Oxford/AstraZeneca, Pfizer/BioNTech"
2021-03-12,2867458,604271,15,2263172,Canada,https://covid19tracker.ca/vaccinationtracker.html,"Moderna, Oxford/AstraZeneca, Pfizer/BioNTech"
2021-03-13,2973861,607416,17,2366428,Canada,https://covid19tracker.ca/vaccinationtracker.html,"Moderna, Oxford/AstraZeneca, Pfizer/BioNTech"
2021-03-14,3067169,609567,17,2457585,Canada,https://covid19tracker.ca/vaccinationtracker.html,"Moderna, Oxford/AstraZeneca, Pfizer/BioNTech"
2021-03-15,3192240,615239,17,2576984,Canada,https://covid19tracker.ca/vaccinationtracker.html,"Moderna, Oxford/AstraZeneca, Pfizer/BioNTech"
2021-03-16,3313231,619514,18,2693699,Canada,https://covid19tracker.ca/vaccinationtracker.html,"Moderna, Oxford/AstraZeneca, Pfizer/BioNTech"
2021-03-17,3452932,624967,19,2827946,Canada,https://covid19tracker.ca/vaccinationtracker.html,"Moderna, Oxford/AstraZeneca, Pfizer/BioNTech"
2021-03-18,3610218,630798,19,2979401,Canada,https://covid19tracker.ca/vaccinationtracker.html,"Moderna, Oxford/AstraZeneca, Pfizer/BioNTech"
2021-03-19,3774680,637108,19,3137553,Canada,https://covid19tracker.ca/vaccinationtracker.html,"Moderna, Oxford/AstraZeneca, Pfizer/BioNTech"
2021-03-20,3908080,641920,20,3266140,Canada,https://covid19tracker.ca/vaccinationtracker.html,"Moderna, Oxford/AstraZeneca, Pfizer/BioNTech"
2021-03-21,3999959,645789,20,3354150,Canada,https://covid19tracker.ca/vaccinationtracker.html,"Moderna, Oxford/AstraZeneca, Pfizer/BioNTech"
2021-03-22,4146298,649444,20,3496834,Canada,https://covid19tracker.ca/vaccinationtracker.html,"Moderna, Oxford/AstraZeneca, Pfizer/BioNTech"
2021-03-23,4270149,653570,21,3616558,Canada,https://covid19tracker.ca/vaccinationtracker.html,"Moderna, Oxford/AstraZeneca, Pfizer/BioNTech"
2021-03-24,4443308,658717,22,3784569,Canada,https://covid19tracker.ca/vaccinationtracker.html,"Moderna, Oxford/AstraZeneca, Pfizer/BioNTech"
2021-03-25,4634433,665589,22,3968822,Canada,https://covid19tracker.ca/vaccinationtracker.html,"Moderna, Oxford/AstraZeneca, Pfizer/BioNTech"
2021-03-26,4852137,674151,22,4177964,Canada,https://covid19tracker.ca/vaccinationtracker.html,"Moderna, Oxford/AstraZeneca, Pfizer/BioNTech"
2021-03-27,5019563,679867,23,4339673,Canada,https://covid19tracker.ca/vaccinationtracker.html,"Moderna, Oxford/AstraZeneca, Pfizer/BioNTech"
2021-03-28,5166629,684061,23,4482545,Canada,https://covid19tracker.ca/vaccinationtracker.html,"Moderna, Oxford/AstraZeneca, Pfizer/BioNTech"
2021-03-29,5354613,689839,23,4664751,Canada,https://covid19tracker.ca/vaccinationtracker.html,"Moderna, Oxford/AstraZeneca, Pfizer/BioNTech"
2021-03-30,5525185,697501,23,4827661,Canada,https://covid19tracker.ca/vaccinationtracker.html,"Moderna, Oxford/AstraZeneca, Pfizer/BioNTech"
2021-03-31,5745458,704563,23,5040872,Canada,https://covid19tracker.ca/vaccinationtracker.html,"Moderna, Oxford/AstraZeneca, Pfizer/BioNTech"
2021-04-01,5952651,715219,24,5237408,Canada,https://covid19tracker.ca/vaccinationtracker.html,"Moderna, Oxford/AstraZeneca, Pfizer/BioNTech"
2021-04-02,6114322,719690,24,5394608,Canada,https://covid19tracker.ca/vaccinationtracker.html,"Moderna, Oxford/AstraZeneca, Pfizer/BioNTech"
2021-04-03,6315861,724375,26,5591460,Canada,https://covid19tracker.ca/vaccinationtracker.html,"Moderna, Oxford/AstraZeneca, Pfizer/BioNTech"
2021-04-04,6430873,724666,27,5706180,Canada,https://covid19tracker.ca/vaccinationtracker.html,"Moderna, Oxford/AstraZeneca, Pfizer/BioNTech"
2021-04-05,6614538,738873,27,5875638,Canada,https://covid19tracker.ca/vaccinationtracker.html,"Moderna, Oxford/AstraZeneca, Pfizer/BioNTech"
2021-04-06,6819017,751855,28,6067134,Canada,https://covid19tracker.ca/vaccinationtracker.html,"Moderna, Oxford/AstraZeneca, Pfizer/BioNTech"
2021-04-07,7051794,769551,28,6282215,Canada,https://covid19tracker.ca/vaccinationtracker.html,"Moderna, Oxford/AstraZeneca, Pfizer/BioNTech"
2021-04-08,7314936,789199,28,6525709,Canada,https://covid19tracker.ca/vaccinationtracker.html,"Moderna, Oxford/AstraZeneca, Pfizer/BioNTech"
2021-04-09,7634223,809827,28,6824368,Canada,https://covid19tracker.ca/vaccinationtracker.html,"Moderna, Oxford/AstraZeneca, Pfizer/BioNTech"
2021-04-10,7882134,826681,28,7055425,Canada,https://covid19tracker.ca/vaccinationtracker.html,"Moderna, Oxford/AstraZeneca, Pfizer/BioNTech"
2021-04-11,8064707,831744,29,7232934,Canada,https://covid19tracker.ca/vaccinationtracker.html,"Moderna, Oxford/AstraZeneca, Pfizer/BioNTech"
2021-04-12,8401555,851007,30,7550518,Canada,https://covid19tracker.ca/vaccinationtracker.html,"Moderna, Oxford/AstraZeneca, Pfizer/BioNTech"
2021-04-13,8672823,865871,31,7806921,Canada,https://covid19tracker.ca/vaccinationtracker.html,"Moderna, Oxford/AstraZeneca, Pfizer/BioNTech"
2021-04-14,8971319,879613,32,8091674,Canada,https://covid19tracker.ca/vaccinationtracker.html,"Moderna, Oxford/AstraZeneca, Pfizer/BioNTech"
2021-04-15,9279785,896524,32,8383229,Canada,https://covid19tracker.ca/vaccinationtracker.html,"Moderna, Oxford/AstraZeneca, Pfizer/BioNTech"
2021-04-16,9601389,903950,34,8697405,Canada,https://covid19tracker.ca/vaccinationtracker.html,"Moderna, Oxford/AstraZeneca, Pfizer/BioNTech"
2021-04-17,9856858,928009,34,8928815,Canada,https://covid19tracker.ca/vaccinationtracker.html,"Moderna, Oxford/AstraZeneca, Pfizer/BioNTech"
2021-04-18,10057630,933668,35,9123927,Canada,https://covid19tracker.ca/vaccinationtracker.html,"Moderna, Oxford/AstraZeneca, Pfizer/BioNTech"
2021-04-19,10320913,954015,37,9366861,Canada,https://covid19tracker.ca/vaccinationtracker.html,"Moderna, Oxford/AstraZeneca, Pfizer/BioNTech"
2021-04-20,10560350,965886,38,9594426,Canada,https://covid19tracker.ca/vaccinationtracker.html,"Moderna, Oxford/AstraZeneca, Pfizer/BioNTech"
2021-04-21,10878873,979320,41,9899512,Canada,https://covid19tracker.ca/vaccinationtracker.html,"Moderna, Oxford/AstraZeneca, Pfizer/BioNTech"
2021-04-22,11243703,997098,43,10246562,Canada,https://covid19tracker.ca/vaccinationtracker.html,"Moderna, Oxford/AstraZeneca, Pfizer/BioNTech"
2021-04-23,11613653,1016241,49,10597363,Canada,https://covid19tracker.ca/vaccinationtracker.html,"Moderna, Oxford/AstraZeneca, Pfizer/BioNTech"
2021-04-24,11903013,1032032,51,10870930,Canada,https://covid19tracker.ca/vaccinationtracker.html,"Moderna, Oxford/AstraZeneca, Pfizer/BioNTech"
2021-04-25,12135395,1041805,52,11093538,Canada,https://covid19tracker.ca/vaccinationtracker.html,"Moderna, Oxford/AstraZeneca, Pfizer/BioNTech"
2021-04-26,12398305,1050812,55,11347438,Canada,https://covid19tracker.ca/vaccinationtracker.html,"Moderna, Oxford/AstraZeneca, Pfizer/BioNTech"
2021-04-27,12658275,1070804,58,11587413,Canada,https://covid19tracker.ca/vaccinationtracker.html,"Moderna, Oxford/AstraZeneca, Pfizer/BioNTech"
2021-04-28,12923463,1086358,62,11837043,Canada,https://covid19tracker.ca/vaccinationtracker.html,"Moderna, Oxford/AstraZeneca, Pfizer/BioNTech"
2021-04-29,13229074,1107141,64,12121869,Canada,https://covid19tracker.ca/vaccinationtracker.html,"Moderna, Oxford/AstraZeneca, Pfizer/BioNTech"
2021-04-30,13518790,1125225,67,12393498,Canada,https://covid19tracker.ca/vaccinationtracker.html,"Moderna, Oxford/AstraZeneca, Pfizer/BioNTech"
2021-05-01,13753016,1144471,73,12608472,Canada,https://covid19tracker.ca/vaccinationtracker.html,"Moderna, Oxford/AstraZeneca, Pfizer/BioNTech"
2021-05-02,13926921,1155723,77,12771121,Canada,https://covid19tracker.ca/vaccinationtracker.html,"Moderna, Oxford/AstraZeneca, Pfizer/BioNTech"
2021-05-03,14153969,1164377,79,12989513,Canada,https://covid19tracker.ca/vaccinationtracker.html,"Moderna, Oxford/AstraZeneca, Pfizer/BioNTech"
2021-05-04,14388195,1184220,85,13203890,Canada,https://covid19tracker.ca/vaccinationtracker.html,"Moderna, Oxford/AstraZeneca, Pfizer/BioNTech"
2021-05-05,14674001,1202670,91,13471240,Canada,https://covid19tracker.ca/vaccinationtracker.html,"Moderna, Oxford/AstraZeneca, Pfizer/BioNTech"
2021-05-06,15032619,1225176,98,13807345,Canada,https://covid19tracker.ca/vaccinationtracker.html,"Moderna, Oxford/AstraZeneca, Pfizer/BioNTech"
2021-05-07,15436115,1250426,106,14185583,Canada,https://covid19tracker.ca/vaccinationtracker.html,"Moderna, Oxford/AstraZeneca, Pfizer/BioNTech"
2021-05-08,15765479,1270660,108,14494711,Canada,https://covid19tracker.ca/vaccinationtracker.html,"Moderna, Oxford/AstraZeneca, Pfizer/BioNTech"
2021-05-09,16038353,1278672,112,14759569,Canada,https://covid19tracker.ca/vaccinationtracker.html,"Moderna, Oxford/AstraZeneca, Pfizer/BioNTech"
2021-05-10,16373565,1296941,113,15076511,Canada,https://covid19tracker.ca/vaccinationtracker.html,"Moderna, Oxford/AstraZeneca, Pfizer/BioNTech"
2021-05-11,16674347,1316200,118,15358029,Canada,https://covid19tracker.ca/vaccinationtracker.html,"Moderna, Oxford/AstraZeneca, Pfizer/BioNTech"
2021-05-12,17023914,1340196,120,15683598,Canada,https://covid19tracker.ca/vaccinationtracker.html,"Moderna, Oxford/AstraZeneca, Pfizer/BioNTech"
2021-05-13,17420071,1369094,124,16050853,Canada,https://covid19tracker.ca/vaccinationtracker.html,"Moderna, Oxford/AstraZeneca, Pfizer/BioNTech"
2021-05-14,17859620,1404133,127,16455360,Canada,https://covid19tracker.ca/vaccinationtracker.html,"Moderna, Oxford/AstraZeneca, Pfizer/BioNTech"
2021-05-15,18225517,1429394,136,16795987,Canada,https://covid19tracker.ca/vaccinationtracker.html,"Moderna, Oxford/AstraZeneca, Pfizer/BioNTech"
2021-05-16,18543599,1444712,136,17098751,Canada,https://covid19tracker.ca/vaccinationtracker.html,"Moderna, Oxford/AstraZeneca, Pfizer/BioNTech"
2021-05-17,18935330,1459257,138,17475935,Canada,https://covid19tracker.ca/vaccinationtracker.html,"Moderna, Oxford/AstraZeneca, Pfizer/BioNTech"
2021-05-18,19220127,1486902,143,17733082,Canada,https://covid19tracker.ca/vaccinationtracker.html,"Moderna, Oxford/AstraZeneca, Pfizer/BioNTech"
2021-05-19,19577136,1522716,148,18054272,Canada,https://covid19tracker.ca/vaccinationtracker.html,"Moderna, Oxford/AstraZeneca, Pfizer/BioNTech"
2021-05-20,19976011,1566299,155,18409557,Canada,https://covid19tracker.ca/vaccinationtracker.html,"Moderna, Oxford/AstraZeneca, Pfizer/BioNTech"
2021-05-21,20466533,1618950,167,18847416,Canada,https://covid19tracker.ca/vaccinationtracker.html,"Moderna, Oxford/AstraZeneca, Pfizer/BioNTech"
2021-05-22,20857973,1668750,172,19189051,Canada,https://covid19tracker.ca/vaccinationtracker.html,"Moderna, Oxford/AstraZeneca, Pfizer/BioNTech"
2021-05-23,21168018,1692597,173,19475248,Canada,https://covid19tracker.ca/vaccinationtracker.html,"Moderna, Oxford/AstraZeneca, Pfizer/BioNTech"
2021-05-24,21524606,1712194,179,19812233,Canada,https://covid19tracker.ca/vaccinationtracker.html,"Moderna, Oxford/AstraZeneca, Pfizer/BioNTech"
2021-05-25,21780316,1735021,182,20045113,Canada,https://covid19tracker.ca/vaccinationtracker.html,"Moderna, Oxford/AstraZeneca, Pfizer/BioNTech"
2021-05-26,22085617,1785330,192,20300095,Canada,https://covid19tracker.ca/vaccinationtracker.html,"Moderna, Oxford/AstraZeneca, Pfizer/BioNTech"
2021-05-27,22494952,1850495,200,20644257,Canada,https://covid19tracker.ca/vaccinationtracker.html,"Moderna, Oxford/AstraZeneca, Pfizer/BioNTech"
2021-05-28,22960665,1921724,213,21038728,Canada,https://covid19tracker.ca/vaccinationtracker.html,"Moderna, Oxford/AstraZeneca, Pfizer/BioNTech"
2021-05-29,23307773,1991996,225,21315552,Canada,https://covid19tracker.ca/vaccinationtracker.html,"Moderna, Oxford/AstraZeneca, Pfizer/BioNTech"
2021-05-30,23625630,2057587,234,21567809,Canada,https://covid19tracker.ca/vaccinationtracker.html,"Moderna, Oxford/AstraZeneca, Pfizer/BioNTech"
2021-05-31,24016320,2123268,239,21892813,Canada,https://covid19tracker.ca/vaccinationtracker.html,"Moderna, Oxford/AstraZeneca, Pfizer/BioNTech"
2021-06-01,24332384,2207662,253,22124469,Canada,https://covid19tracker.ca/vaccinationtracker.html,"Moderna, Oxford/AstraZeneca, Pfizer/BioNTech"
2021-06-02,24678388,2309733,288,22368367,Canada,https://covid19tracker.ca/vaccinationtracker.html,"Moderna, Oxford/AstraZeneca, Pfizer/BioNTech"
2021-06-03,25091100,2449232,305,22641563,Canada,https://covid19tracker.ca/vaccinationtracker.html,"Moderna, Oxford/AstraZeneca, Pfizer/BioNTech"
2021-06-04,25556667,2618969,332,22937366,Canada,https://covid19tracker.ca/vaccinationtracker.html,"Moderna, Oxford/AstraZeneca, Pfizer/BioNTech"
2021-06-05,25935387,2764238,337,23170812,Canada,https://covid19tracker.ca/vaccinationtracker.html,"Moderna, Oxford/AstraZeneca, Pfizer/BioNTech"
2021-06-06,26259776,2891551,351,23367874,Canada,https://covid19tracker.ca/vaccinationtracker.html,"Moderna, Oxford/AstraZeneca, Pfizer/BioNTech"
2021-06-07,26668312,3045789,355,23622168,Canada,https://covid19tracker.ca/vaccinationtracker.html,"Moderna, Oxford/AstraZeneca, Pfizer/BioNTech"
2021-06-08,27022536,3235589,368,23786579,Canada,https://covid19tracker.ca/vaccinationtracker.html,"Moderna, Oxford/AstraZeneca, Pfizer/BioNTech"
2021-06-09,27426430,3474900,381,23951149,Canada,https://covid19tracker.ca/vaccinationtracker.html,"Moderna, Oxford/AstraZeneca, Pfizer/BioNTech"
2021-06-10,27903203,3774978,404,24127821,Canada,https://covid19tracker.ca/vaccinationtracker.html,"Moderna, Oxford/AstraZeneca, Pfizer/BioNTech"
2021-06-11,28404608,4103858,420,24300330,Canada,https://covid19tracker.ca/vaccinationtracker.html,"Moderna, Oxford/AstraZeneca, Pfizer/BioNTech"
2021-06-12,28825882,4395778,449,24429655,Canada,https://covid19tracker.ca/vaccinationtracker.html,"Moderna, Oxford/AstraZeneca, Pfizer/BioNTech"
2021-06-13,29203444,4657247,474,24545723,Canada,https://covid19tracker.ca/vaccinationtracker.html,"Moderna, Oxford/AstraZeneca, Pfizer/BioNTech"
2021-06-14,29651044,4974567,505,24675972,Canada,https://covid19tracker.ca/vaccinationtracker.html,"Moderna, Oxford/AstraZeneca, Pfizer/BioNTech"
2021-06-15,30100153,5305640,538,24793975,Canada,https://covid19tracker.ca/vaccinationtracker.html,"Moderna, Oxford/AstraZeneca, Pfizer/BioNTech"
2021-06-16,30564106,5671579,569,24891958,Canada,https://covid19tracker.ca/vaccinationtracker.html,"Moderna, Oxford/AstraZeneca, Pfizer/BioNTech"
2021-06-17,31070794,6074678,599,24995517,Canada,https://covid19tracker.ca/vaccinationtracker.html,"Moderna, Oxford/AstraZeneca, Pfizer/BioNTech"
2021-06-18,31604810,6512017,631,25092162,Canada,https://covid19tracker.ca/vaccinationtracker.html,"Moderna, Oxford/AstraZeneca, Pfizer/BioNTech"
2021-06-19,32026880,6866845,693,25159342,Canada,https://covid19tracker.ca/vaccinationtracker.html,"Moderna, Oxford/AstraZeneca, Pfizer/BioNTech"
2021-06-20,32377377,7156867,711,25219799,Canada,https://covid19tracker.ca/vaccinationtracker.html,"Moderna, Oxford/AstraZeneca, Pfizer/BioNTech"
2021-06-21,32783173,7482646,726,25299801,Canada,https://covid19tracker.ca/vaccinationtracker.html,"Moderna, Oxford/AstraZeneca, Pfizer/BioNTech"
2021-06-22,33256257,7891018,761,25364478,Canada,https://covid19tracker.ca/vaccinationtracker.html,"Moderna, Oxford/AstraZeneca, Pfizer/BioNTech"
2021-06-23,33771516,8347750,804,25422962,Canada,https://covid19tracker.ca/vaccinationtracker.html,"Moderna, Oxford/AstraZeneca, Pfizer/BioNTech"
2021-06-24,34363094,8871589,874,25490631,Canada,https://covid19tracker.ca/vaccinationtracker.html,"Moderna, Oxford/AstraZeneca, Pfizer/BioNTech"
2021-06-25,34885857,9334194,895,25550768,Canada,https://covid19tracker.ca/vaccinationtracker.html,"Moderna, Oxford/AstraZeneca, Pfizer/BioNTech"
2021-06-26,35329118,9733535,938,25594645,Canada,https://covid19tracker.ca/vaccinationtracker.html,"Moderna, Oxford/AstraZeneca, Pfizer/BioNTech"
2021-06-27,35690870,10053210,978,25636682,Canada,https://covid19tracker.ca/vaccinationtracker.html,"Moderna, Oxford/AstraZeneca, Pfizer/BioNTech"
2021-06-28,36395342,10674538,994,25719810,Canada,https://covid19tracker.ca/vaccinationtracker.html,"Moderna, Oxford/AstraZeneca, Pfizer/BioNTech"
2021-06-29,36973003,11196977,1036,25774990,Canada,https://covid19tracker.ca/vaccinationtracker.html,"Moderna, Oxford/AstraZeneca, Pfizer/BioNTech"
2021-06-30,37581835,11750372,1088,25830375,Canada,https://covid19tracker.ca/vaccinationtracker.html,"Moderna, Oxford/AstraZeneca, Pfizer/BioNTech"
2021-07-01,38016512,12148424,1199,25866889,Canada,https://covid19tracker.ca/vaccinationtracker.html,"Moderna, Oxford/AstraZeneca, Pfizer/BioNTech"
2021-07-02,38615252,12686278,1264,25927710,Canada,https://covid19tracker.ca/vaccinationtracker.html,"Moderna, Oxford/AstraZeneca, Pfizer/BioNTech"
2021-07-03,38974183,13015166,1326,25957691,Canada,https://covid19tracker.ca/vaccinationtracker.html,"Moderna, Oxford/AstraZeneca, Pfizer/BioNTech"
2021-07-04,39295732,13306278,1368,25988086,Canada,https://covid19tracker.ca/vaccinationtracker.html,"Moderna, Oxford/AstraZeneca, Pfizer/BioNTech"
2021-07-05,39898122,13851796,1919,26044407,Canada,https://covid19tracker.ca/vaccinationtracker.html,"Moderna, Oxford/AstraZeneca, Pfizer/BioNTech"
2021-07-06,40383788,14290776,2449,26090563,Canada,https://covid19tracker.ca/vaccinationtracker.html,"Moderna, Oxford/AstraZeneca, Pfizer/BioNTech"
2021-07-07,40888962,14752842,2540,26133580,Canada,https://covid19tracker.ca/vaccinationtracker.html,"Moderna, Oxford/AstraZeneca, Pfizer/BioNTech"
2021-07-08,41510884,15315045,2630,26193209,Canada,https://covid19tracker.ca/vaccinationtracker.html,"Moderna, Oxford/AstraZeneca, Pfizer/BioNTech"
2021-07-09,42057604,15810150,2694,26244760,Canada,https://covid19tracker.ca/vaccinationtracker.html,"Moderna, Oxford/AstraZeneca, Pfizer/BioNTech"
2021-07-10,42422990,16141887,2762,26278341,Canada,https://covid19tracker.ca/vaccinationtracker.html,"Moderna, Oxford/AstraZeneca, Pfizer/BioNTech"
2021-07-11,42709994,16401108,2800,26306086,Canada,https://covid19tracker.ca/vaccinationtracker.html,"Moderna, Oxford/AstraZeneca, Pfizer/BioNTech"
2021-07-12,43214728,16852101,2831,26359796,Canada,https://covid19tracker.ca/vaccinationtracker.html,"Moderna, Oxford/AstraZeneca, Pfizer/BioNTech"
2021-07-13,43630201,17229626,2873,26397702,Canada,https://covid19tracker.ca/vaccinationtracker.html,"Moderna, Oxford/AstraZeneca, Pfizer/BioNTech"
2021-07-14,44057390,17612064,2936,26442390,Canada,https://covid19tracker.ca/vaccinationtracker.html,"Moderna, Oxford/AstraZeneca, Pfizer/BioNTech"
2021-07-15,44494152,18004139,3000,26487013,Canada,https://covid19tracker.ca/vaccinationtracker.html,"Moderna, Oxford/AstraZeneca, Pfizer/BioNTech"
2021-07-16,44927530,18390976,3059,26533495,Canada,https://covid19tracker.ca/vaccinationtracker.html,"Moderna, Oxford/AstraZeneca, Pfizer/BioNTech"
2021-07-17,45229363,18660169,3109,26566085,Canada,https://covid19tracker.ca/vaccinationtracker.html,"Moderna, Oxford/AstraZeneca, Pfizer/BioNTech"
2021-07-18,45455223,18861951,3151,26590121,Canada,https://covid19tracker.ca/vaccinationtracker.html,"Moderna, Oxford/AstraZeneca, Pfizer/BioNTech"
2021-07-19,45881996,19245589,3166,26633241,Canada,https://covid19tracker.ca/vaccinationtracker.html,"Moderna, Oxford/AstraZeneca, Pfizer/BioNTech"
2021-07-20,46219171,19545437,3212,26670522,Canada,https://covid19tracker.ca/vaccinationtracker.html,"Moderna, Oxford/AstraZeneca, Pfizer/BioNTech"
2021-07-21,46605087,19892104,3269,26709714,Canada,https://covid19tracker.ca/vaccinationtracker.html,"Moderna, Oxford/AstraZeneca, Pfizer/BioNTech"
2021-07-22,46986383,20231531,3335,26751517,Canada,https://covid19tracker.ca/vaccinationtracker.html,"Moderna, Oxford/AstraZeneca, Pfizer/BioNTech"
2021-07-23,47342891,20545648,3408,26793835,Canada,https://covid19tracker.ca/vaccinationtracker.html,"Moderna, Oxford/AstraZeneca, Pfizer/BioNTech"
2021-07-24,47591060,20763318,3483,26824259,Canada,https://covid19tracker.ca/vaccinationtracker.html,"Moderna, Oxford/AstraZeneca, Pfizer/BioNTech"
2021-07-25,47788742,20937558,3611,26847573,Canada,https://covid19tracker.ca/vaccinationtracker.html,"Moderna, Oxford/AstraZeneca, Pfizer/BioNTech"
2021-07-26,48179266,21286174,3907,26889185,Canada,https://covid19tracker.ca/vaccinationtracker.html,"Moderna, Oxford/AstraZeneca, Pfizer/BioNTech"
2021-07-27,48457388,21527475,4327,26925586,Canada,https://covid19tracker.ca/vaccinationtracker.html,"Moderna, Oxford/AstraZeneca, Pfizer/BioNTech"
2021-07-28,48732818,21764031,4724,26964063,Canada,https://covid19tracker.ca/vaccinationtracker.html,"Moderna, Oxford/AstraZeneca, Pfizer/BioNTech"
2021-07-29,49002147,21994323,5060,27002764,Canada,https://covid19tracker.ca/vaccinationtracker.html,"Moderna, Oxford/AstraZeneca, Pfizer/BioNTech"
2021-07-30,49263056,22214424,5368,27043264,Canada,https://covid19tracker.ca/vaccinationtracker.html,"Moderna, Oxford/AstraZeneca, Pfizer/BioNTech"
2021-07-31,49428908,22356649,5747,27066512,Canada,https://covid19tracker.ca/vaccinationtracker.html,"Moderna, Oxford/AstraZeneca, Pfizer/BioNTech"
2021-08-01,49562013,22470898,5989,27085126,Canada,https://covid19tracker.ca/vaccinationtracker.html,"Moderna, Oxford/AstraZeneca, Pfizer/BioNTech"
2021-08-02,49654801,22551329,6224,27097248,Canada,https://covid19tracker.ca/vaccinationtracker.html,"Moderna, Oxford/AstraZeneca, Pfizer/BioNTech"
2021-08-03,49963478,22815724,6553,27141201,Canada,https://covid19tracker.ca/vaccinationtracker.html,"Moderna, Oxford/AstraZeneca, Pfizer/BioNTech"
2021-08-04,50130493,22953748,6889,27169856,Canada,https://covid19tracker.ca/vaccinationtracker.html,"Moderna, Oxford/AstraZeneca, Pfizer/BioNTech"
2021-08-05,50319838,23108608,7269,27203961,Canada,https://covid19tracker.ca/vaccinationtracker.html,"Moderna, Oxford/AstraZeneca, Pfizer/BioNTech"
2021-08-06,50495066,23250700,7743,27236623,Canada,https://covid19tracker.ca/vaccinationtracker.html,"Moderna, Oxford/AstraZeneca, Pfizer/BioNTech"
2021-08-07,50619533,23352514,8327,27258692,Canada,https://covid19tracker.ca/vaccinationtracker.html,"Moderna, Oxford/AstraZeneca, Pfizer/BioNTech"
2021-08-08,50716769,23433384,8654,27274731,Canada,https://covid19tracker.ca/vaccinationtracker.html,"Moderna, Oxford/AstraZeneca, Pfizer/BioNTech"
2021-08-09,50909493,23591114,8897,27309482,Canada,https://covid19tracker.ca/vaccinationtracker.html,"Moderna, Oxford/AstraZeneca, Pfizer/BioNTech"
2021-08-10,51046261,23701348,9358,27335555,Canada,https://covid19tracker.ca/vaccinationtracker.html,"Moderna, Oxford/AstraZeneca, Pfizer/BioNTech"
2021-08-11,51183806,23810554,9800,27363452,Canada,https://covid19tracker.ca/vaccinationtracker.html,"Moderna, Oxford/AstraZeneca, Pfizer/BioNTech"
2021-08-12,51335561,23930263,10217,27395081,Canada,https://covid19tracker.ca/vaccinationtracker.html,"Moderna, Oxford/AstraZeneca, Pfizer/BioNTech"
2021-08-13,51482787,24042983,10757,27429047,Canada,https://covid19tracker.ca/vaccinationtracker.html,"Moderna, Oxford/AstraZeneca, Pfizer/BioNTech"
2021-08-14,51596106,24133117,11303,27451686,Canada,https://covid19tracker.ca/vaccinationtracker.html,"Moderna, Oxford/AstraZeneca, Pfizer/BioNTech"
2021-08-15,51691368,24209861,11667,27469840,Canada,https://covid19tracker.ca/vaccinationtracker.html,"Moderna, Oxford/AstraZeneca, Pfizer/BioNTech"
2021-08-16,51861960,24345980,11903,27504077,Canada,https://covid19tracker.ca/vaccinationtracker.html,"Moderna, Oxford/AstraZeneca, Pfizer/BioNTech"
2021-08-17,51999284,24453961,12311,27533012,Canada,https://covid19tracker.ca/vaccinationtracker.html,"Moderna, Oxford/AstraZeneca, Pfizer/BioNTech"
2021-08-18,52123743,24548422,12778,27562543,Canada,https://covid19tracker.ca/vaccinationtracker.html,"Moderna, Oxford/AstraZeneca, Pfizer/BioNTech"
2021-08-19,52260265,24647965,13317,27598983,Canada,https://covid19tracker.ca/vaccinationtracker.html,"Moderna, Oxford/AstraZeneca, Pfizer/BioNTech"
2021-08-20,52386486,24738033,13738,27634715,Canada,https://covid19tracker.ca/vaccinationtracker.html,"Moderna, Oxford/AstraZeneca, Pfizer/BioNTech"
2021-08-21,52484976,24811127,14277,27659572,Canada,https://covid19tracker.ca/vaccinationtracker.html,"Moderna, Oxford/AstraZeneca, Pfizer/BioNTech"
2021-08-22,52559875,24868051,14568,27677256,Canada,https://covid19tracker.ca/vaccinationtracker.html,"Moderna, Oxford/AstraZeneca, Pfizer/BioNTech"
2021-08-23,52686659,24963311,14810,27708538,Canada,https://covid19tracker.ca/vaccinationtracker.html,"Moderna, Oxford/AstraZeneca, Pfizer/BioNTech"
2021-08-24,52803195,25047929,15240,27740026,Canada,https://covid19tracker.ca/vaccinationtracker.html,"Moderna, Oxford/AstraZeneca, Pfizer/BioNTech"
2021-08-25,52908003,25117505,15678,27774820,Canada,https://covid19tracker.ca/vaccinationtracker.html,"Moderna, Oxford/AstraZeneca, Pfizer/BioNTech"
2021-08-26,53030236,25199542,16171,27814523,Canada,https://covid19tracker.ca/vaccinationtracker.html,"Moderna, Oxford/AstraZeneca, Pfizer/BioNTech"
2021-08-27,53144713,25274560,16665,27853488,Canada,https://covid19tracker.ca/vaccinationtracker.html,"Moderna, Oxford/AstraZeneca, Pfizer/BioNTech"
2021-08-28,53222030,25327519,17248,27877263,Canada,https://covid19tracker.ca/vaccinationtracker.html,"Moderna, Oxford/AstraZeneca, Pfizer/BioNTech"
2021-08-29,53285635,25372546,17735,27895354,Canada,https://covid19tracker.ca/vaccinationtracker.html,"Moderna, Oxford/AstraZeneca, Pfizer/BioNTech"
2021-08-30,53415585,25456903,18049,27940633,Canada,https://covid19tracker.ca/vaccinationtracker.html,"Moderna, Oxford/AstraZeneca, Pfizer/BioNTech"
2021-08-31,53497694,25509289,18469,27969936,Canada,https://covid19tracker.ca/vaccinationtracker.html,"Moderna, Oxford/AstraZeneca, Pfizer/BioNTech"
2021-09-01,53595397,25571895,19224,28004278,Canada,https://covid19tracker.ca/vaccinationtracker.html,"Moderna, Oxford/AstraZeneca, Pfizer/BioNTech"
2021-09-02,53689261,25626432,20306,28042523,Canada,https://covid19tracker.ca/vaccinationtracker.html,"Moderna, Oxford/AstraZeneca, Pfizer/BioNTech"
2021-09-03,53798665,25687776,21966,28088923,Canada,https://covid19tracker.ca/vaccinationtracker.html,"Moderna, Oxford/AstraZeneca, Pfizer/BioNTech"
2021-09-04,53876362,25732276,23691,28120395,Canada,https://covid19tracker.ca/vaccinationtracker.html,"Moderna, Oxford/AstraZeneca, Pfizer/BioNTech"
2021-09-05,53935115,25767831,24910,28142374,Canada,https://covid19tracker.ca/vaccinationtracker.html,"Moderna, Oxford/AstraZeneca, Pfizer/BioNTech"
2021-09-06,53970557,25788420,25692,28156445,Canada,https://covid19tracker.ca/vaccinationtracker.html,"Moderna, Oxford/AstraZeneca, Pfizer/BioNTech"
2021-09-07,54083751,25854390,26318,28203043,Canada,https://covid19tracker.ca/vaccinationtracker.html,"Moderna, Oxford/AstraZeneca, Pfizer/BioNTech"
2021-09-08,54168372,25901605,27918,28238849,Canada,https://covid19tracker.ca/vaccinationtracker.html,"Moderna, Oxford/AstraZeneca, Pfizer/BioNTech"
2021-09-09,54265600,25955354,29773,28280473,Canada,https://covid19tracker.ca/vaccinationtracker.html,"Moderna, Oxford/AstraZeneca, Pfizer/BioNTech"
2021-09-10,54363643,26009820,31671,28322152,Canada,https://covid19tracker.ca/vaccinationtracker.html,"Moderna, Oxford/AstraZeneca, Pfizer/BioNTech"
2021-09-11,54432684,26050898,33504,28348282,Canada,https://covid19tracker.ca/vaccinationtracker.html,"Moderna, Oxford/AstraZeneca, Pfizer/BioNTech"
2021-09-12,54487220,26084908,34915,28367397,Canada,https://covid19tracker.ca/vaccinationtracker.html,"Moderna, Oxford/AstraZeneca, Pfizer/BioNTech"
2021-09-13,54593908,26144405,35787,28413716,Canada,https://covid19tracker.ca/vaccinationtracker.html,"Moderna, Oxford/AstraZeneca, Pfizer/BioNTech"
2021-09-14,54667431,26184043,36987,28446401,Canada,https://covid19tracker.ca/vaccinationtracker.html,"Moderna, Oxford/AstraZeneca, Pfizer/BioNTech"
2021-09-15,54751628,26230177,38260,28483191,Canada,https://covid19tracker.ca/vaccinationtracker.html,"Moderna, Oxford/AstraZeneca, Pfizer/BioNTech"
2021-09-16,54847057,26283747,40076,28523234,Canada,https://covid19tracker.ca/vaccinationtracker.html,"Moderna, Oxford/AstraZeneca, Pfizer/BioNTech"
2021-09-17,55005624,26342632,84748,28578244,Canada,https://covid19tracker.ca/vaccinationtracker.html,"Moderna, Oxford/AstraZeneca, Pfizer/BioNTech"
2021-09-18,55071161,26381800,86435,28602926,Canada,https://covid19tracker.ca/vaccinationtracker.html,"Moderna, Oxford/AstraZeneca, Pfizer/BioNTech"
2021-09-19,55124446,26414669,87587,28622190,Canada,https://covid19tracker.ca/vaccinationtracker.html,"Moderna, Oxford/AstraZeneca, Pfizer/BioNTech"
2021-09-20,55269587,26484241,93845,28691501,Canada,https://covid19tracker.ca/vaccinationtracker.html,"Moderna, Oxford/AstraZeneca, Pfizer/BioNTech"
2021-09-21,55368414,26535285,97716,28735413,Canada,https://covid19tracker.ca/vaccinationtracker.html,"Moderna, Oxford/AstraZeneca, Pfizer/BioNTech"
2021-09-22,55468437,26586686,101380,28780371,Canada,https://covid19tracker.ca/vaccinationtracker.html,"Moderna, Oxford/AstraZeneca, Pfizer/BioNTech"
2021-09-23,55582955,26647142,106505,28829308,Canada,https://covid19tracker.ca/vaccinationtracker.html,"Moderna, Oxford/AstraZeneca, Pfizer/BioNTech"
2021-09-24,55748220,26712401,156376,28879443,Canada,https://covid19tracker.ca/vaccinationtracker.html,"Moderna, Oxford/AstraZeneca, Pfizer/BioNTech"
2021-09-25,55819508,26756796,157799,28904913,Canada,https://covid19tracker.ca/vaccinationtracker.html,"Moderna, Oxford/AstraZeneca, Pfizer/BioNTech"
2021-09-26,55885663,26797883,158859,28928921,Canada,https://covid19tracker.ca/vaccinationtracker.html,"Moderna, Oxford/AstraZeneca, Pfizer/BioNTech"
2021-09-27,56012033,26862588,168757,28980688,Canada,https://covid19tracker.ca/vaccinationtracker.html,"Moderna, Oxford/AstraZeneca, Pfizer/BioNTech"
2021-09-28,56089791,26903665,173565,29012561,Canada,https://covid19tracker.ca/vaccinationtracker.html,"Moderna, Oxford/AstraZeneca, Pfizer/BioNTech"
2021-09-29,56187841,26954551,178765,29054525,Canada,https://covid19tracker.ca/vaccinationtracker.html,"Moderna, Oxford/AstraZeneca, Pfizer/BioNTech"
2021-09-30,56283491,27008516,184355,29090620,Canada,https://covid19tracker.ca/vaccinationtracker.html,"Moderna, Oxford/AstraZeneca, Pfizer/BioNTech"
2021-10-01,56380720,27063601,195158,29121961,Canada,https://covid19tracker.ca/vaccinationtracker.html,"Moderna, Oxford/AstraZeneca, Pfizer/BioNTech"
2021-10-02,56437648,27099874,196453,29141321,Canada,https://covid19tracker.ca/vaccinationtracker.html,"Moderna, Oxford/AstraZeneca, Pfizer/BioNTech"
2021-10-03,56484963,27129496,197422,29158045,Canada,https://covid19tracker.ca/vaccinationtracker.html,"Moderna, Oxford/AstraZeneca, Pfizer/BioNTech"
2021-10-04,56595183,27192143,204613,29198427,Canada,https://covid19tracker.ca/vaccinationtracker.html,"Moderna, Oxford/AstraZeneca, Pfizer/BioNTech"
2021-10-05,56673334,27235365,208542,29229427,Canada,https://covid19tracker.ca/vaccinationtracker.html,"Moderna, Oxford/AstraZeneca, Pfizer/BioNTech"
2021-10-06,56804875,27282259,252611,29270005,Canada,https://covid19tracker.ca/vaccinationtracker.html,"Moderna, Oxford/AstraZeneca, Pfizer/BioNTech"
2021-10-07,56890203,27327103,261698,29301402,Canada,https://covid19tracker.ca/vaccinationtracker.html,"Moderna, Oxford/AstraZeneca, Pfizer/BioNTech"
2021-10-08,56989754,27377233,274899,29337622,Canada,https://covid19tracker.ca/vaccinationtracker.html,"Moderna, Oxford/AstraZeneca, Pfizer/BioNTech"
2021-10-09,57048612,27413059,276087,29359466,Canada,https://covid19tracker.ca/vaccinationtracker.html,"Moderna, Oxford/AstraZeneca, Pfizer/BioNTech"
2021-10-10,57096553,27443437,276871,29376245,Canada,https://covid19tracker.ca/vaccinationtracker.html,"Moderna, Oxford/AstraZeneca, Pfizer/BioNTech"
2021-10-11,57122307,27458515,277240,29386552,Canada,https://covid19tracker.ca/vaccinationtracker.html,"Moderna, Oxford/AstraZeneca, Pfizer/BioNTech"
2021-10-12,57243492,27512014,295707,29435771,Canada,https://covid19tracker.ca/vaccinationtracker.html,"Moderna, Oxford/AstraZeneca, Pfizer/BioNTech"
2021-10-13,57333720,27559847,322037,29451836,Canada,https://covid19tracker.ca/vaccinationtracker.html,"Moderna, Oxford/AstraZeneca, Pfizer/BioNTech"
2021-10-14,57433234,27610765,337728,29484741,Canada,https://covid19tracker.ca/vaccinationtracker.html,"Moderna, Oxford/AstraZeneca, Pfizer/BioNTech"
2021-10-15,57535702,27661425,353452,29520825,Canada,https://covid19tracker.ca/vaccinationtracker.html,"Moderna, Oxford/AstraZeneca, Pfizer/BioNTech"
2021-10-16,57584787,27692198,355783,29536806,Canada,https://covid19tracker.ca/vaccinationtracker.html,"Moderna, Oxford/AstraZeneca, Pfizer/BioNTech"
2021-10-17,57628093,27719725,356771,29551597,Canada,https://covid19tracker.ca/vaccinationtracker.html,"Moderna, Oxford/AstraZeneca, Pfizer/BioNTech"
2021-10-18,57747017,27781021,382335,29583661,Canada,https://covid19tracker.ca/vaccinationtracker.html,"Moderna, Oxford/AstraZeneca, Pfizer/BioNTech"
2021-10-19,57825797,27817552,401310,29606935,Canada,https://covid19tracker.ca/vaccinationtracker.html,"Moderna, Oxford/AstraZeneca, Pfizer/BioNTech"
2021-10-20,57908572,27862601,415509,29630462,Canada,https://covid19tracker.ca/vaccinationtracker.html,"Moderna, Oxford/AstraZeneca, Pfizer/BioNTech"
2021-10-21,57995493,27905769,431697,29658027,Canada,https://covid19tracker.ca/vaccinationtracker.html,"Moderna, Oxford/AstraZeneca, Pfizer/BioNTech"
2021-10-22,58087804,27954352,448800,29684652,Canada,https://covid19tracker.ca/vaccinationtracker.html,"Moderna, Oxford/AstraZeneca, Pfizer/BioNTech"
2021-10-23,58132709,27981574,452550,29698585,Canada,https://covid19tracker.ca/vaccinationtracker.html,"Moderna, Oxford/AstraZeneca, Pfizer/BioNTech"
2021-10-24,58169651,28005450,453553,29710648,Canada,https://covid19tracker.ca/vaccinationtracker.html,"Moderna, Oxford/AstraZeneca, Pfizer/BioNTech"
2021-10-25,58279150,28067358,475338,29736454,Canada,https://covid19tracker.ca/vaccinationtracker.html,"Moderna, Oxford/AstraZeneca, Pfizer/BioNTech"
2021-10-26,58361577,28108320,497340,29755917,Canada,https://covid19tracker.ca/vaccinationtracker.html,"Moderna, Oxford/AstraZeneca, Pfizer/BioNTech"
2021-10-27,58435718,28148249,512628,29774841,Canada,https://covid19tracker.ca/vaccinationtracker.html,"Moderna, Oxford/AstraZeneca, Pfizer/BioNTech"
2021-10-28,58517874,28188539,529981,29799354,Canada,https://covid19tracker.ca/vaccinationtracker.html,"Moderna, Oxford/AstraZeneca, Pfizer/BioNTech"
2021-10-29,58594006,28228169,540185,29825652,Canada,https://covid19tracker.ca/vaccinationtracker.html,"Moderna, Oxford/AstraZeneca, Pfizer/BioNTech"
2021-10-30,58633850,28252065,545154,29836631,Canada,https://covid19tracker.ca/vaccinationtracker.html,"Moderna, Oxford/AstraZeneca, Pfizer/BioNTech"
2021-10-31,58666567,28273755,546472,29846340,Canada,https://covid19tracker.ca/vaccinationtracker.html,"Moderna, Oxford/AstraZeneca, Pfizer/BioNTech"
2021-11-01,58758955,28320571,575697,29862687,Canada,https://covid19tracker.ca/vaccinationtracker.html,"Moderna, Oxford/AstraZeneca, Pfizer/BioNTech"
2021-11-02,58814173,28341249,601818,29871106,Canada,https://covid19tracker.ca/vaccinationtracker.html,"Moderna, Oxford/AstraZeneca, Pfizer/BioNTech"
2021-11-03,58889064,28375301,624408,29889355,Canada,https://covid19tracker.ca/vaccinationtracker.html,"Moderna, Oxford/AstraZeneca, Pfizer/BioNTech"
2021-11-04,58964890,28410160,645159,29909571,Canada,https://covid19tracker.ca/vaccinationtracker.html,"Moderna, Oxford/AstraZeneca, Pfizer/BioNTech"
2021-11-05,59016355,28435077,657191,29924087,Canada,https://covid19tracker.ca/vaccinationtracker.html,"Moderna, Oxford/AstraZeneca, Pfizer/BioNTech"
