location,date,vaccine,total_vaccinations,source_url,people_vaccinated,people_fully_vaccinated,total_boosters
Central African Republic,2021-05-12,"Covaxin, Oxford/AstraZeneca",667,https://covid19.who.int/,667,0,
Central African Republic,2021-05-31,"Covaxin, Oxford/AstraZeneca",18408,https://covid19.who.int/,18408,0,
Central African Republic,2021-06-08,"Covaxin, Oxford/AstraZeneca",26541,https://covid19.who.int/,26541,0,
Central African Republic,2021-06-14,"Covaxin, Oxford/AstraZeneca",29757,https://covid19.who.int/,29757,0,
Central African Republic,2021-06-15,"Covaxin, Oxford/AstraZeneca",42644,https://covid19.who.int/,42644,0,
Central African Republic,2021-06-23,"Covaxin, Oxford/AstraZeneca",78137,https://africacdc.org/covid-19-vaccination/,,,
Central African Republic,2021-06-30,"Covaxin, Oxford/AstraZeneca",78685,https://africacdc.org/covid-19-vaccination/,,,
Central African Republic,2021-07-19,"Covaxin, Oxford/AstraZeneca",92041,https://covid19.who.int/,,,
Central African Republic,2021-07-24,"Covaxin, Oxford/AstraZeneca",93790,https://covid19.who.int/,,,
Central African Republic,2021-08-03,"Covaxin, Oxford/AstraZeneca",94811,https://covid19.who.int/,,,
Central African Republic,2021-08-16,"Covaxin, Oxford/AstraZeneca",95862,https://covid19.who.int/,,,
Central African Republic,2021-08-25,"Covaxin, Oxford/AstraZeneca",108895,https://covid19.who.int/,,,
Central African Republic,2021-09-22,"Covaxin, Oxford/AstraZeneca",150393,https://africacdc.org/covid-19-vaccination/,140492,9901,
Central African Republic,2021-09-30,"Covaxin, Oxford/AstraZeneca",207004,https://africacdc.org/covid-19-vaccination/,197103,9901,
Central African Republic,2021-10-14,"Covaxin, Oxford/AstraZeneca",255345,https://africacdc.org/covid-19-vaccination/,245444,9901,
Central African Republic,2021-10-21,"Covaxin, Oxford/AstraZeneca",385557,https://covid19.who.int/,329627,285529,
Central African Republic,2021-11-01,"Covaxin, Oxford/AstraZeneca",422182,https://covid19.who.int/,361984,321668,
