location,date,vaccine,total_vaccinations,source_url,people_vaccinated,people_fully_vaccinated,total_boosters
Chad,2021-06-10,Sinopharm/Beijing,5324,https://covid19.who.int/,5324,0,
Chad,2021-06-23,Sinopharm/Beijing,8981,https://africacdc.org/covid-19-vaccination/,8981,0,
Chad,2021-06-28,Sinopharm/Beijing,9799,https://covid19.who.int/,9799,0,
Chad,2021-07-05,Sinopharm/Beijing,14604,https://covid19.who.int/,10920,3684,
Chad,2021-07-07,Sinopharm/Beijing,20478,https://africacdc.org/covid-19-vaccination/,15966,4512,
Chad,2021-07-15,Sinopharm/Beijing,24459,https://africacdc.org/covid-19-vaccination/,18484,5975,
Chad,2021-07-21,Sinopharm/Beijing,28810,https://africacdc.org/covid-19-vaccination/,21581,7229,
Chad,2021-07-29,Sinopharm/Beijing,29980,https://africacdc.org/covid-19-vaccination/,22445,7535,
Chad,2021-08-05,Sinopharm/Beijing,36173,https://africacdc.org/covid-19-vaccination/,26511,9662,
Chad,2021-08-12,Sinopharm/Beijing,40649,https://africacdc.org/covid-19-vaccination/,29786,10863,
Chad,2021-08-19,Sinopharm/Beijing,45390,https://africacdc.org/covid-19-vaccination/,33525,11865,
Chad,2021-08-28,Sinopharm/Beijing,51697,https://covid19.who.int/,37024,14673,
Chad,2021-08-30,Sinopharm/Beijing,55598,https://covid19.who.int/,40329,15269,
Chad,2021-09-02,Sinopharm/Beijing,68267,https://covid19.who.int/,,,
Chad,2021-09-09,Sinopharm/Beijing,76242,https://africacdc.org/covid-19-vaccination/,60431,15811,
Chad,2021-09-12,Sinopharm/Beijing,98302,https://covid19.who.int/,,,
Chad,2021-09-15,Sinopharm/Beijing,104707,https://africacdc.org/covid-19-vaccination/,86821,17886,
Chad,2021-09-19,Sinopharm/Beijing,123052,https://covid19.who.int/,98213,24839,
Chad,2021-09-26,Sinopharm/Beijing,142548,https://covid19.who.int/,113135,29413,
Chad,2021-09-29,Sinopharm/Beijing,154042,https://covid19.who.int/,123426,30616,
Chad,2021-10-06,Sinopharm/Beijing,173184,https://covid19.who.int/,139591,33593,
Chad,2021-10-11,Sinopharm/Beijing,183351,https://covid19.who.int/,146669,36682,
Chad,2021-10-13,Sinopharm/Beijing,191439,https://covid19.who.int/,150842,40597,
Chad,2021-10-17,Sinopharm/Beijing,199516,https://covid19.who.int/,155038,44478,
Chad,2021-10-24,Sinopharm/Beijing,224180,https://covid19.who.int/,165934,58246,
Chad,2021-10-31,Sinopharm/Beijing,226843,https://reliefweb.int/sites/reliefweb.int/files/resources/sitrep_covid-19_n445_du_1-31_octobre_2021.pdf,166793,60050,
