date,people_vaccinated,people_fully_vaccinated,total_vaccinations,total_boosters,vaccine,location,source_url
2020-12-24,420,0,420,0,Pfizer/BioNTech,Chile,https://github.com/MinCiencia/Datos-COVID19
2020-12-25,5202,0,5202,0,Pfizer/BioNTech,Chile,https://github.com/MinCiencia/Datos-COVID19
2020-12-26,8345,0,8345,0,Pfizer/BioNTech,Chile,https://github.com/MinCiencia/Datos-COVID19
2020-12-27,8656,0,8656,0,Pfizer/BioNTech,Chile,https://github.com/MinCiencia/Datos-COVID19
2020-12-28,8656,0,8656,0,Pfizer/BioNTech,Chile,https://github.com/MinCiencia/Datos-COVID19
2020-12-29,8656,0,8656,0,Pfizer/BioNTech,Chile,https://github.com/MinCiencia/Datos-COVID19
2020-12-30,8656,0,8656,0,Pfizer/BioNTech,Chile,https://github.com/MinCiencia/Datos-COVID19
2020-12-31,8656,0,8656,0,Pfizer/BioNTech,Chile,https://github.com/MinCiencia/Datos-COVID19
2021-01-01,8656,0,8656,0,Pfizer/BioNTech,Chile,https://github.com/MinCiencia/Datos-COVID19
2021-01-02,8656,0,8656,0,Pfizer/BioNTech,Chile,https://github.com/MinCiencia/Datos-COVID19
2021-01-03,8656,0,8656,0,Pfizer/BioNTech,Chile,https://github.com/MinCiencia/Datos-COVID19
2021-01-04,9061,0,9061,0,Pfizer/BioNTech,Chile,https://github.com/MinCiencia/Datos-COVID19
2021-01-05,10504,0,10504,0,Pfizer/BioNTech,Chile,https://github.com/MinCiencia/Datos-COVID19
2021-01-06,10709,0,10709,0,Pfizer/BioNTech,Chile,https://github.com/MinCiencia/Datos-COVID19
2021-01-07,10709,0,10709,0,Pfizer/BioNTech,Chile,https://github.com/MinCiencia/Datos-COVID19
2021-01-08,10710,0,10710,0,Pfizer/BioNTech,Chile,https://github.com/MinCiencia/Datos-COVID19
2021-01-09,10710,0,10710,0,Pfizer/BioNTech,Chile,https://github.com/MinCiencia/Datos-COVID19
2021-01-10,10711,0,10711,0,Pfizer/BioNTech,Chile,https://github.com/MinCiencia/Datos-COVID19
2021-01-11,10711,0,10711,0,Pfizer/BioNTech,Chile,https://github.com/MinCiencia/Datos-COVID19
2021-01-12,10711,0,10711,0,Pfizer/BioNTech,Chile,https://github.com/MinCiencia/Datos-COVID19
2021-01-13,10712,1032,11744,0,Pfizer/BioNTech,Chile,https://github.com/MinCiencia/Datos-COVID19
2021-01-14,12832,5829,18661,0,Pfizer/BioNTech,Chile,https://github.com/MinCiencia/Datos-COVID19
2021-01-15,13789,8303,22092,0,Pfizer/BioNTech,Chile,https://github.com/MinCiencia/Datos-COVID19
2021-01-16,13812,8370,22182,0,Pfizer/BioNTech,Chile,https://github.com/MinCiencia/Datos-COVID19
2021-01-17,13812,8370,22182,0,Pfizer/BioNTech,Chile,https://github.com/MinCiencia/Datos-COVID19
2021-01-18,24863,8370,33233,0,Pfizer/BioNTech,Chile,https://github.com/MinCiencia/Datos-COVID19
2021-01-19,44229,8371,52600,0,Pfizer/BioNTech,Chile,https://github.com/MinCiencia/Datos-COVID19
2021-01-20,53539,8371,61910,0,Pfizer/BioNTech,Chile,https://github.com/MinCiencia/Datos-COVID19
2021-01-21,56596,8371,64967,0,Pfizer/BioNTech,Chile,https://github.com/MinCiencia/Datos-COVID19
2021-01-22,57007,8375,65382,0,Pfizer/BioNTech,Chile,https://github.com/MinCiencia/Datos-COVID19
2021-01-23,57007,8375,65382,0,Pfizer/BioNTech,Chile,https://github.com/MinCiencia/Datos-COVID19
2021-01-24,57007,8375,65382,0,Pfizer/BioNTech,Chile,https://github.com/MinCiencia/Datos-COVID19
2021-01-25,57024,9778,66802,0,Pfizer/BioNTech,Chile,https://github.com/MinCiencia/Datos-COVID19
2021-01-26,57043,10373,67416,0,Pfizer/BioNTech,Chile,https://github.com/MinCiencia/Datos-COVID19
2021-01-27,57044,10407,67451,0,Pfizer/BioNTech,Chile,https://github.com/MinCiencia/Datos-COVID19
2021-01-28,57044,10407,67451,0,Pfizer/BioNTech,Chile,https://github.com/MinCiencia/Datos-COVID19
2021-01-29,57044,10412,67456,0,Pfizer/BioNTech,Chile,https://github.com/MinCiencia/Datos-COVID19
2021-01-30,57045,10412,67457,0,Pfizer/BioNTech,Chile,https://github.com/MinCiencia/Datos-COVID19
2021-01-31,57045,10413,67458,0,Pfizer/BioNTech,Chile,https://github.com/MinCiencia/Datos-COVID19
2021-02-01,57045,10413,67458,0,Pfizer/BioNTech,Chile,https://github.com/MinCiencia/Datos-COVID19
2021-02-02,70230,10419,80649,0,"Pfizer/BioNTech, Sinovac",Chile,https://github.com/MinCiencia/Datos-COVID19
2021-02-03,240619,10419,251038,0,"Pfizer/BioNTech, Sinovac",Chile,https://github.com/MinCiencia/Datos-COVID19
2021-02-04,414669,12527,427196,0,"Pfizer/BioNTech, Sinovac",Chile,https://github.com/MinCiencia/Datos-COVID19
2021-02-05,583507,13197,596704,0,"Pfizer/BioNTech, Sinovac",Chile,https://github.com/MinCiencia/Datos-COVID19
2021-02-06,611361,13202,624563,0,"Pfizer/BioNTech, Sinovac",Chile,https://github.com/MinCiencia/Datos-COVID19
2021-02-07,619999,13204,633203,0,"Pfizer/BioNTech, Sinovac",Chile,https://github.com/MinCiencia/Datos-COVID19
2021-02-08,841516,24986,866502,0,"Pfizer/BioNTech, Sinovac",Chile,https://github.com/MinCiencia/Datos-COVID19
2021-02-09,1084031,44376,1128407,0,"Pfizer/BioNTech, Sinovac",Chile,https://github.com/MinCiencia/Datos-COVID19
2021-02-10,1356481,52722,1409203,0,"Pfizer/BioNTech, Sinovac",Chile,https://github.com/MinCiencia/Datos-COVID19
2021-02-11,1607894,55610,1663504,0,"Pfizer/BioNTech, Sinovac",Chile,https://github.com/MinCiencia/Datos-COVID19
2021-02-12,1837181,55820,1893001,0,"Pfizer/BioNTech, Sinovac",Chile,https://github.com/MinCiencia/Datos-COVID19
2021-02-13,1866709,55853,1922562,0,"Pfizer/BioNTech, Sinovac",Chile,https://github.com/MinCiencia/Datos-COVID19
2021-02-14,1871177,55853,1927030,0,"Pfizer/BioNTech, Sinovac",Chile,https://github.com/MinCiencia/Datos-COVID19
2021-02-15,2137053,55853,2192906,0,"Pfizer/BioNTech, Sinovac",Chile,https://github.com/MinCiencia/Datos-COVID19
2021-02-16,2357136,55865,2413001,0,"Pfizer/BioNTech, Sinovac",Chile,https://github.com/MinCiencia/Datos-COVID19
2021-02-17,2545194,55865,2601059,0,"Pfizer/BioNTech, Sinovac",Chile,https://github.com/MinCiencia/Datos-COVID19
2021-02-18,2700476,55866,2756342,0,"Pfizer/BioNTech, Sinovac",Chile,https://github.com/MinCiencia/Datos-COVID19
2021-02-19,2842616,55867,2898483,0,"Pfizer/BioNTech, Sinovac",Chile,https://github.com/MinCiencia/Datos-COVID19
2021-02-20,2852257,55867,2908124,0,"Pfizer/BioNTech, Sinovac",Chile,https://github.com/MinCiencia/Datos-COVID19
2021-02-21,2853419,55867,2909286,0,"Pfizer/BioNTech, Sinovac",Chile,https://github.com/MinCiencia/Datos-COVID19
2021-02-22,2961535,55889,3017424,0,"Pfizer/BioNTech, Sinovac",Chile,https://github.com/MinCiencia/Datos-COVID19
2021-02-23,3055749,55929,3111678,0,"Pfizer/BioNTech, Sinovac",Chile,https://github.com/MinCiencia/Datos-COVID19
2021-02-24,3141856,56103,3197959,0,"Pfizer/BioNTech, Sinovac",Chile,https://github.com/MinCiencia/Datos-COVID19
2021-02-25,3227800,56248,3284048,0,"Pfizer/BioNTech, Sinovac",Chile,https://github.com/MinCiencia/Datos-COVID19
2021-02-26,3306086,56366,3362452,0,"Pfizer/BioNTech, Sinovac",Chile,https://github.com/MinCiencia/Datos-COVID19
2021-02-27,3316130,56370,3372500,0,"Pfizer/BioNTech, Sinovac",Chile,https://github.com/MinCiencia/Datos-COVID19
2021-02-28,3316485,56370,3372855,0,"Pfizer/BioNTech, Sinovac",Chile,https://github.com/MinCiencia/Datos-COVID19
2021-03-01,3453651,56779,3510430,0,"Pfizer/BioNTech, Sinovac",Chile,https://github.com/MinCiencia/Datos-COVID19
2021-03-02,3612614,69199,3681813,0,"Pfizer/BioNTech, Sinovac",Chile,https://github.com/MinCiencia/Datos-COVID19
2021-03-03,3770470,223326,3993796,0,"Pfizer/BioNTech, Sinovac",Chile,https://github.com/MinCiencia/Datos-COVID19
2021-03-04,3915220,389214,4304434,0,"Pfizer/BioNTech, Sinovac",Chile,https://github.com/MinCiencia/Datos-COVID19
2021-03-05,4051450,550975,4602425,0,"Pfizer/BioNTech, Sinovac",Chile,https://github.com/MinCiencia/Datos-COVID19
2021-03-06,4061095,575121,4636216,0,"Pfizer/BioNTech, Sinovac",Chile,https://github.com/MinCiencia/Datos-COVID19
2021-03-07,4062161,582021,4644182,0,"Pfizer/BioNTech, Sinovac",Chile,https://github.com/MinCiencia/Datos-COVID19
2021-03-08,4198784,796153,4994937,0,"Pfizer/BioNTech, Sinovac",Chile,https://github.com/MinCiencia/Datos-COVID19
2021-03-09,4337819,1033755,5371574,0,"Pfizer/BioNTech, Sinovac",Chile,https://github.com/MinCiencia/Datos-COVID19
2021-03-10,4473643,1299385,5773028,0,"Pfizer/BioNTech, Sinovac",Chile,https://github.com/MinCiencia/Datos-COVID19
2021-03-11,4645086,1545119,6190205,0,"Pfizer/BioNTech, Sinovac",Chile,https://github.com/MinCiencia/Datos-COVID19
2021-03-12,4796339,1768361,6564700,0,"Pfizer/BioNTech, Sinovac",Chile,https://github.com/MinCiencia/Datos-COVID19
2021-03-13,4820629,1794550,6615179,0,"Pfizer/BioNTech, Sinovac",Chile,https://github.com/MinCiencia/Datos-COVID19
2021-03-14,4823378,1798389,6621767,0,"Pfizer/BioNTech, Sinovac",Chile,https://github.com/MinCiencia/Datos-COVID19
2021-03-15,4981268,2070914,7052182,0,"Pfizer/BioNTech, Sinovac",Chile,https://github.com/MinCiencia/Datos-COVID19
2021-03-16,5147920,2314619,7462539,0,"Pfizer/BioNTech, Sinovac",Chile,https://github.com/MinCiencia/Datos-COVID19
2021-03-17,5299231,2530716,7829947,0,"Pfizer/BioNTech, Sinovac",Chile,https://github.com/MinCiencia/Datos-COVID19
2021-03-18,5448084,2716923,8165007,0,"Pfizer/BioNTech, Sinovac",Chile,https://github.com/MinCiencia/Datos-COVID19
2021-03-19,5587976,2871736,8459712,0,"Pfizer/BioNTech, Sinovac",Chile,https://github.com/MinCiencia/Datos-COVID19
2021-03-20,5611164,2882755,8493919,0,"Pfizer/BioNTech, Sinovac",Chile,https://github.com/MinCiencia/Datos-COVID19
2021-03-21,5614017,2883927,8497944,0,"Pfizer/BioNTech, Sinovac",Chile,https://github.com/MinCiencia/Datos-COVID19
2021-03-22,5760789,3005965,8766754,0,"Pfizer/BioNTech, Sinovac",Chile,https://github.com/MinCiencia/Datos-COVID19
2021-03-23,5911097,3096621,9007718,0,"Pfizer/BioNTech, Sinovac",Chile,https://github.com/MinCiencia/Datos-COVID19
2021-03-24,6065407,3161459,9226866,0,"Pfizer/BioNTech, Sinovac",Chile,https://github.com/MinCiencia/Datos-COVID19
2021-03-25,6222890,3216718,9439608,0,"Pfizer/BioNTech, Sinovac",Chile,https://github.com/MinCiencia/Datos-COVID19
2021-03-26,6389501,3267864,9657365,0,"Pfizer/BioNTech, Sinovac",Chile,https://github.com/MinCiencia/Datos-COVID19
2021-03-27,6402446,3270613,9673059,0,"Pfizer/BioNTech, Sinovac",Chile,https://github.com/MinCiencia/Datos-COVID19
2021-03-28,6403415,3271037,9674452,0,"Pfizer/BioNTech, Sinovac",Chile,https://github.com/MinCiencia/Datos-COVID19
2021-03-29,6554678,3386605,9941283,0,"Pfizer/BioNTech, Sinovac",Chile,https://github.com/MinCiencia/Datos-COVID19
2021-03-30,6688673,3531359,10220032,0,"Pfizer/BioNTech, Sinovac",Chile,https://github.com/MinCiencia/Datos-COVID19
2021-03-31,6815783,3684663,10500446,0,"Pfizer/BioNTech, Sinovac",Chile,https://github.com/MinCiencia/Datos-COVID19
2021-04-01,6950589,3853288,10803877,0,"Pfizer/BioNTech, Sinovac",Chile,https://github.com/MinCiencia/Datos-COVID19
2021-04-02,6952447,3858473,10810920,0,"Pfizer/BioNTech, Sinovac",Chile,https://github.com/MinCiencia/Datos-COVID19
2021-04-03,6954328,3859821,10814149,0,"Pfizer/BioNTech, Sinovac",Chile,https://github.com/MinCiencia/Datos-COVID19
2021-04-04,6954986,3860289,10815275,0,"Pfizer/BioNTech, Sinovac",Chile,https://github.com/MinCiencia/Datos-COVID19
2021-04-05,7034946,4065255,11100201,0,"Pfizer/BioNTech, Sinovac",Chile,https://github.com/MinCiencia/Datos-COVID19
2021-04-06,7128122,4211993,11340115,0,"Pfizer/BioNTech, Sinovac",Chile,https://github.com/MinCiencia/Datos-COVID19
2021-04-07,7223027,4350455,11573482,0,"Pfizer/BioNTech, Sinovac",Chile,https://github.com/MinCiencia/Datos-COVID19
2021-04-08,7299784,4513325,11813109,0,"Pfizer/BioNTech, Sinovac",Chile,https://github.com/MinCiencia/Datos-COVID19
2021-04-09,7370666,4661461,12032127,0,"Pfizer/BioNTech, Sinovac",Chile,https://github.com/MinCiencia/Datos-COVID19
2021-04-10,7381863,4676303,12058166,0,"Pfizer/BioNTech, Sinovac",Chile,https://github.com/MinCiencia/Datos-COVID19
2021-04-11,7382961,4677659,12060620,0,"Pfizer/BioNTech, Sinovac",Chile,https://github.com/MinCiencia/Datos-COVID19
2021-04-12,7461090,4836639,12297729,0,"Pfizer/BioNTech, Sinovac",Chile,https://github.com/MinCiencia/Datos-COVID19
2021-04-13,7536116,4997033,12533149,0,"Pfizer/BioNTech, Sinovac",Chile,https://github.com/MinCiencia/Datos-COVID19
2021-04-14,7615476,5147267,12762743,0,"Pfizer/BioNTech, Sinovac",Chile,https://github.com/MinCiencia/Datos-COVID19
2021-04-15,7677783,5292231,12970014,0,"Pfizer/BioNTech, Sinovac",Chile,https://github.com/MinCiencia/Datos-COVID19
2021-04-16,7736191,5428151,13164342,0,"Pfizer/BioNTech, Sinovac",Chile,https://github.com/MinCiencia/Datos-COVID19
2021-04-17,7744095,5442543,13186638,0,"Pfizer/BioNTech, Sinovac",Chile,https://github.com/MinCiencia/Datos-COVID19
2021-04-18,7744971,5444309,13189280,0,"Pfizer/BioNTech, Sinovac",Chile,https://github.com/MinCiencia/Datos-COVID19
2021-04-19,7788891,5595549,13384440,0,"Pfizer/BioNTech, Sinovac",Chile,https://github.com/MinCiencia/Datos-COVID19
2021-04-20,7828128,5745746,13573874,0,"Pfizer/BioNTech, Sinovac",Chile,https://github.com/MinCiencia/Datos-COVID19
2021-04-21,7859280,5892262,13751542,0,"Pfizer/BioNTech, Sinovac",Chile,https://github.com/MinCiencia/Datos-COVID19
2021-04-22,7915657,6036677,13952334,0,"Pfizer/BioNTech, Sinovac",Chile,https://github.com/MinCiencia/Datos-COVID19
2021-04-23,7955507,6180528,14136035,0,"Pfizer/BioNTech, Sinovac",Chile,https://github.com/MinCiencia/Datos-COVID19
2021-04-24,7961258,6192466,14153724,0,"Pfizer/BioNTech, Sinovac",Chile,https://github.com/MinCiencia/Datos-COVID19
2021-04-25,7961609,6193159,14154768,0,"Pfizer/BioNTech, Sinovac",Chile,https://github.com/MinCiencia/Datos-COVID19
2021-04-26,8004682,6346849,14351531,0,"Pfizer/BioNTech, Sinovac",Chile,https://github.com/MinCiencia/Datos-COVID19
2021-04-27,8043704,6479425,14523129,0,"Pfizer/BioNTech, Sinovac",Chile,https://github.com/MinCiencia/Datos-COVID19
2021-04-28,8087203,6605113,14692316,0,"Oxford/AstraZeneca, Pfizer/BioNTech, Sinovac",Chile,https://github.com/MinCiencia/Datos-COVID19
2021-04-29,8118070,6729699,14847769,0,"Oxford/AstraZeneca, Pfizer/BioNTech, Sinovac",Chile,https://github.com/MinCiencia/Datos-COVID19
2021-04-30,8169016,6766649,14935665,0,"Oxford/AstraZeneca, Pfizer/BioNTech, Sinovac",Chile,https://github.com/MinCiencia/Datos-COVID19
2021-05-01,8170107,6767859,14937966,0,"Oxford/AstraZeneca, Pfizer/BioNTech, Sinovac",Chile,https://github.com/MinCiencia/Datos-COVID19
2021-05-02,8170906,6768525,14939431,0,"Oxford/AstraZeneca, Pfizer/BioNTech, Sinovac",Chile,https://github.com/MinCiencia/Datos-COVID19
2021-05-03,8246932,6844447,15091379,0,"Oxford/AstraZeneca, Pfizer/BioNTech, Sinovac",Chile,https://github.com/MinCiencia/Datos-COVID19
2021-05-04,8328005,6933129,15261134,0,"Oxford/AstraZeneca, Pfizer/BioNTech, Sinovac",Chile,https://github.com/MinCiencia/Datos-COVID19
2021-05-05,8409514,7026860,15436374,0,"Oxford/AstraZeneca, Pfizer/BioNTech, Sinovac",Chile,https://github.com/MinCiencia/Datos-COVID19
2021-05-06,8491113,7103595,15594708,0,"Oxford/AstraZeneca, Pfizer/BioNTech, Sinovac",Chile,https://github.com/MinCiencia/Datos-COVID19
2021-05-07,8575212,7167514,15742726,0,"Oxford/AstraZeneca, Pfizer/BioNTech, Sinovac",Chile,https://github.com/MinCiencia/Datos-COVID19
2021-05-08,8592598,7175726,15768324,0,"Oxford/AstraZeneca, Pfizer/BioNTech, Sinovac",Chile,https://github.com/MinCiencia/Datos-COVID19
2021-05-09,8593558,7176172,15769730,0,"Oxford/AstraZeneca, Pfizer/BioNTech, Sinovac",Chile,https://github.com/MinCiencia/Datos-COVID19
2021-05-10,8696872,7246645,15943517,0,"Oxford/AstraZeneca, Pfizer/BioNTech, Sinovac",Chile,https://github.com/MinCiencia/Datos-COVID19
2021-05-11,8804294,7332036,16136330,0,"Oxford/AstraZeneca, Pfizer/BioNTech, Sinovac",Chile,https://github.com/MinCiencia/Datos-COVID19
2021-05-12,8909146,7410582,16319728,0,"Oxford/AstraZeneca, Pfizer/BioNTech, Sinovac",Chile,https://github.com/MinCiencia/Datos-COVID19
2021-05-13,9006165,7471293,16477458,0,"Oxford/AstraZeneca, Pfizer/BioNTech, Sinovac",Chile,https://github.com/MinCiencia/Datos-COVID19
2021-05-14,9109409,7527572,16636981,0,"Oxford/AstraZeneca, Pfizer/BioNTech, Sinovac",Chile,https://github.com/MinCiencia/Datos-COVID19
2021-05-15,9110461,7527979,16638440,0,"Oxford/AstraZeneca, Pfizer/BioNTech, Sinovac",Chile,https://github.com/MinCiencia/Datos-COVID19
2021-05-16,9110726,7528150,16638876,0,"Oxford/AstraZeneca, Pfizer/BioNTech, Sinovac",Chile,https://github.com/MinCiencia/Datos-COVID19
2021-05-17,9235324,7575276,16810600,0,"Oxford/AstraZeneca, Pfizer/BioNTech, Sinovac",Chile,https://github.com/MinCiencia/Datos-COVID19
2021-05-18,9371425,7623020,16994445,0,"Oxford/AstraZeneca, Pfizer/BioNTech, Sinovac",Chile,https://github.com/MinCiencia/Datos-COVID19
2021-05-19,9497171,7664332,17161503,0,"Oxford/AstraZeneca, Pfizer/BioNTech, Sinovac",Chile,https://github.com/MinCiencia/Datos-COVID19
2021-05-20,9625679,7727725,17353404,0,"Oxford/AstraZeneca, Pfizer/BioNTech, Sinovac",Chile,https://github.com/MinCiencia/Datos-COVID19
2021-05-21,9633981,7729092,17363073,0,"Oxford/AstraZeneca, Pfizer/BioNTech, Sinovac",Chile,https://github.com/MinCiencia/Datos-COVID19
2021-05-22,9660820,7735378,17396198,0,"Oxford/AstraZeneca, Pfizer/BioNTech, Sinovac",Chile,https://github.com/MinCiencia/Datos-COVID19
2021-05-23,9664516,7735967,17400483,0,"Oxford/AstraZeneca, Pfizer/BioNTech, Sinovac",Chile,https://github.com/MinCiencia/Datos-COVID19
2021-05-24,9840386,7797130,17637516,0,"Oxford/AstraZeneca, Pfizer/BioNTech, Sinovac",Chile,https://github.com/MinCiencia/Datos-COVID19
2021-05-25,10030268,7854084,17884352,0,"Oxford/AstraZeneca, Pfizer/BioNTech, Sinovac",Chile,https://github.com/MinCiencia/Datos-COVID19
2021-05-26,10210946,7902491,18113437,0,"Oxford/AstraZeneca, Pfizer/BioNTech, Sinovac",Chile,https://github.com/MinCiencia/Datos-COVID19
2021-05-27,10377894,7938804,18316698,0,"Oxford/AstraZeneca, Pfizer/BioNTech, Sinovac",Chile,https://github.com/MinCiencia/Datos-COVID19
2021-05-28,10523354,7979726,18503080,0,"Oxford/AstraZeneca, Pfizer/BioNTech, Sinovac",Chile,https://github.com/MinCiencia/Datos-COVID19
2021-05-29,10564950,7985520,18550470,0,"Oxford/AstraZeneca, Pfizer/BioNTech, Sinovac",Chile,https://github.com/MinCiencia/Datos-COVID19
2021-05-30,10574071,7986495,18560566,0,"Oxford/AstraZeneca, Pfizer/BioNTech, Sinovac",Chile,https://github.com/MinCiencia/Datos-COVID19
2021-05-31,10730119,8046262,18776307,0,"CanSino, Oxford/AstraZeneca, Pfizer/BioNTech, Sinovac",Chile,https://github.com/MinCiencia/Datos-COVID19
2021-06-01,10879943,8128304,18997786,0,"CanSino, Oxford/AstraZeneca, Pfizer/BioNTech, Sinovac",Chile,https://github.com/MinCiencia/Datos-COVID19
2021-06-02,11012370,8223458,19202044,0,"CanSino, Oxford/AstraZeneca, Pfizer/BioNTech, Sinovac",Chile,https://github.com/MinCiencia/Datos-COVID19
2021-06-03,11107615,8331690,19365898,0,"CanSino, Oxford/AstraZeneca, Pfizer/BioNTech, Sinovac",Chile,https://github.com/MinCiencia/Datos-COVID19
2021-06-04,11184377,8434543,19511142,0,"CanSino, Oxford/AstraZeneca, Pfizer/BioNTech, Sinovac",Chile,https://github.com/MinCiencia/Datos-COVID19
2021-06-05,11209044,8457524,19548878,0,"CanSino, Oxford/AstraZeneca, Pfizer/BioNTech, Sinovac",Chile,https://github.com/MinCiencia/Datos-COVID19
2021-06-06,11212816,8460547,19553882,0,"CanSino, Oxford/AstraZeneca, Pfizer/BioNTech, Sinovac",Chile,https://github.com/MinCiencia/Datos-COVID19
2021-06-07,11294182,8588143,19735370,0,"CanSino, Oxford/AstraZeneca, Pfizer/BioNTech, Sinovac",Chile,https://github.com/MinCiencia/Datos-COVID19
2021-06-08,11374493,8712741,19920198,0,"CanSino, Oxford/AstraZeneca, Pfizer/BioNTech, Sinovac",Chile,https://github.com/MinCiencia/Datos-COVID19
2021-06-09,11467844,8829859,20113937,0,"CanSino, Oxford/AstraZeneca, Pfizer/BioNTech, Sinovac",Chile,https://github.com/MinCiencia/Datos-COVID19
2021-06-10,11577354,8936680,20317105,0,"CanSino, Oxford/AstraZeneca, Pfizer/BioNTech, Sinovac",Chile,https://github.com/MinCiencia/Datos-COVID19
2021-06-11,11662031,9035098,20496154,0,"CanSino, Oxford/AstraZeneca, Pfizer/BioNTech, Sinovac",Chile,https://github.com/MinCiencia/Datos-COVID19
2021-06-12,11685142,9044896,20528670,0,"CanSino, Oxford/AstraZeneca, Pfizer/BioNTech, Sinovac",Chile,https://github.com/MinCiencia/Datos-COVID19
2021-06-13,11686616,9045542,20530741,0,"CanSino, Oxford/AstraZeneca, Pfizer/BioNTech, Sinovac",Chile,https://github.com/MinCiencia/Datos-COVID19
2021-06-14,11795856,9162223,20752485,0,"CanSino, Oxford/AstraZeneca, Pfizer/BioNTech, Sinovac",Chile,https://github.com/MinCiencia/Datos-COVID19
2021-06-15,11884643,9287951,20963320,0,"CanSino, Oxford/AstraZeneca, Pfizer/BioNTech, Sinovac",Chile,https://github.com/MinCiencia/Datos-COVID19
2021-06-16,11994192,9409335,21190299,0,"CanSino, Oxford/AstraZeneca, Pfizer/BioNTech, Sinovac",Chile,https://github.com/MinCiencia/Datos-COVID19
2021-06-17,12068189,9522443,21374362,0,"CanSino, Oxford/AstraZeneca, Pfizer/BioNTech, Sinovac",Chile,https://github.com/MinCiencia/Datos-COVID19
2021-06-18,12132044,9568271,21481668,0,"CanSino, Oxford/AstraZeneca, Pfizer/BioNTech, Sinovac",Chile,https://github.com/MinCiencia/Datos-COVID19
2021-06-19,12148900,9588429,21518404,0,"CanSino, Oxford/AstraZeneca, Pfizer/BioNTech, Sinovac",Chile,https://github.com/MinCiencia/Datos-COVID19
2021-06-20,12150709,9590589,21522361,0,"CanSino, Oxford/AstraZeneca, Pfizer/BioNTech, Sinovac",Chile,https://github.com/MinCiencia/Datos-COVID19
2021-06-21,12158106,9603013,21542104,0,"CanSino, Oxford/AstraZeneca, Pfizer/BioNTech, Sinovac",Chile,https://github.com/MinCiencia/Datos-COVID19
2021-06-22,12261512,9812326,21851061,0,"CanSino, Oxford/AstraZeneca, Pfizer/BioNTech, Sinovac",Chile,https://github.com/MinCiencia/Datos-COVID19
2021-06-23,12349475,9988509,22102783,0,"CanSino, Oxford/AstraZeneca, Pfizer/BioNTech, Sinovac",Chile,https://github.com/MinCiencia/Datos-COVID19
2021-06-24,12461523,10193340,22356082,0,"CanSino, Oxford/AstraZeneca, Pfizer/BioNTech, Sinovac",Chile,https://github.com/MinCiencia/Datos-COVID19
2021-06-25,12549845,10366460,22567401,0,"CanSino, Oxford/AstraZeneca, Pfizer/BioNTech, Sinovac",Chile,https://github.com/MinCiencia/Datos-COVID19
2021-06-26,12571014,10408294,22620324,0,"CanSino, Oxford/AstraZeneca, Pfizer/BioNTech, Sinovac",Chile,https://github.com/MinCiencia/Datos-COVID19
2021-06-27,12573303,10412931,22625995,0,"CanSino, Oxford/AstraZeneca, Pfizer/BioNTech, Sinovac",Chile,https://github.com/MinCiencia/Datos-COVID19
2021-06-28,12575774,10417296,22631605,0,"CanSino, Oxford/AstraZeneca, Pfizer/BioNTech, Sinovac",Chile,https://github.com/MinCiencia/Datos-COVID19
2021-06-29,12647683,10626838,22881147,0,"CanSino, Oxford/AstraZeneca, Pfizer/BioNTech, Sinovac",Chile,https://github.com/MinCiencia/Datos-COVID19
2021-06-30,12718710,10783798,23086222,0,"CanSino, Oxford/AstraZeneca, Pfizer/BioNTech, Sinovac",Chile,https://github.com/MinCiencia/Datos-COVID19
2021-07-01,12819629,10879738,23269062,0,"CanSino, Oxford/AstraZeneca, Pfizer/BioNTech, Sinovac",Chile,https://github.com/MinCiencia/Datos-COVID19
2021-07-02,12896547,10956123,23410890,0,"CanSino, Oxford/AstraZeneca, Pfizer/BioNTech, Sinovac",Chile,https://github.com/MinCiencia/Datos-COVID19
2021-07-03,12915531,10978558,23448878,0,"CanSino, Oxford/AstraZeneca, Pfizer/BioNTech, Sinovac",Chile,https://github.com/MinCiencia/Datos-COVID19
2021-07-04,12917938,10981063,23453389,0,"CanSino, Oxford/AstraZeneca, Pfizer/BioNTech, Sinovac",Chile,https://github.com/MinCiencia/Datos-COVID19
2021-07-05,12976118,11088426,23608520,0,"CanSino, Oxford/AstraZeneca, Pfizer/BioNTech, Sinovac",Chile,https://github.com/MinCiencia/Datos-COVID19
2021-07-06,13027424,11175057,23738863,0,"CanSino, Oxford/AstraZeneca, Pfizer/BioNTech, Sinovac",Chile,https://github.com/MinCiencia/Datos-COVID19
2021-07-07,13106049,11263423,23901054,0,"CanSino, Oxford/AstraZeneca, Pfizer/BioNTech, Sinovac",Chile,https://github.com/MinCiencia/Datos-COVID19
2021-07-08,13167981,11362057,24057752,0,"CanSino, Oxford/AstraZeneca, Pfizer/BioNTech, Sinovac",Chile,https://github.com/MinCiencia/Datos-COVID19
2021-07-09,13222496,11450994,24197286,0,"CanSino, Oxford/AstraZeneca, Pfizer/BioNTech, Sinovac",Chile,https://github.com/MinCiencia/Datos-COVID19
2021-07-10,13244080,11474424,24240725,0,"CanSino, Oxford/AstraZeneca, Pfizer/BioNTech, Sinovac",Chile,https://github.com/MinCiencia/Datos-COVID19
2021-07-11,13246653,11477137,24245840,0,"CanSino, Oxford/AstraZeneca, Pfizer/BioNTech, Sinovac",Chile,https://github.com/MinCiencia/Datos-COVID19
2021-07-12,13299955,11607737,24425651,0,"CanSino, Oxford/AstraZeneca, Pfizer/BioNTech, Sinovac",Chile,https://github.com/MinCiencia/Datos-COVID19
2021-07-13,13383018,11711579,24609721,0,"CanSino, Oxford/AstraZeneca, Pfizer/BioNTech, Sinovac",Chile,https://github.com/MinCiencia/Datos-COVID19
2021-07-14,13440472,11819800,24772672,0,"CanSino, Oxford/AstraZeneca, Pfizer/BioNTech, Sinovac",Chile,https://github.com/MinCiencia/Datos-COVID19
2021-07-15,13517335,11915683,24940109,0,"CanSino, Oxford/AstraZeneca, Pfizer/BioNTech, Sinovac",Chile,https://github.com/MinCiencia/Datos-COVID19
2021-07-16,13519560,11918383,24944937,0,"CanSino, Oxford/AstraZeneca, Pfizer/BioNTech, Sinovac",Chile,https://github.com/MinCiencia/Datos-COVID19
2021-07-17,13529992,11932315,24968832,0,"CanSino, Oxford/AstraZeneca, Pfizer/BioNTech, Sinovac",Chile,https://github.com/MinCiencia/Datos-COVID19
2021-07-18,13531025,11933619,24971067,0,"CanSino, Oxford/AstraZeneca, Pfizer/BioNTech, Sinovac",Chile,https://github.com/MinCiencia/Datos-COVID19
2021-07-19,13581331,12009355,25094474,0,"CanSino, Oxford/AstraZeneca, Pfizer/BioNTech, Sinovac",Chile,https://github.com/MinCiencia/Datos-COVID19
2021-07-20,13623280,12103599,25228931,0,"CanSino, Oxford/AstraZeneca, Pfizer/BioNTech, Sinovac",Chile,https://github.com/MinCiencia/Datos-COVID19
2021-07-21,13658042,12175112,25333804,0,"CanSino, Oxford/AstraZeneca, Pfizer/BioNTech, Sinovac",Chile,https://github.com/MinCiencia/Datos-COVID19
2021-07-22,13695498,12217679,25412233,0,"CanSino, Oxford/AstraZeneca, Pfizer/BioNTech, Sinovac",Chile,https://github.com/MinCiencia/Datos-COVID19
2021-07-23,13754918,12275612,25528356,0,"CanSino, Oxford/AstraZeneca, Pfizer/BioNTech, Sinovac",Chile,https://github.com/MinCiencia/Datos-COVID19
2021-07-24,13779390,12287190,25562979,0,"CanSino, Oxford/AstraZeneca, Pfizer/BioNTech, Sinovac",Chile,https://github.com/MinCiencia/Datos-COVID19
2021-07-25,13781494,12288092,25565943,0,"CanSino, Oxford/AstraZeneca, Pfizer/BioNTech, Sinovac",Chile,https://github.com/MinCiencia/Datos-COVID19
2021-07-26,13797934,12329414,25622755,0,"CanSino, Oxford/AstraZeneca, Pfizer/BioNTech, Sinovac",Chile,https://github.com/MinCiencia/Datos-COVID19
2021-07-27,13808002,12371230,25673860,0,"CanSino, Oxford/AstraZeneca, Pfizer/BioNTech, Sinovac",Chile,https://github.com/MinCiencia/Datos-COVID19
2021-07-28,13815711,12399352,25709158,0,"CanSino, Oxford/AstraZeneca, Pfizer/BioNTech, Sinovac",Chile,https://github.com/MinCiencia/Datos-COVID19
2021-07-29,13824851,12481043,25799510,0,"CanSino, Oxford/AstraZeneca, Pfizer/BioNTech, Sinovac",Chile,https://github.com/MinCiencia/Datos-COVID19
2021-07-30,13833502,12549475,25876318,0,"CanSino, Oxford/AstraZeneca, Pfizer/BioNTech, Sinovac",Chile,https://github.com/MinCiencia/Datos-COVID19
2021-07-31,13834574,12559624,25887527,0,"CanSino, Oxford/AstraZeneca, Pfizer/BioNTech, Sinovac",Chile,https://github.com/MinCiencia/Datos-COVID19
2021-08-01,13834609,12560060,25887997,0,"CanSino, Oxford/AstraZeneca, Pfizer/BioNTech, Sinovac",Chile,https://github.com/MinCiencia/Datos-COVID19
2021-08-02,13935154,12584757,26012239,0,"CanSino, Oxford/AstraZeneca, Pfizer/BioNTech, Sinovac",Chile,https://github.com/MinCiencia/Datos-COVID19
2021-08-03,14048834,12611003,26151311,0,"CanSino, Oxford/AstraZeneca, Pfizer/BioNTech, Sinovac",Chile,https://github.com/MinCiencia/Datos-COVID19
2021-08-04,14053851,12670962,26216063,0,"CanSino, Oxford/AstraZeneca, Pfizer/BioNTech, Sinovac",Chile,https://github.com/MinCiencia/Datos-COVID19
2021-08-05,14057303,12714022,26262393,0,"CanSino, Oxford/AstraZeneca, Pfizer/BioNTech, Sinovac",Chile,https://github.com/MinCiencia/Datos-COVID19
2021-08-06,14060474,12745755,26297117,0,"CanSino, Oxford/AstraZeneca, Pfizer/BioNTech, Sinovac",Chile,https://github.com/MinCiencia/Datos-COVID19
2021-08-07,14060731,12746682,26298285,0,"CanSino, Oxford/AstraZeneca, Pfizer/BioNTech, Sinovac",Chile,https://github.com/MinCiencia/Datos-COVID19
2021-08-08,14060787,12746704,26298363,0,"CanSino, Oxford/AstraZeneca, Pfizer/BioNTech, Sinovac",Chile,https://github.com/MinCiencia/Datos-COVID19
2021-08-09,14137910,12768150,26396712,0,"CanSino, Oxford/AstraZeneca, Pfizer/BioNTech, Sinovac",Chile,https://github.com/MinCiencia/Datos-COVID19
2021-08-10,14206200,12787876,26484505,30,"CanSino, Oxford/AstraZeneca, Pfizer/BioNTech, Sinovac",Chile,https://github.com/MinCiencia/Datos-COVID19
2021-08-11,14209133,12905838,26675446,70186,"CanSino, Oxford/AstraZeneca, Pfizer/BioNTech, Sinovac",Chile,https://github.com/MinCiencia/Datos-COVID19
2021-08-12,14211577,12985278,26847252,160219,"CanSino, Oxford/AstraZeneca, Pfizer/BioNTech, Sinovac",Chile,https://github.com/MinCiencia/Datos-COVID19
2021-08-13,14213773,13034467,26995616,257295,"CanSino, Oxford/AstraZeneca, Pfizer/BioNTech, Sinovac",Chile,https://github.com/MinCiencia/Datos-COVID19
2021-08-14,14214067,13035487,27000385,260763,"CanSino, Oxford/AstraZeneca, Pfizer/BioNTech, Sinovac",Chile,https://github.com/MinCiencia/Datos-COVID19
2021-08-15,14214291,13035687,27000897,260851,"CanSino, Oxford/AstraZeneca, Pfizer/BioNTech, Sinovac",Chile,https://github.com/MinCiencia/Datos-COVID19
2021-08-16,14253275,13058089,27220175,419164,"CanSino, Oxford/AstraZeneca, Pfizer/BioNTech, Sinovac",Chile,https://github.com/MinCiencia/Datos-COVID19
2021-08-17,14290650,13084921,27459692,597556,"CanSino, Oxford/AstraZeneca, Pfizer/BioNTech, Sinovac",Chile,https://github.com/MinCiencia/Datos-COVID19
2021-08-18,14293879,13163267,27650158,707749,"CanSino, Oxford/AstraZeneca, Pfizer/BioNTech, Sinovac",Chile,https://github.com/MinCiencia/Datos-COVID19
2021-08-19,14296934,13223977,27820045,815357,"CanSino, Oxford/AstraZeneca, Pfizer/BioNTech, Sinovac",Chile,https://github.com/MinCiencia/Datos-COVID19
2021-08-20,14300116,13280421,27970170,907729,"CanSino, Oxford/AstraZeneca, Pfizer/BioNTech, Sinovac",Chile,https://github.com/MinCiencia/Datos-COVID19
2021-08-21,14301465,13283409,27976633,911026,"CanSino, Oxford/AstraZeneca, Pfizer/BioNTech, Sinovac",Chile,https://github.com/MinCiencia/Datos-COVID19
2021-08-22,14302158,13284222,27977941,911445,"CanSino, Oxford/AstraZeneca, Pfizer/BioNTech, Sinovac",Chile,https://github.com/MinCiencia/Datos-COVID19
2021-08-23,14332129,13313973,28097103,975825,"CanSino, Oxford/AstraZeneca, Pfizer/BioNTech, Sinovac",Chile,https://github.com/MinCiencia/Datos-COVID19
2021-08-24,14359098,13336688,28215908,1049724,"CanSino, Oxford/AstraZeneca, Pfizer/BioNTech, Sinovac",Chile,https://github.com/MinCiencia/Datos-COVID19
2021-08-25,14377056,13353858,28329222,1131487,"CanSino, Oxford/AstraZeneca, Pfizer/BioNTech, Sinovac",Chile,https://github.com/MinCiencia/Datos-COVID19
2021-08-26,14380119,13435008,28513603,1233136,"CanSino, Oxford/AstraZeneca, Pfizer/BioNTech, Sinovac",Chile,https://github.com/MinCiencia/Datos-COVID19
2021-08-27,14382998,13488945,28647035,1311216,"CanSino, Oxford/AstraZeneca, Pfizer/BioNTech, Sinovac",Chile,https://github.com/MinCiencia/Datos-COVID19
2021-08-28,14384275,13491135,28651292,1313059,"CanSino, Oxford/AstraZeneca, Pfizer/BioNTech, Sinovac",Chile,https://github.com/MinCiencia/Datos-COVID19
2021-08-29,14384748,13491697,28652150,1313278,"CanSino, Oxford/AstraZeneca, Pfizer/BioNTech, Sinovac",Chile,https://github.com/MinCiencia/Datos-COVID19
2021-08-30,14406708,13572879,28845981,1407979,"CanSino, Oxford/AstraZeneca, Pfizer/BioNTech, Sinovac",Chile,https://github.com/MinCiencia/Datos-COVID19
2021-08-31,14428646,13667454,29049243,1499024,"CanSino, Oxford/AstraZeneca, Pfizer/BioNTech, Sinovac",Chile,https://github.com/MinCiencia/Datos-COVID19
2021-09-01,14431429,13702055,29206363,1620131,"CanSino, Oxford/AstraZeneca, Pfizer/BioNTech, Sinovac",Chile,https://github.com/MinCiencia/Datos-COVID19
2021-09-02,14433815,13726724,29346958,1734803,"CanSino, Oxford/AstraZeneca, Pfizer/BioNTech, Sinovac",Chile,https://github.com/MinCiencia/Datos-COVID19
2021-09-03,14436091,13744834,29449033,1817814,"CanSino, Oxford/AstraZeneca, Pfizer/BioNTech, Sinovac",Chile,https://github.com/MinCiencia/Datos-COVID19
2021-09-04,14436632,13745673,29451711,1819470,"CanSino, Oxford/AstraZeneca, Pfizer/BioNTech, Sinovac",Chile,https://github.com/MinCiencia/Datos-COVID19
2021-09-05,14436774,13745831,29452001,1819584,"CanSino, Oxford/AstraZeneca, Pfizer/BioNTech, Sinovac",Chile,https://github.com/MinCiencia/Datos-COVID19
2021-09-06,14453897,13807394,29606775,1898048,"CanSino, Oxford/AstraZeneca, Pfizer/BioNTech, Sinovac",Chile,https://github.com/MinCiencia/Datos-COVID19
2021-09-07,14471210,13870618,29789625,2002460,"CanSino, Oxford/AstraZeneca, Pfizer/BioNTech, Sinovac",Chile,https://github.com/MinCiencia/Datos-COVID19
2021-09-08,14473118,13886543,29940320,2136062,"CanSino, Oxford/AstraZeneca, Pfizer/BioNTech, Sinovac",Chile,https://github.com/MinCiencia/Datos-COVID19
2021-09-09,14474854,13898191,30077813,2260818,"CanSino, Oxford/AstraZeneca, Pfizer/BioNTech, Sinovac",Chile,https://github.com/MinCiencia/Datos-COVID19
2021-09-10,14476344,13907731,30212783,2385337,"CanSino, Oxford/AstraZeneca, Pfizer/BioNTech, Sinovac",Chile,https://github.com/MinCiencia/Datos-COVID19
2021-09-11,14476721,13908348,30216129,2387891,"CanSino, Oxford/AstraZeneca, Pfizer/BioNTech, Sinovac",Chile,https://github.com/MinCiencia/Datos-COVID19
2021-09-12,14476766,13908406,30216444,2388130,"CanSino, Oxford/AstraZeneca, Pfizer/BioNTech, Sinovac",Chile,https://github.com/MinCiencia/Datos-COVID19
2021-09-13,14543249,13948261,30408967,2475476,"CanSino, Oxford/AstraZeneca, Pfizer/BioNTech, Sinovac",Chile,https://github.com/MinCiencia/Datos-COVID19
2021-09-14,14596387,13988250,30588301,2562982,"CanSino, Oxford/AstraZeneca, Pfizer/BioNTech, Sinovac",Chile,https://github.com/MinCiencia/Datos-COVID19
2021-09-15,14652444,14004560,30729083,2632425,"CanSino, Oxford/AstraZeneca, Pfizer/BioNTech, Sinovac",Chile,https://github.com/MinCiencia/Datos-COVID19
2021-09-16,14680065,14013051,30795704,2663513,"CanSino, Oxford/AstraZeneca, Pfizer/BioNTech, Sinovac",Chile,https://github.com/MinCiencia/Datos-COVID19
2021-09-17,14680146,14013104,30795887,2663566,"CanSino, Oxford/AstraZeneca, Pfizer/BioNTech, Sinovac",Chile,https://github.com/MinCiencia/Datos-COVID19
2021-09-18,14680160,14013118,30795905,2663566,"CanSino, Oxford/AstraZeneca, Pfizer/BioNTech, Sinovac",Chile,https://github.com/MinCiencia/Datos-COVID19
2021-09-19,14680163,14013123,30795910,2663566,"CanSino, Oxford/AstraZeneca, Pfizer/BioNTech, Sinovac",Chile,https://github.com/MinCiencia/Datos-COVID19
2021-09-20,14746922,14036495,30941424,2719903,"CanSino, Oxford/AstraZeneca, Pfizer/BioNTech, Sinovac",Chile,https://github.com/MinCiencia/Datos-COVID19
2021-09-21,14809413,14060980,31100134,2792558,"CanSino, Oxford/AstraZeneca, Pfizer/BioNTech, Sinovac",Chile,https://github.com/MinCiencia/Datos-COVID19
2021-09-22,14883871,14078991,31266803,2867416,"CanSino, Oxford/AstraZeneca, Pfizer/BioNTech, Sinovac",Chile,https://github.com/MinCiencia/Datos-COVID19
2021-09-23,14935839,14090302,31410610,2948519,"CanSino, Oxford/AstraZeneca, Pfizer/BioNTech, Sinovac",Chile,https://github.com/MinCiencia/Datos-COVID19
2021-09-24,15008052,14100027,31559614,3016095,"CanSino, Oxford/AstraZeneca, Pfizer/BioNTech, Sinovac",Chile,https://github.com/MinCiencia/Datos-COVID19
2021-09-25,15008964,14100429,31562339,3017638,"CanSino, Oxford/AstraZeneca, Pfizer/BioNTech, Sinovac",Chile,https://github.com/MinCiencia/Datos-COVID19
2021-09-26,15009204,14100490,31562758,3017795,"CanSino, Oxford/AstraZeneca, Pfizer/BioNTech, Sinovac",Chile,https://github.com/MinCiencia/Datos-COVID19
2021-09-27,15108668,14118399,31761690,3099919,"CanSino, Oxford/AstraZeneca, Pfizer/BioNTech, Sinovac",Chile,https://github.com/MinCiencia/Datos-COVID19
2021-09-28,15230237,14138554,31995118,3192208,"CanSino, Oxford/AstraZeneca, Pfizer/BioNTech, Sinovac",Chile,https://github.com/MinCiencia/Datos-COVID19
2021-09-29,15354320,14150190,32216881,3278816,"CanSino, Oxford/AstraZeneca, Pfizer/BioNTech, Sinovac",Chile,https://github.com/MinCiencia/Datos-COVID19
2021-09-30,15469994,14159118,32417668,3355430,"CanSino, Oxford/AstraZeneca, Pfizer/BioNTech, Sinovac",Chile,https://github.com/MinCiencia/Datos-COVID19
2021-10-01,15575645,14166910,32600219,3425163,"CanSino, Oxford/AstraZeneca, Pfizer/BioNTech, Sinovac",Chile,https://github.com/MinCiencia/Datos-COVID19
2021-10-02,15581641,14167277,32608643,3427280,"CanSino, Oxford/AstraZeneca, Pfizer/BioNTech, Sinovac",Chile,https://github.com/MinCiencia/Datos-COVID19
2021-10-03,15582082,14167361,32609591,3427730,"CanSino, Oxford/AstraZeneca, Pfizer/BioNTech, Sinovac",Chile,https://github.com/MinCiencia/Datos-COVID19
2021-10-04,15666137,14182708,32780254,3499313,"CanSino, Oxford/AstraZeneca, Pfizer/BioNTech, Sinovac",Chile,https://github.com/MinCiencia/Datos-COVID19
2021-10-05,15743444,14198506,32949140,3575410,"CanSino, Oxford/AstraZeneca, Pfizer/BioNTech, Sinovac",Chile,https://github.com/MinCiencia/Datos-COVID19
2021-10-06,15813452,14206066,33103360,3652480,"CanSino, Oxford/AstraZeneca, Pfizer/BioNTech, Sinovac",Chile,https://github.com/MinCiencia/Datos-COVID19
2021-10-07,15877439,14212232,33258293,3737518,"CanSino, Oxford/AstraZeneca, Pfizer/BioNTech, Sinovac",Chile,https://github.com/MinCiencia/Datos-COVID19
2021-10-08,15932250,14217934,33403103,3822003,"CanSino, Oxford/AstraZeneca, Pfizer/BioNTech, Sinovac",Chile,https://github.com/MinCiencia/Datos-COVID19
2021-10-09,15934311,14218229,33406845,3823437,"CanSino, Oxford/AstraZeneca, Pfizer/BioNTech, Sinovac",Chile,https://github.com/MinCiencia/Datos-COVID19
2021-10-10,15934414,14218250,33407239,3823707,"CanSino, Oxford/AstraZeneca, Pfizer/BioNTech, Sinovac",Chile,https://github.com/MinCiencia/Datos-COVID19
2021-10-11,15934932,14218526,33408731,3824405,"CanSino, Oxford/AstraZeneca, Pfizer/BioNTech, Sinovac",Chile,https://github.com/MinCiencia/Datos-COVID19
2021-10-12,15992940,14284032,33622790,3915161,"CanSino, Oxford/AstraZeneca, Pfizer/BioNTech, Sinovac",Chile,https://github.com/MinCiencia/Datos-COVID19
2021-10-13,16050954,14337503,33847921,4028972,"CanSino, Oxford/AstraZeneca, Pfizer/BioNTech, Sinovac",Chile,https://github.com/MinCiencia/Datos-COVID19
2021-10-14,16100724,14370003,34043308,4142265,"CanSino, Oxford/AstraZeneca, Pfizer/BioNTech, Sinovac",Chile,https://github.com/MinCiencia/Datos-COVID19
2021-10-15,16140864,14388236,34216951,4257713,"CanSino, Oxford/AstraZeneca, Pfizer/BioNTech, Sinovac",Chile,https://github.com/MinCiencia/Datos-COVID19
2021-10-16,16142699,14388665,34223062,4261567,"CanSino, Oxford/AstraZeneca, Pfizer/BioNTech, Sinovac",Chile,https://github.com/MinCiencia/Datos-COVID19
2021-10-17,16142804,14388705,34223878,4262240,"CanSino, Oxford/AstraZeneca, Pfizer/BioNTech, Sinovac",Chile,https://github.com/MinCiencia/Datos-COVID19
2021-10-18,16182560,14435791,34414991,4366671,"CanSino, Oxford/AstraZeneca, Pfizer/BioNTech, Sinovac",Chile,https://github.com/MinCiencia/Datos-COVID19
2021-10-19,16228016,14490231,34641605,4493565,"CanSino, Oxford/AstraZeneca, Pfizer/BioNTech, Sinovac",Chile,https://github.com/MinCiencia/Datos-COVID19
2021-10-20,16267918,14551856,34879710,4630414,"CanSino, Oxford/AstraZeneca, Pfizer/BioNTech, Sinovac",Chile,https://github.com/MinCiencia/Datos-COVID19
2021-10-21,16304227,14600242,35111249,4777388,"CanSino, Oxford/AstraZeneca, Pfizer/BioNTech, Sinovac",Chile,https://github.com/MinCiencia/Datos-COVID19
2021-10-22,16334062,14655715,35354023,4934988,"CanSino, Oxford/AstraZeneca, Pfizer/BioNTech, Sinovac",Chile,https://github.com/MinCiencia/Datos-COVID19
2021-10-23,16335474,14656964,35363662,4941979,"CanSino, Oxford/AstraZeneca, Pfizer/BioNTech, Sinovac",Chile,https://github.com/MinCiencia/Datos-COVID19
2021-10-24,16335601,14657028,35364690,4942816,"CanSino, Oxford/AstraZeneca, Pfizer/BioNTech, Sinovac",Chile,https://github.com/MinCiencia/Datos-COVID19
2021-10-25,16370366,14735755,35641753,5106546,"CanSino, Oxford/AstraZeneca, Pfizer/BioNTech, Sinovac",Chile,https://github.com/MinCiencia/Datos-COVID19
2021-10-26,16402962,14829854,35961867,5300113,"CanSino, Oxford/AstraZeneca, Pfizer/BioNTech, Sinovac",Chile,https://github.com/MinCiencia/Datos-COVID19
2021-10-27,16434867,14931207,36285295,5490442,"CanSino, Oxford/AstraZeneca, Pfizer/BioNTech, Sinovac",Chile,https://github.com/MinCiencia/Datos-COVID19
2021-10-28,16464441,15031851,36604026,5679040,"CanSino, Oxford/AstraZeneca, Pfizer/BioNTech, Sinovac",Chile,https://github.com/MinCiencia/Datos-COVID19
2021-10-29,16489233,15122447,36896899,5856601,"CanSino, Oxford/AstraZeneca, Pfizer/BioNTech, Sinovac",Chile,https://github.com/MinCiencia/Datos-COVID19
2021-10-30,16491610,15126705,36924059,5877130,"CanSino, Oxford/AstraZeneca, Pfizer/BioNTech, Sinovac",Chile,https://github.com/MinCiencia/Datos-COVID19
2021-10-31,16491876,15126965,36926837,5879386,"CanSino, Oxford/AstraZeneca, Pfizer/BioNTech, Sinovac",Chile,https://github.com/MinCiencia/Datos-COVID19
2021-11-01,16492033,15127295,36928872,5880940,"CanSino, Oxford/AstraZeneca, Pfizer/BioNTech, Sinovac",Chile,https://github.com/MinCiencia/Datos-COVID19
2021-11-02,16518195,15220335,37185720,6018779,"CanSino, Oxford/AstraZeneca, Pfizer/BioNTech, Sinovac",Chile,https://github.com/MinCiencia/Datos-COVID19
2021-11-03,16534090,15271735,37376874,6142726,"CanSino, Oxford/AstraZeneca, Pfizer/BioNTech, Sinovac",Chile,https://github.com/MinCiencia/Datos-COVID19
