date,people_fully_vaccinated,people_vaccinated,total_vaccinations,vaccine,location,source_url,total_boosters
2020-12-01,,1,1,Pfizer/BioNTech,Denmark,https://covid19.ssi.dk/overvagningsdata/download-fil-med-vaccinationsdata,
2020-12-16,,2,2,Pfizer/BioNTech,Denmark,https://covid19.ssi.dk/overvagningsdata/download-fil-med-vaccinationsdata,
2020-12-17,,3,3,Pfizer/BioNTech,Denmark,https://covid19.ssi.dk/overvagningsdata/download-fil-med-vaccinationsdata,
2020-12-18,,4,4,Pfizer/BioNTech,Denmark,https://covid19.ssi.dk/overvagningsdata/download-fil-med-vaccinationsdata,
2020-12-19,,5,5,Pfizer/BioNTech,Denmark,https://covid19.ssi.dk/overvagningsdata/download-fil-med-vaccinationsdata,
2020-12-21,,7,7,Pfizer/BioNTech,Denmark,https://covid19.ssi.dk/overvagningsdata/download-fil-med-vaccinationsdata,
2020-12-22,,10,10,Pfizer/BioNTech,Denmark,https://covid19.ssi.dk/overvagningsdata/download-fil-med-vaccinationsdata,
2020-12-23,,14,14,Pfizer/BioNTech,Denmark,https://covid19.ssi.dk/overvagningsdata/download-fil-med-vaccinationsdata,
2020-12-24,,18,18,Pfizer/BioNTech,Denmark,https://covid19.ssi.dk/overvagningsdata/download-fil-med-vaccinationsdata,
2020-12-26,,21,21,Pfizer/BioNTech,Denmark,https://covid19.ssi.dk/overvagningsdata/download-fil-med-vaccinationsdata,
2020-12-27,,6018,6018,Pfizer/BioNTech,Denmark,https://covid19.ssi.dk/overvagningsdata/download-fil-med-vaccinationsdata,
2020-12-28,,7967,7967,Pfizer/BioNTech,Denmark,https://covid19.ssi.dk/overvagningsdata/download-fil-med-vaccinationsdata,
2020-12-29,,16402,16402,Pfizer/BioNTech,Denmark,https://covid19.ssi.dk/overvagningsdata/download-fil-med-vaccinationsdata,
2020-12-30,,27167,27167,Pfizer/BioNTech,Denmark,https://covid19.ssi.dk/overvagningsdata/download-fil-med-vaccinationsdata,
2020-12-31,,32859,32859,Pfizer/BioNTech,Denmark,https://covid19.ssi.dk/overvagningsdata/download-fil-med-vaccinationsdata,
2021-01-01,1,35021,35022,Pfizer/BioNTech,Denmark,https://covid19.ssi.dk/overvagningsdata/download-fil-med-vaccinationsdata,
2021-01-02,1,43161,43162,Pfizer/BioNTech,Denmark,https://covid19.ssi.dk/overvagningsdata/download-fil-med-vaccinationsdata,
2021-01-03,1,48583,48584,Pfizer/BioNTech,Denmark,https://covid19.ssi.dk/overvagningsdata/download-fil-med-vaccinationsdata,
2021-01-04,2,50944,50946,Pfizer/BioNTech,Denmark,https://covid19.ssi.dk/overvagningsdata/download-fil-med-vaccinationsdata,
2021-01-05,2,63575,63577,Pfizer/BioNTech,Denmark,https://covid19.ssi.dk/overvagningsdata/download-fil-med-vaccinationsdata,
2021-01-06,2,81865,81867,Pfizer/BioNTech,Denmark,https://covid19.ssi.dk/overvagningsdata/download-fil-med-vaccinationsdata,
2021-01-07,3,98091,98094,Pfizer/BioNTech,Denmark,https://covid19.ssi.dk/overvagningsdata/download-fil-med-vaccinationsdata,
2021-01-08,4,105948,105952,Pfizer/BioNTech,Denmark,https://covid19.ssi.dk/overvagningsdata/download-fil-med-vaccinationsdata,
2021-01-09,6,107803,107809,Pfizer/BioNTech,Denmark,https://covid19.ssi.dk/overvagningsdata/download-fil-med-vaccinationsdata,
2021-01-10,6,108622,108628,Pfizer/BioNTech,Denmark,https://covid19.ssi.dk/overvagningsdata/download-fil-med-vaccinationsdata,
2021-01-11,6,109282,109288,Pfizer/BioNTech,Denmark,https://covid19.ssi.dk/overvagningsdata/download-fil-med-vaccinationsdata,
2021-01-12,8,109744,109752,Pfizer/BioNTech,Denmark,https://covid19.ssi.dk/overvagningsdata/download-fil-med-vaccinationsdata,
2021-01-13,10,122000,122010,"Moderna, Pfizer/BioNTech",Denmark,https://covid19.ssi.dk/overvagningsdata/download-fil-med-vaccinationsdata,
2021-01-14,11,139093,139104,"Moderna, Pfizer/BioNTech",Denmark,https://covid19.ssi.dk/overvagningsdata/download-fil-med-vaccinationsdata,
2021-01-15,16,153534,153550,"Moderna, Pfizer/BioNTech",Denmark,https://covid19.ssi.dk/overvagningsdata/download-fil-med-vaccinationsdata,
2021-01-16,25,157915,157940,"Moderna, Pfizer/BioNTech",Denmark,https://covid19.ssi.dk/overvagningsdata/download-fil-med-vaccinationsdata,
2021-01-17,673,160244,160917,"Moderna, Pfizer/BioNTech",Denmark,https://covid19.ssi.dk/overvagningsdata/download-fil-med-vaccinationsdata,
2021-01-18,2653,163909,166562,"Moderna, Pfizer/BioNTech",Denmark,https://covid19.ssi.dk/overvagningsdata/download-fil-med-vaccinationsdata,
2021-01-19,4588,166263,170851,"Moderna, Pfizer/BioNTech",Denmark,https://covid19.ssi.dk/overvagningsdata/download-fil-med-vaccinationsdata,
2021-01-20,6331,167711,174042,"Moderna, Pfizer/BioNTech",Denmark,https://covid19.ssi.dk/overvagningsdata/download-fil-med-vaccinationsdata,
2021-01-21,8535,169187,177722,"Moderna, Pfizer/BioNTech",Denmark,https://covid19.ssi.dk/overvagningsdata/download-fil-med-vaccinationsdata,
2021-01-22,13908,169829,183737,"Moderna, Pfizer/BioNTech",Denmark,https://covid19.ssi.dk/overvagningsdata/download-fil-med-vaccinationsdata,
2021-01-23,20534,170521,191055,"Moderna, Pfizer/BioNTech",Denmark,https://covid19.ssi.dk/overvagningsdata/download-fil-med-vaccinationsdata,
2021-01-24,26527,171091,197618,"Moderna, Pfizer/BioNTech",Denmark,https://covid19.ssi.dk/overvagningsdata/download-fil-med-vaccinationsdata,
2021-01-25,28854,171365,200219,"Moderna, Pfizer/BioNTech",Denmark,https://covid19.ssi.dk/overvagningsdata/download-fil-med-vaccinationsdata,
2021-01-26,30494,171576,202070,"Moderna, Pfizer/BioNTech",Denmark,https://covid19.ssi.dk/overvagningsdata/download-fil-med-vaccinationsdata,
2021-01-27,34644,171779,206423,"Moderna, Pfizer/BioNTech",Denmark,https://covid19.ssi.dk/overvagningsdata/download-fil-med-vaccinationsdata,
2021-01-28,42520,172006,214526,"Moderna, Pfizer/BioNTech",Denmark,https://covid19.ssi.dk/overvagningsdata/download-fil-med-vaccinationsdata,
2021-01-29,59951,173059,233010,"Moderna, Pfizer/BioNTech",Denmark,https://covid19.ssi.dk/overvagningsdata/download-fil-med-vaccinationsdata,
2021-01-30,72081,174192,246273,"Moderna, Pfizer/BioNTech",Denmark,https://covid19.ssi.dk/overvagningsdata/download-fil-med-vaccinationsdata,
2021-01-31,83514,175342,258856,"Moderna, Pfizer/BioNTech",Denmark,https://covid19.ssi.dk/overvagningsdata/download-fil-med-vaccinationsdata,
2021-02-01,91096,176075,267171,"Moderna, Pfizer/BioNTech",Denmark,https://covid19.ssi.dk/overvagningsdata/download-fil-med-vaccinationsdata,
2021-02-02,94001,177983,271984,"Moderna, Pfizer/BioNTech",Denmark,https://covid19.ssi.dk/overvagningsdata/download-fil-med-vaccinationsdata,
2021-02-03,100007,179417,279424,"Moderna, Pfizer/BioNTech",Denmark,https://covid19.ssi.dk/overvagningsdata/download-fil-med-vaccinationsdata,
2021-02-04,110569,180778,291347,"Moderna, Pfizer/BioNTech",Denmark,https://covid19.ssi.dk/overvagningsdata/download-fil-med-vaccinationsdata,
2021-02-05,123465,182311,305776,"Moderna, Pfizer/BioNTech",Denmark,https://covid19.ssi.dk/overvagningsdata/download-fil-med-vaccinationsdata,
2021-02-06,129966,183284,313250,"Moderna, Pfizer/BioNTech",Denmark,https://covid19.ssi.dk/overvagningsdata/download-fil-med-vaccinationsdata,
2021-02-07,133473,185073,318546,"Moderna, Pfizer/BioNTech",Denmark,https://covid19.ssi.dk/overvagningsdata/download-fil-med-vaccinationsdata,
2021-02-08,140281,187487,327768,"Moderna, Oxford/AstraZeneca, Pfizer/BioNTech",Denmark,https://covid19.ssi.dk/overvagningsdata/download-fil-med-vaccinationsdata,
2021-02-09,144989,190918,335907,"Moderna, Oxford/AstraZeneca, Pfizer/BioNTech",Denmark,https://covid19.ssi.dk/overvagningsdata/download-fil-med-vaccinationsdata,
2021-02-10,148775,194139,342914,"Moderna, Oxford/AstraZeneca, Pfizer/BioNTech",Denmark,https://covid19.ssi.dk/overvagningsdata/download-fil-med-vaccinationsdata,
2021-02-11,151181,199771,350952,"Moderna, Oxford/AstraZeneca, Pfizer/BioNTech",Denmark,https://covid19.ssi.dk/overvagningsdata/download-fil-med-vaccinationsdata,
2021-02-12,158724,211693,370417,"Moderna, Oxford/AstraZeneca, Pfizer/BioNTech",Denmark,https://covid19.ssi.dk/overvagningsdata/download-fil-med-vaccinationsdata,
2021-02-13,159658,218096,377754,"Moderna, Oxford/AstraZeneca, Pfizer/BioNTech",Denmark,https://covid19.ssi.dk/overvagningsdata/download-fil-med-vaccinationsdata,
2021-02-14,160265,224189,384454,"Moderna, Oxford/AstraZeneca, Pfizer/BioNTech",Denmark,https://covid19.ssi.dk/overvagningsdata/download-fil-med-vaccinationsdata,
2021-02-15,163364,237625,400989,"Moderna, Oxford/AstraZeneca, Pfizer/BioNTech",Denmark,https://covid19.ssi.dk/overvagningsdata/download-fil-med-vaccinationsdata,
2021-02-16,164674,250527,415201,"Moderna, Oxford/AstraZeneca, Pfizer/BioNTech",Denmark,https://covid19.ssi.dk/overvagningsdata/download-fil-med-vaccinationsdata,
2021-02-17,165089,260726,425815,"Moderna, Oxford/AstraZeneca, Pfizer/BioNTech",Denmark,https://covid19.ssi.dk/overvagningsdata/download-fil-med-vaccinationsdata,
2021-02-18,165403,272014,437417,"Moderna, Oxford/AstraZeneca, Pfizer/BioNTech",Denmark,https://covid19.ssi.dk/overvagningsdata/download-fil-med-vaccinationsdata,
2021-02-19,166349,285651,452000,"Moderna, Oxford/AstraZeneca, Pfizer/BioNTech",Denmark,https://covid19.ssi.dk/overvagningsdata/download-fil-med-vaccinationsdata,
2021-02-20,166913,295871,462784,"Moderna, Oxford/AstraZeneca, Pfizer/BioNTech",Denmark,https://covid19.ssi.dk/overvagningsdata/download-fil-med-vaccinationsdata,
2021-02-21,167266,306400,473666,"Moderna, Oxford/AstraZeneca, Pfizer/BioNTech",Denmark,https://covid19.ssi.dk/overvagningsdata/download-fil-med-vaccinationsdata,
2021-02-22,168354,319658,488012,"Moderna, Oxford/AstraZeneca, Pfizer/BioNTech",Denmark,https://covid19.ssi.dk/overvagningsdata/download-fil-med-vaccinationsdata,
2021-02-23,170250,333792,504042,"Moderna, Oxford/AstraZeneca, Pfizer/BioNTech",Denmark,https://covid19.ssi.dk/overvagningsdata/download-fil-med-vaccinationsdata,
2021-02-24,172126,347258,519384,"Moderna, Oxford/AstraZeneca, Pfizer/BioNTech",Denmark,https://covid19.ssi.dk/overvagningsdata/download-fil-med-vaccinationsdata,
2021-02-25,172738,361660,534398,"Moderna, Oxford/AstraZeneca, Pfizer/BioNTech",Denmark,https://covid19.ssi.dk/overvagningsdata/download-fil-med-vaccinationsdata,
2021-02-26,173740,397254,570994,"Moderna, Oxford/AstraZeneca, Pfizer/BioNTech",Denmark,https://covid19.ssi.dk/overvagningsdata/download-fil-med-vaccinationsdata,
2021-02-27,175120,403783,578903,"Moderna, Oxford/AstraZeneca, Pfizer/BioNTech",Denmark,https://covid19.ssi.dk/overvagningsdata/download-fil-med-vaccinationsdata,
2021-02-28,176455,414502,590957,"Moderna, Oxford/AstraZeneca, Pfizer/BioNTech",Denmark,https://covid19.ssi.dk/overvagningsdata/download-fil-med-vaccinationsdata,
2021-03-01,177505,433894,611399,"Moderna, Oxford/AstraZeneca, Pfizer/BioNTech",Denmark,https://covid19.ssi.dk/overvagningsdata/download-fil-med-vaccinationsdata,
2021-03-02,178770,450414,629184,"Moderna, Oxford/AstraZeneca, Pfizer/BioNTech",Denmark,https://covid19.ssi.dk/overvagningsdata/download-fil-med-vaccinationsdata,
2021-03-03,179777,463309,643086,"Moderna, Oxford/AstraZeneca, Pfizer/BioNTech",Denmark,https://covid19.ssi.dk/overvagningsdata/download-fil-med-vaccinationsdata,
2021-03-04,181559,480628,662187,"Moderna, Oxford/AstraZeneca, Pfizer/BioNTech",Denmark,https://covid19.ssi.dk/overvagningsdata/download-fil-med-vaccinationsdata,
2021-03-05,187163,497023,684186,"Moderna, Oxford/AstraZeneca, Pfizer/BioNTech",Denmark,https://covid19.ssi.dk/overvagningsdata/download-fil-med-vaccinationsdata,
2021-03-06,191033,511461,702494,"Moderna, Oxford/AstraZeneca, Pfizer/BioNTech",Denmark,https://covid19.ssi.dk/overvagningsdata/download-fil-med-vaccinationsdata,
2021-03-07,195251,523273,718524,"Moderna, Oxford/AstraZeneca, Pfizer/BioNTech",Denmark,https://covid19.ssi.dk/overvagningsdata/download-fil-med-vaccinationsdata,
2021-03-08,201571,532732,734303,"Moderna, Oxford/AstraZeneca, Pfizer/BioNTech",Denmark,https://covid19.ssi.dk/overvagningsdata/download-fil-med-vaccinationsdata,
2021-03-09,208601,543506,752107,"Moderna, Oxford/AstraZeneca, Pfizer/BioNTech",Denmark,https://covid19.ssi.dk/overvagningsdata/download-fil-med-vaccinationsdata,
2021-03-10,215674,555438,771112,"Moderna, Oxford/AstraZeneca, Pfizer/BioNTech",Denmark,https://covid19.ssi.dk/overvagningsdata/download-fil-med-vaccinationsdata,
2021-03-11,223477,559910,783387,"Moderna, Oxford/AstraZeneca, Pfizer/BioNTech",Denmark,https://covid19.ssi.dk/overvagningsdata/download-fil-med-vaccinationsdata,
2021-03-12,233821,563194,797015,"Moderna, Oxford/AstraZeneca, Pfizer/BioNTech",Denmark,https://covid19.ssi.dk/overvagningsdata/download-fil-med-vaccinationsdata,
2021-03-13,239596,567671,807267,"Moderna, Oxford/AstraZeneca, Pfizer/BioNTech",Denmark,https://covid19.ssi.dk/overvagningsdata/download-fil-med-vaccinationsdata,
2021-03-14,248795,568891,817686,"Moderna, Oxford/AstraZeneca, Pfizer/BioNTech",Denmark,https://covid19.ssi.dk/overvagningsdata/download-fil-med-vaccinationsdata,
2021-03-15,258476,571660,830136,"Moderna, Oxford/AstraZeneca, Pfizer/BioNTech",Denmark,https://covid19.ssi.dk/overvagningsdata/download-fil-med-vaccinationsdata,
2021-03-16,267748,578374,846122,"Moderna, Oxford/AstraZeneca, Pfizer/BioNTech",Denmark,https://covid19.ssi.dk/overvagningsdata/download-fil-med-vaccinationsdata,
2021-03-17,276727,589001,865728,"Moderna, Oxford/AstraZeneca, Pfizer/BioNTech",Denmark,https://covid19.ssi.dk/overvagningsdata/download-fil-med-vaccinationsdata,
2021-03-18,283865,603518,887383,"Moderna, Oxford/AstraZeneca, Pfizer/BioNTech",Denmark,https://covid19.ssi.dk/overvagningsdata/download-fil-med-vaccinationsdata,
2021-03-19,295432,611280,906712,"Moderna, Oxford/AstraZeneca, Pfizer/BioNTech",Denmark,https://covid19.ssi.dk/overvagningsdata/download-fil-med-vaccinationsdata,
2021-03-20,300174,614234,914408,"Moderna, Oxford/AstraZeneca, Pfizer/BioNTech",Denmark,https://covid19.ssi.dk/overvagningsdata/download-fil-med-vaccinationsdata,
2021-03-21,304768,619162,923930,"Moderna, Oxford/AstraZeneca, Pfizer/BioNTech",Denmark,https://covid19.ssi.dk/overvagningsdata/download-fil-med-vaccinationsdata,
2021-03-22,312416,623235,935651,"Moderna, Oxford/AstraZeneca, Pfizer/BioNTech",Denmark,https://covid19.ssi.dk/overvagningsdata/download-fil-med-vaccinationsdata,
2021-03-23,319901,629290,949191,"Moderna, Oxford/AstraZeneca, Pfizer/BioNTech",Denmark,https://covid19.ssi.dk/overvagningsdata/download-fil-med-vaccinationsdata,
2021-03-24,333149,639060,972209,"Moderna, Oxford/AstraZeneca, Pfizer/BioNTech",Denmark,https://covid19.ssi.dk/overvagningsdata/download-fil-med-vaccinationsdata,
2021-03-25,341454,646737,988191,"Moderna, Oxford/AstraZeneca, Pfizer/BioNTech",Denmark,https://covid19.ssi.dk/overvagningsdata/download-fil-med-vaccinationsdata,
2021-03-26,349190,652863,1002053,"Moderna, Oxford/AstraZeneca, Pfizer/BioNTech",Denmark,https://covid19.ssi.dk/overvagningsdata/download-fil-med-vaccinationsdata,
2021-03-27,352253,662773,1015026,"Moderna, Oxford/AstraZeneca, Pfizer/BioNTech",Denmark,https://covid19.ssi.dk/overvagningsdata/download-fil-med-vaccinationsdata,
2021-03-28,355031,673479,1028510,"Moderna, Oxford/AstraZeneca, Pfizer/BioNTech",Denmark,https://covid19.ssi.dk/overvagningsdata/download-fil-med-vaccinationsdata,
2021-03-29,361149,691334,1052483,"Moderna, Oxford/AstraZeneca, Pfizer/BioNTech",Denmark,https://covid19.ssi.dk/overvagningsdata/download-fil-med-vaccinationsdata,
2021-03-30,367137,712816,1079953,"Moderna, Oxford/AstraZeneca, Pfizer/BioNTech",Denmark,https://covid19.ssi.dk/overvagningsdata/download-fil-med-vaccinationsdata,
2021-03-31,376747,725822,1102569,"Moderna, Oxford/AstraZeneca, Pfizer/BioNTech",Denmark,https://covid19.ssi.dk/overvagningsdata/download-fil-med-vaccinationsdata,
2021-04-01,383588,730037,1113625,"Moderna, Oxford/AstraZeneca, Pfizer/BioNTech",Denmark,https://covid19.ssi.dk/overvagningsdata/download-fil-med-vaccinationsdata,
2021-04-02,390506,734927,1125433,"Moderna, Oxford/AstraZeneca, Pfizer/BioNTech",Denmark,https://covid19.ssi.dk/overvagningsdata/download-fil-med-vaccinationsdata,
2021-04-03,392682,746977,1139659,"Moderna, Oxford/AstraZeneca, Pfizer/BioNTech",Denmark,https://covid19.ssi.dk/overvagningsdata/download-fil-med-vaccinationsdata,
2021-04-04,394452,758598,1153050,"Moderna, Oxford/AstraZeneca, Pfizer/BioNTech",Denmark,https://covid19.ssi.dk/overvagningsdata/download-fil-med-vaccinationsdata,
2021-04-05,395770,770866,1166636,"Moderna, Oxford/AstraZeneca, Pfizer/BioNTech",Denmark,https://covid19.ssi.dk/overvagningsdata/download-fil-med-vaccinationsdata,
2021-04-06,401798,786823,1188621,"Moderna, Oxford/AstraZeneca, Pfizer/BioNTech",Denmark,https://covid19.ssi.dk/overvagningsdata/download-fil-med-vaccinationsdata,
2021-04-07,409953,803389,1213342,"Moderna, Oxford/AstraZeneca, Pfizer/BioNTech",Denmark,https://covid19.ssi.dk/overvagningsdata/download-fil-med-vaccinationsdata,
2021-04-08,418436,817106,1235542,"Moderna, Oxford/AstraZeneca, Pfizer/BioNTech",Denmark,https://covid19.ssi.dk/overvagningsdata/download-fil-med-vaccinationsdata,
2021-04-09,427054,833525,1260579,"Moderna, Oxford/AstraZeneca, Pfizer/BioNTech",Denmark,https://covid19.ssi.dk/overvagningsdata/download-fil-med-vaccinationsdata,
2021-04-10,432468,850238,1282706,"Moderna, Oxford/AstraZeneca, Pfizer/BioNTech",Denmark,https://covid19.ssi.dk/overvagningsdata/download-fil-med-vaccinationsdata,
2021-04-11,436356,865096,1301452,"Moderna, Oxford/AstraZeneca, Pfizer/BioNTech",Denmark,https://covid19.ssi.dk/overvagningsdata/download-fil-med-vaccinationsdata,
2021-04-12,447831,958869,1406700,"Moderna, Oxford/AstraZeneca, Pfizer/BioNTech",Denmark,https://covid19.ssi.dk/overvagningsdata/download-fil-med-vaccinationsdata,
2021-04-13,454027,977350,1431377,"Moderna, Oxford/AstraZeneca, Pfizer/BioNTech",Denmark,https://covid19.ssi.dk/overvagningsdata/download-fil-med-vaccinationsdata,
2021-04-14,465121,988778,1453899,"Moderna, Pfizer/BioNTech",Denmark,https://covid19.ssi.dk/overvagningsdata/download-fil-med-vaccinationsdata,
2021-04-15,474179,1004052,1478231,"Moderna, Pfizer/BioNTech",Denmark,https://covid19.ssi.dk/overvagningsdata/download-fil-med-vaccinationsdata,
2021-04-16,482304,1021429,1503733,"Moderna, Pfizer/BioNTech",Denmark,https://covid19.ssi.dk/overvagningsdata/download-fil-med-vaccinationsdata,
2021-04-17,485031,1040179,1525210,"Moderna, Pfizer/BioNTech",Denmark,https://covid19.ssi.dk/overvagningsdata/download-fil-med-vaccinationsdata,
2021-04-18,490146,1054655,1544801,"Moderna, Pfizer/BioNTech",Denmark,https://covid19.ssi.dk/overvagningsdata/download-fil-med-vaccinationsdata,
2021-04-19,504471,1079447,1583918,"Moderna, Pfizer/BioNTech",Denmark,https://covid19.ssi.dk/overvagningsdata/download-fil-med-vaccinationsdata,
2021-04-20,521329,1101440,1622769,"Moderna, Pfizer/BioNTech",Denmark,https://covid19.ssi.dk/overvagningsdata/download-fil-med-vaccinationsdata,
2021-04-21,534012,1123935,1657947,"Moderna, Pfizer/BioNTech",Denmark,https://covid19.ssi.dk/overvagningsdata/download-fil-med-vaccinationsdata,
2021-04-22,539386,1152142,1691528,"Moderna, Pfizer/BioNTech",Denmark,https://covid19.ssi.dk/overvagningsdata/download-fil-med-vaccinationsdata,
2021-04-23,550571,1174274,1724845,"Moderna, Pfizer/BioNTech",Denmark,https://covid19.ssi.dk/overvagningsdata/download-fil-med-vaccinationsdata,
2021-04-24,558142,1189157,1747299,"Moderna, Pfizer/BioNTech",Denmark,https://covid19.ssi.dk/overvagningsdata/download-fil-med-vaccinationsdata,
2021-04-25,563416,1204342,1767758,"Moderna, Pfizer/BioNTech",Denmark,https://covid19.ssi.dk/overvagningsdata/download-fil-med-vaccinationsdata,
2021-04-26,571270,1235778,1807048,"Moderna, Pfizer/BioNTech",Denmark,https://covid19.ssi.dk/overvagningsdata/download-fil-med-vaccinationsdata,
2021-04-27,592110,1262298,1854408,"Moderna, Pfizer/BioNTech",Denmark,https://covid19.ssi.dk/overvagningsdata/download-fil-med-vaccinationsdata,
2021-04-28,612614,1286371,1898985,"Moderna, Pfizer/BioNTech",Denmark,https://covid19.ssi.dk/overvagningsdata/download-fil-med-vaccinationsdata,
2021-04-29,630502,1312251,1942753,"Moderna, Pfizer/BioNTech",Denmark,https://covid19.ssi.dk/overvagningsdata/download-fil-med-vaccinationsdata,
2021-04-30,634450,1325674,1960124,"Moderna, Pfizer/BioNTech",Denmark,https://covid19.ssi.dk/overvagningsdata/download-fil-med-vaccinationsdata,
2021-05-01,640564,1332985,1973549,"Moderna, Pfizer/BioNTech",Denmark,https://covid19.ssi.dk/overvagningsdata/download-fil-med-vaccinationsdata,
2021-05-02,654325,1349627,2003952,"Moderna, Pfizer/BioNTech",Denmark,https://covid19.ssi.dk/overvagningsdata/download-fil-med-vaccinationsdata,
2021-05-03,699942,1370056,2069998,"Moderna, Pfizer/BioNTech",Denmark,https://covid19.ssi.dk/overvagningsdata/download-fil-med-vaccinationsdata,
2021-05-04,724677,1397676,2122353,"Moderna, Pfizer/BioNTech",Denmark,https://covid19.ssi.dk/overvagningsdata/download-fil-med-vaccinationsdata,
2021-05-05,753880,1424463,2178343,"Moderna, Pfizer/BioNTech",Denmark,https://covid19.ssi.dk/overvagningsdata/download-fil-med-vaccinationsdata,
2021-05-06,779402,1445988,2225390,"Moderna, Pfizer/BioNTech",Denmark,https://covid19.ssi.dk/overvagningsdata/download-fil-med-vaccinationsdata,
2021-05-07,803962,1462459,2266421,"Moderna, Pfizer/BioNTech",Denmark,https://covid19.ssi.dk/overvagningsdata/download-fil-med-vaccinationsdata,
2021-05-08,834741,1471923,2306664,"Moderna, Pfizer/BioNTech",Denmark,https://covid19.ssi.dk/overvagningsdata/download-fil-med-vaccinationsdata,
2021-05-09,851412,1487835,2339247,"Moderna, Pfizer/BioNTech",Denmark,https://covid19.ssi.dk/overvagningsdata/download-fil-med-vaccinationsdata,
2021-05-10,887497,1514375,2401872,"Moderna, Pfizer/BioNTech",Denmark,https://covid19.ssi.dk/overvagningsdata/download-fil-med-vaccinationsdata,
2021-05-11,913718,1544054,2457772,"Moderna, Pfizer/BioNTech",Denmark,https://covid19.ssi.dk/overvagningsdata/download-fil-med-vaccinationsdata,
2021-05-12,940685,1570219,2510904,"Moderna, Pfizer/BioNTech",Denmark,https://covid19.ssi.dk/overvagningsdata/download-fil-med-vaccinationsdata,
2021-05-13,960360,1589900,2582660,"Moderna, Pfizer/BioNTech",Denmark,https://covid19.ssi.dk/overvagningsdata/download-fil-med-vaccinationsdata,
2021-05-14,991125,1610479,2633926,"Moderna, Pfizer/BioNTech",Denmark,https://covid19.ssi.dk/overvagningsdata/download-fil-med-vaccinationsdata,
2021-05-15,1010544,1625888,2668751,"Moderna, Pfizer/BioNTech",Denmark,https://covid19.ssi.dk/overvagningsdata/download-fil-med-vaccinationsdata,
2021-05-16,1024608,1645847,2702838,"Moderna, Pfizer/BioNTech",Denmark,https://covid19.ssi.dk/overvagningsdata/download-fil-med-vaccinationsdata,
2021-05-17,1054714,1676873,2763332,"Moderna, Pfizer/BioNTech",Denmark,https://covid19.ssi.dk/overvagningsdata/download-fil-med-vaccinationsdata,
2021-05-18,1085468,1706440,2823828,"Moderna, Pfizer/BioNTech",Denmark,https://covid19.ssi.dk/overvagningsdata/download-fil-med-vaccinationsdata,
2021-05-19,1108072,1738167,2878240,"Moderna, Pfizer/BioNTech",Denmark,https://covid19.ssi.dk/overvagningsdata/download-fil-med-vaccinationsdata,
2021-05-20,1130399,1770599,2900998,"Moderna, Pfizer/BioNTech",Denmark,https://covid19.ssi.dk/overvagningsdata/download-fil-med-vaccinationsdata,
2021-05-21,1149650,1805865,2936637,"Moderna, Pfizer/BioNTech",Denmark,https://covid19.ssi.dk/overvagningsdata/download-fil-med-vaccinationsdata,
2021-05-22,1161539,1831801,3025072,"Moderna, Pfizer/BioNTech",Denmark,https://covid19.ssi.dk/overvagningsdata/download-fil-med-vaccinationsdata,
2021-05-23,1167737,1854366,3053754,"Moderna, Pfizer/BioNTech",Denmark,https://covid19.ssi.dk/overvagningsdata/download-fil-med-vaccinationsdata,
2021-05-24,1177457,1877781,3086841,"Moderna, Pfizer/BioNTech",Denmark,https://covid19.ssi.dk/overvagningsdata/download-fil-med-vaccinationsdata,
2021-05-25,1190343,1921217,3142500,"Moderna, Pfizer/BioNTech",Denmark,https://covid19.ssi.dk/overvagningsdata/download-fil-med-vaccinationsdata,
2021-05-26,1202473,1968603,3202272,"Moderna, Pfizer/BioNTech",Denmark,https://covid19.ssi.dk/overvagningsdata/download-fil-med-vaccinationsdata,
2021-05-27,1214881,2017908,3263722,"Johnson&Johnson, Moderna, Pfizer/BioNTech",Denmark,https://covid19.ssi.dk/overvagningsdata/download-fil-med-vaccinationsdata,
2021-05-28,1224618,2058898,3314281,"Johnson&Johnson, Moderna, Pfizer/BioNTech",Denmark,https://covid19.ssi.dk/overvagningsdata/download-fil-med-vaccinationsdata,
2021-05-29,1229860,2088703,,"Johnson&Johnson, Moderna, Pfizer/BioNTech",Denmark,https://covid19.ssi.dk/overvagningsdata/download-fil-med-vaccinationsdata,
2021-05-30,1236828,2114516,3348871,"Johnson&Johnson, Moderna, Pfizer/BioNTech",Denmark,https://covid19.ssi.dk/overvagningsdata/download-fil-med-vaccinationsdata,
2021-05-31,1258311,2150635,3438466,"Johnson&Johnson, Moderna, Pfizer/BioNTech",Denmark,https://covid19.ssi.dk/overvagningsdata/download-fil-med-vaccinationsdata,
2021-06-01,1275973,2190358,3495075,"Johnson&Johnson, Moderna, Pfizer/BioNTech",Denmark,https://covid19.ssi.dk/overvagningsdata/download-fil-med-vaccinationsdata,
2021-06-02,1293346,2232969,3554231,"Johnson&Johnson, Moderna, Pfizer/BioNTech",Denmark,https://covid19.ssi.dk/overvagningsdata/download-fil-med-vaccinationsdata,
2021-06-03,1317042,2269164,3612098,"Johnson&Johnson, Moderna, Pfizer/BioNTech",Denmark,https://covid19.ssi.dk/overvagningsdata/download-fil-med-vaccinationsdata,
2021-06-04,1331306,2310525,,"Johnson&Johnson, Moderna, Pfizer/BioNTech",Denmark,https://covid19.ssi.dk/overvagningsdata/download-fil-med-vaccinationsdata,
2021-06-05,1338800,2345464,3665526,"Johnson&Johnson, Moderna, Pfizer/BioNTech",Denmark,https://covid19.ssi.dk/overvagningsdata/download-fil-med-vaccinationsdata,
2021-06-06,1353912,2375409,3749225,"Johnson&Johnson, Moderna, Pfizer/BioNTech",Denmark,https://covid19.ssi.dk/overvagningsdata/download-fil-med-vaccinationsdata,
2021-06-07,1375725,2428964,3820991,"Johnson&Johnson, Moderna, Pfizer/BioNTech",Denmark,https://covid19.ssi.dk/overvagningsdata/download-fil-med-vaccinationsdata,
2021-06-08,1400351,2482439,3896573,"Johnson&Johnson, Moderna, Pfizer/BioNTech",Denmark,https://covid19.ssi.dk/overvagningsdata/download-fil-med-vaccinationsdata,
2021-06-09,1424564,2535196,3972034,"Johnson&Johnson, Moderna, Pfizer/BioNTech",Denmark,https://covid19.ssi.dk/overvagningsdata/download-fil-med-vaccinationsdata,
2021-06-10,1442049,2594009,4045284,"Johnson&Johnson, Moderna, Pfizer/BioNTech",Denmark,https://covid19.ssi.dk/overvagningsdata/download-fil-med-vaccinationsdata,
2021-06-11,1460347,2642416,4109035,"Johnson&Johnson, Moderna, Pfizer/BioNTech",Denmark,https://covid19.ssi.dk/overvagningsdata/download-fil-med-vaccinationsdata,
2021-06-12,1473211,2675913,,"Johnson&Johnson, Moderna, Pfizer/BioNTech",Denmark,https://covid19.ssi.dk/overvagningsdata/download-fil-med-vaccinationsdata,
2021-06-13,1486547,2709457,4152819,"Johnson&Johnson, Moderna, Pfizer/BioNTech",Denmark,https://covid19.ssi.dk/overvagningsdata/download-fil-med-vaccinationsdata,
2021-06-14,1508600,2761879,4267769,"Johnson&Johnson, Moderna, Pfizer/BioNTech",Denmark,https://covid19.ssi.dk/overvagningsdata/download-fil-med-vaccinationsdata,
2021-06-15,1527210,2822175,4345062,"Johnson&Johnson, Moderna, Pfizer/BioNTech",Denmark,https://covid19.ssi.dk/overvagningsdata/download-fil-med-vaccinationsdata,
2021-06-16,1553172,2873996,,"Johnson&Johnson, Moderna, Pfizer/BioNTech",Denmark,https://covid19.ssi.dk/overvagningsdata/download-fil-med-vaccinationsdata,
2021-06-17,1574784,2924940,4427939,"Johnson&Johnson, Moderna, Pfizer/BioNTech",Denmark,https://covid19.ssi.dk/overvagningsdata/download-fil-med-vaccinationsdata,
2021-06-18,1601971,2959814,,"Johnson&Johnson, Moderna, Pfizer/BioNTech",Denmark,https://covid19.ssi.dk/overvagningsdata/download-fil-med-vaccinationsdata,
2021-06-19,1619995,2983482,4554158,"Johnson&Johnson, Moderna, Pfizer/BioNTech",Denmark,https://covid19.ssi.dk/overvagningsdata/download-fil-med-vaccinationsdata,
2021-06-20,1635704,3012575,4611850,"Johnson&Johnson, Moderna, Pfizer/BioNTech",Denmark,https://covid19.ssi.dk/overvagningsdata/download-fil-med-vaccinationsdata,
2021-06-21,1661703,3051973,4703566,"Johnson&Johnson, Moderna, Pfizer/BioNTech",Denmark,https://covid19.ssi.dk/overvagningsdata/download-fil-med-vaccinationsdata,
2021-06-22,1688781,3098324,4776243,"Johnson&Johnson, Moderna, Pfizer/BioNTech",Denmark,https://covid19.ssi.dk/overvagningsdata/download-fil-med-vaccinationsdata,
2021-06-23,1721392,3136686,4846625,"Johnson&Johnson, Moderna, Pfizer/BioNTech",Denmark,https://covid19.ssi.dk/overvagningsdata/download-fil-med-vaccinationsdata,
2021-06-24,1755855,3170443,4913766,"Johnson&Johnson, Moderna, Pfizer/BioNTech",Denmark,https://covid19.ssi.dk/overvagningsdata/download-fil-med-vaccinationsdata,
2021-06-25,1788616,3199507,4975336,"Johnson&Johnson, Moderna, Pfizer/BioNTech",Denmark,https://covid19.ssi.dk/overvagningsdata/download-fil-med-vaccinationsdata,
2021-06-26,1811180,3218510,5016668,"Johnson&Johnson, Moderna, Pfizer/BioNTech",Denmark,https://covid19.ssi.dk/overvagningsdata/download-fil-med-vaccinationsdata,
2021-06-27,1835428,3234618,5056765,"Johnson&Johnson, Moderna, Pfizer/BioNTech",Denmark,https://covid19.ssi.dk/overvagningsdata/download-fil-med-vaccinationsdata,
2021-06-28,1869726,3265138,5120632,"Johnson&Johnson, Moderna, Pfizer/BioNTech",Denmark,https://covid19.ssi.dk/overvagningsdata/download-fil-med-vaccinationsdata,
2021-06-29,1911950,3295628,5192820,"Johnson&Johnson, Moderna, Pfizer/BioNTech",Denmark,https://covid19.ssi.dk/overvagningsdata/download-fil-med-vaccinationsdata,
2021-06-30,1950548,3328362,5263677,"Johnson&Johnson, Moderna, Pfizer/BioNTech",Denmark,https://covid19.ssi.dk/overvagningsdata/download-fil-med-vaccinationsdata,
2021-07-01,1991176,3360033,5335577,"Johnson&Johnson, Moderna, Pfizer/BioNTech",Denmark,https://covid19.ssi.dk/overvagningsdata/download-fil-med-vaccinationsdata,
2021-07-02,2035222,3379608,5398716,"Johnson&Johnson, Moderna, Pfizer/BioNTech",Denmark,https://covid19.ssi.dk/overvagningsdata/download-fil-med-vaccinationsdata,
2021-07-03,2067915,3391173,5442863,"Johnson&Johnson, Moderna, Pfizer/BioNTech",Denmark,https://covid19.ssi.dk/overvagningsdata/download-fil-med-vaccinationsdata,
2021-07-04,2097245,3403986,5484919,"Johnson&Johnson, Moderna, Pfizer/BioNTech",Denmark,https://covid19.ssi.dk/overvagningsdata/download-fil-med-vaccinationsdata,
2021-07-05,2140316,3436487,5559851,"Johnson&Johnson, Moderna, Pfizer/BioNTech",Denmark,https://covid19.ssi.dk/overvagningsdata/download-fil-med-vaccinationsdata,
2021-07-06,2182622,3476696,,"Johnson&Johnson, Moderna, Pfizer/BioNTech",Denmark,https://covid19.ssi.dk/overvagningsdata/download-fil-med-vaccinationsdata,
2021-07-07,2222274,3523078,5642905,"Johnson&Johnson, Moderna, Pfizer/BioNTech",Denmark,https://covid19.ssi.dk/overvagningsdata/download-fil-med-vaccinationsdata,
2021-07-08,2259154,3570270,5812028,"Johnson&Johnson, Moderna, Pfizer/BioNTech",Denmark,https://covid19.ssi.dk/overvagningsdata/download-fil-med-vaccinationsdata,
2021-07-09,2292350,3615346,5890105,"Johnson&Johnson, Moderna, Pfizer/BioNTech",Denmark,https://covid19.ssi.dk/overvagningsdata/download-fil-med-vaccinationsdata,
2021-07-10,2314114,3646119,5942561,"Johnson&Johnson, Moderna, Pfizer/BioNTech",Denmark,https://covid19.ssi.dk/overvagningsdata/download-fil-med-vaccinationsdata,
2021-07-11,2336121,3680757,5999248,"Johnson&Johnson, Moderna, Pfizer/BioNTech",Denmark,https://covid19.ssi.dk/overvagningsdata/download-fil-med-vaccinationsdata,
2021-07-12,2390652,3716259,,"Johnson&Johnson, Moderna, Pfizer/BioNTech",Denmark,https://covid19.ssi.dk/overvagningsdata/download-fil-med-vaccinationsdata,
2021-07-13,2440310,3757012,6088821,"Johnson&Johnson, Moderna, Pfizer/BioNTech",Denmark,https://covid19.ssi.dk/overvagningsdata/download-fil-med-vaccinationsdata,
2021-07-14,2485045,3800104,6266892,"Johnson&Johnson, Moderna, Pfizer/BioNTech",Denmark,https://covid19.ssi.dk/overvagningsdata/download-fil-med-vaccinationsdata,
2021-07-15,2538526,3833219,,"Johnson&Johnson, Moderna, Pfizer/BioNTech",Denmark,https://covid19.ssi.dk/overvagningsdata/download-fil-med-vaccinationsdata,
2021-07-16,2582007,3863302,6353144,"Johnson&Johnson, Moderna, Pfizer/BioNTech",Denmark,https://covid19.ssi.dk/overvagningsdata/download-fil-med-vaccinationsdata,
2021-07-17,2608404,3887706,6477508,"Johnson&Johnson, Moderna, Pfizer/BioNTech",Denmark,https://covid19.ssi.dk/overvagningsdata/download-fil-med-vaccinationsdata,
2021-07-18,2642301,3908102,,"Johnson&Johnson, Moderna, Pfizer/BioNTech",Denmark,https://covid19.ssi.dk/overvagningsdata/download-fil-med-vaccinationsdata,
2021-07-19,2696856,3940693,6531932,"Johnson&Johnson, Moderna, Pfizer/BioNTech",Denmark,https://covid19.ssi.dk/overvagningsdata/download-fil-med-vaccinationsdata,
2021-07-20,2753328,3973748,6707916,"Johnson&Johnson, Moderna, Pfizer/BioNTech",Denmark,https://covid19.ssi.dk/overvagningsdata/download-fil-med-vaccinationsdata,
2021-07-21,2808394,4003851,6792878,"Johnson&Johnson, Moderna, Pfizer/BioNTech",Denmark,https://covid19.ssi.dk/overvagningsdata/download-fil-med-vaccinationsdata,
2021-07-22,2860132,4028229,6868767,"Johnson&Johnson, Moderna, Pfizer/BioNTech",Denmark,https://covid19.ssi.dk/overvagningsdata/download-fil-med-vaccinationsdata,
2021-07-23,2903765,4053025,6937158,"Johnson&Johnson, Moderna, Pfizer/BioNTech",Denmark,https://covid19.ssi.dk/overvagningsdata/download-fil-med-vaccinationsdata,
2021-07-24,2927456,4070629,,"Johnson&Johnson, Moderna, Pfizer/BioNTech",Denmark,https://covid19.ssi.dk/overvagningsdata/download-fil-med-vaccinationsdata,
2021-07-25,2959003,4084060,6978645,"Johnson&Johnson, Moderna, Pfizer/BioNTech",Denmark,https://covid19.ssi.dk/overvagningsdata/download-fil-med-vaccinationsdata,
2021-07-26,3001042,4109103,7090073,"Johnson&Johnson, Moderna, Pfizer/BioNTech",Denmark,https://covid19.ssi.dk/overvagningsdata/download-fil-med-vaccinationsdata,
2021-07-27,3045823,4132242,,"Johnson&Johnson, Moderna, Pfizer/BioNTech",Denmark,https://covid19.ssi.dk/overvagningsdata/download-fil-med-vaccinationsdata,
2021-07-28,3089100,4151270,7157842,"Johnson&Johnson, Moderna, Pfizer/BioNTech",Denmark,https://covid19.ssi.dk/overvagningsdata/download-fil-med-vaccinationsdata,
2021-07-29,3128116,4170123,7277777,"Johnson&Johnson, Moderna, Pfizer/BioNTech",Denmark,https://covid19.ssi.dk/overvagningsdata/download-fil-med-vaccinationsdata,
2021-07-30,3162887,4184363,7326543,"Johnson&Johnson, Moderna, Pfizer/BioNTech",Denmark,https://covid19.ssi.dk/overvagningsdata/download-fil-med-vaccinationsdata,
2021-07-31,3182912,4190850,7353133,"Johnson&Johnson, Moderna, Pfizer/BioNTech",Denmark,https://covid19.ssi.dk/overvagningsdata/download-fil-med-vaccinationsdata,
2021-08-01,3202103,4199679,7381165,"Johnson&Johnson, Moderna, Pfizer/BioNTech",Denmark,https://covid19.ssi.dk/overvagningsdata/download-fil-med-vaccinationsdata,
2021-08-02,3242742,4216048,7437151,"Johnson&Johnson, Moderna, Pfizer/BioNTech",Denmark,https://covid19.ssi.dk/overvagningsdata/download-fil-med-vaccinationsdata,
2021-08-03,3285789,4229582,7493625,"Johnson&Johnson, Moderna, Pfizer/BioNTech",Denmark,https://covid19.ssi.dk/overvagningsdata/download-fil-med-vaccinationsdata,
2021-08-04,3330333,4241031,7549532,"Johnson&Johnson, Moderna, Pfizer/BioNTech",Denmark,https://covid19.ssi.dk/overvagningsdata/download-fil-med-vaccinationsdata,
2021-08-05,3370194,4252518,7600721,"Johnson&Johnson, Moderna, Pfizer/BioNTech",Denmark,https://covid19.ssi.dk/overvagningsdata/download-fil-med-vaccinationsdata,
2021-08-06,3410154,4262509,7650641,"Johnson&Johnson, Moderna, Pfizer/BioNTech",Denmark,https://covid19.ssi.dk/overvagningsdata/download-fil-med-vaccinationsdata,
2021-08-07,3437087,4270264,7685348,"Johnson&Johnson, Moderna, Pfizer/BioNTech",Denmark,https://covid19.ssi.dk/overvagningsdata/download-fil-med-vaccinationsdata,
2021-08-08,3472972,4274380,7725456,"Johnson&Johnson, Moderna, Pfizer/BioNTech",Denmark,https://covid19.ssi.dk/overvagningsdata/download-fil-med-vaccinationsdata,
2021-08-09,3528367,4284399,,"Johnson&Johnson, Moderna, Pfizer/BioNTech",Denmark,https://covid19.ssi.dk/overvagningsdata/download-fil-med-vaccinationsdata,
2021-08-10,3583067,4294320,7790238,"Johnson&Johnson, Moderna, Pfizer/BioNTech",Denmark,https://covid19.ssi.dk/overvagningsdata/download-fil-med-vaccinationsdata,
2021-08-11,3640570,4300565,7918713,"Johnson&Johnson, Moderna, Pfizer/BioNTech",Denmark,https://covid19.ssi.dk/overvagningsdata/download-fil-med-vaccinationsdata,
2021-08-12,3690645,4306578,7974868,"Johnson&Johnson, Moderna, Pfizer/BioNTech",Denmark,https://covid19.ssi.dk/overvagningsdata/download-fil-med-vaccinationsdata,
2021-08-13,3737515,4313022,8028257,"Johnson&Johnson, Moderna, Pfizer/BioNTech",Denmark,https://covid19.ssi.dk/overvagningsdata/download-fil-med-vaccinationsdata,
2021-08-14,3772823,4317351,8068015,"Johnson&Johnson, Moderna, Pfizer/BioNTech",Denmark,https://covid19.ssi.dk/overvagningsdata/download-fil-med-vaccinationsdata,
2021-08-15,3810266,4321859,8110049,"Johnson&Johnson, Moderna, Pfizer/BioNTech",Denmark,https://covid19.ssi.dk/overvagningsdata/download-fil-med-vaccinationsdata,
2021-08-16,3855307,4329124,8161508,"Johnson&Johnson, Moderna, Pfizer/BioNTech",Denmark,https://covid19.ssi.dk/overvagningsdata/download-fil-med-vaccinationsdata,
2021-08-17,3892993,4336301,8206273,"Johnson&Johnson, Moderna, Pfizer/BioNTech",Denmark,https://covid19.ssi.dk/overvagningsdata/download-fil-med-vaccinationsdata,
2021-08-18,3929583,4341860,8248309,"Johnson&Johnson, Moderna, Pfizer/BioNTech",Denmark,https://covid19.ssi.dk/overvagningsdata/download-fil-med-vaccinationsdata,
2021-08-19,3956077,4348054,8280915,"Johnson&Johnson, Moderna, Pfizer/BioNTech",Denmark,https://covid19.ssi.dk/overvagningsdata/download-fil-med-vaccinationsdata,
2021-08-20,3984822,4353016,8314404,"Johnson&Johnson, Moderna, Pfizer/BioNTech",Denmark,https://covid19.ssi.dk/overvagningsdata/download-fil-med-vaccinationsdata,
2021-08-21,4004510,4357552,8338662,"Johnson&Johnson, Moderna, Pfizer/BioNTech",Denmark,https://covid19.ssi.dk/overvagningsdata/download-fil-med-vaccinationsdata,
2021-08-22,4020690,4360592,8357922,"Johnson&Johnson, Moderna, Pfizer/BioNTech",Denmark,https://covid19.ssi.dk/overvagningsdata/download-fil-med-vaccinationsdata,
2021-08-23,4051067,4366261,8393448,"Johnson&Johnson, Moderna, Pfizer/BioNTech",Denmark,https://covid19.ssi.dk/overvagningsdata/download-fil-med-vaccinationsdata,
2021-08-24,4079753,4372079,8427690,"Johnson&Johnson, Moderna, Pfizer/BioNTech",Denmark,https://covid19.ssi.dk/overvagningsdata/download-fil-med-vaccinationsdata,
2021-08-25,4098511,4377041,8451189,"Johnson&Johnson, Moderna, Pfizer/BioNTech",Denmark,https://covid19.ssi.dk/overvagningsdata/download-fil-med-vaccinationsdata,
2021-08-26,4116918,4381524,8473911,"Johnson&Johnson, Moderna, Pfizer/BioNTech",Denmark,https://covid19.ssi.dk/overvagningsdata/download-fil-med-vaccinationsdata,
2021-08-27,4137309,4386159,8498688,"Johnson&Johnson, Moderna, Pfizer/BioNTech",Denmark,https://covid19.ssi.dk/overvagningsdata/download-fil-med-vaccinationsdata,
2021-08-28,4147341,4388873,8511443,"Johnson&Johnson, Moderna, Pfizer/BioNTech",Denmark,https://covid19.ssi.dk/overvagningsdata/download-fil-med-vaccinationsdata,
2021-08-29,4159078,4391280,8525591,"Johnson&Johnson, Moderna, Pfizer/BioNTech",Denmark,https://covid19.ssi.dk/overvagningsdata/download-fil-med-vaccinationsdata,
2021-08-30,4183634,4395384,8553341,"Johnson&Johnson, Moderna, Pfizer/BioNTech",Denmark,https://covid19.ssi.dk/overvagningsdata/download-fil-med-vaccinationsdata,
2021-08-31,4200768,4399056,8573813,"Johnson&Johnson, Moderna, Pfizer/BioNTech",Denmark,https://covid19.ssi.dk/overvagningsdata/download-fil-med-vaccinationsdata,
2021-09-01,4211352,4402030,8586828,"Johnson&Johnson, Moderna, Pfizer/BioNTech",Denmark,https://covid19.ssi.dk/overvagningsdata/download-fil-med-vaccinationsdata,
2021-09-02,4221431,4404936,8599498,"Johnson&Johnson, Moderna, Pfizer/BioNTech",Denmark,https://covid19.ssi.dk/overvagningsdata/download-fil-med-vaccinationsdata,
2021-09-03,4230280,4407590,8610704,"Johnson&Johnson, Moderna, Pfizer/BioNTech",Denmark,https://covid19.ssi.dk/overvagningsdata/download-fil-med-vaccinationsdata,
2021-09-04,4237565,4409422,8619849,"Johnson&Johnson, Moderna, Pfizer/BioNTech",Denmark,https://covid19.ssi.dk/overvagningsdata/download-fil-med-vaccinationsdata,
2021-09-05,4243537,4411532,8627954,"Johnson&Johnson, Moderna, Pfizer/BioNTech",Denmark,https://covid19.ssi.dk/overvagningsdata/download-fil-med-vaccinationsdata,
2021-09-06,4252952,4413686,8638495,"Johnson&Johnson, Moderna, Pfizer/BioNTech",Denmark,https://covid19.ssi.dk/overvagningsdata/download-fil-med-vaccinationsdata,
2021-09-07,4260953,4415932,,"Johnson&Johnson, Moderna, Pfizer/BioNTech",Denmark,https://covid19.ssi.dk/overvagningsdata/download-fil-med-vaccinationsdata,
2021-09-08,4267769,4418240,8648547,"Johnson&Johnson, Moderna, Pfizer/BioNTech",Denmark,https://covid19.ssi.dk/overvagningsdata/download-fil-med-vaccinationsdata,
2021-09-09,4273968,4420184,8665167,"Johnson&Johnson, Moderna, Pfizer/BioNTech",Denmark,https://covid19.ssi.dk/overvagningsdata/download-fil-med-vaccinationsdata,
2021-09-10,4281525,4422319,8674574,"Johnson&Johnson, Moderna, Pfizer/BioNTech",Denmark,https://covid19.ssi.dk/overvagningsdata/download-fil-med-vaccinationsdata,
2021-09-11,4287307,4424145,8682198,"Johnson&Johnson, Moderna, Pfizer/BioNTech",Denmark,https://covid19.ssi.dk/overvagningsdata/download-fil-med-vaccinationsdata,
2021-09-12,4292213,4425499,8688480,"Johnson&Johnson, Moderna, Pfizer/BioNTech",Denmark,https://covid19.ssi.dk/overvagningsdata/download-fil-med-vaccinationsdata,
2021-09-13,4298937,4427407,8696153,"Johnson&Johnson, Moderna, Pfizer/BioNTech",Denmark,https://covid19.ssi.dk/overvagningsdata/download-fil-med-vaccinationsdata,
2021-09-14,4304456,4429197,8703120,"Johnson&Johnson, Moderna, Pfizer/BioNTech",Denmark,https://covid19.ssi.dk/overvagningsdata/download-fil-med-vaccinationsdata,
2021-09-15,4310147,4430941,8710342,"Johnson&Johnson, Moderna, Pfizer/BioNTech",Denmark,https://covid19.ssi.dk/overvagningsdata/download-fil-med-vaccinationsdata,
2021-09-16,4314852,4432596,8716356,"Johnson&Johnson, Moderna, Pfizer/BioNTech",Denmark,https://covid19.ssi.dk/overvagningsdata/download-fil-med-vaccinationsdata,
2021-09-17,4319764,4434207,8722656,"Johnson&Johnson, Moderna, Pfizer/BioNTech",Denmark,https://covid19.ssi.dk/overvagningsdata/download-fil-med-vaccinationsdata,
2021-09-18,4323445,4435329,8727463,"Johnson&Johnson, Moderna, Pfizer/BioNTech",Denmark,https://covid19.ssi.dk/overvagningsdata/download-fil-med-vaccinationsdata,
2021-09-19,4326534,4436331,8731553,"Johnson&Johnson, Moderna, Pfizer/BioNTech",Denmark,https://covid19.ssi.dk/overvagningsdata/download-fil-med-vaccinationsdata,
2021-09-20,4332750,4438066,8738570,"Johnson&Johnson, Moderna, Pfizer/BioNTech",Denmark,https://covid19.ssi.dk/overvagningsdata/download-fil-med-vaccinationsdata,
2021-09-21,4337419,4439521,8744427,"Johnson&Johnson, Moderna, Pfizer/BioNTech",Denmark,https://covid19.ssi.dk/overvagningsdata/download-fil-med-vaccinationsdata,
2021-09-22,4341419,4440998,8749620,"Johnson&Johnson, Moderna, Pfizer/BioNTech",Denmark,https://covid19.ssi.dk/overvagningsdata/download-fil-med-vaccinationsdata,
2021-09-23,4344930,4442192,8754137,"Johnson&Johnson, Moderna, Pfizer/BioNTech",Denmark,https://covid19.ssi.dk/overvagningsdata/download-fil-med-vaccinationsdata,
2021-09-24,4348494,4443369,,"Johnson&Johnson, Moderna, Pfizer/BioNTech",Denmark,https://covid19.ssi.dk/overvagningsdata/download-fil-med-vaccinationsdata,
2021-09-25,4350815,4444260,,"Johnson&Johnson, Moderna, Pfizer/BioNTech",Denmark,https://covid19.ssi.dk/overvagningsdata/download-fil-med-vaccinationsdata,
2021-09-26,4353604,4445089,8765351,"Johnson&Johnson, Moderna, Pfizer/BioNTech",Denmark,https://covid19.ssi.dk/overvagningsdata/download-fil-med-vaccinationsdata,
2021-09-27,4356911,4446186,8769088,"Johnson&Johnson, Moderna, Pfizer/BioNTech",Denmark,https://covid19.ssi.dk/overvagningsdata/download-fil-med-vaccinationsdata,
2021-09-28,4360280,4447402,8773228,"Johnson&Johnson, Moderna, Pfizer/BioNTech",Denmark,https://covid19.ssi.dk/overvagningsdata/download-fil-med-vaccinationsdata,
2021-09-29,4363584,4448670,8777556,"Johnson&Johnson, Moderna, Pfizer/BioNTech",Denmark,https://covid19.ssi.dk/overvagningsdata/download-fil-med-vaccinationsdata,
2021-09-30,4366182,4449774,8780826,"Johnson&Johnson, Moderna, Pfizer/BioNTech",Denmark,https://covid19.ssi.dk/overvagningsdata/download-fil-med-vaccinationsdata,
2021-10-01,4368657,4450801,,"Johnson&Johnson, Moderna, Pfizer/BioNTech",Denmark,https://covid19.ssi.dk/overvagningsdata/download-fil-med-vaccinationsdata,
2021-10-02,4370244,4451509,,"Johnson&Johnson, Moderna, Pfizer/BioNTech",Denmark,https://covid19.ssi.dk/overvagningsdata/download-fil-med-vaccinationsdata,
2021-10-03,4371373,4451949,8787749,"Johnson&Johnson, Moderna, Pfizer/BioNTech",Denmark,https://covid19.ssi.dk/overvagningsdata/download-fil-med-vaccinationsdata,
2021-10-04,4373018,4452724,8789129,"Johnson&Johnson, Moderna, Pfizer/BioNTech",Denmark,https://covid19.ssi.dk/overvagningsdata/download-fil-med-vaccinationsdata,
2021-10-05,4375356,4453916,8792456,"Johnson&Johnson, Moderna, Pfizer/BioNTech",Denmark,https://covid19.ssi.dk/overvagningsdata/download-fil-med-vaccinationsdata,
2021-10-06,4377750,4455266,8795829,"Johnson&Johnson, Moderna, Pfizer/BioNTech",Denmark,https://covid19.ssi.dk/overvagningsdata/download-fil-med-vaccinationsdata,
2021-10-07,4379558,4456173,8797923,"Johnson&Johnson, Moderna, Pfizer/BioNTech",Denmark,https://covid19.ssi.dk/overvagningsdata/download-fil-med-vaccinationsdata,
2021-10-08,4381541,4457252,,"Johnson&Johnson, Moderna, Pfizer/BioNTech",Denmark,https://covid19.ssi.dk/overvagningsdata/download-fil-med-vaccinationsdata,
2021-10-09,4383209,4457989,,"Johnson&Johnson, Moderna, Pfizer/BioNTech",Denmark,https://covid19.ssi.dk/overvagningsdata/download-fil-med-vaccinationsdata,
2021-10-10,4384046,4458427,8804552,"Johnson&Johnson, Moderna, Pfizer/BioNTech",Denmark,https://covid19.ssi.dk/overvagningsdata/download-fil-med-vaccinationsdata,
2021-10-11,4385423,4459179,8805724,"Johnson&Johnson, Moderna, Pfizer/BioNTech",Denmark,https://covid19.ssi.dk/overvagningsdata/download-fil-med-vaccinationsdata,
2021-10-12,4387691,4460329,8808728,"Johnson&Johnson, Moderna, Pfizer/BioNTech",Denmark,https://covid19.ssi.dk/overvagningsdata/download-fil-med-vaccinationsdata,
2021-10-13,4389674,4461457,8811494,"Johnson&Johnson, Moderna, Pfizer/BioNTech",Denmark,https://covid19.ssi.dk/overvagningsdata/download-fil-med-vaccinationsdata,
2021-10-14,4391310,4462294,8813691,"Johnson&Johnson, Moderna, Pfizer/BioNTech",Denmark,https://covid19.ssi.dk/overvagningsdata/download-fil-med-vaccinationsdata,
2021-10-15,4393037,4463345,,"Johnson&Johnson, Moderna, Pfizer/BioNTech",Denmark,https://covid19.ssi.dk/overvagningsdata/download-fil-med-vaccinationsdata,
2021-10-16,4394092,4464010,,"Johnson&Johnson, Moderna, Pfizer/BioNTech",Denmark,https://covid19.ssi.dk/overvagningsdata/download-fil-med-vaccinationsdata,
2021-10-17,4394795,4464368,8818910,"Johnson&Johnson, Moderna, Pfizer/BioNTech",Denmark,https://covid19.ssi.dk/overvagningsdata/download-fil-med-vaccinationsdata,
2021-10-18,4395831,4465156,,"Johnson&Johnson, Moderna, Pfizer/BioNTech",Denmark,https://covid19.ssi.dk/overvagningsdata/download-fil-med-vaccinationsdata,
2021-10-19,4397487,4466299,8822233,"Johnson&Johnson, Moderna, Pfizer/BioNTech",Denmark,https://covid19.ssi.dk/overvagningsdata/download-fil-med-vaccinationsdata,
2021-10-20,4399045,4467489,8825054,"Johnson&Johnson, Moderna, Pfizer/BioNTech",Denmark,https://covid19.ssi.dk/overvagningsdata/download-fil-med-vaccinationsdata,
2021-10-21,4400319,4468627,8827168,"Johnson&Johnson, Moderna, Pfizer/BioNTech",Denmark,https://covid19.ssi.dk/overvagningsdata/download-fil-med-vaccinationsdata,
2021-10-22,4401706,4469856,,"Johnson&Johnson, Moderna, Pfizer/BioNTech",Denmark,https://covid19.ssi.dk/overvagningsdata/download-fil-med-vaccinationsdata,
2021-10-23,4402674,4470526,,"Johnson&Johnson, Moderna, Pfizer/BioNTech",Denmark,https://covid19.ssi.dk/overvagningsdata/download-fil-med-vaccinationsdata,
2021-10-24,4403253,4471052,8832171,"Johnson&Johnson, Moderna, Pfizer/BioNTech",Denmark,https://covid19.ssi.dk/overvagningsdata/download-fil-med-vaccinationsdata,
2021-10-25,4404468,4472173,8833610,"Johnson&Johnson, Moderna, Pfizer/BioNTech",Denmark,https://covid19.ssi.dk/overvagningsdata/download-fil-med-vaccinationsdata,
2021-10-26,4406105,4473728,8836489,"Johnson&Johnson, Moderna, Pfizer/BioNTech",Denmark,https://covid19.ssi.dk/overvagningsdata/download-fil-med-vaccinationsdata,
2021-10-27,4407825,4475464,8839674,"Johnson&Johnson, Moderna, Pfizer/BioNTech",Denmark,https://covid19.ssi.dk/overvagningsdata/download-fil-med-vaccinationsdata,
2021-10-28,4409242,4477127,8842405,"Johnson&Johnson, Moderna, Pfizer/BioNTech",Denmark,https://covid19.ssi.dk/overvagningsdata/download-fil-med-vaccinationsdata,
2021-10-29,4410778,4478720,,"Johnson&Johnson, Moderna, Pfizer/BioNTech",Denmark,https://covid19.ssi.dk/overvagningsdata/download-fil-med-vaccinationsdata,
2021-10-30,4411669,4479764,,"Johnson&Johnson, Moderna, Pfizer/BioNTech",Denmark,https://covid19.ssi.dk/overvagningsdata/download-fil-med-vaccinationsdata,
2021-10-31,4412230,4480386,8848539,"Johnson&Johnson, Moderna, Pfizer/BioNTech",Denmark,https://covid19.ssi.dk/overvagningsdata/download-fil-med-vaccinationsdata,
2021-11-01,4413411,4482104,8851497,"Johnson&Johnson, Moderna, Pfizer/BioNTech",Denmark,https://covid19.ssi.dk/overvagningsdata/download-fil-med-vaccinationsdata,
2021-11-02,4414751,4484028,8853096,"Johnson&Johnson, Moderna, Pfizer/BioNTech",Denmark,https://covid19.ssi.dk/overvagningsdata/download-fil-med-vaccinationsdata,
2021-11-03,4416223,4486275,8856476,"Johnson&Johnson, Moderna, Pfizer/BioNTech",Denmark,https://covid19.ssi.dk/overvagningsdata/download-fil-med-vaccinationsdata,
2021-11-04,4417352,4487996,8859053,"Johnson&Johnson, Moderna, Pfizer/BioNTech",Denmark,https://covid19.ssi.dk/overvagningsdata/download-fil-med-vaccinationsdata,
