location,date,vaccine,source_url,total_vaccinations,people_vaccinated,people_fully_vaccinated,total_boosters
Dominican Republic,2021-02-15,"Oxford/AstraZeneca, Sinovac",https://twitter.com/luisabinader/status/1363672938579439618,0,0,,
Dominican Republic,2021-02-16,"Oxford/AstraZeneca, Sinovac",https://twitter.com/luisabinader/status/1363672938579439618,385,385,,
Dominican Republic,2021-02-17,"Oxford/AstraZeneca, Sinovac",https://twitter.com/luisabinader/status/1363672938579439618,1379,1379,,
Dominican Republic,2021-02-18,"Oxford/AstraZeneca, Sinovac",https://twitter.com/luisabinader/status/1363672938579439618,5328,5328,,
Dominican Republic,2021-02-19,"Oxford/AstraZeneca, Sinovac",https://twitter.com/luisabinader/status/1363672938579439618,10200,10200,,
Dominican Republic,2021-02-20,"Oxford/AstraZeneca, Sinovac",https://twitter.com/luisabinader/status/1363672938579439618,13087,13087,,
Dominican Republic,2021-02-21,"Oxford/AstraZeneca, Sinovac",https://twitter.com/luisabinader/status/1363672938579439618,14264,14264,,
Dominican Republic,2021-02-24,"Oxford/AstraZeneca, Sinovac",https://twitter.com/SaludPublicaRD/status/1364587633645617154,26400,26400,,
Dominican Republic,2021-03-01,"Oxford/AstraZeneca, Sinovac",https://twitter.com/SaludPublicaRD/status/1366335885692854272,60000,60000,,
Dominican Republic,2021-03-02,"Oxford/AstraZeneca, Sinovac",https://twitter.com/SaludPublicaRD/status/1366830606055837697,105000,105000,,
Dominican Republic,2021-03-03,"Oxford/AstraZeneca, Sinovac",https://twitter.com/SaludPublicaRD/status/1367164847700475904,161827,161827,,
Dominican Republic,2021-03-04,"Oxford/AstraZeneca, Sinovac",https://twitter.com/SaludPublicaRD/status/1367494829165457428,227719,227719,,
Dominican Republic,2021-03-05,"Oxford/AstraZeneca, Sinovac",https://twitter.com/SaludPublicaRD/status/1367849088503455749,303490,303490,,
Dominican Republic,2021-03-06,"Oxford/AstraZeneca, Sinovac",https://twitter.com/SaludPublicaRD/status/1368209179060690944,375265,375265,,
Dominican Republic,2021-03-08,"Oxford/AstraZeneca, Sinovac",https://twitter.com/SaludPublicaRD/status/1368944098598617092,400041,400041,,
Dominican Republic,2021-03-09,"Oxford/AstraZeneca, Sinovac",https://twitter.com/SaludPublicaRD/status/1369290822047391748,480237,480237,,
Dominican Republic,2021-03-10,"Oxford/AstraZeneca, Sinovac",https://twitter.com/SaludPublicaRD/status/1369645420905893891,547091,547091,,
Dominican Republic,2021-03-11,"Oxford/AstraZeneca, Sinovac",https://twitter.com/SaludPublicaRD/status/1370115374373560325,606006,606006,,
Dominican Republic,2021-03-15,"Oxford/AstraZeneca, Sinovac",https://twitter.com/SaludPublicaRD/status/1371444361469255682,675000,675000,,
Dominican Republic,2021-03-23,"Oxford/AstraZeneca, Sinopharm/Beijing, Sinovac",https://twitter.com/SaludPublicaRD/status/1374451963627151360,800000,800000,,
Dominican Republic,2021-03-30,"Oxford/AstraZeneca, Sinopharm/Beijing, Sinovac",https://twitter.com/SaludPublicaRD/status/1376919663049904145,910869,856474,54395,
Dominican Republic,2021-04-14,"Oxford/AstraZeneca, Sinopharm/Beijing, Sinovac",https://twitter.com/saludpublicard/status/1382524322565218305,1509898,909898,600000,
Dominican Republic,2021-04-25,"Oxford/AstraZeneca, Sinopharm/Beijing, Sinovac",https://twitter.com/PresidenciaRD/status/1386858176440672257,1747878,993804,754074,
Dominican Republic,2021-04-26,"Oxford/AstraZeneca, Sinopharm/Beijing, Sinovac",https://vacunate.gob.do/,1797346,1029281,768065,
Dominican Republic,2021-04-27,"Oxford/AstraZeneca, Sinopharm/Beijing, Sinovac",https://vacunate.gob.do/,1847261,1067830,779431,
Dominican Republic,2021-04-28,"Oxford/AstraZeneca, Sinopharm/Beijing, Sinovac",https://vacunate.gob.do/,1893836,1106733,787103,
Dominican Republic,2021-04-29,"Oxford/AstraZeneca, Sinopharm/Beijing, Sinovac",https://vacunate.gob.do/,1935500,1143669,791831,
Dominican Republic,2021-04-30,"Oxford/AstraZeneca, Sinopharm/Beijing, Sinovac",https://vacunate.gob.do/,1970018,1174227,795791,
Dominican Republic,2021-05-01,"Oxford/AstraZeneca, Sinopharm/Beijing, Sinovac",https://vacunate.gob.do/,1982185,1185502,796683,
Dominican Republic,2021-05-02,"Oxford/AstraZeneca, Sinopharm/Beijing, Sinovac",https://vacunate.gob.do/,1989384,1192415,796969,
Dominican Republic,2021-05-03,"Oxford/AstraZeneca, Sinopharm/Beijing, Sinovac",https://vacunate.gob.do/,2052662,1251674,800988,
Dominican Republic,2021-05-04,"Oxford/AstraZeneca, Sinopharm/Beijing, Sinovac",https://vacunate.gob.do/,2123703,1319445,804258,
Dominican Republic,2021-05-05,"Oxford/AstraZeneca, Sinopharm/Beijing, Sinovac",https://vacunate.gob.do/,2197153,1389890,807263,
Dominican Republic,2021-05-06,"Oxford/AstraZeneca, Sinopharm/Beijing, Sinovac",https://vacunate.gob.do/,2264381,1456488,807893,
Dominican Republic,2021-05-07,"Oxford/AstraZeneca, Sinopharm/Beijing, Sinovac",https://vacunate.gob.do/,2325108,1515063,810045,
Dominican Republic,2021-05-08,"Oxford/AstraZeneca, Sinopharm/Beijing, Sinovac",https://vacunate.gob.do/,2345528,1535083,810445,
Dominican Republic,2021-05-09,"Oxford/AstraZeneca, Sinopharm/Beijing, Sinovac",https://vacunate.gob.do/,2354281,1543725,810556,
Dominican Republic,2021-05-10,"Oxford/AstraZeneca, Sinopharm/Beijing, Sinovac",https://vacunate.gob.do/,2483629,1671046,812583,
Dominican Republic,2021-05-11,"Oxford/AstraZeneca, Sinopharm/Beijing, Sinovac",https://vacunate.gob.do/,2640409,1825500,814909,
Dominican Republic,2021-05-12,"Oxford/AstraZeneca, Sinopharm/Beijing, Sinovac",https://vacunate.gob.do/,2801356,1984662,816694,
Dominican Republic,2021-05-13,"Oxford/AstraZeneca, Sinopharm/Beijing, Sinovac",https://vacunate.gob.do/,2941030,2122713,818317,
Dominican Republic,2021-05-14,"Oxford/AstraZeneca, Sinopharm/Beijing, Sinovac",https://vacunate.gob.do/,3071487,2251255,820232,
Dominican Republic,2021-05-15,"Oxford/AstraZeneca, Sinopharm/Beijing, Sinovac",https://vacunate.gob.do/,3105105,2284580,820525,
Dominican Republic,2021-05-16,"Oxford/AstraZeneca, Sinopharm/Beijing, Sinovac",https://vacunate.gob.do/,3119820,2299179,820641,
Dominican Republic,2021-05-18,"Oxford/AstraZeneca, Sinopharm/Beijing, Sinovac",https://vacunate.gob.do/,3370726,2545132,825594,
Dominican Republic,2021-05-19,"Oxford/AstraZeneca, Sinopharm/Beijing, Sinovac",https://vacunate.gob.do/,3488131,2658818,829313,
Dominican Republic,2021-05-20,"Oxford/AstraZeneca, Sinopharm/Beijing, Sinovac",https://vacunate.gob.do/,3593646,2748532,845114,
Dominican Republic,2021-05-21,"Oxford/AstraZeneca, Sinopharm/Beijing, Sinovac",https://vacunate.gob.do/,3694329,2822348,871981,
Dominican Republic,2021-05-22,"Oxford/AstraZeneca, Sinopharm/Beijing, Sinovac",https://vacunate.gob.do/,3725377,2845928,879449,
Dominican Republic,2021-05-23,"Oxford/AstraZeneca, Sinopharm/Beijing, Sinovac",https://vacunate.gob.do/,3739010,2855808,883202,
Dominican Republic,2021-05-24,"Oxford/AstraZeneca, Sinopharm/Beijing, Sinovac",https://vacunate.gob.do/,3845766,2932987,912779,
Dominican Republic,2021-05-25,"Oxford/AstraZeneca, Sinopharm/Beijing, Sinovac",https://vacunate.gob.do/,3948015,3003678,944337,
Dominican Republic,2021-05-26,"Oxford/AstraZeneca, Sinopharm/Beijing, Sinovac",https://vacunate.gob.do/,4041312,3064800,976512,
Dominican Republic,2021-05-27,"Oxford/AstraZeneca, Sinopharm/Beijing, Sinovac",https://vacunate.gob.do/,4121584,3115252,1006332,
Dominican Republic,2021-05-28,"Oxford/AstraZeneca, Sinopharm/Beijing, Sinovac",https://vacunate.gob.do/,4188983,3155232,1033751,
Dominican Republic,2021-05-29,"Oxford/AstraZeneca, Sinopharm/Beijing, Sinovac",https://vacunate.gob.do/,4210215,3169176,1041039,
Dominican Republic,2021-05-30,"Oxford/AstraZeneca, Sinopharm/Beijing, Sinovac",https://vacunate.gob.do/,4214163,3171332,1042831,
Dominican Republic,2021-05-31,"Oxford/AstraZeneca, Sinopharm/Beijing, Sinovac",https://vacunate.gob.do/,4311374,3223950,1087424,
Dominican Republic,2021-06-01,"Oxford/AstraZeneca, Sinopharm/Beijing, Sinovac",https://vacunate.gob.do/,4456516,3313861,1142655,
Dominican Republic,2021-06-02,"Oxford/AstraZeneca, Sinopharm/Beijing, Sinovac",https://vacunate.gob.do/,4625387,3424187,1201200,
Dominican Republic,2021-06-03,"Oxford/AstraZeneca, Sinopharm/Beijing, Sinovac",https://vacunate.gob.do/,4761529,3530338,1231191,
Dominican Republic,2021-06-04,"Oxford/AstraZeneca, Sinopharm/Beijing, Sinovac",https://vacunate.gob.do/,4989807,3687044,1302763,
Dominican Republic,2021-06-05,"Oxford/AstraZeneca, Sinopharm/Beijing, Sinovac",https://vacunate.gob.do/,5115370,3784461,1330909,
Dominican Republic,2021-06-06,"Oxford/AstraZeneca, Sinopharm/Beijing, Sinovac",https://vacunate.gob.do/,5197199,3848889,1348310,
Dominican Republic,2021-06-07,"Oxford/AstraZeneca, Sinopharm/Beijing, Sinovac",https://vacunate.gob.do/,5417069,3971831,1445238,
Dominican Republic,2021-06-08,"Oxford/AstraZeneca, Sinopharm/Beijing, Sinovac",https://vacunate.gob.do/,5656548,4091884,1564664,
Dominican Republic,2021-06-09,"Oxford/AstraZeneca, Sinopharm/Beijing, Sinovac",https://vacunate.gob.do/,5900600,4212646,1687954,
Dominican Republic,2021-06-10,"Oxford/AstraZeneca, Sinopharm/Beijing, Sinovac",https://vacunate.gob.do/,6050983,4223427,1827556,
Dominican Republic,2021-06-11,"Oxford/AstraZeneca, Pfizer/BioNTech, Sinopharm/Beijing, Sinovac",https://vacunate.gob.do/,6173811,4227940,1945871,
Dominican Republic,2021-06-12,"Oxford/AstraZeneca, Pfizer/BioNTech, Sinopharm/Beijing, Sinovac",https://vacunate.gob.do/,6219867,4241798,1978069,
Dominican Republic,2021-06-13,"Oxford/AstraZeneca, Pfizer/BioNTech, Sinopharm/Beijing, Sinovac",https://vacunate.gob.do/,6251341,4258343,1992998,
Dominican Republic,2021-06-14,"Oxford/AstraZeneca, Pfizer/BioNTech, Sinopharm/Beijing, Sinovac",https://vacunate.gob.do/,6370569,4272574,2097995,
Dominican Republic,2021-06-15,"Oxford/AstraZeneca, Pfizer/BioNTech, Sinopharm/Beijing, Sinovac",https://vacunate.gob.do/,6473104,4286397,2186707,
Dominican Republic,2021-06-16,"Oxford/AstraZeneca, Pfizer/BioNTech, Sinopharm/Beijing, Sinovac",https://vacunate.gob.do/,6553710,4301394,2252316,
Dominican Republic,2021-06-17,"Oxford/AstraZeneca, Pfizer/BioNTech, Sinopharm/Beijing, Sinovac",https://vacunate.gob.do/,6675351,4344495,2330856,
Dominican Republic,2021-06-18,"Oxford/AstraZeneca, Pfizer/BioNTech, Sinopharm/Beijing, Sinovac",https://vacunate.gob.do/,6835074,4422388,2412686,
Dominican Republic,2021-06-19,"Oxford/AstraZeneca, Pfizer/BioNTech, Sinopharm/Beijing, Sinovac",https://vacunate.gob.do/,6943666,4491478,2452188,
Dominican Republic,2021-06-20,"Oxford/AstraZeneca, Pfizer/BioNTech, Sinopharm/Beijing, Sinovac",https://vacunate.gob.do/,7012445,4541739,2470706,
Dominican Republic,2021-06-21,"Oxford/AstraZeneca, Pfizer/BioNTech, Sinopharm/Beijing, Sinovac",https://vacunate.gob.do/,7172478,4625991,2546487,
Dominican Republic,2021-06-22,"Oxford/AstraZeneca, Pfizer/BioNTech, Sinopharm/Beijing, Sinovac",https://vacunate.gob.do/,7301587,4691111,2610476,
Dominican Republic,2021-06-23,"Oxford/AstraZeneca, Pfizer/BioNTech, Sinopharm/Beijing, Sinovac",https://vacunate.gob.do/,7402235,4746498,2655737,
Dominican Republic,2021-06-24,"Oxford/AstraZeneca, Pfizer/BioNTech, Sinopharm/Beijing, Sinovac",https://vacunate.gob.do/,7482545,4790322,2692223,
Dominican Republic,2021-06-25,"Oxford/AstraZeneca, Pfizer/BioNTech, Sinopharm/Beijing, Sinovac",https://vacunate.gob.do/,7545508,4826862,2718646,
Dominican Republic,2021-06-26,"Oxford/AstraZeneca, Pfizer/BioNTech, Sinopharm/Beijing, Sinovac",https://vacunate.gob.do/,7569805,4842540,2727265,
Dominican Republic,2021-06-27,"Oxford/AstraZeneca, Pfizer/BioNTech, Sinopharm/Beijing, Sinovac",https://vacunate.gob.do/,7583057,4851699,2731358,
Dominican Republic,2021-06-28,"Oxford/AstraZeneca, Pfizer/BioNTech, Sinopharm/Beijing, Sinovac",https://vacunate.gob.do/,7653536,4883358,2770178,
Dominican Republic,2021-06-29,"Oxford/AstraZeneca, Pfizer/BioNTech, Sinopharm/Beijing, Sinovac",https://vacunate.gob.do/,7746038,4918071,2827967,
Dominican Republic,2021-06-30,"Oxford/AstraZeneca, Pfizer/BioNTech, Sinopharm/Beijing, Sinovac",https://vacunate.gob.do/,7842179,4949582,2892597,
Dominican Republic,2021-07-02,"Oxford/AstraZeneca, Pfizer/BioNTech, Sinopharm/Beijing, Sinovac",https://vacunate.gob.do/,8034708,5008715,3025993,
Dominican Republic,2021-07-03,"Oxford/AstraZeneca, Pfizer/BioNTech, Sinopharm/Beijing, Sinovac",https://vacunate.gob.do/,8077985,5019355,3058630,
Dominican Republic,2021-07-04,"Oxford/AstraZeneca, Pfizer/BioNTech, Sinopharm/Beijing, Sinovac",https://vacunate.gob.do/,8119502,5030094,3089408,
Dominican Republic,2021-07-05,"Oxford/AstraZeneca, Pfizer/BioNTech, Sinopharm/Beijing, Sinovac",https://vacunate.gob.do/,8253816,5061730,3192086,
Dominican Republic,2021-07-06,"Oxford/AstraZeneca, Pfizer/BioNTech, Sinopharm/Beijing, Sinovac",https://vacunate.gob.do/,8396449,5097374,3299075,
Dominican Republic,2021-07-07,"Oxford/AstraZeneca, Pfizer/BioNTech, Sinopharm/Beijing, Sinovac",https://vacunate.gob.do/,8572939,5131732,3403094,38113
Dominican Republic,2021-07-08,"Oxford/AstraZeneca, Pfizer/BioNTech, Sinopharm/Beijing, Sinovac",https://vacunate.gob.do/,8688523,5165832,3469190,53501
Dominican Republic,2021-07-09,"Oxford/AstraZeneca, Pfizer/BioNTech, Sinopharm/Beijing, Sinovac",https://vacunate.gob.do/,8783843,5198112,3515118,70613
Dominican Republic,2021-07-10,"Oxford/AstraZeneca, Pfizer/BioNTech, Sinopharm/Beijing, Sinovac",https://vacunate.gob.do/,8833615,5217103,3536178,80334
Dominican Republic,2021-07-11,"Oxford/AstraZeneca, Pfizer/BioNTech, Sinopharm/Beijing, Sinovac",https://vacunate.gob.do/,8859966,5226733,3547663,85570
Dominican Republic,2021-07-12,"Oxford/AstraZeneca, Pfizer/BioNTech, Sinopharm/Beijing, Sinovac",https://vacunate.gob.do/,8924052,5246674,3574258,103120
Dominican Republic,2021-07-13,"Oxford/AstraZeneca, Pfizer/BioNTech, Sinopharm/Beijing, Sinovac",https://vacunate.gob.do/,8998508,5271104,3604070,123334
Dominican Republic,2021-07-14,"Oxford/AstraZeneca, Pfizer/BioNTech, Sinopharm/Beijing, Sinovac",https://vacunate.gob.do/,9066151,5294786,3629728,141637
Dominican Republic,2021-07-15,"Oxford/AstraZeneca, Pfizer/BioNTech, Sinopharm/Beijing, Sinovac",https://vacunate.gob.do/,9132857,5316275,3657968,158614
Dominican Republic,2021-07-16,"Oxford/AstraZeneca, Pfizer/BioNTech, Sinopharm/Beijing, Sinovac",https://vacunate.gob.do/,9201783,5336442,3692082,173259
Dominican Republic,2021-07-17,"Oxford/AstraZeneca, Pfizer/BioNTech, Sinopharm/Beijing, Sinovac",https://vacunate.gob.do/,9246631,5346011,3713656,186964
Dominican Republic,2021-07-18,"Oxford/AstraZeneca, Pfizer/BioNTech, Sinopharm/Beijing, Sinovac",https://vacunate.gob.do/,9263829,5350169,3723277,190383
Dominican Republic,2021-07-19,"Oxford/AstraZeneca, Pfizer/BioNTech, Sinopharm/Beijing, Sinovac",https://vacunate.gob.do/,9356203,5369886,3780347,205970
Dominican Republic,2021-07-20,"Oxford/AstraZeneca, Pfizer/BioNTech, Sinopharm/Beijing, Sinovac",https://vacunate.gob.do/,9449137,5390472,3836969,221696
Dominican Republic,2021-07-21,"Oxford/AstraZeneca, Pfizer/BioNTech, Sinopharm/Beijing, Sinovac",https://vacunate.gob.do/,9546340,5411771,3893882,240687
Dominican Republic,2021-07-22,"Oxford/AstraZeneca, Pfizer/BioNTech, Sinopharm/Beijing, Sinovac",https://vacunate.gob.do/,9637523,5432072,3944218,261233
Dominican Republic,2021-07-23,"Oxford/AstraZeneca, Pfizer/BioNTech, Sinopharm/Beijing, Sinovac",https://vacunate.gob.do/,9715081,5450751,3984498,279832
Dominican Republic,2021-07-24,"Oxford/AstraZeneca, Pfizer/BioNTech, Sinopharm/Beijing, Sinovac",https://vacunate.gob.do/,9741271,5458029,3996388,286854
Dominican Republic,2021-07-25,"Oxford/AstraZeneca, Pfizer/BioNTech, Sinopharm/Beijing, Sinovac",https://vacunate.gob.do/,9746981,5459382,3999041,288558
Dominican Republic,2021-07-26,"Oxford/AstraZeneca, Pfizer/BioNTech, Sinopharm/Beijing, Sinovac",https://vacunate.gob.do/,9815113,5473614,4036927,304572
Dominican Republic,2021-07-27,"Oxford/AstraZeneca, Pfizer/BioNTech, Sinopharm/Beijing, Sinovac",https://vacunate.gob.do/,9904559,5491708,4088555,324296
Dominican Republic,2021-07-28,"Oxford/AstraZeneca, Pfizer/BioNTech, Sinopharm/Beijing, Sinovac",https://vacunate.gob.do/,9992472,5508883,4139202,344387
Dominican Republic,2021-07-29,"Oxford/AstraZeneca, Pfizer/BioNTech, Sinopharm/Beijing, Sinovac",https://vacunate.gob.do/,10060830,5524571,4174568,361691
Dominican Republic,2021-07-30,"Oxford/AstraZeneca, Pfizer/BioNTech, Sinopharm/Beijing, Sinovac",https://vacunate.gob.do/,10119930,5538092,4205772,376066
Dominican Republic,2021-07-31,"Oxford/AstraZeneca, Pfizer/BioNTech, Sinopharm/Beijing, Sinovac",https://vacunate.gob.do/,10140333,5543146,4215901,381286
Dominican Republic,2021-08-01,"Oxford/AstraZeneca, Pfizer/BioNTech, Sinopharm/Beijing, Sinovac",https://vacunate.gob.do/,10148305,5545143,4219737,383425
Dominican Republic,2021-08-02,"Oxford/AstraZeneca, Pfizer/BioNTech, Sinopharm/Beijing, Sinovac",https://vacunate.gob.do/,10206054,5558518,4250852,396684
Dominican Republic,2021-08-03,"Oxford/AstraZeneca, Pfizer/BioNTech, Sinopharm/Beijing, Sinovac",https://vacunate.gob.do/,10266837,5572496,4282396,411945
Dominican Republic,2021-08-04,"Oxford/AstraZeneca, Pfizer/BioNTech, Sinopharm/Beijing, Sinovac",https://vacunate.gob.do/,10326939,5586823,4312006,428110
Dominican Republic,2021-08-05,"Oxford/AstraZeneca, Pfizer/BioNTech, Sinopharm/Beijing, Sinovac",https://vacunate.gob.do/,10381459,5600470,4337509,443480
Dominican Republic,2021-08-06,"Oxford/AstraZeneca, Pfizer/BioNTech, Sinopharm/Beijing, Sinovac",https://vacunate.gob.do/,10426989,5612488,4358673,455828
Dominican Republic,2021-08-07,"Oxford/AstraZeneca, Pfizer/BioNTech, Sinopharm/Beijing, Sinovac",https://vacunate.gob.do/,10444741,5617370,4366182,461189
Dominican Republic,2021-08-08,"Oxford/AstraZeneca, Pfizer/BioNTech, Sinopharm/Beijing, Sinovac",https://vacunate.gob.do/,10452130,5619234,4369473,463423
Dominican Republic,2021-08-09,"Oxford/AstraZeneca, Pfizer/BioNTech, Sinopharm/Beijing, Sinovac",https://vacunate.gob.do/,10500107,5631732,4391693,476682
Dominican Republic,2021-08-10,"Oxford/AstraZeneca, Pfizer/BioNTech, Sinopharm/Beijing, Sinovac",https://vacunate.gob.do/,10554023,5645781,4417043,491199
Dominican Republic,2021-08-11,"Oxford/AstraZeneca, Pfizer/BioNTech, Sinopharm/Beijing, Sinovac",https://vacunate.gob.do/,10581472,5652804,4429487,499181
Dominican Republic,2021-08-12,"Oxford/AstraZeneca, Pfizer/BioNTech, Sinopharm/Beijing, Sinovac",https://vacunate.gob.do/,10601438,5657720,4438630,505088
Dominican Republic,2021-08-13,"Oxford/AstraZeneca, Pfizer/BioNTech, Sinopharm/Beijing, Sinovac",https://vacunate.gob.do/,10638203,5667626,4455264,515313
Dominican Republic,2021-08-14,"Oxford/AstraZeneca, Pfizer/BioNTech, Sinopharm/Beijing, Sinovac",https://vacunate.gob.do/,10652029,5671374,4461013,519642
Dominican Republic,2021-08-15,"Oxford/AstraZeneca, Pfizer/BioNTech, Sinopharm/Beijing, Sinovac",https://vacunate.gob.do/,10656985,5672584,4462896,521505
Dominican Republic,2021-08-16,"Oxford/AstraZeneca, Pfizer/BioNTech, Sinopharm/Beijing, Sinovac",https://vacunate.gob.do/,10658318,5672922,4463319,522077
Dominican Republic,2021-08-17,"Oxford/AstraZeneca, Pfizer/BioNTech, Sinopharm/Beijing, Sinovac",https://vacunate.gob.do/,10697563,5683833,4480873,532857
Dominican Republic,2021-08-18,"Oxford/AstraZeneca, Pfizer/BioNTech, Sinopharm/Beijing, Sinovac",https://vacunate.gob.do/,10743683,5696721,4501030,545932
Dominican Republic,2021-08-19,"Oxford/AstraZeneca, Pfizer/BioNTech, Sinopharm/Beijing, Sinovac",https://vacunate.gob.do/,10789568,5709646,4520504,559418
Dominican Republic,2021-08-20,"Oxford/AstraZeneca, Pfizer/BioNTech, Sinopharm/Beijing, Sinovac",https://vacunate.gob.do/,10825861,5719571,4534518,571772
Dominican Republic,2021-08-21,"Oxford/AstraZeneca, Pfizer/BioNTech, Sinopharm/Beijing, Sinovac",https://vacunate.gob.do/,10841175,5723752,4540737,576686
Dominican Republic,2021-08-22,"Oxford/AstraZeneca, Pfizer/BioNTech, Sinopharm/Beijing, Sinovac",https://vacunate.gob.do/,10847153,5725316,4543100,578737
Dominican Republic,2021-08-23,"Oxford/AstraZeneca, Pfizer/BioNTech, Sinopharm/Beijing, Sinovac",https://vacunate.gob.do/,10888847,5737876,4559262,591709
Dominican Republic,2021-08-24,"Oxford/AstraZeneca, Pfizer/BioNTech, Sinopharm/Beijing, Sinovac",https://vacunate.gob.do/,10932809,5751312,4576556,604941
Dominican Republic,2021-08-25,"Oxford/AstraZeneca, Pfizer/BioNTech, Sinopharm/Beijing, Sinovac",https://vacunate.gob.do/,10978304,5764675,4594526,619103
Dominican Republic,2021-08-26,"Oxford/AstraZeneca, Pfizer/BioNTech, Sinopharm/Beijing, Sinovac",https://vacunate.gob.do/,11019655,5776328,4609868,633459
Dominican Republic,2021-08-27,"Oxford/AstraZeneca, Pfizer/BioNTech, Sinopharm/Beijing, Sinovac",https://vacunate.gob.do/,11057138,5787089,4623226,646823
Dominican Republic,2021-08-28,"Oxford/AstraZeneca, Pfizer/BioNTech, Sinopharm/Beijing, Sinovac",https://vacunate.gob.do/,11070842,5790794,4628273,651775
Dominican Republic,2021-08-29,"Oxford/AstraZeneca, Pfizer/BioNTech, Sinopharm/Beijing, Sinovac",https://vacunate.gob.do/,11075514,5792064,4629910,653540
Dominican Republic,2021-08-30,"Oxford/AstraZeneca, Pfizer/BioNTech, Sinopharm/Beijing, Sinovac",https://vacunate.gob.do/,11111548,5802974,4643779,664795
Dominican Republic,2021-08-31,"Oxford/AstraZeneca, Pfizer/BioNTech, Sinopharm/Beijing, Sinovac",https://vacunate.gob.do/,11152044,5815574,4658577,677893
Dominican Republic,2021-09-01,"Oxford/AstraZeneca, Pfizer/BioNTech, Sinopharm/Beijing, Sinovac",https://vacunate.gob.do/,11189420,5827045,4671784,690591
Dominican Republic,2021-09-02,"Oxford/AstraZeneca, Pfizer/BioNTech, Sinopharm/Beijing, Sinovac",https://vacunate.gob.do/,11227165,5838647,4684130,704388
Dominican Republic,2021-09-03,"Oxford/AstraZeneca, Pfizer/BioNTech, Sinopharm/Beijing, Sinovac",https://vacunate.gob.do/,11260092,5848770,4694576,716746
Dominican Republic,2021-09-04,"Oxford/AstraZeneca, Pfizer/BioNTech, Sinopharm/Beijing, Sinovac",https://vacunate.gob.do/,11272011,5852088,4698661,721262
Dominican Republic,2021-09-05,"Oxford/AstraZeneca, Pfizer/BioNTech, Sinopharm/Beijing, Sinovac",https://vacunate.gob.do/,11275956,5853238,4699926,722792
Dominican Republic,2021-09-06,"Oxford/AstraZeneca, Pfizer/BioNTech, Sinopharm/Beijing, Sinovac",https://vacunate.gob.do/,11308808,5864778,4710022,734008
Dominican Republic,2021-09-07,"Oxford/AstraZeneca, Pfizer/BioNTech, Sinopharm/Beijing, Sinovac",https://vacunate.gob.do/,11344569,5876522,4721182,746865
Dominican Republic,2021-09-08,"Oxford/AstraZeneca, Pfizer/BioNTech, Sinopharm/Beijing, Sinovac",https://vacunate.gob.do/,11382125,5888643,4733550,759932
Dominican Republic,2021-09-09,"Oxford/AstraZeneca, Pfizer/BioNTech, Sinopharm/Beijing, Sinovac",https://vacunate.gob.do/,11414350,5899155,4744602,770593
Dominican Republic,2021-09-10,"Oxford/AstraZeneca, Pfizer/BioNTech, Sinopharm/Beijing, Sinovac",https://vacunate.gob.do/,11444402,5908816,4754536,781050
Dominican Republic,2021-09-11,"Oxford/AstraZeneca, Pfizer/BioNTech, Sinopharm/Beijing, Sinovac",https://vacunate.gob.do/,11455267,5912118,4757982,785167
Dominican Republic,2021-09-12,"Oxford/AstraZeneca, Pfizer/BioNTech, Sinopharm/Beijing, Sinovac",https://vacunate.gob.do/,11458752,5913137,4759116,786499
Dominican Republic,2021-09-13,"Oxford/AstraZeneca, Pfizer/BioNTech, Sinopharm/Beijing, Sinovac",https://vacunate.gob.do/,11489112,5923466,4769499,796147
Dominican Republic,2021-09-14,"Oxford/AstraZeneca, Pfizer/BioNTech, Sinopharm/Beijing, Sinovac",https://vacunate.gob.do/,11521256,5934452,4780400,806404
Dominican Republic,2021-09-15,"Oxford/AstraZeneca, Pfizer/BioNTech, Sinopharm/Beijing, Sinovac",https://vacunate.gob.do/,11552920,5945357,4791169,816394
Dominican Republic,2021-09-16,"Oxford/AstraZeneca, Pfizer/BioNTech, Sinopharm/Beijing, Sinovac",https://vacunate.gob.do/,11585713,5957432,4802290,825991
Dominican Republic,2021-09-17,"Oxford/AstraZeneca, Pfizer/BioNTech, Sinopharm/Beijing, Sinovac",https://vacunate.gob.do/,11620587,5970547,4813036,837004
Dominican Republic,2021-09-18,"Oxford/AstraZeneca, Pfizer/BioNTech, Sinopharm/Beijing, Sinovac",https://vacunate.gob.do/,11632704,5974744,4816740,841220
Dominican Republic,2021-09-19,"Oxford/AstraZeneca, Pfizer/BioNTech, Sinopharm/Beijing, Sinovac",https://vacunate.gob.do/,11637410,5976376,4818161,842873
Dominican Republic,2021-09-20,"Oxford/AstraZeneca, Pfizer/BioNTech, Sinopharm/Beijing, Sinovac",https://vacunate.gob.do/,11672207,5990085,4828158,853964
Dominican Republic,2021-09-21,"Oxford/AstraZeneca, Pfizer/BioNTech, Sinopharm/Beijing, Sinovac",https://vacunate.gob.do/,11708653,6002963,4839454,866236
Dominican Republic,2021-09-22,"Oxford/AstraZeneca, Pfizer/BioNTech, Sinopharm/Beijing, Sinovac",https://vacunate.gob.do/,11741680,6014185,4849827,877668
Dominican Republic,2021-09-23,"Oxford/AstraZeneca, Pfizer/BioNTech, Sinopharm/Beijing, Sinovac",https://vacunate.gob.do/,11774063,6024702,4860422,888939
Dominican Republic,2021-09-24,"Oxford/AstraZeneca, Pfizer/BioNTech, Sinopharm/Beijing, Sinovac",https://vacunate.gob.do/,11782825,6027322,4862748,892755
Dominican Republic,2021-09-25,"Oxford/AstraZeneca, Pfizer/BioNTech, Sinopharm/Beijing, Sinovac",https://vacunate.gob.do/,11793493,6030532,4866030,896931
Dominican Republic,2021-09-26,"Oxford/AstraZeneca, Pfizer/BioNTech, Sinopharm/Beijing, Sinovac",https://vacunate.gob.do/,11798933,6032542,4867470,898921
Dominican Republic,2021-09-27,"Oxford/AstraZeneca, Pfizer/BioNTech, Sinopharm/Beijing, Sinovac",https://vacunate.gob.do/,11828826,6042570,4877470,908786
Dominican Republic,2021-09-28,"Oxford/AstraZeneca, Pfizer/BioNTech, Sinopharm/Beijing, Sinovac",https://vacunate.gob.do/,11859802,6052230,4887765,919807
Dominican Republic,2021-09-29,"Oxford/AstraZeneca, Pfizer/BioNTech, Sinopharm/Beijing, Sinovac",https://vacunate.gob.do/,11889265,6060747,4897590,930928
Dominican Republic,2021-09-30,"Oxford/AstraZeneca, Pfizer/BioNTech, Sinopharm/Beijing, Sinovac",https://vacunate.gob.do/,11919643,6069351,4907894,942398
Dominican Republic,2021-10-01,"Oxford/AstraZeneca, Pfizer/BioNTech, Sinopharm/Beijing, Sinovac",https://vacunate.gob.do/,11946808,6077562,4916798,952448
Dominican Republic,2021-10-02,"Oxford/AstraZeneca, Pfizer/BioNTech, Sinopharm/Beijing, Sinovac",https://vacunate.gob.do/,11958229,6080965,4920361,956903
Dominican Republic,2021-10-03,"Oxford/AstraZeneca, Pfizer/BioNTech, Sinopharm/Beijing, Sinovac",https://vacunate.gob.do/,11962034,6082093,4921450,958491
Dominican Republic,2021-10-04,"Oxford/AstraZeneca, Pfizer/BioNTech, Sinopharm/Beijing, Sinovac",https://vacunate.gob.do/,11984797,6089400,4928726,966671
Dominican Republic,2021-10-05,"Oxford/AstraZeneca, Pfizer/BioNTech, Sinopharm/Beijing, Sinovac",https://vacunate.gob.do/,12014512,6098359,4938094,978059
Dominican Republic,2021-10-06,"Oxford/AstraZeneca, Pfizer/BioNTech, Sinopharm/Beijing, Sinovac",https://vacunate.gob.do/,12043368,6107063,4947154,989151
Dominican Republic,2021-10-07,"Oxford/AstraZeneca, Pfizer/BioNTech, Sinopharm/Beijing, Sinovac",https://vacunate.gob.do/,12072407,6115991,4956157,1000259
Dominican Republic,2021-10-08,"Oxford/AstraZeneca, Pfizer/BioNTech, Sinopharm/Beijing, Sinovac",https://vacunate.gob.do/,12098704,6123862,4964932,1009910
Dominican Republic,2021-10-09,"Oxford/AstraZeneca, Pfizer/BioNTech, Sinopharm/Beijing, Sinovac",https://vacunate.gob.do/,12116572,6130558,4970581,1015433
Dominican Republic,2021-10-10,"Oxford/AstraZeneca, Pfizer/BioNTech, Sinopharm/Beijing, Sinovac",https://vacunate.gob.do/,12125221,6134235,4973191,1017795
Dominican Republic,2021-10-11,"Oxford/AstraZeneca, Pfizer/BioNTech, Sinopharm/Beijing, Sinovac",https://vacunate.gob.do/,12174532,6155094,4988709,1030729
Dominican Republic,2021-10-12,"Oxford/AstraZeneca, Pfizer/BioNTech, Sinopharm/Beijing, Sinovac",https://vacunate.gob.do/,12229780,6177844,5006400,1045536
Dominican Republic,2021-10-13,"Oxford/AstraZeneca, Pfizer/BioNTech, Sinopharm/Beijing, Sinovac",https://vacunate.gob.do/,12291745,6202706,5027184,1061855
Dominican Republic,2021-10-14,"Oxford/AstraZeneca, Pfizer/BioNTech, Sinopharm/Beijing, Sinovac",https://vacunate.gob.do/,12363423,6234415,5050180,1078828
Dominican Republic,2021-10-15,"Oxford/AstraZeneca, Pfizer/BioNTech, Sinopharm/Beijing, Sinovac",https://vacunate.gob.do/,12434612,6270413,5071130,1093069
Dominican Republic,2021-10-16,"Oxford/AstraZeneca, Pfizer/BioNTech, Sinopharm/Beijing, Sinovac",https://vacunate.gob.do/,12472126,6290568,5082077,1099481
Dominican Republic,2021-10-17,"Oxford/AstraZeneca, Pfizer/BioNTech, Sinopharm/Beijing, Sinovac",https://vacunate.gob.do/,12495015,6304282,5088396,1102337
Dominican Republic,2021-10-18,"Oxford/AstraZeneca, Pfizer/BioNTech, Sinopharm/Beijing, Sinovac",https://vacunate.gob.do/,12610761,6372529,5121120,1117112
Dominican Republic,2021-10-19,"Oxford/AstraZeneca, Pfizer/BioNTech, Sinopharm/Beijing, Sinovac",https://vacunate.gob.do/,12738389,6449174,5158185,1131030
Dominican Republic,2021-10-20,"Oxford/AstraZeneca, Pfizer/BioNTech, Sinopharm/Beijing, Sinovac",https://vacunate.gob.do/,12852649,6515080,5190840,1146729
Dominican Republic,2021-10-21,"Oxford/AstraZeneca, Pfizer/BioNTech, Sinopharm/Beijing, Sinovac",https://vacunate.gob.do/,12948213,6566518,5220779,1160916
Dominican Republic,2021-10-22,"Oxford/AstraZeneca, Pfizer/BioNTech, Sinopharm/Beijing, Sinovac",https://vacunate.gob.do/,13020830,6605259,5242777,1172794
Dominican Republic,2021-10-23,"Oxford/AstraZeneca, Pfizer/BioNTech, Sinopharm/Beijing, Sinovac",https://vacunate.gob.do/,13046499,6618207,5250652,1177640
Dominican Republic,2021-10-24,"Oxford/AstraZeneca, Pfizer/BioNTech, Sinopharm/Beijing, Sinovac",https://vacunate.gob.do/,13055947,6623121,5253400,1179426
Dominican Republic,2021-10-25,"Oxford/AstraZeneca, Pfizer/BioNTech, Sinopharm/Beijing, Sinovac",https://vacunate.gob.do/,13110383,6651836,5269681,1188866
Dominican Republic,2021-10-26,"Oxford/AstraZeneca, Pfizer/BioNTech, Sinopharm/Beijing, Sinovac",https://vacunate.gob.do/,13161106,6676563,5286037,1198506
Dominican Republic,2021-10-27,"Oxford/AstraZeneca, Pfizer/BioNTech, Sinopharm/Beijing, Sinovac",https://vacunate.gob.do/,13201730,6695112,5299671,1206947
Dominican Republic,2021-10-28,"Oxford/AstraZeneca, Pfizer/BioNTech, Sinopharm/Beijing, Sinovac",https://vacunate.gob.do/,13236577,6710320,5311756,1214501
Dominican Republic,2021-10-29,"Oxford/AstraZeneca, Pfizer/BioNTech, Sinopharm/Beijing, Sinovac",https://vacunate.gob.do/,13262583,6722034,5320460,1220089
Dominican Republic,2021-10-30,"Oxford/AstraZeneca, Pfizer/BioNTech, Sinopharm/Beijing, Sinovac",https://vacunate.gob.do/,13273805,6726548,5324573,1222684
Dominican Republic,2021-10-31,"Oxford/AstraZeneca, Pfizer/BioNTech, Sinopharm/Beijing, Sinovac",https://vacunate.gob.do/,13277959,6728113,5326123,1223723
Dominican Republic,2021-11-01,"Oxford/AstraZeneca, Pfizer/BioNTech, Sinopharm/Beijing, Sinovac",https://vacunate.gob.do/,13305958,6740194,5336379,1229385
Dominican Republic,2021-11-02,"Oxford/AstraZeneca, Pfizer/BioNTech, Sinopharm/Beijing, Sinovac",https://vacunate.gob.do/,13335439,6751310,5348254,1235875
Dominican Republic,2021-11-03,"Oxford/AstraZeneca, Pfizer/BioNTech, Sinopharm/Beijing, Sinovac",https://vacunate.gob.do/,13362571,6760871,5359699,1242001
Dominican Republic,2021-11-04,"Oxford/AstraZeneca, Pfizer/BioNTech, Sinopharm/Beijing, Sinovac",https://vacunate.gob.do/,13389054,6769430,5371508,1248116
