date,total_vaccinations,people_vaccinated,people_fully_vaccinated,vaccine,location,source_url,total_boosters
2021-01-20,17,17,0,Pfizer/BioNTech,Ecuador,https://github.com/andrab/ecuacovid,
2021-01-21,3008,3008,0,Pfizer/BioNTech,Ecuador,https://github.com/andrab/ecuacovid,
2021-01-22,3811,3811,0,Pfizer/BioNTech,Ecuador,https://github.com/andrab/ecuacovid,
2021-01-23,3848,3848,0,Pfizer/BioNTech,Ecuador,https://github.com/andrab/ecuacovid,
2021-01-24,3848,3848,0,Pfizer/BioNTech,Ecuador,https://github.com/andrab/ecuacovid,
2021-01-25,5116,5116,0,Pfizer/BioNTech,Ecuador,https://github.com/andrab/ecuacovid,
2021-01-26,5876,5876,0,Pfizer/BioNTech,Ecuador,https://github.com/andrab/ecuacovid,
2021-01-27,6580,6580,0,Pfizer/BioNTech,Ecuador,https://github.com/andrab/ecuacovid,
2021-01-28,6802,6802,0,Pfizer/BioNTech,Ecuador,https://github.com/andrab/ecuacovid,
2021-01-29,7091,7091,0,"Pfizer/BioNTech, Sinovac",Ecuador,https://github.com/andrab/ecuacovid,
2021-01-30,7091,7091,0,"Pfizer/BioNTech, Sinovac",Ecuador,https://github.com/andrab/ecuacovid,
2021-01-31,7133,7133,0,"Pfizer/BioNTech, Sinovac",Ecuador,https://github.com/andrab/ecuacovid,
2021-02-01,8521,8521,0,"Pfizer/BioNTech, Sinovac",Ecuador,https://github.com/andrab/ecuacovid,
2021-02-02,9722,9722,0,"Pfizer/BioNTech, Sinovac",Ecuador,https://github.com/andrab/ecuacovid,
2021-02-03,12358,12357,1,"Pfizer/BioNTech, Sinovac",Ecuador,https://github.com/andrab/ecuacovid,
2021-02-04,12467,12425,42,"Oxford/AstraZeneca, Pfizer/BioNTech, Sinovac",Ecuador,https://github.com/andrab/ecuacovid,
2021-02-05,12470,12428,42,"Oxford/AstraZeneca, Pfizer/BioNTech, Sinovac",Ecuador,https://github.com/andrab/ecuacovid,
2021-02-06,12471,12429,42,"Oxford/AstraZeneca, Pfizer/BioNTech, Sinovac",Ecuador,https://github.com/andrab/ecuacovid,
2021-02-07,12471,12429,42,"Oxford/AstraZeneca, Pfizer/BioNTech, Sinovac",Ecuador,https://github.com/andrab/ecuacovid,
2021-02-08,12473,12431,42,"Oxford/AstraZeneca, Pfizer/BioNTech, Sinovac",Ecuador,https://github.com/andrab/ecuacovid,
2021-02-09,12473,12431,42,"Oxford/AstraZeneca, Pfizer/BioNTech, Sinovac",Ecuador,https://github.com/andrab/ecuacovid,
2021-02-10,12478,12431,47,"Oxford/AstraZeneca, Pfizer/BioNTech, Sinovac",Ecuador,https://github.com/andrab/ecuacovid,
2021-02-11,14004,12466,1538,"Oxford/AstraZeneca, Pfizer/BioNTech, Sinovac",Ecuador,https://github.com/andrab/ecuacovid,
2021-02-12,14423,12483,1940,"Oxford/AstraZeneca, Pfizer/BioNTech, Sinovac",Ecuador,https://github.com/andrab/ecuacovid,
2021-02-13,14464,12487,1977,"Oxford/AstraZeneca, Pfizer/BioNTech, Sinovac",Ecuador,https://github.com/andrab/ecuacovid,
2021-02-14,14464,12487,1977,"Oxford/AstraZeneca, Pfizer/BioNTech, Sinovac",Ecuador,https://github.com/andrab/ecuacovid,
2021-02-15,14465,12488,1977,"Oxford/AstraZeneca, Pfizer/BioNTech, Sinovac",Ecuador,https://github.com/andrab/ecuacovid,
2021-02-16,14465,12488,1977,"Oxford/AstraZeneca, Pfizer/BioNTech, Sinovac",Ecuador,https://github.com/andrab/ecuacovid,
2021-02-17,14542,12491,2051,"Oxford/AstraZeneca, Pfizer/BioNTech, Sinovac",Ecuador,https://github.com/andrab/ecuacovid,
2021-02-18,38171,34661,3510,"Oxford/AstraZeneca, Pfizer/BioNTech, Sinovac",Ecuador,https://github.com/andrab/ecuacovid,
2021-02-19,43474,39607,3867,"Oxford/AstraZeneca, Pfizer/BioNTech, Sinovac",Ecuador,https://github.com/andrab/ecuacovid,
2021-02-20,43475,39607,3868,"Oxford/AstraZeneca, Pfizer/BioNTech, Sinovac",Ecuador,https://github.com/andrab/ecuacovid,
2021-02-21,45352,41483,3869,"Oxford/AstraZeneca, Pfizer/BioNTech, Sinovac",Ecuador,https://github.com/andrab/ecuacovid,
2021-02-22,47115,43101,4014,"Oxford/AstraZeneca, Pfizer/BioNTech, Sinovac",Ecuador,https://github.com/andrab/ecuacovid,
2021-02-23,47127,43112,4015,"Oxford/AstraZeneca, Pfizer/BioNTech, Sinovac",Ecuador,https://github.com/andrab/ecuacovid,
2021-02-24,47576,43136,4440,"Oxford/AstraZeneca, Pfizer/BioNTech, Sinovac",Ecuador,https://github.com/andrab/ecuacovid,
2021-02-25,65737,59989,5748,"Oxford/AstraZeneca, Pfizer/BioNTech, Sinovac",Ecuador,https://github.com/andrab/ecuacovid,
2021-02-26,76446,69907,6539,"Oxford/AstraZeneca, Pfizer/BioNTech, Sinovac",Ecuador,https://github.com/andrab/ecuacovid,
2021-02-27,76543,70000,6543,"Oxford/AstraZeneca, Pfizer/BioNTech, Sinovac",Ecuador,https://github.com/andrab/ecuacovid,
2021-02-28,76547,70004,6543,"Oxford/AstraZeneca, Pfizer/BioNTech, Sinovac",Ecuador,https://github.com/andrab/ecuacovid,
2021-03-01,77022,70478,6544,"Oxford/AstraZeneca, Pfizer/BioNTech, Sinovac",Ecuador,https://github.com/andrab/ecuacovid,
2021-03-02,77044,70499,6545,"Oxford/AstraZeneca, Pfizer/BioNTech, Sinovac",Ecuador,https://github.com/andrab/ecuacovid,
2021-03-03,77070,70525,6545,"Oxford/AstraZeneca, Pfizer/BioNTech, Sinovac",Ecuador,https://github.com/andrab/ecuacovid,
2021-03-04,106482,99847,6635,"Oxford/AstraZeneca, Pfizer/BioNTech, Sinovac",Ecuador,https://github.com/andrab/ecuacovid,
2021-03-05,126359,119709,6650,"Oxford/AstraZeneca, Pfizer/BioNTech, Sinovac",Ecuador,https://github.com/andrab/ecuacovid,
2021-03-06,130324,123672,6652,"Oxford/AstraZeneca, Pfizer/BioNTech, Sinovac",Ecuador,https://github.com/andrab/ecuacovid,
2021-03-07,130497,123845,6652,"Oxford/AstraZeneca, Pfizer/BioNTech, Sinovac",Ecuador,https://github.com/andrab/ecuacovid,
2021-03-08,135112,128460,6652,"Oxford/AstraZeneca, Pfizer/BioNTech, Sinovac",Ecuador,https://github.com/andrab/ecuacovid,
2021-03-09,136816,130164,6652,"Oxford/AstraZeneca, Pfizer/BioNTech, Sinovac",Ecuador,https://github.com/andrab/ecuacovid,
2021-03-10,137601,130773,6828,"Oxford/AstraZeneca, Pfizer/BioNTech, Sinovac",Ecuador,https://github.com/andrab/ecuacovid,
2021-03-11,172799,160339,12460,"Oxford/AstraZeneca, Pfizer/BioNTech, Sinovac",Ecuador,https://github.com/andrab/ecuacovid,
2021-03-12,223571,204385,19186,"Oxford/AstraZeneca, Pfizer/BioNTech, Sinovac",Ecuador,https://github.com/andrab/ecuacovid,
2021-03-13,240343,220452,19891,"Oxford/AstraZeneca, Pfizer/BioNTech, Sinovac",Ecuador,https://github.com/andrab/ecuacovid,
2021-03-14,241088,221190,19898,"Oxford/AstraZeneca, Pfizer/BioNTech, Sinovac",Ecuador,https://github.com/andrab/ecuacovid,
2021-03-15,252743,231703,21040,"Oxford/AstraZeneca, Pfizer/BioNTech, Sinovac",Ecuador,https://github.com/andrab/ecuacovid,
2021-03-16,260745,239702,21043,"Oxford/AstraZeneca, Pfizer/BioNTech, Sinovac",Ecuador,https://github.com/andrab/ecuacovid,
2021-03-17,266917,245860,21057,"Oxford/AstraZeneca, Pfizer/BioNTech, Sinovac",Ecuador,https://github.com/andrab/ecuacovid,
2021-03-18,275562,249118,26444,"Oxford/AstraZeneca, Pfizer/BioNTech, Sinovac",Ecuador,https://github.com/andrab/ecuacovid,
2021-03-19,284270,252474,31796,"Oxford/AstraZeneca, Pfizer/BioNTech, Sinovac",Ecuador,https://github.com/andrab/ecuacovid,
2021-03-20,293239,257550,35689,"Oxford/AstraZeneca, Pfizer/BioNTech, Sinovac",Ecuador,https://github.com/andrab/ecuacovid,
2021-03-21,295201,259507,35694,"Oxford/AstraZeneca, Pfizer/BioNTech, Sinovac",Ecuador,https://github.com/andrab/ecuacovid,
2021-03-22,337625,301190,36435,"Oxford/AstraZeneca, Pfizer/BioNTech, Sinovac",Ecuador,https://github.com/andrab/ecuacovid,
2021-03-23,361050,324321,36729,"Oxford/AstraZeneca, Pfizer/BioNTech, Sinovac",Ecuador,https://github.com/andrab/ecuacovid,
2021-03-24,370634,333815,36819,"Oxford/AstraZeneca, Pfizer/BioNTech, Sinovac",Ecuador,https://github.com/andrab/ecuacovid,
2021-03-25,391970,344556,47414,"Oxford/AstraZeneca, Pfizer/BioNTech, Sinovac",Ecuador,https://github.com/andrab/ecuacovid,
2021-03-26,416617,356221,60396,"Oxford/AstraZeneca, Pfizer/BioNTech, Sinovac",Ecuador,https://github.com/andrab/ecuacovid,
2021-03-27,423066,360721,62345,"Oxford/AstraZeneca, Pfizer/BioNTech, Sinovac",Ecuador,https://github.com/andrab/ecuacovid,
2021-03-28,423400,361055,62345,"Oxford/AstraZeneca, Pfizer/BioNTech, Sinovac",Ecuador,https://github.com/andrab/ecuacovid,
2021-03-29,444516,379843,64673,"Oxford/AstraZeneca, Pfizer/BioNTech, Sinovac",Ecuador,https://github.com/andrab/ecuacovid,
2021-03-30,456084,388223,67861,"Oxford/AstraZeneca, Pfizer/BioNTech, Sinovac",Ecuador,https://github.com/andrab/ecuacovid,
2021-03-31,468665,400735,67930,"Oxford/AstraZeneca, Pfizer/BioNTech, Sinovac",Ecuador,https://github.com/andrab/ecuacovid,
2021-04-01,501924,424106,77818,"Oxford/AstraZeneca, Pfizer/BioNTech, Sinovac",Ecuador,https://github.com/andrab/ecuacovid,
2021-04-02,515673,430113,85560,"Oxford/AstraZeneca, Pfizer/BioNTech, Sinovac",Ecuador,https://github.com/andrab/ecuacovid,
2021-04-03,523160,435892,87268,"Oxford/AstraZeneca, Pfizer/BioNTech, Sinovac",Ecuador,https://github.com/andrab/ecuacovid,
2021-04-04,526160,438701,87459,"Oxford/AstraZeneca, Pfizer/BioNTech, Sinovac",Ecuador,https://github.com/andrab/ecuacovid,
2021-04-05,575435,471370,104065,"Oxford/AstraZeneca, Pfizer/BioNTech, Sinovac",Ecuador,https://github.com/andrab/ecuacovid,
2021-04-06,614709,503590,111119,"Oxford/AstraZeneca, Pfizer/BioNTech, Sinovac",Ecuador,https://github.com/andrab/ecuacovid,
2021-04-07,659274,543878,115396,"Oxford/AstraZeneca, Pfizer/BioNTech, Sinovac",Ecuador,https://github.com/andrab/ecuacovid,
2021-04-08,675855,553900,121955,"Oxford/AstraZeneca, Pfizer/BioNTech, Sinovac",Ecuador,https://github.com/andrab/ecuacovid,
2021-04-09,686073,560689,125384,"Oxford/AstraZeneca, Pfizer/BioNTech, Sinovac",Ecuador,https://github.com/andrab/ecuacovid,
2021-04-10,689028,561873,127155,"Oxford/AstraZeneca, Pfizer/BioNTech, Sinovac",Ecuador,https://github.com/andrab/ecuacovid,
2021-04-11,689046,561882,127164,"Oxford/AstraZeneca, Pfizer/BioNTech, Sinovac",Ecuador,https://github.com/andrab/ecuacovid,
2021-04-12,697927,562745,135182,"Oxford/AstraZeneca, Pfizer/BioNTech, Sinovac",Ecuador,https://github.com/andrab/ecuacovid,
2021-04-13,747359,603632,143727,"Oxford/AstraZeneca, Pfizer/BioNTech, Sinovac",Ecuador,https://github.com/andrab/ecuacovid,
2021-04-14,780395,632527,147868,"Oxford/AstraZeneca, Pfizer/BioNTech, Sinovac",Ecuador,https://github.com/andrab/ecuacovid,
2021-04-15,817655,661453,156202,"Oxford/AstraZeneca, Pfizer/BioNTech, Sinovac",Ecuador,https://github.com/andrab/ecuacovid,
2021-04-16,861457,690331,171126,"Oxford/AstraZeneca, Pfizer/BioNTech, Sinovac",Ecuador,https://github.com/andrab/ecuacovid,
2021-04-17,907358,731470,175888,"Oxford/AstraZeneca, Pfizer/BioNTech, Sinovac",Ecuador,https://github.com/andrab/ecuacovid,
2021-04-18,910226,734040,176186,"Oxford/AstraZeneca, Pfizer/BioNTech, Sinovac",Ecuador,https://github.com/andrab/ecuacovid,
2021-04-19,951497,770219,181278,"Oxford/AstraZeneca, Pfizer/BioNTech, Sinovac",Ecuador,https://github.com/andrab/ecuacovid,
2021-04-20,999929,814385,185544,"Oxford/AstraZeneca, Pfizer/BioNTech, Sinovac",Ecuador,https://github.com/andrab/ecuacovid,
2021-04-21,1060366,868444,191922,"Oxford/AstraZeneca, Pfizer/BioNTech, Sinovac",Ecuador,https://github.com/andrab/ecuacovid,
2021-04-22,1109869,914921,194948,"Oxford/AstraZeneca, Pfizer/BioNTech, Sinovac",Ecuador,https://github.com/andrab/ecuacovid,
2021-04-23,1168656,964925,203731,"Oxford/AstraZeneca, Pfizer/BioNTech, Sinovac",Ecuador,https://github.com/andrab/ecuacovid,
2021-04-24,1191264,982882,208382,"Oxford/AstraZeneca, Pfizer/BioNTech, Sinovac",Ecuador,https://github.com/andrab/ecuacovid,
2021-04-25,1199225,990526,208699,"Oxford/AstraZeneca, Pfizer/BioNTech, Sinovac",Ecuador,https://github.com/andrab/ecuacovid,
2021-04-26,1246077,1026736,219341,"Oxford/AstraZeneca, Pfizer/BioNTech, Sinovac",Ecuador,https://github.com/andrab/ecuacovid,
2021-04-27,1308278,1078158,230120,"Oxford/AstraZeneca, Pfizer/BioNTech, Sinovac",Ecuador,https://github.com/andrab/ecuacovid,
2021-04-28,1363307,1124648,238659,"Oxford/AstraZeneca, Pfizer/BioNTech, Sinovac",Ecuador,https://github.com/andrab/ecuacovid,
2021-04-29,1433868,1193052,240816,"Oxford/AstraZeneca, Pfizer/BioNTech, Sinovac",Ecuador,https://github.com/andrab/ecuacovid,
2021-04-30,1502538,1249905,252633,"Oxford/AstraZeneca, Pfizer/BioNTech, Sinovac",Ecuador,https://github.com/andrab/ecuacovid,
2021-05-01,1556520,1300075,256445,"Oxford/AstraZeneca, Pfizer/BioNTech, Sinovac",Ecuador,https://github.com/andrab/ecuacovid,
2021-05-02,1596900,1339627,257273,"Oxford/AstraZeneca, Pfizer/BioNTech, Sinovac",Ecuador,https://github.com/andrab/ecuacovid,
2021-05-03,1647111,1386261,260850,"Oxford/AstraZeneca, Pfizer/BioNTech, Sinovac",Ecuador,https://github.com/andrab/ecuacovid,
2021-05-04,1687002,1419009,267993,"Oxford/AstraZeneca, Pfizer/BioNTech, Sinovac",Ecuador,https://github.com/andrab/ecuacovid,
2021-05-05,1738447,1461243,277204,"Oxford/AstraZeneca, Pfizer/BioNTech, Sinovac",Ecuador,https://github.com/andrab/ecuacovid,
2021-05-06,1796351,1508443,287908,"Oxford/AstraZeneca, Pfizer/BioNTech, Sinovac",Ecuador,https://github.com/andrab/ecuacovid,
2021-05-07,1842927,1548985,293942,"Oxford/AstraZeneca, Pfizer/BioNTech, Sinovac",Ecuador,https://github.com/andrab/ecuacovid,
2021-05-08,1860145,1564336,295809,"Oxford/AstraZeneca, Pfizer/BioNTech, Sinovac",Ecuador,https://github.com/andrab/ecuacovid,
2021-05-09,1865874,1569600,296274,"Oxford/AstraZeneca, Pfizer/BioNTech, Sinovac",Ecuador,https://github.com/andrab/ecuacovid,
2021-05-10,1896817,1597119,299698,"Oxford/AstraZeneca, Pfizer/BioNTech, Sinovac",Ecuador,https://github.com/andrab/ecuacovid,
2021-05-11,1933955,1622752,311203,"Oxford/AstraZeneca, Pfizer/BioNTech, Sinovac",Ecuador,https://github.com/andrab/ecuacovid,
2021-05-12,1974582,1641434,333148,"Oxford/AstraZeneca, Pfizer/BioNTech, Sinovac",Ecuador,https://github.com/andrab/ecuacovid,
2021-05-13,2020226,1664813,355413,"Oxford/AstraZeneca, Pfizer/BioNTech, Sinovac",Ecuador,https://github.com/andrab/ecuacovid,
2021-05-14,2082123,1707046,375077,"Oxford/AstraZeneca, Pfizer/BioNTech, Sinovac",Ecuador,https://github.com/andrab/ecuacovid,
2021-05-15,2122051,1725030,397021,"Oxford/AstraZeneca, Pfizer/BioNTech, Sinovac",Ecuador,https://github.com/andrab/ecuacovid,
2021-05-16,2143795,1740198,403597,"Oxford/AstraZeneca, Pfizer/BioNTech, Sinovac",Ecuador,https://github.com/andrab/ecuacovid,
2021-05-17,2191821,1767464,424357,"Oxford/AstraZeneca, Pfizer/BioNTech, Sinovac",Ecuador,https://github.com/andrab/ecuacovid,
2021-05-18,2235470,1786544,448926,"Oxford/AstraZeneca, Pfizer/BioNTech, Sinovac",Ecuador,https://github.com/andrab/ecuacovid,
2021-05-19,2284827,1807824,477003,"Oxford/AstraZeneca, Pfizer/BioNTech, Sinovac",Ecuador,https://github.com/andrab/ecuacovid,
2021-05-20,2362288,1852555,509733,"Oxford/AstraZeneca, Pfizer/BioNTech, Sinovac",Ecuador,https://github.com/andrab/ecuacovid,
2021-05-21,2447111,1897451,549660,"Oxford/AstraZeneca, Pfizer/BioNTech, Sinovac",Ecuador,https://github.com/andrab/ecuacovid,
2021-05-22,2504778,1935689,569089,"Oxford/AstraZeneca, Pfizer/BioNTech, Sinovac",Ecuador,https://github.com/andrab/ecuacovid,
2021-05-23,2595609,2018957,576652,"Oxford/AstraZeneca, Pfizer/BioNTech, Sinovac",Ecuador,https://github.com/andrab/ecuacovid,
2021-05-24,2598792,2019883,578909,"Oxford/AstraZeneca, Pfizer/BioNTech, Sinovac",Ecuador,https://github.com/andrab/ecuacovid,
2021-05-25,2605308,2025253,580055,"Oxford/AstraZeneca, Pfizer/BioNTech, Sinovac",Ecuador,https://github.com/andrab/ecuacovid,
2021-05-26,2663829,2031190,632639,"Oxford/AstraZeneca, Pfizer/BioNTech, Sinovac",Ecuador,https://github.com/andrab/ecuacovid,
2021-05-27,2724637,2033340,691297,"Oxford/AstraZeneca, Pfizer/BioNTech, Sinovac",Ecuador,https://github.com/andrab/ecuacovid,
2021-05-28,2779707,2045995,733712,"Oxford/AstraZeneca, Pfizer/BioNTech, Sinovac",Ecuador,https://github.com/andrab/ecuacovid,
2021-05-29,2816614,2062863,753751,"Oxford/AstraZeneca, Pfizer/BioNTech, Sinovac",Ecuador,https://github.com/andrab/ecuacovid,
2021-05-30,2837640,2076035,761605,"Oxford/AstraZeneca, Pfizer/BioNTech, Sinovac",Ecuador,https://github.com/andrab/ecuacovid,
2021-05-31,2896575,2101930,794645,"Oxford/AstraZeneca, Pfizer/BioNTech, Sinovac",Ecuador,https://github.com/andrab/ecuacovid,
2021-06-01,2947090,2127085,820005,"Oxford/AstraZeneca, Pfizer/BioNTech, Sinovac",Ecuador,https://github.com/andrab/ecuacovid,
2021-06-02,3004736,2157118,847618,"Oxford/AstraZeneca, Pfizer/BioNTech, Sinovac",Ecuador,https://github.com/andrab/ecuacovid,
2021-06-03,3084635,2207972,876663,"Oxford/AstraZeneca, Pfizer/BioNTech, Sinovac",Ecuador,https://github.com/andrab/ecuacovid,
2021-06-04,3177601,2264304,913297,"Oxford/AstraZeneca, Pfizer/BioNTech, Sinovac",Ecuador,https://github.com/andrab/ecuacovid,
2021-06-05,3224184,2293215,930969,"Oxford/AstraZeneca, Pfizer/BioNTech, Sinovac",Ecuador,https://github.com/andrab/ecuacovid,
2021-06-06,3254855,2312566,942289,"Oxford/AstraZeneca, Pfizer/BioNTech, Sinovac",Ecuador,https://github.com/andrab/ecuacovid,
2021-06-07,3314550,2354049,960501,"Oxford/AstraZeneca, Pfizer/BioNTech, Sinovac",Ecuador,https://github.com/andrab/ecuacovid,
2021-06-08,3376069,2396948,979121,"Oxford/AstraZeneca, Pfizer/BioNTech, Sinovac",Ecuador,https://github.com/andrab/ecuacovid,
2021-06-09,3436306,2435210,1001096,"Oxford/AstraZeneca, Pfizer/BioNTech, Sinovac",Ecuador,https://github.com/andrab/ecuacovid,
2021-06-10,3507059,2472499,1034560,"Oxford/AstraZeneca, Pfizer/BioNTech, Sinovac",Ecuador,https://github.com/andrab/ecuacovid,
2021-06-11,3592782,2513790,1078992,"Oxford/AstraZeneca, Pfizer/BioNTech, Sinovac",Ecuador,https://github.com/andrab/ecuacovid,
2021-06-12,3642516,2539644,1102872,"Oxford/AstraZeneca, Pfizer/BioNTech, Sinovac",Ecuador,https://github.com/andrab/ecuacovid,
2021-06-13,3678225,2562513,1115712,"Oxford/AstraZeneca, Pfizer/BioNTech, Sinovac",Ecuador,https://github.com/andrab/ecuacovid,
2021-06-14,3734231,2601633,1132598,"Oxford/AstraZeneca, Pfizer/BioNTech, Sinovac",Ecuador,https://github.com/andrab/ecuacovid,
2021-06-15,3803098,2651770,1151328,"Oxford/AstraZeneca, Pfizer/BioNTech, Sinovac",Ecuador,https://github.com/andrab/ecuacovid,
2021-06-16,3897170,2712169,1185001,"Oxford/AstraZeneca, Pfizer/BioNTech, Sinovac",Ecuador,https://github.com/andrab/ecuacovid,
2021-06-17,4001683,2771694,1229989,"Oxford/AstraZeneca, Pfizer/BioNTech, Sinovac",Ecuador,https://github.com/andrab/ecuacovid,
2021-06-18,4093937,2834826,1259111,"Oxford/AstraZeneca, Pfizer/BioNTech, Sinovac",Ecuador,https://github.com/andrab/ecuacovid,
2021-06-19,4148333,2878004,1270329,"Oxford/AstraZeneca, Pfizer/BioNTech, Sinovac",Ecuador,https://github.com/andrab/ecuacovid,
2021-06-20,4165258,2891272,1273986,"Oxford/AstraZeneca, Pfizer/BioNTech, Sinovac",Ecuador,https://github.com/andrab/ecuacovid,
2021-06-21,4232430,2944399,1288031,"Oxford/AstraZeneca, Pfizer/BioNTech, Sinovac",Ecuador,https://github.com/andrab/ecuacovid,
2021-06-22,4301388,3000143,1301245,"Oxford/AstraZeneca, Pfizer/BioNTech, Sinovac",Ecuador,https://github.com/andrab/ecuacovid,
2021-06-23,4375876,3057705,1318171,"Oxford/AstraZeneca, Pfizer/BioNTech, Sinovac",Ecuador,https://github.com/andrab/ecuacovid,
2021-06-24,4460390,3113935,1346455,"Oxford/AstraZeneca, Pfizer/BioNTech, Sinovac",Ecuador,https://github.com/andrab/ecuacovid,
2021-06-25,4530177,3167620,1362557,"Oxford/AstraZeneca, Pfizer/BioNTech, Sinovac",Ecuador,https://github.com/andrab/ecuacovid,
2021-06-26,4585010,3205607,1379403,"Oxford/AstraZeneca, Pfizer/BioNTech, Sinovac",Ecuador,https://github.com/andrab/ecuacovid,
2021-06-27,4607065,3219417,1387648,"Oxford/AstraZeneca, Pfizer/BioNTech, Sinovac",Ecuador,https://github.com/andrab/ecuacovid,
2021-06-28,4676242,3267172,1409070,"Oxford/AstraZeneca, Pfizer/BioNTech, Sinovac",Ecuador,https://github.com/andrab/ecuacovid,
2021-06-29,4740784,3315019,1425765,"Oxford/AstraZeneca, Pfizer/BioNTech, Sinovac",Ecuador,https://github.com/andrab/ecuacovid,
2021-06-30,4821053,3369155,1451898,"Oxford/AstraZeneca, Pfizer/BioNTech, Sinovac",Ecuador,https://github.com/andrab/ecuacovid,
2021-07-01,4917896,3421867,1496029,"Oxford/AstraZeneca, Pfizer/BioNTech, Sinovac",Ecuador,https://github.com/andrab/ecuacovid,
2021-07-02,5022743,3481980,1540763,"Oxford/AstraZeneca, Pfizer/BioNTech, Sinovac",Ecuador,https://github.com/andrab/ecuacovid,
2021-07-03,5111729,3544647,1567082,"Oxford/AstraZeneca, Pfizer/BioNTech, Sinovac",Ecuador,https://github.com/andrab/ecuacovid,
2021-07-04,5168963,3583704,1585259,"Oxford/AstraZeneca, Pfizer/BioNTech, Sinovac",Ecuador,https://github.com/andrab/ecuacovid,
2021-07-05,5316957,3695238,1621719,"Oxford/AstraZeneca, Pfizer/BioNTech, Sinovac",Ecuador,https://github.com/andrab/ecuacovid,
2021-07-06,5496098,3834564,1661534,"Oxford/AstraZeneca, Pfizer/BioNTech, Sinovac",Ecuador,https://github.com/andrab/ecuacovid,
2021-07-07,5694159,3997643,1696516,"Oxford/AstraZeneca, Pfizer/BioNTech, Sinovac",Ecuador,https://github.com/andrab/ecuacovid,
2021-07-08,5925143,4191204,1733939,"Oxford/AstraZeneca, Pfizer/BioNTech, Sinovac",Ecuador,https://github.com/andrab/ecuacovid,
2021-07-09,6196053,4424085,1771968,"Oxford/AstraZeneca, Pfizer/BioNTech, Sinovac",Ecuador,https://github.com/andrab/ecuacovid,
2021-07-10,6448672,4657329,1791343,"Oxford/AstraZeneca, Pfizer/BioNTech, Sinovac",Ecuador,https://github.com/andrab/ecuacovid,
2021-07-11,6638944,4834608,1804336,"Oxford/AstraZeneca, Pfizer/BioNTech, Sinovac",Ecuador,https://github.com/andrab/ecuacovid,
2021-07-12,6920076,5088128,1831948,"Oxford/AstraZeneca, Pfizer/BioNTech, Sinovac",Ecuador,https://github.com/andrab/ecuacovid,
2021-07-13,7272818,5409502,1863316,"Oxford/AstraZeneca, Pfizer/BioNTech, Sinovac",Ecuador,https://github.com/andrab/ecuacovid,
2021-07-14,7674482,5780354,1894128,"Oxford/AstraZeneca, Pfizer/BioNTech, Sinovac",Ecuador,https://github.com/andrab/ecuacovid,
2021-07-15,8104268,6185969,1918299,"Oxford/AstraZeneca, Pfizer/BioNTech, Sinovac",Ecuador,https://github.com/andrab/ecuacovid,
2021-07-16,8517766,6569164,1948602,"Oxford/AstraZeneca, Pfizer/BioNTech, Sinovac",Ecuador,https://github.com/andrab/ecuacovid,
2021-07-17,8827187,6858675,1968512,"Oxford/AstraZeneca, Pfizer/BioNTech, Sinovac",Ecuador,https://github.com/andrab/ecuacovid,
2021-07-18,9081816,7098633,1983183,"Oxford/AstraZeneca, Pfizer/BioNTech, Sinovac",Ecuador,https://github.com/andrab/ecuacovid,
2021-07-19,9402922,7400080,2002842,"Oxford/AstraZeneca, Pfizer/BioNTech, Sinovac",Ecuador,https://github.com/andrab/ecuacovid,
2021-07-20,9716252,7693781,2022471,"Oxford/AstraZeneca, Pfizer/BioNTech, Sinovac",Ecuador,https://github.com/andrab/ecuacovid,
2021-07-21,9994076,7954844,2039232,"Oxford/AstraZeneca, Pfizer/BioNTech, Sinovac",Ecuador,https://github.com/andrab/ecuacovid,
2021-07-22,10253844,8186138,2067706,"Oxford/AstraZeneca, Pfizer/BioNTech, Sinovac",Ecuador,https://github.com/andrab/ecuacovid,
2021-07-23,10505799,8408870,2096929,"Oxford/AstraZeneca, Pfizer/BioNTech, Sinovac",Ecuador,https://github.com/andrab/ecuacovid,
2021-07-24,10701718,8585908,2115810,"Oxford/AstraZeneca, Pfizer/BioNTech, Sinovac",Ecuador,https://github.com/andrab/ecuacovid,
2021-07-25,10842201,8714585,2127616,"Oxford/AstraZeneca, Pfizer/BioNTech, Sinovac",Ecuador,https://github.com/andrab/ecuacovid,
2021-07-26,11022262,8854376,2167886,"Oxford/AstraZeneca, Pfizer/BioNTech, Sinovac",Ecuador,https://github.com/andrab/ecuacovid,
2021-07-27,11285941,9058601,2227340,"Oxford/AstraZeneca, Pfizer/BioNTech, Sinovac",Ecuador,https://github.com/andrab/ecuacovid,
2021-07-28,11590422,9285899,2304523,"Oxford/AstraZeneca, Pfizer/BioNTech, Sinovac",Ecuador,https://github.com/andrab/ecuacovid,
2021-07-29,11908158,9543339,2364819,"Oxford/AstraZeneca, Pfizer/BioNTech, Sinovac",Ecuador,https://github.com/andrab/ecuacovid,
2021-07-30,12233843,9812429,2421414,"Oxford/AstraZeneca, Pfizer/BioNTech, Sinovac",Ecuador,https://github.com/andrab/ecuacovid,
2021-07-31,12477610,10013732,2463878,"Oxford/AstraZeneca, Pfizer/BioNTech, Sinovac",Ecuador,https://github.com/andrab/ecuacovid,
2021-08-01,12641423,10130519,2510904,"Oxford/AstraZeneca, Pfizer/BioNTech, Sinovac",Ecuador,https://github.com/andrab/ecuacovid,
2021-08-02,12838802,10225907,2612934,"CanSino, Oxford/AstraZeneca, Pfizer/BioNTech, Sinovac",Ecuador,https://github.com/andrab/ecuacovid,
2021-08-03,13053708,10317605,2736142,"CanSino, Oxford/AstraZeneca, Pfizer/BioNTech, Sinovac",Ecuador,https://github.com/andrab/ecuacovid,
2021-08-04,13271582,10396699,2874922,"CanSino, Oxford/AstraZeneca, Pfizer/BioNTech, Sinovac",Ecuador,https://github.com/andrab/ecuacovid,
2021-08-05,13500986,10463859,3037168,"CanSino, Oxford/AstraZeneca, Pfizer/BioNTech, Sinovac",Ecuador,https://github.com/andrab/ecuacovid,
2021-08-06,13755490,10516985,3238546,"CanSino, Oxford/AstraZeneca, Pfizer/BioNTech, Sinovac",Ecuador,https://github.com/andrab/ecuacovid,
2021-08-07,13992854,10563220,3429675,"CanSino, Oxford/AstraZeneca, Pfizer/BioNTech, Sinovac",Ecuador,https://github.com/andrab/ecuacovid,
2021-08-08,14199861,10605030,3594872,"CanSino, Oxford/AstraZeneca, Pfizer/BioNTech, Sinovac",Ecuador,https://github.com/andrab/ecuacovid,
2021-08-09,14204382,10605501,3598922,"CanSino, Oxford/AstraZeneca, Pfizer/BioNTech, Sinovac",Ecuador,https://github.com/andrab/ecuacovid,
2021-08-10,14583416,10608516,3974941,"CanSino, Oxford/AstraZeneca, Pfizer/BioNTech, Sinovac",Ecuador,https://github.com/andrab/ecuacovid,
2021-08-11,14919957,10610994,4309296,"CanSino, Oxford/AstraZeneca, Pfizer/BioNTech, Sinovac",Ecuador,https://github.com/andrab/ecuacovid,
2021-08-12,15191063,10612935,4578818,"CanSino, Oxford/AstraZeneca, Pfizer/BioNTech, Sinovac",Ecuador,https://github.com/andrab/ecuacovid,
2021-08-13,15390151,10615611,4776537,"CanSino, Oxford/AstraZeneca, Pfizer/BioNTech, Sinovac",Ecuador,https://github.com/andrab/ecuacovid,
2021-08-14,15493907,10616571,4879776,"CanSino, Oxford/AstraZeneca, Pfizer/BioNTech, Sinovac",Ecuador,https://github.com/andrab/ecuacovid,
2021-08-15,15559087,10617261,4944406,"CanSino, Oxford/AstraZeneca, Pfizer/BioNTech, Sinovac",Ecuador,https://github.com/andrab/ecuacovid,
2021-08-16,15936119,10619135,5320762,"CanSino, Oxford/AstraZeneca, Pfizer/BioNTech, Sinovac",Ecuador,https://github.com/andrab/ecuacovid,
2021-08-17,16344434,10624503,5728292,"CanSino, Oxford/AstraZeneca, Pfizer/BioNTech, Sinovac",Ecuador,https://github.com/andrab/ecuacovid,
2021-08-18,16728651,10632145,6111379,"CanSino, Oxford/AstraZeneca, Pfizer/BioNTech, Sinovac",Ecuador,https://github.com/andrab/ecuacovid,
2021-08-19,17054462,10639941,6435968,"CanSino, Oxford/AstraZeneca, Pfizer/BioNTech, Sinovac",Ecuador,https://github.com/andrab/ecuacovid,
2021-08-20,17330176,10646425,6710639,"CanSino, Oxford/AstraZeneca, Pfizer/BioNTech, Sinovac",Ecuador,https://github.com/andrab/ecuacovid,
2021-08-21,17521749,10653892,6901692,"CanSino, Oxford/AstraZeneca, Pfizer/BioNTech, Sinovac",Ecuador,https://github.com/andrab/ecuacovid,
2021-08-22,17653393,10659805,7032989,"CanSino, Oxford/AstraZeneca, Pfizer/BioNTech, Sinovac",Ecuador,https://github.com/andrab/ecuacovid,
2021-08-23,17844396,10670150,7223294,"CanSino, Oxford/AstraZeneca, Pfizer/BioNTech, Sinovac",Ecuador,https://github.com/andrab/ecuacovid,
2021-08-24,18071537,10687641,7448932,"CanSino, Oxford/AstraZeneca, Pfizer/BioNTech, Sinovac",Ecuador,https://github.com/andrab/ecuacovid,
2021-08-25,18301258,10706903,7673265,"CanSino, Oxford/AstraZeneca, Pfizer/BioNTech, Sinovac",Ecuador,https://github.com/andrab/ecuacovid,
2021-08-26,18548846,10726520,7919350,"CanSino, Oxford/AstraZeneca, Pfizer/BioNTech, Sinovac",Ecuador,https://github.com/andrab/ecuacovid,
2021-08-27,18814454,10746271,8183354,"CanSino, Oxford/AstraZeneca, Pfizer/BioNTech, Sinovac",Ecuador,https://github.com/andrab/ecuacovid,
2021-08-28,19000304,10760514,8368150,"CanSino, Oxford/AstraZeneca, Pfizer/BioNTech, Sinovac",Ecuador,https://github.com/andrab/ecuacovid,
2021-08-29,19115351,10772784,8481218,"CanSino, Oxford/AstraZeneca, Pfizer/BioNTech, Sinovac",Ecuador,https://github.com/andrab/ecuacovid,
2021-08-30,19296406,10794687,8659927,"CanSino, Oxford/AstraZeneca, Pfizer/BioNTech, Sinovac",Ecuador,https://github.com/andrab/ecuacovid,
2021-08-31,19456354,10817074,8817252,"CanSino, Oxford/AstraZeneca, Pfizer/BioNTech, Sinovac",Ecuador,https://github.com/andrab/ecuacovid,
2021-09-08,20067875,10822280,9530623,"CanSino, Oxford/AstraZeneca, Pfizer/BioNTech, Sinovac",Ecuador,https://github.com/andrab/ecuacovid,
2021-09-09,20121822,10838560,9577621,"CanSino, Oxford/AstraZeneca, Pfizer/BioNTech, Sinovac",Ecuador,https://github.com/andrab/ecuacovid,
2021-09-10,20177462,10855329,9626101,"CanSino, Oxford/AstraZeneca, Pfizer/BioNTech, Sinovac",Ecuador,https://github.com/andrab/ecuacovid,
2021-09-11,20188740,10858515,9635837,"CanSino, Oxford/AstraZeneca, Pfizer/BioNTech, Sinovac",Ecuador,https://github.com/andrab/ecuacovid,
2021-09-12,20194499,10860128,9640749,"CanSino, Oxford/AstraZeneca, Pfizer/BioNTech, Sinovac",Ecuador,https://github.com/andrab/ecuacovid,
2021-09-13,20251072,10893166,9670730,"CanSino, Oxford/AstraZeneca, Pfizer/BioNTech, Sinovac",Ecuador,https://github.com/andrab/ecuacovid,
2021-09-14,20318065,10935808,9702280,"CanSino, Oxford/AstraZeneca, Pfizer/BioNTech, Sinovac",Ecuador,https://github.com/andrab/ecuacovid,
2021-09-15,20392844,10987141,9732661,"CanSino, Oxford/AstraZeneca, Pfizer/BioNTech, Sinovac",Ecuador,https://github.com/andrab/ecuacovid,
2021-09-20,20452529,10999841,9797946,"CanSino, Oxford/AstraZeneca, Pfizer/BioNTech, Sinovac",Ecuador,https://github.com/andrab/ecuacovid,
2021-09-21,20515688,11047509,9816586,"CanSino, Oxford/AstraZeneca, Pfizer/BioNTech, Sinovac",Ecuador,https://github.com/andrab/ecuacovid,
2021-09-22,20532260,11050419,9833158,"CanSino, Oxford/AstraZeneca, Pfizer/BioNTech, Sinovac",Ecuador,https://github.com/andrab/ecuacovid,
2021-09-23,20571335,11077714,9847355,"CanSino, Oxford/AstraZeneca, Pfizer/BioNTech, Sinovac",Ecuador,https://github.com/andrab/ecuacovid,
2021-09-24,20611185,11103923,9864816,"CanSino, Oxford/AstraZeneca, Pfizer/BioNTech, Sinovac",Ecuador,https://github.com/andrab/ecuacovid,
2021-09-25,20616156,11107266,9867095,"CanSino, Oxford/AstraZeneca, Pfizer/BioNTech, Sinovac",Ecuador,https://github.com/andrab/ecuacovid,
2021-09-26,20617749,11108116,9867974,"CanSino, Oxford/AstraZeneca, Pfizer/BioNTech, Sinovac",Ecuador,https://github.com/andrab/ecuacovid,
2021-09-27,20666054,11146137,9881500,"CanSino, Oxford/AstraZeneca, Pfizer/BioNTech, Sinovac",Ecuador,https://github.com/andrab/ecuacovid,
2021-09-28,20773286,11244528,9893962,"CanSino, Oxford/AstraZeneca, Pfizer/BioNTech, Sinovac",Ecuador,https://github.com/andrab/ecuacovid,
2021-09-29,20841350,11303434,9907288,"CanSino, Oxford/AstraZeneca, Pfizer/BioNTech, Sinovac",Ecuador,https://github.com/andrab/ecuacovid,
2021-09-30,20896804,11350433,9918613,"CanSino, Oxford/AstraZeneca, Pfizer/BioNTech, Sinovac",Ecuador,https://github.com/andrab/ecuacovid,
2021-10-01,20976539,11418793,9933423,"CanSino, Oxford/AstraZeneca, Pfizer/BioNTech, Sinovac",Ecuador,https://github.com/andrab/ecuacovid,
2021-10-02,20981535,11422887,9934736,"CanSino, Oxford/AstraZeneca, Pfizer/BioNTech, Sinovac",Ecuador,https://github.com/andrab/ecuacovid,
2021-10-03,20983147,11424056,9935352,"CanSino, Oxford/AstraZeneca, Pfizer/BioNTech, Sinovac",Ecuador,https://github.com/andrab/ecuacovid,
2021-10-04,21022027,11453882,9947067,"CanSino, Oxford/AstraZeneca, Pfizer/BioNTech, Sinovac",Ecuador,https://github.com/andrab/ecuacovid,
2021-10-05,21066403,11489289,9958765,"CanSino, Oxford/AstraZeneca, Pfizer/BioNTech, Sinovac",Ecuador,https://github.com/andrab/ecuacovid,
2021-10-06,21112861,11527736,9969316,"CanSino, Oxford/AstraZeneca, Pfizer/BioNTech, Sinovac",Ecuador,https://github.com/andrab/ecuacovid,
2021-10-07,21155212,11563516,9978130,"CanSino, Oxford/AstraZeneca, Pfizer/BioNTech, Sinovac",Ecuador,https://github.com/andrab/ecuacovid,
2021-10-08,21163540,11566614,9984036,"CanSino, Oxford/AstraZeneca, Pfizer/BioNTech, Sinovac",Ecuador,https://github.com/andrab/ecuacovid,
2021-10-09,21164423,11567189,9984510,"CanSino, Oxford/AstraZeneca, Pfizer/BioNTech, Sinovac",Ecuador,https://github.com/andrab/ecuacovid,
2021-10-10,21165186,11567583,9984970,"CanSino, Oxford/AstraZeneca, Pfizer/BioNTech, Sinovac",Ecuador,https://github.com/andrab/ecuacovid,
2021-10-11,21208003,11598188,9999427,"CanSino, Oxford/AstraZeneca, Pfizer/BioNTech, Sinovac",Ecuador,https://github.com/andrab/ecuacovid,
2021-10-12,21254562,11635235,10010755,"CanSino, Oxford/AstraZeneca, Pfizer/BioNTech, Sinovac",Ecuador,https://github.com/andrab/ecuacovid,
2021-10-13,21298743,11671714,10020281,"CanSino, Oxford/AstraZeneca, Pfizer/BioNTech, Sinovac",Ecuador,https://github.com/andrab/ecuacovid,
2021-10-14,21346159,11708111,10032731,"CanSino, Oxford/AstraZeneca, Pfizer/BioNTech, Sinovac",Ecuador,https://github.com/andrab/ecuacovid,
2021-10-15,21396466,11742466,10050416,"CanSino, Oxford/AstraZeneca, Pfizer/BioNTech, Sinovac",Ecuador,https://github.com/andrab/ecuacovid,
2021-10-16,21405209,11748955,10052820,"CanSino, Oxford/AstraZeneca, Pfizer/BioNTech, Sinovac",Ecuador,https://github.com/andrab/ecuacovid,
2021-10-17,21410061,11752748,10053955,"CanSino, Oxford/AstraZeneca, Pfizer/BioNTech, Sinovac",Ecuador,https://github.com/andrab/ecuacovid,
2021-10-18,21448846,11774844,10071705,"CanSino, Oxford/AstraZeneca, Pfizer/BioNTech, Sinovac",Ecuador,https://github.com/andrab/ecuacovid,
2021-10-19,21492532,11800967,10090387,"CanSino, Oxford/AstraZeneca, Pfizer/BioNTech, Sinovac",Ecuador,https://github.com/andrab/ecuacovid,
