location,date,vaccine,total_vaccinations,people_vaccinated,people_fully_vaccinated,source_url,total_boosters
Equatorial Guinea,2021-03-16,Sinopharm/Beijing,6565,5765,800,https://guineasalud.org/el-comite-tecnico-nacional-de-vigilancia-y-respuesta-a-la-covid-19-informa-sobre-la-situacion-epidemiologica-del-15-de-febrero-al-15-de-marzo-en-guinea-ecuatorial/,
Equatorial Guinea,2021-03-29,Sinopharm/Beijing,12155,9748,2407,https://guineasalud.org/estadisticas/,
Equatorial Guinea,2021-04-01,Sinopharm/Beijing,14080,11090,2990,https://guineasalud.org/estadisticas/,
Equatorial Guinea,2021-04-16,Sinopharm/Beijing,32884,27579,5305,https://guineasalud.org/estadisticas/,
Equatorial Guinea,2021-04-20,Sinopharm/Beijing,45441,38024,7417,https://guineasalud.org/estadisticas/,
Equatorial Guinea,2021-04-22,Sinopharm/Beijing,55799,47410,8389,https://guineasalud.org/estadisticas/,
Equatorial Guinea,2021-04-28,Sinopharm/Beijing,75518,64646,10872,https://guineasalud.org/estadisticas/,
Equatorial Guinea,2021-05-18,Sinopharm/Beijing,175770,130641,45129,https://guineasalud.org/estadisticas/,
Equatorial Guinea,2021-05-22,Sinopharm/Beijing,192967,136124,56843,https://guineasalud.org/estadisticas/,
Equatorial Guinea,2021-05-25,Sinopharm/Beijing,206625,142475,64150,https://guineasalud.org/estadisticas/,
Equatorial Guinea,2021-05-28,Sinopharm/Beijing,219677,148079,71598,https://guineasalud.org/estadisticas/,
Equatorial Guinea,2021-05-31,Sinopharm/Beijing,224503,148085,76418,https://guineasalud.org/estadisticas/,
Equatorial Guinea,2021-06-03,Sinopharm/Beijing,236189,148579,87610,https://guineasalud.org/estadisticas/,
Equatorial Guinea,2021-06-10,Sinopharm/Beijing,247228,148579,98649,https://guineasalud.org/estadisticas/,
Equatorial Guinea,2021-06-12,Sinopharm/Beijing,248184,148579,99605,https://guineasalud.org/estadisticas/,
Equatorial Guinea,2021-06-15,Sinopharm/Beijing,255030,148579,106451,https://guineasalud.org/estadisticas/,
Equatorial Guinea,2021-06-17,Sinopharm/Beijing,257146,148579,108567,https://guineasalud.org/estadisticas/,
Equatorial Guinea,2021-06-23,Sinopharm/Beijing,259480,149185,110295,https://guineasalud.org/estadisticas/,
Equatorial Guinea,2021-06-25,Sinopharm/Beijing,260528,149185,111343,https://guineasalud.org/estadisticas/,
Equatorial Guinea,2021-06-28,Sinopharm/Beijing,264853,150363,114490,https://guineasalud.org/estadisticas/,
Equatorial Guinea,2021-06-30,Sinopharm/Beijing,265110,150609,114501,https://guineasalud.org/estadisticas/,
Equatorial Guinea,2021-07-02,Sinopharm/Beijing,269981,,,https://guineasalud.org/estadisticas/,
Equatorial Guinea,2021-07-05,Sinopharm/Beijing,270841,155073,115768,https://guineasalud.org/estadisticas/,
Equatorial Guinea,2021-07-07,Sinopharm/Beijing,277042,160525,116517,https://guineasalud.org/estadisticas/,
Equatorial Guinea,2021-07-10,Sinopharm/Beijing,278952,161870,117082,https://guineasalud.org/estadisticas/,
Equatorial Guinea,2021-07-13,Sinopharm/Beijing,279113,161988,117124,https://guineasalud.org/estadisticas/,
Equatorial Guinea,2021-07-17,Sinopharm/Beijing,288562,170583,117979,https://guineasalud.org/estadisticas/,
Equatorial Guinea,2021-07-21,Sinopharm/Beijing,293702,174001,119701,https://guineasalud.org/estadisticas/,
Equatorial Guinea,2021-07-24,Sinopharm/Beijing,301413,178913,122500,https://guineasalud.org/estadisticas/,
Equatorial Guinea,2021-07-29,Sinopharm/Beijing,306265,179210,127055,https://guineasalud.org/estadisticas/,
Equatorial Guinea,2021-08-02,Sinopharm/Beijing,308858,180420,128438,https://guineasalud.org/estadisticas/,
Equatorial Guinea,2021-08-04,Sinopharm/Beijing,311778,181290,130488,https://guineasalud.org/estadisticas/,
Equatorial Guinea,2021-08-07,Sinopharm/Beijing,314289,182152,132137,https://guineasalud.org/estadisticas/,
Equatorial Guinea,2021-08-12,Sinopharm/Beijing,322447,186356,136091,https://guineasalud.org/estadisticas/,
Equatorial Guinea,2021-08-16,Sinopharm/Beijing,325449,187837,137612,https://guineasalud.org/estadisticas/,
Equatorial Guinea,2021-08-18,Sinopharm/Beijing,329229,189524,139705,https://guineasalud.org/estadisticas/,
Equatorial Guinea,2021-08-21,Sinopharm/Beijing,331807,190481,141326,https://guineasalud.org/estadisticas/,
Equatorial Guinea,2021-08-24,Sinopharm/Beijing,336579,192792,143787,https://guineasalud.org/estadisticas/,
Equatorial Guinea,2021-08-27,Sinopharm/Beijing,345719,197657,148062,https://guineasalud.org/estadisticas/,
Equatorial Guinea,2021-09-02,Sinopharm/Beijing,353626,203304,150322,https://guineasalud.org/statistiques/?lang=fr,
Equatorial Guinea,2021-09-04,Sinopharm/Beijing,360446,204222,156224,https://guineasalud.org/statistiques/?lang=fr,
Equatorial Guinea,2021-09-08,Sinopharm/Beijing,364051,205925,158126,https://guineasalud.org/estadisticas/,
Equatorial Guinea,2021-09-10,Sinopharm/Beijing,366836,207723,159113,https://guineasalud.org/estadisticas/,
Equatorial Guinea,2021-09-13,Sinopharm/Beijing,370163,210358,159805,https://guineasalud.org/estadisticas/,
Equatorial Guinea,2021-09-20,Sinopharm/Beijing,381835,219233,162602,https://guineasalud.org/estadisticas/,
Equatorial Guinea,2021-09-30,Sinopharm/Beijing,397083,225011,167635,https://guineasalud.org/estadisticas/,
Equatorial Guinea,2021-10-06,Sinopharm/Beijing,403814,232116,171698,https://guineasalud.org/estadisticas/,
Equatorial Guinea,2021-10-09,Sinopharm/Beijing,410064,234307,175757,https://guineasalud.org/estadisticas/,
Equatorial Guinea,2021-10-12,Sinopharm/Beijing,414506,236045,178461,https://guineasalud.org/estadisticas/,
Equatorial Guinea,2021-10-16,Sinopharm/Beijing,419386,237751,181635,https://guineasalud.org/estadisticas/,
Equatorial Guinea,2021-10-19,Sinopharm/Beijing,422768,238787,183981,https://guineasalud.org/estadisticas/,
Equatorial Guinea,2021-10-21,Sinopharm/Beijing,424653,239425,185228,https://guineasalud.org/estadisticas/,
Equatorial Guinea,2021-10-27,Sinopharm/Beijing,428106,240376,187730,https://guineasalud.org/estadisticas/,
Equatorial Guinea,2021-10-29,Sinopharm/Beijing,431001,241430,189571,https://guineasalud.org/estadisticas/,
Equatorial Guinea,2021-10-30,Sinopharm/Beijing,431640,241589,190051,https://guineasalud.org/estadisticas/,
Equatorial Guinea,2021-11-03,Sinopharm/Beijing,433182,242220,190962,https://guineasalud.org/estadisticas/,
