date,people_fully_vaccinated,people_vaccinated,total_vaccinations,location,vaccine,source_url,total_boosters
2020-12-27,0,191,191,Estonia,Pfizer/BioNTech,https://opendata.digilugu.ee,
2020-12-28,1,509,509,Estonia,Pfizer/BioNTech,https://opendata.digilugu.ee,
2020-12-29,2,876,876,Estonia,Pfizer/BioNTech,https://opendata.digilugu.ee,
2020-12-30,3,1889,1889,Estonia,Pfizer/BioNTech,https://opendata.digilugu.ee,
2020-12-31,3,2475,2475,Estonia,Pfizer/BioNTech,https://opendata.digilugu.ee,
2021-01-01,3,2475,2475,Estonia,Pfizer/BioNTech,https://opendata.digilugu.ee,
2021-01-02,3,2505,2505,Estonia,Pfizer/BioNTech,https://opendata.digilugu.ee,
2021-01-03,3,2523,2523,Estonia,Pfizer/BioNTech,https://opendata.digilugu.ee,
2021-01-04,3,3165,3165,Estonia,Pfizer/BioNTech,https://opendata.digilugu.ee,
2021-01-05,9,4975,4977,Estonia,Pfizer/BioNTech,https://opendata.digilugu.ee,
2021-01-06,10,6586,6589,Estonia,Pfizer/BioNTech,https://opendata.digilugu.ee,
2021-01-07,11,7928,7931,Estonia,Pfizer/BioNTech,https://opendata.digilugu.ee,
2021-01-08,13,10143,10146,Estonia,Pfizer/BioNTech,https://opendata.digilugu.ee,
2021-01-09,13,10694,10697,Estonia,Pfizer/BioNTech,https://opendata.digilugu.ee,
2021-01-10,13,10917,10920,Estonia,Pfizer/BioNTech,https://opendata.digilugu.ee,
2021-01-11,13,11766,11769,Estonia,Pfizer/BioNTech,https://opendata.digilugu.ee,
2021-01-12,15,13346,13349,Estonia,Pfizer/BioNTech,https://opendata.digilugu.ee,
2021-01-13,18,14741,14744,Estonia,Pfizer/BioNTech,https://opendata.digilugu.ee,
2021-01-14,24,16521,16524,Estonia,"Moderna, Pfizer/BioNTech",https://opendata.digilugu.ee,
2021-01-15,33,17802,17805,Estonia,"Moderna, Pfizer/BioNTech",https://opendata.digilugu.ee,
2021-01-16,35,18022,18025,Estonia,"Moderna, Pfizer/BioNTech",https://opendata.digilugu.ee,
2021-01-17,101,18052,18121,Estonia,"Moderna, Pfizer/BioNTech",https://opendata.digilugu.ee,
2021-01-18,476,18711,19155,Estonia,"Moderna, Pfizer/BioNTech",https://opendata.digilugu.ee,
2021-01-19,883,19469,20316,Estonia,"Moderna, Pfizer/BioNTech",https://opendata.digilugu.ee,
2021-01-20,1517,20321,21798,Estonia,"Moderna, Pfizer/BioNTech",https://opendata.digilugu.ee,
2021-01-21,2199,21837,23979,Estonia,"Moderna, Pfizer/BioNTech",https://opendata.digilugu.ee,
2021-01-22,2476,23070,25481,Estonia,"Moderna, Pfizer/BioNTech",https://opendata.digilugu.ee,
2021-01-23,2488,23325,25739,Estonia,"Moderna, Pfizer/BioNTech",https://opendata.digilugu.ee,
2021-01-24,2488,23486,25900,Estonia,"Moderna, Pfizer/BioNTech",https://opendata.digilugu.ee,
2021-01-25,3176,23861,26962,Estonia,"Moderna, Pfizer/BioNTech",https://opendata.digilugu.ee,
2021-01-26,4826,24604,29355,Estonia,"Moderna, Pfizer/BioNTech",https://opendata.digilugu.ee,
2021-01-27,6323,25243,31490,Estonia,"Moderna, Pfizer/BioNTech",https://opendata.digilugu.ee,
2021-01-28,7725,26314,33961,Estonia,"Moderna, Pfizer/BioNTech",https://opendata.digilugu.ee,
2021-01-29,9718,27534,37168,Estonia,"Moderna, Pfizer/BioNTech",https://opendata.digilugu.ee,
2021-01-30,10283,27800,37999,Estonia,"Moderna, Pfizer/BioNTech",https://opendata.digilugu.ee,
2021-01-31,10540,28085,38537,Estonia,"Moderna, Pfizer/BioNTech",https://opendata.digilugu.ee,
2021-02-01,11433,28804,40145,Estonia,"Moderna, Pfizer/BioNTech",https://opendata.digilugu.ee,
2021-02-02,12962,30049,42914,Estonia,"Moderna, Pfizer/BioNTech",https://opendata.digilugu.ee,
2021-02-03,14500,31712,46109,Estonia,"Moderna, Pfizer/BioNTech",https://opendata.digilugu.ee,
2021-02-04,16100,33756,49710,Estonia,"Moderna, Pfizer/BioNTech",https://opendata.digilugu.ee,
2021-02-05,17626,35305,52776,Estonia,"Moderna, Pfizer/BioNTech",https://opendata.digilugu.ee,
2021-02-06,17775,35712,53328,Estonia,"Moderna, Pfizer/BioNTech",https://opendata.digilugu.ee,
2021-02-07,17823,35723,53386,Estonia,"Moderna, Pfizer/BioNTech",https://opendata.digilugu.ee,
2021-02-08,18455,36720,55011,Estonia,"Moderna, Pfizer/BioNTech",https://opendata.digilugu.ee,
2021-02-09,19337,38997,58161,Estonia,"Moderna, Oxford/AstraZeneca, Pfizer/BioNTech",https://opendata.digilugu.ee,
2021-02-10,20254,41588,61659,Estonia,"Moderna, Oxford/AstraZeneca, Pfizer/BioNTech",https://opendata.digilugu.ee,
2021-02-11,21573,44344,65712,Estonia,"Moderna, Oxford/AstraZeneca, Pfizer/BioNTech",https://opendata.digilugu.ee,
2021-02-12,22394,45877,68051,Estonia,"Moderna, Oxford/AstraZeneca, Pfizer/BioNTech",https://opendata.digilugu.ee,
2021-02-13,22555,46009,68342,Estonia,"Moderna, Oxford/AstraZeneca, Pfizer/BioNTech",https://opendata.digilugu.ee,
2021-02-14,22614,46011,68403,Estonia,"Moderna, Oxford/AstraZeneca, Pfizer/BioNTech",https://opendata.digilugu.ee,
2021-02-15,22852,46629,69249,Estonia,"Moderna, Oxford/AstraZeneca, Pfizer/BioNTech",https://opendata.digilugu.ee,
2021-02-16,23444,48458,71651,Estonia,"Moderna, Oxford/AstraZeneca, Pfizer/BioNTech",https://opendata.digilugu.ee,
2021-02-17,24158,52123,75978,Estonia,"Moderna, Oxford/AstraZeneca, Pfizer/BioNTech",https://opendata.digilugu.ee,
2021-02-18,25271,57407,82277,Estonia,"Moderna, Oxford/AstraZeneca, Pfizer/BioNTech",https://opendata.digilugu.ee,
2021-02-19,26331,61179,87051,Estonia,"Moderna, Oxford/AstraZeneca, Pfizer/BioNTech",https://opendata.digilugu.ee,
2021-02-20,26570,61766,87861,Estonia,"Moderna, Oxford/AstraZeneca, Pfizer/BioNTech",https://opendata.digilugu.ee,
2021-02-21,26901,62278,88694,Estonia,"Moderna, Oxford/AstraZeneca, Pfizer/BioNTech",https://opendata.digilugu.ee,
2021-02-22,27854,64372,91685,Estonia,"Moderna, Oxford/AstraZeneca, Pfizer/BioNTech",https://opendata.digilugu.ee,
2021-02-23,28859,68157,96389,Estonia,"Moderna, Oxford/AstraZeneca, Pfizer/BioNTech",https://opendata.digilugu.ee,
2021-02-24,29001,68488,96851,Estonia,"Moderna, Oxford/AstraZeneca, Pfizer/BioNTech",https://opendata.digilugu.ee,
2021-02-25,31884,72212,103386,Estonia,"Moderna, Oxford/AstraZeneca, Pfizer/BioNTech",https://opendata.digilugu.ee,
2021-02-26,34312,77392,110921,Estonia,"Moderna, Oxford/AstraZeneca, Pfizer/BioNTech",https://opendata.digilugu.ee,
2021-02-27,34754,78427,112378,Estonia,"Moderna, Oxford/AstraZeneca, Pfizer/BioNTech",https://opendata.digilugu.ee,
2021-02-28,34882,78611,112688,Estonia,"Moderna, Oxford/AstraZeneca, Pfizer/BioNTech",https://opendata.digilugu.ee,
2021-03-01,35944,81055,116154,Estonia,"Moderna, Oxford/AstraZeneca, Pfizer/BioNTech",https://opendata.digilugu.ee,
2021-03-02,38312,84020,121425,Estonia,"Moderna, Oxford/AstraZeneca, Pfizer/BioNTech",https://opendata.digilugu.ee,
2021-03-03,40743,86928,126727,Estonia,"Moderna, Oxford/AstraZeneca, Pfizer/BioNTech",https://opendata.digilugu.ee,
2021-03-04,43309,92062,134358,Estonia,"Moderna, Oxford/AstraZeneca, Pfizer/BioNTech",https://opendata.digilugu.ee,
2021-03-05,44934,97632,141452,Estonia,"Moderna, Oxford/AstraZeneca, Pfizer/BioNTech",https://opendata.digilugu.ee,
2021-03-06,45151,101218,145201,Estonia,"Moderna, Oxford/AstraZeneca, Pfizer/BioNTech",https://opendata.digilugu.ee,
2021-03-07,45163,102212,146200,Estonia,"Moderna, Oxford/AstraZeneca, Pfizer/BioNTech",https://opendata.digilugu.ee,
2021-03-08,45460,105628,149863,Estonia,"Moderna, Oxford/AstraZeneca, Pfizer/BioNTech",https://opendata.digilugu.ee,
2021-03-09,46606,109662,154971,Estonia,"Moderna, Oxford/AstraZeneca, Pfizer/BioNTech",https://opendata.digilugu.ee,
2021-03-10,49123,113663,161414,Estonia,"Moderna, Oxford/AstraZeneca, Pfizer/BioNTech",https://opendata.digilugu.ee,
2021-03-11,52167,121838,172514,Estonia,"Moderna, Oxford/AstraZeneca, Pfizer/BioNTech",https://opendata.digilugu.ee,
2021-03-12,54227,127567,180176,Estonia,"Moderna, Oxford/AstraZeneca, Pfizer/BioNTech",https://opendata.digilugu.ee,
2021-03-13,54375,132990,185678,Estonia,"Moderna, Oxford/AstraZeneca, Pfizer/BioNTech",https://opendata.digilugu.ee,
2021-03-14,54428,138256,190959,Estonia,"Moderna, Oxford/AstraZeneca, Pfizer/BioNTech",https://opendata.digilugu.ee,
2021-03-15,54758,141608,194580,Estonia,"Moderna, Oxford/AstraZeneca, Pfizer/BioNTech",https://opendata.digilugu.ee,
2021-03-16,55636,145350,199124,Estonia,"Moderna, Oxford/AstraZeneca, Pfizer/BioNTech",https://opendata.digilugu.ee,
2021-03-17,56035,150517,204547,Estonia,"Moderna, Oxford/AstraZeneca, Pfizer/BioNTech",https://opendata.digilugu.ee,
2021-03-18,56976,157152,211967,Estonia,"Moderna, Oxford/AstraZeneca, Pfizer/BioNTech",https://opendata.digilugu.ee,
2021-03-19,59357,163599,220588,Estonia,"Moderna, Oxford/AstraZeneca, Pfizer/BioNTech",https://opendata.digilugu.ee,
2021-03-20,59455,165820,222866,Estonia,"Moderna, Oxford/AstraZeneca, Pfizer/BioNTech",https://opendata.digilugu.ee,
2021-03-21,59492,167141,224209,Estonia,"Moderna, Oxford/AstraZeneca, Pfizer/BioNTech",https://opendata.digilugu.ee,
2021-03-22,60094,169092,226698,Estonia,"Moderna, Oxford/AstraZeneca, Pfizer/BioNTech",https://opendata.digilugu.ee,
2021-03-23,60356,171836,229624,Estonia,"Moderna, Oxford/AstraZeneca, Pfizer/BioNTech",https://opendata.digilugu.ee,
2021-03-24,60834,177083,235276,Estonia,"Moderna, Oxford/AstraZeneca, Pfizer/BioNTech",https://opendata.digilugu.ee,
2021-03-25,62519,185568,245312,Estonia,"Moderna, Oxford/AstraZeneca, Pfizer/BioNTech",https://opendata.digilugu.ee,
2021-03-26,63471,191379,251989,Estonia,"Moderna, Oxford/AstraZeneca, Pfizer/BioNTech",https://opendata.digilugu.ee,
2021-03-27,63749,193509,254377,Estonia,"Moderna, Oxford/AstraZeneca, Pfizer/BioNTech",https://opendata.digilugu.ee,
2021-03-28,63832,193996,254912,Estonia,"Moderna, Oxford/AstraZeneca, Pfizer/BioNTech",https://opendata.digilugu.ee,
2021-03-29,64257,195939,257196,Estonia,"Moderna, Oxford/AstraZeneca, Pfizer/BioNTech",https://opendata.digilugu.ee,
2021-03-30,65364,198526,260755,Estonia,"Moderna, Oxford/AstraZeneca, Pfizer/BioNTech",https://opendata.digilugu.ee,
2021-03-31,67024,202985,266731,Estonia,"Moderna, Oxford/AstraZeneca, Pfizer/BioNTech",https://opendata.digilugu.ee,
2021-04-01,71156,210971,278674,Estonia,"Moderna, Oxford/AstraZeneca, Pfizer/BioNTech",https://opendata.digilugu.ee,
2021-04-02,71604,214522,282607,Estonia,"Moderna, Oxford/AstraZeneca, Pfizer/BioNTech",https://opendata.digilugu.ee,
2021-04-03,72423,222319,291031,Estonia,"Moderna, Oxford/AstraZeneca, Pfizer/BioNTech",https://opendata.digilugu.ee,
2021-04-04,72620,226328,295179,Estonia,"Moderna, Oxford/AstraZeneca, Pfizer/BioNTech",https://opendata.digilugu.ee,
2021-04-05,73734,228834,298672,Estonia,"Moderna, Oxford/AstraZeneca, Pfizer/BioNTech",https://opendata.digilugu.ee,
2021-04-06,74954,231310,302281,Estonia,"Moderna, Oxford/AstraZeneca, Pfizer/BioNTech",https://opendata.digilugu.ee,
2021-04-07,76180,236205,308289,Estonia,"Moderna, Oxford/AstraZeneca, Pfizer/BioNTech",https://opendata.digilugu.ee,
2021-04-08,77716,247835,321188,Estonia,"Moderna, Oxford/AstraZeneca, Pfizer/BioNTech",https://opendata.digilugu.ee,
2021-04-09,78975,257405,331828,Estonia,"Moderna, Oxford/AstraZeneca, Pfizer/BioNTech",https://opendata.digilugu.ee,
2021-04-10,79430,258629,333457,Estonia,"Moderna, Oxford/AstraZeneca, Pfizer/BioNTech",https://opendata.digilugu.ee,
2021-04-11,79481,258914,333787,Estonia,"Moderna, Oxford/AstraZeneca, Pfizer/BioNTech",https://opendata.digilugu.ee,
2021-04-12,79986,260382,335705,Estonia,"Moderna, Oxford/AstraZeneca, Pfizer/BioNTech",https://opendata.digilugu.ee,
2021-04-13,80620,262662,338563,Estonia,"Moderna, Oxford/AstraZeneca, Pfizer/BioNTech",https://opendata.digilugu.ee,
2021-04-14,82660,268007,345781,Estonia,"Johnson&Johnson, Moderna, Oxford/AstraZeneca, Pfizer/BioNTech",https://opendata.digilugu.ee,
2021-04-15,86116,277319,358303,Estonia,"Johnson&Johnson, Moderna, Oxford/AstraZeneca, Pfizer/BioNTech",https://opendata.digilugu.ee,
2021-04-16,89700,285542,369828,Estonia,"Johnson&Johnson, Moderna, Oxford/AstraZeneca, Pfizer/BioNTech",https://opendata.digilugu.ee,
2021-04-17,90491,286866,371886,Estonia,"Johnson&Johnson, Moderna, Oxford/AstraZeneca, Pfizer/BioNTech",https://opendata.digilugu.ee,
2021-04-18,90968,287841,373293,Estonia,"Johnson&Johnson, Moderna, Oxford/AstraZeneca, Pfizer/BioNTech",https://opendata.digilugu.ee,
2021-04-19,92388,289081,375904,Estonia,"Johnson&Johnson, Moderna, Oxford/AstraZeneca, Pfizer/BioNTech",https://opendata.digilugu.ee,
2021-04-20,94808,291018,380127,Estonia,"Johnson&Johnson, Moderna, Oxford/AstraZeneca, Pfizer/BioNTech",https://opendata.digilugu.ee,
2021-04-21,95803,295302,385227,Estonia,"Johnson&Johnson, Moderna, Oxford/AstraZeneca, Pfizer/BioNTech",https://opendata.digilugu.ee,
2021-04-22,99490,303505,396811,Estonia,"Johnson&Johnson, Moderna, Oxford/AstraZeneca, Pfizer/BioNTech",https://opendata.digilugu.ee,
2021-04-23,102921,309204,405720,Estonia,"Johnson&Johnson, Moderna, Oxford/AstraZeneca, Pfizer/BioNTech",https://opendata.digilugu.ee,
2021-04-24,105209,310069,408788,Estonia,"Johnson&Johnson, Moderna, Oxford/AstraZeneca, Pfizer/BioNTech",https://opendata.digilugu.ee,
2021-04-25,106449,311277,411179,Estonia,"Johnson&Johnson, Moderna, Oxford/AstraZeneca, Pfizer/BioNTech",https://opendata.digilugu.ee,
2021-04-26,108316,312730,414409,Estonia,"Johnson&Johnson, Moderna, Oxford/AstraZeneca, Pfizer/BioNTech",https://opendata.digilugu.ee,
2021-04-27,111803,316213,421245,Estonia,"Johnson&Johnson, Moderna, Oxford/AstraZeneca, Pfizer/BioNTech",https://opendata.digilugu.ee,
2021-04-28,116685,322859,432453,Estonia,"Johnson&Johnson, Moderna, Oxford/AstraZeneca, Pfizer/BioNTech",https://opendata.digilugu.ee,
2021-04-29,123780,331078,447223,Estonia,"Johnson&Johnson, Moderna, Oxford/AstraZeneca, Pfizer/BioNTech",https://opendata.digilugu.ee,
2021-04-30,130469,336700,459085,Estonia,"Johnson&Johnson, Moderna, Oxford/AstraZeneca, Pfizer/BioNTech",https://opendata.digilugu.ee,
2021-05-01,132600,337651,462099,Estonia,"Johnson&Johnson, Moderna, Oxford/AstraZeneca, Pfizer/BioNTech",https://opendata.digilugu.ee,
2021-05-02,133600,339211,464541,Estonia,"Johnson&Johnson, Moderna, Oxford/AstraZeneca, Pfizer/BioNTech",https://opendata.digilugu.ee,
2021-05-03,137178,341538,470281,Estonia,"Johnson&Johnson, Moderna, Oxford/AstraZeneca, Pfizer/BioNTech",https://opendata.digilugu.ee,
2021-05-04,141180,346501,478975,Estonia,"Johnson&Johnson, Moderna, Oxford/AstraZeneca, Pfizer/BioNTech",https://opendata.digilugu.ee,
2021-05-05,147447,353767,492071,Estonia,"Johnson&Johnson, Moderna, Oxford/AstraZeneca, Pfizer/BioNTech",https://opendata.digilugu.ee,
2021-05-06,157095,362382,509636,Estonia,"Johnson&Johnson, Moderna, Oxford/AstraZeneca, Pfizer/BioNTech",https://opendata.digilugu.ee,
2021-05-07,165163,368667,523405,Estonia,"Johnson&Johnson, Moderna, Oxford/AstraZeneca, Pfizer/BioNTech",https://opendata.digilugu.ee,
2021-05-08,167767,371730,528915,Estonia,"Johnson&Johnson, Moderna, Oxford/AstraZeneca, Pfizer/BioNTech",https://opendata.digilugu.ee,
2021-05-09,169893,372897,532112,Estonia,"Johnson&Johnson, Moderna, Oxford/AstraZeneca, Pfizer/BioNTech",https://opendata.digilugu.ee,
2021-05-10,172246,375087,536429,Estonia,"Johnson&Johnson, Moderna, Oxford/AstraZeneca, Pfizer/BioNTech",https://opendata.digilugu.ee,
2021-05-11,174970,378827,542628,Estonia,"Johnson&Johnson, Moderna, Oxford/AstraZeneca, Pfizer/BioNTech",https://opendata.digilugu.ee,
2021-05-12,179603,384830,552743,Estonia,"Johnson&Johnson, Moderna, Oxford/AstraZeneca, Pfizer/BioNTech",https://opendata.digilugu.ee,
2021-05-13,187362,390653,565672,Estonia,"Johnson&Johnson, Moderna, Oxford/AstraZeneca, Pfizer/BioNTech",https://opendata.digilugu.ee,
2021-05-14,190645,396770,574438,Estonia,"Johnson&Johnson, Moderna, Oxford/AstraZeneca, Pfizer/BioNTech",https://opendata.digilugu.ee,
2021-05-15,191139,399902,577891,Estonia,"Johnson&Johnson, Moderna, Oxford/AstraZeneca, Pfizer/BioNTech",https://opendata.digilugu.ee,
2021-05-16,191273,400834,578854,Estonia,"Johnson&Johnson, Moderna, Oxford/AstraZeneca, Pfizer/BioNTech",https://opendata.digilugu.ee,
2021-05-17,193222,406722,585796,Estonia,"Johnson&Johnson, Moderna, Oxford/AstraZeneca, Pfizer/BioNTech",https://opendata.digilugu.ee,
2021-05-18,196112,412579,593709,Estonia,"Johnson&Johnson, Moderna, Oxford/AstraZeneca, Pfizer/BioNTech",https://opendata.digilugu.ee,
2021-05-19,201087,417803,602685,Estonia,"Johnson&Johnson, Moderna, Oxford/AstraZeneca, Pfizer/BioNTech",https://opendata.digilugu.ee,
2021-05-20,211932,423129,617387,Estonia,"Johnson&Johnson, Moderna, Oxford/AstraZeneca, Pfizer/BioNTech",https://opendata.digilugu.ee,
2021-05-21,221165,429747,631667,Estonia,"Johnson&Johnson, Moderna, Oxford/AstraZeneca, Pfizer/BioNTech",https://opendata.digilugu.ee,
2021-05-22,222611,433847,636526,Estonia,"Johnson&Johnson, Moderna, Oxford/AstraZeneca, Pfizer/BioNTech",https://opendata.digilugu.ee,
2021-05-23,223357,437179,640254,Estonia,"Johnson&Johnson, Moderna, Oxford/AstraZeneca, Pfizer/BioNTech",https://opendata.digilugu.ee,
2021-05-24,225544,441560,645751,Estonia,"Johnson&Johnson, Moderna, Oxford/AstraZeneca, Pfizer/BioNTech",https://opendata.digilugu.ee,
2021-05-25,228252,446542,652760,Estonia,"Johnson&Johnson, Moderna, Oxford/AstraZeneca, Pfizer/BioNTech",https://opendata.digilugu.ee,
2021-05-26,234794,452328,664167,Estonia,"Johnson&Johnson, Moderna, Oxford/AstraZeneca, Pfizer/BioNTech",https://opendata.digilugu.ee,
2021-05-27,246402,458063,680324,Estonia,"Johnson&Johnson, Moderna, Oxford/AstraZeneca, Pfizer/BioNTech",https://opendata.digilugu.ee,
2021-05-28,256162,462814,692814,Estonia,"Johnson&Johnson, Moderna, Oxford/AstraZeneca, Pfizer/BioNTech",https://opendata.digilugu.ee,
2021-05-29,258551,466648,698020,Estonia,"Johnson&Johnson, Moderna, Oxford/AstraZeneca, Pfizer/BioNTech",https://opendata.digilugu.ee,
2021-05-30,260036,470179,702557,Estonia,"Johnson&Johnson, Moderna, Oxford/AstraZeneca, Pfizer/BioNTech",https://opendata.digilugu.ee,
2021-05-31,261995,472480,706273,Estonia,"Johnson&Johnson, Moderna, Oxford/AstraZeneca, Pfizer/BioNTech",https://opendata.digilugu.ee,
2021-06-01,266241,478229,714844,Estonia,"Johnson&Johnson, Moderna, Oxford/AstraZeneca, Pfizer/BioNTech",https://opendata.digilugu.ee,
2021-06-02,272210,483989,725817,Estonia,"Johnson&Johnson, Moderna, Oxford/AstraZeneca, Pfizer/BioNTech",https://opendata.digilugu.ee,
2021-06-03,280826,490107,739823,Estonia,"Johnson&Johnson, Moderna, Oxford/AstraZeneca, Pfizer/BioNTech",https://opendata.digilugu.ee,
2021-06-04,288292,495132,751447,Estonia,"Johnson&Johnson, Moderna, Oxford/AstraZeneca, Pfizer/BioNTech",https://opendata.digilugu.ee,
2021-06-05,291519,498586,756648,Estonia,"Johnson&Johnson, Moderna, Oxford/AstraZeneca, Pfizer/BioNTech",https://opendata.digilugu.ee,
2021-06-06,295265,500204,761864,Estonia,"Johnson&Johnson, Moderna, Oxford/AstraZeneca, Pfizer/BioNTech",https://opendata.digilugu.ee,
2021-06-07,299185,503181,768141,Estonia,"Johnson&Johnson, Moderna, Oxford/AstraZeneca, Pfizer/BioNTech",https://opendata.digilugu.ee,
2021-06-08,305205,507405,777711,Estonia,"Johnson&Johnson, Moderna, Oxford/AstraZeneca, Pfizer/BioNTech",https://opendata.digilugu.ee,
2021-06-09,314990,511751,791177,Estonia,"Johnson&Johnson, Moderna, Oxford/AstraZeneca, Pfizer/BioNTech",https://opendata.digilugu.ee,
2021-06-10,326202,516079,806100,Estonia,"Johnson&Johnson, Moderna, Oxford/AstraZeneca, Pfizer/BioNTech",https://opendata.digilugu.ee,
2021-06-11,335180,519499,817966,Estonia,"Johnson&Johnson, Moderna, Oxford/AstraZeneca, Pfizer/BioNTech",https://opendata.digilugu.ee,
2021-06-12,339958,521701,824796,Estonia,"Johnson&Johnson, Moderna, Oxford/AstraZeneca, Pfizer/BioNTech",https://opendata.digilugu.ee,
2021-06-13,342973,523391,829373,Estonia,"Johnson&Johnson, Moderna, Oxford/AstraZeneca, Pfizer/BioNTech",https://opendata.digilugu.ee,
2021-06-14,348157,526547,837131,Estonia,"Johnson&Johnson, Moderna, Oxford/AstraZeneca, Pfizer/BioNTech",https://opendata.digilugu.ee,
2021-06-15,355675,529991,847679,Estonia,"Johnson&Johnson, Moderna, Oxford/AstraZeneca, Pfizer/BioNTech",https://opendata.digilugu.ee,
2021-06-16,366540,532915,860913,Estonia,"Johnson&Johnson, Moderna, Oxford/AstraZeneca, Pfizer/BioNTech",https://opendata.digilugu.ee,
2021-06-17,378297,535829,875029,Estonia,"Johnson&Johnson, Moderna, Oxford/AstraZeneca, Pfizer/BioNTech",https://opendata.digilugu.ee,
2021-06-18,389753,540309,889062,Estonia,"Johnson&Johnson, Moderna, Oxford/AstraZeneca, Pfizer/BioNTech",https://opendata.digilugu.ee,
2021-06-19,394657,541934,895323,Estonia,"Johnson&Johnson, Moderna, Oxford/AstraZeneca, Pfizer/BioNTech",https://opendata.digilugu.ee,
2021-06-20,397309,543708,899364,Estonia,"Johnson&Johnson, Moderna, Oxford/AstraZeneca, Pfizer/BioNTech",https://opendata.digilugu.ee,
2021-06-21,403885,546603,907984,Estonia,"Johnson&Johnson, Moderna, Oxford/AstraZeneca, Pfizer/BioNTech",https://opendata.digilugu.ee,
2021-06-22,408276,548426,913845,Estonia,"Johnson&Johnson, Moderna, Oxford/AstraZeneca, Pfizer/BioNTech",https://opendata.digilugu.ee,
2021-06-23,408399,548429,913971,Estonia,"Johnson&Johnson, Moderna, Oxford/AstraZeneca, Pfizer/BioNTech",https://opendata.digilugu.ee,
2021-06-24,408558,548465,914147,Estonia,"Johnson&Johnson, Moderna, Oxford/AstraZeneca, Pfizer/BioNTech",https://opendata.digilugu.ee,
2021-06-25,414601,550476,921786,Estonia,"Johnson&Johnson, Moderna, Oxford/AstraZeneca, Pfizer/BioNTech",https://opendata.digilugu.ee,
2021-06-26,418269,551624,926240,Estonia,"Johnson&Johnson, Moderna, Oxford/AstraZeneca, Pfizer/BioNTech",https://opendata.digilugu.ee,
2021-06-27,421820,552847,930665,Estonia,"Johnson&Johnson, Moderna, Oxford/AstraZeneca, Pfizer/BioNTech",https://opendata.digilugu.ee,
2021-06-28,428010,554770,938142,Estonia,"Johnson&Johnson, Moderna, Oxford/AstraZeneca, Pfizer/BioNTech",https://opendata.digilugu.ee,
2021-06-29,434663,556949,946546,Estonia,"Johnson&Johnson, Moderna, Oxford/AstraZeneca, Pfizer/BioNTech",https://opendata.digilugu.ee,
2021-06-30,441733,559377,955400,Estonia,"Johnson&Johnson, Moderna, Oxford/AstraZeneca, Pfizer/BioNTech",https://opendata.digilugu.ee,
2021-07-01,447283,561767,962782,Estonia,"Johnson&Johnson, Moderna, Oxford/AstraZeneca, Pfizer/BioNTech",https://opendata.digilugu.ee,
2021-07-02,453084,564111,970182,Estonia,"Johnson&Johnson, Moderna, Oxford/AstraZeneca, Pfizer/BioNTech",https://opendata.digilugu.ee,
2021-07-03,457376,565451,975213,Estonia,"Johnson&Johnson, Moderna, Oxford/AstraZeneca, Pfizer/BioNTech",https://opendata.digilugu.ee,
2021-07-04,462307,566803,980735,Estonia,"Johnson&Johnson, Moderna, Oxford/AstraZeneca, Pfizer/BioNTech",https://opendata.digilugu.ee,
2021-07-05,464949,569334,985349,Estonia,"Johnson&Johnson, Moderna, Oxford/AstraZeneca, Pfizer/BioNTech",https://opendata.digilugu.ee,
2021-07-06,471331,571902,993690,Estonia,"Johnson&Johnson, Moderna, Oxford/AstraZeneca, Pfizer/BioNTech",https://opendata.digilugu.ee,
2021-07-07,476164,574405,1000287,Estonia,"Johnson&Johnson, Moderna, Oxford/AstraZeneca, Pfizer/BioNTech",https://opendata.digilugu.ee,
2021-07-08,482301,577060,1008390,Estonia,"Johnson&Johnson, Moderna, Oxford/AstraZeneca, Pfizer/BioNTech",https://opendata.digilugu.ee,
2021-07-09,486841,579933,1015019,Estonia,"Johnson&Johnson, Moderna, Oxford/AstraZeneca, Pfizer/BioNTech",https://opendata.digilugu.ee,
2021-07-10,489067,581487,1018293,Estonia,"Johnson&Johnson, Moderna, Oxford/AstraZeneca, Pfizer/BioNTech",https://opendata.digilugu.ee,
2021-07-11,492490,583055,1023038,Estonia,"Johnson&Johnson, Moderna, Oxford/AstraZeneca, Pfizer/BioNTech",https://opendata.digilugu.ee,
2021-07-12,495705,584897,1027498,Estonia,"Johnson&Johnson, Moderna, Oxford/AstraZeneca, Pfizer/BioNTech",https://opendata.digilugu.ee,
2021-07-13,500665,587342,1034135,Estonia,"Johnson&Johnson, Moderna, Oxford/AstraZeneca, Pfizer/BioNTech",https://opendata.digilugu.ee,
2021-07-14,506187,589601,1041264,Estonia,"Johnson&Johnson, Moderna, Oxford/AstraZeneca, Pfizer/BioNTech",https://opendata.digilugu.ee,
2021-07-15,511990,592578,1048755,Estonia,"Johnson&Johnson, Moderna, Oxford/AstraZeneca, Pfizer/BioNTech",https://opendata.digilugu.ee,
2021-07-16,515886,594574,1053745,Estonia,"Johnson&Johnson, Moderna, Oxford/AstraZeneca, Pfizer/BioNTech",https://opendata.digilugu.ee,
2021-07-17,517009,595844,1055624,Estonia,"Johnson&Johnson, Moderna, Oxford/AstraZeneca, Pfizer/BioNTech",https://opendata.digilugu.ee,
2021-07-18,519132,598888,1059958,Estonia,"Johnson&Johnson, Moderna, Oxford/AstraZeneca, Pfizer/BioNTech",https://opendata.digilugu.ee,
2021-07-19,522921,602000,1065802,Estonia,"Johnson&Johnson, Moderna, Oxford/AstraZeneca, Pfizer/BioNTech",https://opendata.digilugu.ee,
2021-07-20,528735,605301,1073959,Estonia,"Johnson&Johnson, Moderna, Oxford/AstraZeneca, Pfizer/BioNTech",https://opendata.digilugu.ee,
2021-07-21,533357,608354,1080857,Estonia,"Johnson&Johnson, Moderna, Oxford/AstraZeneca, Pfizer/BioNTech",https://opendata.digilugu.ee,
2021-07-22,538695,612130,1088602,Estonia,"Johnson&Johnson, Moderna, Oxford/AstraZeneca, Pfizer/BioNTech",https://opendata.digilugu.ee,
2021-07-23,543002,616310,1096022,Estonia,"Johnson&Johnson, Moderna, Oxford/AstraZeneca, Pfizer/BioNTech",https://opendata.digilugu.ee,
2021-07-24,544717,618659,1099367,Estonia,"Johnson&Johnson, Moderna, Oxford/AstraZeneca, Pfizer/BioNTech",https://opendata.digilugu.ee,
2021-07-25,546434,620923,1102581,Estonia,"Johnson&Johnson, Moderna, Oxford/AstraZeneca, Pfizer/BioNTech",https://opendata.digilugu.ee,
2021-07-26,549737,624149,1108165,Estonia,"Johnson&Johnson, Moderna, Oxford/AstraZeneca, Pfizer/BioNTech",https://opendata.digilugu.ee,
2021-07-27,553914,626805,1114295,Estonia,"Johnson&Johnson, Moderna, Oxford/AstraZeneca, Pfizer/BioNTech",https://opendata.digilugu.ee,
2021-07-28,557233,629871,1119805,Estonia,"Johnson&Johnson, Moderna, Oxford/AstraZeneca, Pfizer/BioNTech",https://opendata.digilugu.ee,
2021-07-29,559722,633274,1125018,Estonia,"Johnson&Johnson, Moderna, Oxford/AstraZeneca, Pfizer/BioNTech",https://opendata.digilugu.ee,
2021-07-30,562352,636493,1130150,Estonia,"Johnson&Johnson, Moderna, Oxford/AstraZeneca, Pfizer/BioNTech",https://opendata.digilugu.ee,
2021-07-31,563887,638547,1133108,Estonia,"Johnson&Johnson, Moderna, Oxford/AstraZeneca, Pfizer/BioNTech",https://opendata.digilugu.ee,
2021-08-01,565290,640526,1135894,Estonia,"Johnson&Johnson, Moderna, Oxford/AstraZeneca, Pfizer/BioNTech",https://opendata.digilugu.ee,
2021-08-02,568096,644355,1141800,Estonia,"Johnson&Johnson, Moderna, Oxford/AstraZeneca, Pfizer/BioNTech",https://opendata.digilugu.ee,
2021-08-03,571011,648649,1148041,Estonia,"Johnson&Johnson, Moderna, Oxford/AstraZeneca, Pfizer/BioNTech",https://opendata.digilugu.ee,
2021-08-04,573936,653365,1154191,Estonia,"Johnson&Johnson, Moderna, Oxford/AstraZeneca, Pfizer/BioNTech",https://opendata.digilugu.ee,
2021-08-05,576502,657308,1159582,Estonia,"Johnson&Johnson, Moderna, Oxford/AstraZeneca, Pfizer/BioNTech",https://opendata.digilugu.ee,
2021-08-06,579632,662269,1166314,Estonia,"Johnson&Johnson, Moderna, Oxford/AstraZeneca, Pfizer/BioNTech",https://opendata.digilugu.ee,
2021-08-07,581304,664896,1169847,Estonia,"Johnson&Johnson, Moderna, Oxford/AstraZeneca, Pfizer/BioNTech",https://opendata.digilugu.ee,
2021-08-08,582108,666615,1171913,Estonia,"Johnson&Johnson, Moderna, Oxford/AstraZeneca, Pfizer/BioNTech",https://opendata.digilugu.ee,
2021-08-09,584946,670503,1177409,Estonia,"Johnson&Johnson, Moderna, Oxford/AstraZeneca, Pfizer/BioNTech",https://opendata.digilugu.ee,
2021-08-10,588139,674718,1183549,Estonia,"Johnson&Johnson, Moderna, Oxford/AstraZeneca, Pfizer/BioNTech",https://opendata.digilugu.ee,
2021-08-11,590946,678656,1189265,Estonia,"Johnson&Johnson, Moderna, Oxford/AstraZeneca, Pfizer/BioNTech",https://opendata.digilugu.ee,
2021-08-12,593696,682423,1194945,Estonia,"Johnson&Johnson, Moderna, Oxford/AstraZeneca, Pfizer/BioNTech",https://opendata.digilugu.ee,
2021-08-13,596747,686391,1200851,Estonia,"Johnson&Johnson, Moderna, Oxford/AstraZeneca, Pfizer/BioNTech",https://opendata.digilugu.ee,
2021-08-14,599265,689205,1205424,Estonia,"Johnson&Johnson, Moderna, Oxford/AstraZeneca, Pfizer/BioNTech",https://opendata.digilugu.ee,
2021-08-15,600413,690771,1207784,Estonia,"Johnson&Johnson, Moderna, Oxford/AstraZeneca, Pfizer/BioNTech",https://opendata.digilugu.ee,
2021-08-16,603401,694007,1213159,Estonia,"Johnson&Johnson, Moderna, Oxford/AstraZeneca, Pfizer/BioNTech",https://opendata.digilugu.ee,
2021-08-17,606028,696892,1218038,Estonia,"Johnson&Johnson, Moderna, Oxford/AstraZeneca, Pfizer/BioNTech",https://opendata.digilugu.ee,
2021-08-18,608718,700146,1223305,Estonia,"Johnson&Johnson, Moderna, Oxford/AstraZeneca, Pfizer/BioNTech",https://opendata.digilugu.ee,
2021-08-19,612077,703410,1229065,Estonia,"Johnson&Johnson, Moderna, Oxford/AstraZeneca, Pfizer/BioNTech",https://opendata.digilugu.ee,
2021-08-20,612833,704246,1230481,Estonia,"Johnson&Johnson, Moderna, Oxford/AstraZeneca, Pfizer/BioNTech",https://opendata.digilugu.ee,
2021-08-21,614114,706092,1233270,Estonia,"Johnson&Johnson, Moderna, Oxford/AstraZeneca, Pfizer/BioNTech",https://opendata.digilugu.ee,
2021-08-22,614550,707277,1234667,Estonia,"Johnson&Johnson, Moderna, Oxford/AstraZeneca, Pfizer/BioNTech",https://opendata.digilugu.ee,
2021-08-23,616764,709664,1238768,Estonia,"Johnson&Johnson, Moderna, Oxford/AstraZeneca, Pfizer/BioNTech",https://opendata.digilugu.ee,
2021-08-24,619114,711961,1242922,Estonia,"Johnson&Johnson, Moderna, Oxford/AstraZeneca, Pfizer/BioNTech",https://opendata.digilugu.ee,
2021-08-25,621728,714538,1247432,Estonia,"Johnson&Johnson, Moderna, Oxford/AstraZeneca, Pfizer/BioNTech",https://opendata.digilugu.ee,
2021-08-26,623850,716614,1251146,Estonia,"Johnson&Johnson, Moderna, Oxford/AstraZeneca, Pfizer/BioNTech",https://opendata.digilugu.ee,
2021-08-27,626453,719489,1255930,Estonia,"Johnson&Johnson, Moderna, Oxford/AstraZeneca, Pfizer/BioNTech",https://opendata.digilugu.ee,
2021-08-28,628402,721754,1259574,Estonia,"Johnson&Johnson, Moderna, Oxford/AstraZeneca, Pfizer/BioNTech",https://opendata.digilugu.ee,
2021-08-29,630599,723624,1263306,Estonia,"Johnson&Johnson, Moderna, Oxford/AstraZeneca, Pfizer/BioNTech",https://opendata.digilugu.ee,
2021-08-30,633079,725427,1267134,Estonia,"Johnson&Johnson, Moderna, Oxford/AstraZeneca, Pfizer/BioNTech",https://opendata.digilugu.ee,
2021-08-31,636757,727235,1272169,Estonia,"Johnson&Johnson, Moderna, Oxford/AstraZeneca, Pfizer/BioNTech",https://opendata.digilugu.ee,
2021-09-01,638314,728255,1274520,Estonia,"Johnson&Johnson, Moderna, Oxford/AstraZeneca, Pfizer/BioNTech",https://opendata.digilugu.ee,
2021-09-02,640694,729900,1278001,Estonia,"Johnson&Johnson, Moderna, Oxford/AstraZeneca, Pfizer/BioNTech",https://opendata.digilugu.ee,
2021-09-03,642949,731383,1281288,Estonia,"Johnson&Johnson, Moderna, Oxford/AstraZeneca, Pfizer/BioNTech",https://opendata.digilugu.ee,
2021-09-04,645334,732518,1284462,Estonia,"Johnson&Johnson, Moderna, Oxford/AstraZeneca, Pfizer/BioNTech",https://opendata.digilugu.ee,
2021-09-05,647383,732976,1286799,Estonia,"Johnson&Johnson, Moderna, Oxford/AstraZeneca, Pfizer/BioNTech",https://opendata.digilugu.ee,
2021-09-06,650185,734268,1290489,Estonia,"Johnson&Johnson, Moderna, Oxford/AstraZeneca, Pfizer/BioNTech",https://opendata.digilugu.ee,
2021-09-07,652864,735605,1294071,Estonia,"Johnson&Johnson, Moderna, Oxford/AstraZeneca, Pfizer/BioNTech",https://opendata.digilugu.ee,
2021-09-08,655428,736755,1297426,Estonia,"Johnson&Johnson, Moderna, Oxford/AstraZeneca, Pfizer/BioNTech",https://opendata.digilugu.ee,
2021-09-09,658089,737891,1300851,Estonia,"Johnson&Johnson, Moderna, Oxford/AstraZeneca, Pfizer/BioNTech",https://opendata.digilugu.ee,
2021-09-10,660874,739034,1304427,Estonia,"Johnson&Johnson, Moderna, Oxford/AstraZeneca, Pfizer/BioNTech",https://opendata.digilugu.ee,
2021-09-11,662961,739894,1307145,Estonia,"Johnson&Johnson, Moderna, Oxford/AstraZeneca, Pfizer/BioNTech",https://opendata.digilugu.ee,
2021-09-12,664760,740340,1309269,Estonia,"Johnson&Johnson, Moderna, Oxford/AstraZeneca, Pfizer/BioNTech",https://opendata.digilugu.ee,
2021-09-13,667796,741285,1312973,Estonia,"Johnson&Johnson, Moderna, Oxford/AstraZeneca, Pfizer/BioNTech",https://opendata.digilugu.ee,
2021-09-14,671109,742418,1317058,Estonia,"Johnson&Johnson, Moderna, Oxford/AstraZeneca, Pfizer/BioNTech",https://opendata.digilugu.ee,
2021-09-15,674232,743495,1320935,Estonia,"Johnson&Johnson, Moderna, Oxford/AstraZeneca, Pfizer/BioNTech",https://opendata.digilugu.ee,
2021-09-16,677316,744671,1324703,Estonia,"Johnson&Johnson, Moderna, Oxford/AstraZeneca, Pfizer/BioNTech",https://opendata.digilugu.ee,
2021-09-17,680562,746102,1328663,Estonia,"Johnson&Johnson, Moderna, Oxford/AstraZeneca, Pfizer/BioNTech",https://opendata.digilugu.ee,
2021-09-18,683073,747133,1331650,Estonia,"Johnson&Johnson, Moderna, Oxford/AstraZeneca, Pfizer/BioNTech",https://opendata.digilugu.ee,
2021-09-19,684551,747832,1333382,Estonia,"Johnson&Johnson, Moderna, Oxford/AstraZeneca, Pfizer/BioNTech",https://opendata.digilugu.ee,
2021-09-20,687250,748670,1336497,Estonia,"Johnson&Johnson, Moderna, Oxford/AstraZeneca, Pfizer/BioNTech",https://opendata.digilugu.ee,
2021-09-21,690665,749501,1340445,Estonia,"Johnson&Johnson, Moderna, Oxford/AstraZeneca, Pfizer/BioNTech",https://opendata.digilugu.ee,
2021-09-22,694056,750529,1344435,Estonia,"Johnson&Johnson, Moderna, Oxford/AstraZeneca, Pfizer/BioNTech",https://opendata.digilugu.ee,
2021-09-23,697489,751960,1348510,Estonia,"Johnson&Johnson, Moderna, Oxford/AstraZeneca, Pfizer/BioNTech",https://opendata.digilugu.ee,
2021-09-24,701273,753386,1352915,Estonia,"Johnson&Johnson, Moderna, Oxford/AstraZeneca, Pfizer/BioNTech",https://opendata.digilugu.ee,
2021-09-25,704379,754399,1356367,Estonia,"Johnson&Johnson, Moderna, Oxford/AstraZeneca, Pfizer/BioNTech",https://opendata.digilugu.ee,
2021-09-26,706210,754938,1358376,Estonia,"Johnson&Johnson, Moderna, Oxford/AstraZeneca, Pfizer/BioNTech",https://opendata.digilugu.ee,
2021-09-27,707629,755433,1360017,Estonia,"Johnson&Johnson, Moderna, Oxford/AstraZeneca, Pfizer/BioNTech",https://opendata.digilugu.ee,
2021-09-28,710461,756656,1363433,Estonia,"Johnson&Johnson, Moderna, Oxford/AstraZeneca, Pfizer/BioNTech",https://opendata.digilugu.ee,
2021-09-29,712686,757691,1366124,Estonia,"Johnson&Johnson, Moderna, Oxford/AstraZeneca, Pfizer/BioNTech",https://opendata.digilugu.ee,
2021-09-30,715023,758628,1368924,Estonia,"Johnson&Johnson, Moderna, Oxford/AstraZeneca, Pfizer/BioNTech",https://opendata.digilugu.ee,
2021-10-01,716932,759604,1371182,Estonia,"Johnson&Johnson, Moderna, Oxford/AstraZeneca, Pfizer/BioNTech",https://opendata.digilugu.ee,
2021-10-02,718856,760185,1373344,Estonia,"Johnson&Johnson, Moderna, Oxford/AstraZeneca, Pfizer/BioNTech",https://opendata.digilugu.ee,
2021-10-03,719396,760468,1374009,Estonia,"Johnson&Johnson, Moderna, Oxford/AstraZeneca, Pfizer/BioNTech",https://opendata.digilugu.ee,
2021-10-04,720844,761117,1375730,Estonia,"Johnson&Johnson, Moderna, Oxford/AstraZeneca, Pfizer/BioNTech",https://opendata.digilugu.ee,
2021-10-05,722623,761915,1377895,Estonia,"Johnson&Johnson, Moderna, Oxford/AstraZeneca, Pfizer/BioNTech",https://opendata.digilugu.ee,
2021-10-06,724279,762648,1379898,Estonia,"Johnson&Johnson, Moderna, Oxford/AstraZeneca, Pfizer/BioNTech",https://opendata.digilugu.ee,
2021-10-07,725845,763441,1381807,Estonia,"Johnson&Johnson, Moderna, Oxford/AstraZeneca, Pfizer/BioNTech",https://opendata.digilugu.ee,
2021-10-08,727565,764405,1384011,Estonia,"Johnson&Johnson, Moderna, Oxford/AstraZeneca, Pfizer/BioNTech",https://opendata.digilugu.ee,
2021-10-09,729315,765031,1386037,Estonia,"Johnson&Johnson, Moderna, Oxford/AstraZeneca, Pfizer/BioNTech",https://opendata.digilugu.ee,
2021-10-10,730335,765382,1387239,Estonia,"Johnson&Johnson, Moderna, Oxford/AstraZeneca, Pfizer/BioNTech",https://opendata.digilugu.ee,
2021-10-11,731704,765997,1388859,Estonia,"Johnson&Johnson, Moderna, Oxford/AstraZeneca, Pfizer/BioNTech",https://opendata.digilugu.ee,
2021-10-12,733277,766767,1390820,Estonia,"Johnson&Johnson, Moderna, Oxford/AstraZeneca, Pfizer/BioNTech",https://opendata.digilugu.ee,
2021-10-13,734574,767572,1392481,Estonia,"Johnson&Johnson, Moderna, Oxford/AstraZeneca, Pfizer/BioNTech",https://opendata.digilugu.ee,
2021-10-14,736047,768598,1394455,Estonia,"Johnson&Johnson, Moderna, Oxford/AstraZeneca, Pfizer/BioNTech",https://opendata.digilugu.ee,
2021-10-15,737851,769886,1396867,Estonia,"Johnson&Johnson, Moderna, Oxford/AstraZeneca, Pfizer/BioNTech",https://opendata.digilugu.ee,
2021-10-16,738667,770510,1397984,Estonia,"Johnson&Johnson, Moderna, Oxford/AstraZeneca, Pfizer/BioNTech",https://opendata.digilugu.ee,
2021-10-17,739497,771246,1399155,Estonia,"Johnson&Johnson, Moderna, Oxford/AstraZeneca, Pfizer/BioNTech",https://opendata.digilugu.ee,
2021-10-18,740813,772214,1400937,Estonia,"Johnson&Johnson, Moderna, Oxford/AstraZeneca, Pfizer/BioNTech",https://opendata.digilugu.ee,
2021-10-19,742143,773177,1402718,Estonia,"Johnson&Johnson, Moderna, Oxford/AstraZeneca, Pfizer/BioNTech",https://opendata.digilugu.ee,
2021-10-20,743834,774764,1405142,Estonia,"Johnson&Johnson, Moderna, Oxford/AstraZeneca, Pfizer/BioNTech",https://opendata.digilugu.ee,
2021-10-21,745568,776513,1407708,Estonia,"Johnson&Johnson, Moderna, Oxford/AstraZeneca, Pfizer/BioNTech",https://opendata.digilugu.ee,
2021-10-22,748144,779241,1411588,Estonia,"Johnson&Johnson, Moderna, Oxford/AstraZeneca, Pfizer/BioNTech",https://opendata.digilugu.ee,
2021-10-23,749505,780846,1413652,Estonia,"Johnson&Johnson, Moderna, Oxford/AstraZeneca, Pfizer/BioNTech",https://opendata.digilugu.ee,
2021-10-24,750437,781943,1415000,Estonia,"Johnson&Johnson, Moderna, Oxford/AstraZeneca, Pfizer/BioNTech",https://opendata.digilugu.ee,
2021-10-25,752077,783932,1417565,Estonia,"Johnson&Johnson, Moderna, Oxford/AstraZeneca, Pfizer/BioNTech",https://opendata.digilugu.ee,
2021-10-26,754060,786394,1420932,Estonia,"Johnson&Johnson, Moderna, Oxford/AstraZeneca, Pfizer/BioNTech",https://opendata.digilugu.ee,
2021-10-27,755768,788716,1423994,Estonia,"Johnson&Johnson, Moderna, Oxford/AstraZeneca, Pfizer/BioNTech",https://opendata.digilugu.ee,
2021-10-28,757414,790937,1426936,Estonia,"Johnson&Johnson, Moderna, Oxford/AstraZeneca, Pfizer/BioNTech",https://opendata.digilugu.ee,
2021-10-29,759345,793887,1430640,Estonia,"Johnson&Johnson, Moderna, Oxford/AstraZeneca, Pfizer/BioNTech",https://opendata.digilugu.ee,
2021-10-30,760369,795194,1432323,Estonia,"Johnson&Johnson, Moderna, Oxford/AstraZeneca, Pfizer/BioNTech",https://opendata.digilugu.ee,
2021-10-31,761070,796093,1433416,Estonia,"Johnson&Johnson, Moderna, Oxford/AstraZeneca, Pfizer/BioNTech",https://opendata.digilugu.ee,
2021-11-01,762320,797916,1435720,Estonia,"Johnson&Johnson, Moderna, Oxford/AstraZeneca, Pfizer/BioNTech",https://opendata.digilugu.ee,
2021-11-02,763725,800007,1438445,Estonia,"Johnson&Johnson, Moderna, Oxford/AstraZeneca, Pfizer/BioNTech",https://opendata.digilugu.ee,
2021-11-03,765080,802143,1441214,Estonia,"Johnson&Johnson, Moderna, Oxford/AstraZeneca, Pfizer/BioNTech",https://opendata.digilugu.ee,
2021-11-04,766406,804229,1443817,Estonia,"Johnson&Johnson, Moderna, Oxford/AstraZeneca, Pfizer/BioNTech",https://opendata.digilugu.ee,
