date,total_vaccinations,people_vaccinated,people_fully_vaccinated,location,source_url,vaccine,total_boosters
2021-01-29,3994,3993,1,Faeroe Islands,https://corona.fo/api,Pfizer/BioNTech,
2021-02-06,4657,4051,606,Faeroe Islands,https://corona.fo/api,Pfizer/BioNTech,
2021-02-08,4783,4098,685,Faeroe Islands,https://corona.fo/api,Pfizer/BioNTech,
2021-02-10,5355,4134,1221,Faeroe Islands,https://corona.fo/api,Pfizer/BioNTech,
2021-02-21,5682,4167,1515,Faeroe Islands,https://corona.fo/api,Pfizer/BioNTech,
2021-02-23,6259,4172,2087,Faeroe Islands,https://corona.fo/api,Pfizer/BioNTech,
2021-02-24,6713,4190,2523,Faeroe Islands,https://corona.fo/api,Pfizer/BioNTech,
2021-03-03,7041,4211,2830,Faeroe Islands,https://corona.fo/api,Pfizer/BioNTech,
2021-03-04,7394,4238,3156,Faeroe Islands,https://corona.fo/api,Pfizer/BioNTech,
2021-03-05,7563,4251,3312,Faeroe Islands,https://corona.fo/api,Pfizer/BioNTech,
2021-03-06,7925,4251,3674,Faeroe Islands,https://corona.fo/api,Pfizer/BioNTech,
2021-03-08,8068,4260,3808,Faeroe Islands,https://corona.fo/api,"Moderna, Pfizer/BioNTech",
2021-03-12,8832,4901,3931,Faeroe Islands,https://corona.fo/api,"Moderna, Pfizer/BioNTech",
2021-03-16,8967,4988,3979,Faeroe Islands,https://corona.fo/api,"Moderna, Pfizer/BioNTech",
2021-03-17,9170,5173,3997,Faeroe Islands,https://corona.fo/api,"Moderna, Pfizer/BioNTech",
2021-03-18,9342,5309,4033,Faeroe Islands,https://corona.fo/api,"Moderna, Pfizer/BioNTech",
2021-03-22,9427,5388,4039,Faeroe Islands,https://corona.fo/api,"Moderna, Pfizer/BioNTech",
2021-03-26,9660,5586,4074,Faeroe Islands,https://corona.fo/api,"Moderna, Pfizer/BioNTech",
2021-03-27,9959,5853,4106,Faeroe Islands,https://corona.fo/api,"Moderna, Pfizer/BioNTech",
2021-03-30,10770,6641,4129,Faeroe Islands,https://corona.fo/api,"Moderna, Pfizer/BioNTech",
2021-04-08,11494,7345,4149,Faeroe Islands,https://corona.fo/api,"Moderna, Pfizer/BioNTech",
2021-04-12,12629,8382,4247,Faeroe Islands,https://corona.fo/api,"Moderna, Pfizer/BioNTech",
2021-04-13,13131,8874,4257,Faeroe Islands,https://corona.fo/api,"Moderna, Pfizer/BioNTech",
2021-04-14,13731,9350,4381,Faeroe Islands,https://corona.fo/api,"Moderna, Pfizer/BioNTech",
2021-04-15,14305,9528,4777,Faeroe Islands,https://corona.fo/api,"Moderna, Pfizer/BioNTech",
2021-04-19,14610,9552,5058,Faeroe Islands,https://corona.fo/api,"Moderna, Pfizer/BioNTech",
2021-04-21,14834,9641,5193,Faeroe Islands,https://corona.fo/api,"Moderna, Pfizer/BioNTech",
2021-04-22,15531,10282,5249,Faeroe Islands,https://corona.fo/api,"Moderna, Pfizer/BioNTech",
2021-04-24,17280,11751,5529,Faeroe Islands,https://corona.fo/api,"Moderna, Pfizer/BioNTech",
2021-04-26,18294,12748,5546,Faeroe Islands,https://corona.fo/api,"Moderna, Pfizer/BioNTech",
2021-04-27,19262,13686,5576,Faeroe Islands,https://corona.fo/api,"Moderna, Pfizer/BioNTech",
2021-04-28,20238,14458,5780,Faeroe Islands,https://corona.fo/api,"Moderna, Pfizer/BioNTech",
2021-05-06,21128,14743,6385,Faeroe Islands,https://corona.fo/api,"Moderna, Pfizer/BioNTech",
2021-05-08,22715,16109,6606,Faeroe Islands,https://corona.fo/api,"Moderna, Pfizer/BioNTech",
2021-05-09,23519,16896,6623,Faeroe Islands,https://corona.fo/api,"Moderna, Pfizer/BioNTech",
2021-05-11,25427,18420,7007,Faeroe Islands,https://corona.fo/api,"Moderna, Pfizer/BioNTech",
2021-05-13,26253,19008,7245,Faeroe Islands,https://corona.fo/api,"Moderna, Pfizer/BioNTech",
2021-05-16,26977,19153,7824,Faeroe Islands,https://corona.fo/api,"Moderna, Pfizer/BioNTech",
2021-05-22,27681,19206,8475,Faeroe Islands,https://corona.fo/api,"Moderna, Pfizer/BioNTech",
2021-05-23,28646,19442,9204,Faeroe Islands,https://corona.fo/api,"Moderna, Pfizer/BioNTech",
2021-05-24,29668,20071,9597,Faeroe Islands,https://corona.fo/api,"Moderna, Pfizer/BioNTech",
2021-05-25,30184,20321,9863,Faeroe Islands,https://corona.fo/api,"Moderna, Pfizer/BioNTech",
2021-05-26,30719,20450,10269,Faeroe Islands,https://corona.fo/api,"Moderna, Pfizer/BioNTech",
2021-05-28,32440,20679,11761,Faeroe Islands,https://corona.fo/api,"Moderna, Pfizer/BioNTech",
2021-05-30,32593,20712,11881,Faeroe Islands,https://corona.fo/api,"Moderna, Pfizer/BioNTech",
2021-06-03,34082,21007,13075,Faeroe Islands,https://corona.fo/api,"Moderna, Pfizer/BioNTech",
2021-06-04,34552,21408,13144,Faeroe Islands,https://corona.fo/api,"Moderna, Pfizer/BioNTech",
2021-06-06,35537,21883,13654,Faeroe Islands,https://corona.fo/api,"Moderna, Pfizer/BioNTech",
2021-06-07,36442,22511,13931,Faeroe Islands,https://corona.fo/api,"Moderna, Pfizer/BioNTech",
2021-06-09,38242,23867,14375,Faeroe Islands,https://corona.fo/api,"Moderna, Pfizer/BioNTech",
2021-06-13,39987,25484,14503,Faeroe Islands,https://corona.fo/api,"Moderna, Pfizer/BioNTech",
2021-06-15,40331,25686,14645,Faeroe Islands,https://corona.fo/api,"Moderna, Pfizer/BioNTech",
2021-06-16,40484,25792,14692,Faeroe Islands,https://corona.fo/api,"Moderna, Pfizer/BioNTech",
2021-06-18,41473,25856,15617,Faeroe Islands,https://corona.fo/api,"Moderna, Pfizer/BioNTech",
2021-06-19,41653,25868,15785,Faeroe Islands,https://corona.fo/api,"Moderna, Pfizer/BioNTech",
2021-06-20,42457,25952,16505,Faeroe Islands,https://corona.fo/api,"Moderna, Pfizer/BioNTech",
2021-06-21,43497,26105,17392,Faeroe Islands,https://corona.fo/api,"Moderna, Pfizer/BioNTech",
2021-06-22,44414,26326,18088,Faeroe Islands,https://corona.fo/api,"Moderna, Pfizer/BioNTech",
2021-06-24,45456,26874,18582,Faeroe Islands,https://corona.fo/api,"Moderna, Pfizer/BioNTech",
2021-06-25,46082,27434,18648,Faeroe Islands,https://corona.fo/api,"Moderna, Pfizer/BioNTech",
2021-06-28,46874,28060,18814,Faeroe Islands,https://corona.fo/api,"Moderna, Pfizer/BioNTech",
2021-06-30,47304,28443,18861,Faeroe Islands,https://corona.fo/api,"Moderna, Pfizer/BioNTech",
2021-07-01,48345,28596,19749,Faeroe Islands,https://corona.fo/api,"Moderna, Pfizer/BioNTech",
2021-07-04,49821,29547,20274,Faeroe Islands,https://corona.fo/api,"Moderna, Pfizer/BioNTech",
2021-07-05,50941,30401,20540,Faeroe Islands,https://corona.fo/api,"Moderna, Pfizer/BioNTech",
2021-07-06,51892,30899,20993,Faeroe Islands,https://corona.fo/api,"Moderna, Pfizer/BioNTech",
2021-07-07,52975,31602,21373,Faeroe Islands,https://corona.fo/api,"Moderna, Pfizer/BioNTech",
2021-07-08,53592,31781,21811,Faeroe Islands,https://corona.fo/api,"Moderna, Pfizer/BioNTech",
2021-07-11,56825,32477,24348,Faeroe Islands,https://corona.fo/api,"Moderna, Pfizer/BioNTech",
2021-07-12,57501,32773,24728,Faeroe Islands,https://corona.fo/api,"Moderna, Pfizer/BioNTech",
2021-07-13,57860,32954,24906,Faeroe Islands,https://corona.fo/api,"Moderna, Pfizer/BioNTech",
2021-07-14,58353,33161,25192,Faeroe Islands,https://corona.fo/api,"Moderna, Pfizer/BioNTech",
2021-07-15,58843,33373,25470,Faeroe Islands,https://corona.fo/api,"Moderna, Pfizer/BioNTech",
2021-07-19,60424,33951,26473,Faeroe Islands,https://corona.fo/api,"Moderna, Pfizer/BioNTech",
2021-07-20,60775,34017,26758,Faeroe Islands,https://corona.fo/api,"Moderna, Pfizer/BioNTech",
2021-07-21,61551,34162,27389,Faeroe Islands,https://corona.fo/api,"Moderna, Pfizer/BioNTech",
2021-07-22,61717,34256,27461,Faeroe Islands,https://corona.fo/api,"Moderna, Pfizer/BioNTech",
2021-07-25,62263,34399,27864,Faeroe Islands,https://corona.fo/api,"Moderna, Pfizer/BioNTech",
2021-07-27,62969,34555,28414,Faeroe Islands,https://corona.fo/api,"Moderna, Pfizer/BioNTech",
2021-07-28,63660,34657,29003,Faeroe Islands,https://corona.fo/api,"Moderna, Pfizer/BioNTech",
2021-08-03,65026,34946,30080,Faeroe Islands,https://corona.fo/api,"Moderna, Pfizer/BioNTech",
2021-08-05,65607,35037,30570,Faeroe Islands,https://corona.fo/api,"Moderna, Pfizer/BioNTech",
2021-08-06,67049,35333,31716,Faeroe Islands,https://corona.fo/api,"Moderna, Pfizer/BioNTech",
2021-08-09,67808,35567,32241,Faeroe Islands,https://corona.fo/api,"Moderna, Pfizer/BioNTech",
2021-08-10,68097,35651,32446,Faeroe Islands,https://corona.fo/api,"Moderna, Pfizer/BioNTech",
2021-08-11,68395,35793,32602,Faeroe Islands,https://corona.fo/api,"Moderna, Pfizer/BioNTech",
2021-08-12,68843,35928,32915,Faeroe Islands,https://corona.fo/api,"Moderna, Pfizer/BioNTech",
2021-08-15,68866,35933,32933,Faeroe Islands,https://corona.fo/api,"Moderna, Pfizer/BioNTech",
2021-08-16,69341,36056,33285,Faeroe Islands,https://corona.fo/api,"Moderna, Pfizer/BioNTech",
2021-08-17,69598,36133,33465,Faeroe Islands,https://corona.fo/api,"Moderna, Pfizer/BioNTech",
2021-08-18,69722,36181,33541,Faeroe Islands,https://corona.fo/api,"Moderna, Pfizer/BioNTech",
2021-08-19,69950,36266,33684,Faeroe Islands,https://corona.fo/api,"Moderna, Pfizer/BioNTech",
2021-08-24,70399,36511,33888,Faeroe Islands,https://corona.fo/api,"Moderna, Pfizer/BioNTech",
2021-08-26,70702,36625,34077,Faeroe Islands,https://corona.fo/api,"Moderna, Pfizer/BioNTech",
2021-08-30,70940,36665,34275,Faeroe Islands,https://corona.fo/api,"Moderna, Pfizer/BioNTech",
2021-08-31,71169,36711,34458,Faeroe Islands,https://corona.fo/api,"Moderna, Pfizer/BioNTech",
2021-09-01,71315,36739,34576,Faeroe Islands,https://corona.fo/api,"Moderna, Pfizer/BioNTech",
2021-09-02,71516,36785,34731,Faeroe Islands,https://corona.fo/api,"Moderna, Pfizer/BioNTech",
2021-09-06,71841,36940,34901,Faeroe Islands,https://corona.fo/api,"Moderna, Pfizer/BioNTech",
2021-09-07,71932,37008,34924,Faeroe Islands,https://corona.fo/api,"Moderna, Pfizer/BioNTech",
2021-09-08,72246,37106,35140,Faeroe Islands,https://corona.fo/api,"Moderna, Pfizer/BioNTech",
2021-09-10,72591,37277,35314,Faeroe Islands,https://corona.fo/api,"Moderna, Pfizer/BioNTech",
2021-09-14,72949,37447,35502,Faeroe Islands,https://corona.fo/api,"Moderna, Pfizer/BioNTech",
2021-09-15,73051,37493,35558,Faeroe Islands,https://corona.fo/api,"Moderna, Pfizer/BioNTech",
2021-09-16,73208,37568,35640,Faeroe Islands,https://corona.fo/api,"Moderna, Pfizer/BioNTech",
2021-09-20,73404,37658,35746,Faeroe Islands,https://corona.fo/api,"Moderna, Pfizer/BioNTech",
2021-09-22,73634,37765,35869,Faeroe Islands,https://corona.fo/api,"Moderna, Pfizer/BioNTech",
2021-09-23,73872,37886,35986,Faeroe Islands,https://corona.fo/api,"Moderna, Pfizer/BioNTech",
2021-09-26,73959,37961,35998,Faeroe Islands,https://corona.fo/api,"Moderna, Pfizer/BioNTech",
2021-09-27,74129,38059,36070,Faeroe Islands,https://corona.fo/api,"Moderna, Pfizer/BioNTech",
2021-09-28,74291,38109,36182,Faeroe Islands,https://corona.fo/api,"Moderna, Pfizer/BioNTech",
2021-10-01,74618,38288,36330,Faeroe Islands,https://corona.fo/api,"Moderna, Pfizer/BioNTech",
2021-10-05,75009,38471,36538,Faeroe Islands,https://corona.fo/api,"Moderna, Pfizer/BioNTech",
2021-10-08,75360,38647,36713,Faeroe Islands,https://corona.fo/api,"Moderna, Pfizer/BioNTech",
2021-10-10,75390,38663,36727,Faeroe Islands,https://corona.fo/api,"Moderna, Pfizer/BioNTech",
2021-10-11,75519,38719,36800,Faeroe Islands,https://corona.fo/api,"Moderna, Pfizer/BioNTech",
2021-10-13,75647,38770,36877,Faeroe Islands,https://corona.fo/api,"Moderna, Pfizer/BioNTech",
2021-10-15,75867,38890,36977,Faeroe Islands,https://corona.fo/api,"Moderna, Pfizer/BioNTech",
2021-10-18,76061,38942,37119,Faeroe Islands,https://corona.fo/api,"Moderna, Pfizer/BioNTech",
2021-10-19,76161,38970,37191,Faeroe Islands,https://corona.fo/api,"Moderna, Pfizer/BioNTech",
2021-10-20,76384,39060,37324,Faeroe Islands,https://corona.fo/api,"Moderna, Pfizer/BioNTech",
2021-10-21,76516,39114,37402,Faeroe Islands,https://corona.fo/api,"Moderna, Pfizer/BioNTech",
2021-10-26,76723,39210,37513,Faeroe Islands,https://corona.fo/api,"Moderna, Pfizer/BioNTech",
2021-10-27,76876,39279,37597,Faeroe Islands,https://corona.fo/api,"Moderna, Pfizer/BioNTech",
2021-10-28,77276,39503,37773,Faeroe Islands,https://corona.fo/api,"Moderna, Pfizer/BioNTech",
2021-10-31,77555,39719,37836,Faeroe Islands,https://corona.fo/api,"Moderna, Pfizer/BioNTech",
2021-11-02,78008,40002,38006,Faeroe Islands,https://corona.fo/api,"Moderna, Pfizer/BioNTech",
2021-11-03,78077,40048,38029,Faeroe Islands,https://corona.fo/api,"Moderna, Pfizer/BioNTech",
2021-11-05,78347,40205,38142,Faeroe Islands,https://corona.fo/api,"Moderna, Pfizer/BioNTech",
