date,location,total_vaccinations,source_url,vaccine,people_vaccinated,people_fully_vaccinated,total_boosters
2020-12-31,Finland,1767,https://github.com/HS-Datadesk/koronavirus-avoindata,Pfizer/BioNTech,,,
2021-01-04,Finland,3604,https://github.com/HS-Datadesk/koronavirus-avoindata,Pfizer/BioNTech,,,
2021-01-05,Finland,5445,https://github.com/HS-Datadesk/koronavirus-avoindata,Pfizer/BioNTech,,,
2021-01-07,Finland,8155,https://github.com/HS-Datadesk/koronavirus-avoindata,Pfizer/BioNTech,,,
2021-01-08,Finland,11135,https://github.com/HS-Datadesk/koronavirus-avoindata,Pfizer/BioNTech,,,
2021-01-11,Finland,14196,https://github.com/HS-Datadesk/koronavirus-avoindata,Pfizer/BioNTech,,,
2021-01-12,Finland,17617,https://github.com/HS-Datadesk/koronavirus-avoindata,Pfizer/BioNTech,,,
2021-01-13,Finland,23126,https://github.com/HS-Datadesk/koronavirus-avoindata,Pfizer/BioNTech,,,
2021-01-14,Finland,33033,https://github.com/HS-Datadesk/koronavirus-avoindata,Pfizer/BioNTech,,,
2021-01-15,Finland,43143,https://github.com/HS-Datadesk/koronavirus-avoindata,Pfizer/BioNTech,,,
2021-01-18,Finland,54568,https://github.com/HS-Datadesk/koronavirus-avoindata,Pfizer/BioNTech,,,
2021-01-19,Finland,55824,https://github.com/HS-Datadesk/koronavirus-avoindata,Pfizer/BioNTech,,,
2021-01-20,Finland,62061,https://github.com/HS-Datadesk/koronavirus-avoindata,Pfizer/BioNTech,,,
2021-01-21,Finland,78300,https://github.com/HS-Datadesk/koronavirus-avoindata,Pfizer/BioNTech,,,
2021-01-22,Finland,91260,https://github.com/HS-Datadesk/koronavirus-avoindata,Pfizer/BioNTech,,,
2021-01-25,Finland,110651,https://www.thl.fi/episeuranta/rokotukset/koronarokotusten_edistyminen.html,Pfizer/BioNTech,106098,4553,
2021-01-26,Finland,117007,https://www.thl.fi/episeuranta/rokotukset/koronarokotusten_edistyminen.html,Pfizer/BioNTech,110047,6960,
2021-01-27,Finland,126910,https://www.thl.fi/episeuranta/rokotukset/koronarokotusten_edistyminen.html,Pfizer/BioNTech,117555,9355,
2021-01-28,Finland,138323,https://www.thl.fi/episeuranta/rokotukset/koronarokotusten_edistyminen.html,Pfizer/BioNTech,127783,10540,
2021-01-29,Finland,151790,https://www.thl.fi/episeuranta/rokotukset/koronarokotusten_edistyminen.html,Pfizer/BioNTech,137551,14239,
2021-01-30,Finland,162277,https://www.thl.fi/episeuranta/rokotukset/koronarokotusten_edistyminen.html,Pfizer/BioNTech,144520,17757,
2021-02-01,Finland,163760,https://www.thl.fi/episeuranta/rokotukset/koronarokotusten_edistyminen.html,Pfizer/BioNTech,145557,18203,
2021-02-02,Finland,163973,https://www.thl.fi/episeuranta/rokotukset/koronarokotusten_edistyminen.html,Pfizer/BioNTech,145770,18203,
2021-02-03,Finland,173372,https://www.thl.fi/episeuranta/rokotukset/koronarokotusten_edistyminen.html,Pfizer/BioNTech,149951,23421,
2021-02-04,Finland,193917,https://www.thl.fi/episeuranta/rokotukset/koronarokotusten_edistyminen.html,Pfizer/BioNTech,159624,34293,
2021-02-05,Finland,207303,https://www.thl.fi/episeuranta/rokotukset/koronarokotusten_edistyminen.html,Pfizer/BioNTech,164636,42667,
2021-02-06,Finland,217844,https://www.thl.fi/episeuranta/rokotukset/koronarokotusten_edistyminen.html,Pfizer/BioNTech,169194,48650,
2021-02-07,Finland,220116,https://www.thl.fi/episeuranta/rokotukset/koronarokotusten_edistyminen.html,Pfizer/BioNTech,170335,49781,
2021-02-08,Finland,220636,https://www.thl.fi/episeuranta/rokotukset/koronarokotusten_edistyminen.html,"Moderna, Oxford/AstraZeneca, Pfizer/BioNTech",170641,49995,
2021-02-09,Finland,227427,https://www.thl.fi/episeuranta/rokotukset/koronarokotusten_edistyminen.html,"Moderna, Oxford/AstraZeneca, Pfizer/BioNTech",173558,53869,
2021-02-10,Finland,233775,https://www.thl.fi/episeuranta/rokotukset/koronarokotusten_edistyminen.html,"Moderna, Oxford/AstraZeneca, Pfizer/BioNTech",178005,55770,
2021-02-11,Finland,247536,https://www.thl.fi/episeuranta/rokotukset/koronarokotusten_edistyminen.html,"Moderna, Oxford/AstraZeneca, Pfizer/BioNTech",187384,60152,
2021-02-12,Finland,261342,https://www.thl.fi/episeuranta/rokotukset/koronarokotusten_edistyminen.html,"Moderna, Oxford/AstraZeneca, Pfizer/BioNTech",197540,63802,
2021-02-13,Finland,273115,https://www.thl.fi/episeuranta/rokotukset/koronarokotusten_edistyminen.html,"Moderna, Oxford/AstraZeneca, Pfizer/BioNTech",206283,66832,
2021-02-14,Finland,276469,https://www.thl.fi/episeuranta/rokotukset/koronarokotusten_edistyminen.html,"Moderna, Oxford/AstraZeneca, Pfizer/BioNTech",209510,66959,
2021-02-15,Finland,277186,https://www.thl.fi/episeuranta/rokotukset/koronarokotusten_edistyminen.html,"Moderna, Oxford/AstraZeneca, Pfizer/BioNTech",210194,66992,
2021-02-16,Finland,283926,https://www.thl.fi/episeuranta/rokotukset/koronarokotusten_edistyminen.html,"Moderna, Oxford/AstraZeneca, Pfizer/BioNTech",216463,67463,
2021-02-17,Finland,298189,https://www.thl.fi/episeuranta/rokotukset/koronarokotusten_edistyminen.html,"Moderna, Oxford/AstraZeneca, Pfizer/BioNTech",229558,68631,
2021-02-18,Finland,314100,https://www.thl.fi/episeuranta/rokotukset/koronarokotusten_edistyminen.html,"Moderna, Oxford/AstraZeneca, Pfizer/BioNTech",243973,70127,
2021-02-19,Finland,333631,https://www.thl.fi/episeuranta/rokotukset/koronarokotusten_edistyminen.html,"Moderna, Oxford/AstraZeneca, Pfizer/BioNTech",262145,71486,
2021-02-20,Finland,349139,https://www.thl.fi/episeuranta/rokotukset/koronarokotusten_edistyminen.html,"Moderna, Oxford/AstraZeneca, Pfizer/BioNTech",276280,72859,
2021-02-24,Finland,377441,https://www.thl.fi/episeuranta/rokotukset/koronarokotusten_edistyminen.html,"Moderna, Oxford/AstraZeneca, Pfizer/BioNTech",302342,75099,
2021-02-25,Finland,396861,https://www.thl.fi/episeuranta/rokotukset/koronarokotusten_edistyminen.html,"Moderna, Oxford/AstraZeneca, Pfizer/BioNTech",319559,77302,
2021-02-26,Finland,426806,https://www.thl.fi/episeuranta/rokotukset/koronarokotusten_edistyminen.html,"Moderna, Oxford/AstraZeneca, Pfizer/BioNTech",347082,79724,
2021-02-27,Finland,442671,https://www.thl.fi/episeuranta/rokotukset/koronarokotusten_edistyminen.html,"Moderna, Oxford/AstraZeneca, Pfizer/BioNTech",361744,80927,
2021-02-28,Finland,451999,https://www.thl.fi/episeuranta/rokotukset/koronarokotusten_edistyminen.html,"Moderna, Oxford/AstraZeneca, Pfizer/BioNTech",370874,81125,
2021-03-01,Finland,466538,https://sampo.thl.fi/pivot/prod/en/vaccreg/cov19cov/fact_cov19cov?column=measure-533185.533172.433796.533175&row=cov_vac_dose-533174L,"Moderna, Oxford/AstraZeneca, Pfizer/BioNTech",384476,82062,
2021-03-03,Finland,487619,https://sampo.thl.fi/pivot/prod/en/vaccreg/cov19cov/fact_cov19cov?column=measure-533185.533172.433796.533175&row=cov_vac_dose-533174L,"Moderna, Oxford/AstraZeneca, Pfizer/BioNTech",404436,83183,
2021-03-04,Finland,509187,https://sampo.thl.fi/pivot/prod/en/vaccreg/cov19cov/fact_cov19cov?column=measure-533185.533172.433796.533175&row=cov_vac_dose-533174L,"Moderna, Oxford/AstraZeneca, Pfizer/BioNTech",425545,83642,
2021-03-05,Finland,532902,https://sampo.thl.fi/pivot/prod/en/vaccreg/cov19cov/fact_cov19cov?column=measure-533185.533172.433796.533175&row=cov_vac_dose-533174L,"Moderna, Oxford/AstraZeneca, Pfizer/BioNTech",448680,84222,
2021-03-06,Finland,565456,https://sampo.thl.fi/pivot/prod/en/vaccreg/cov19cov/fact_cov19cov?column=measure-533185.533172.433796.533175&row=cov_vac_dose-533174L,"Moderna, Oxford/AstraZeneca, Pfizer/BioNTech",480647,84809,
2021-03-08,Finland,566387,https://sampo.thl.fi/pivot/prod/en/vaccreg/cov19cov/fact_cov19cov?column=measure-533185.533172.433796.533175&row=cov_vac_dose-533174L,"Moderna, Oxford/AstraZeneca, Pfizer/BioNTech",481577,84810,
2021-03-09,Finland,575749,https://sampo.thl.fi/pivot/prod/en/vaccreg/cov19cov/fact_cov19cov?column=measure-533185.533172.433796.533175&row=cov_vac_dose-533174L,"Moderna, Oxford/AstraZeneca, Pfizer/BioNTech",490735,85014,
2021-03-10,Finland,600476,https://sampo.thl.fi/pivot/prod/en/vaccreg/cov19cov/fact_cov19cov?column=measure-533185.533172.433796.533175&row=cov_vac_dose-533174L,"Moderna, Oxford/AstraZeneca, Pfizer/BioNTech",515218,85258,
2021-03-11,Finland,625039,https://sampo.thl.fi/pivot/prod/en/vaccreg/cov19cov/fact_cov19cov?column=measure-533185.533172.433796.533175&row=cov_vac_dose-533174L,"Moderna, Oxford/AstraZeneca, Pfizer/BioNTech",539618,85421,
2021-03-12,Finland,651289,https://sampo.thl.fi/pivot/prod/en/vaccreg/cov19cov/fact_cov19cov?column=measure-533185.533172.433796.533175&row=cov_vac_dose-533174L,"Moderna, Oxford/AstraZeneca, Pfizer/BioNTech",565463,85826,
2021-03-13,Finland,674128,https://sampo.thl.fi/pivot/prod/en/vaccreg/cov19cov/fact_cov19cov?column=measure-533185.533172.433796.533175&row=cov_vac_dose-533174L,"Moderna, Oxford/AstraZeneca, Pfizer/BioNTech",587848,86280,
2021-03-14,Finland,682945,https://sampo.thl.fi/pivot/prod/en/vaccreg/cov19cov/fact_cov19cov?column=measure-533185.533172.433796.533175&row=cov_vac_dose-533174L,"Moderna, Oxford/AstraZeneca, Pfizer/BioNTech",596638,86307,
2021-03-15,Finland,683782,https://sampo.thl.fi/pivot/prod/en/vaccreg/cov19cov/fact_cov19cov?column=measure-533185.533172.433796.533175&row=cov_vac_dose-533174L,"Moderna, Oxford/AstraZeneca, Pfizer/BioNTech",597471,86311,
2021-03-16,Finland,697411,https://sampo.thl.fi/pivot/prod/en/vaccreg/cov19cov/fact_cov19cov?column=measure-533185.533172.433796.533175&row=cov_vac_dose-533174L,"Moderna, Oxford/AstraZeneca, Pfizer/BioNTech",610873,86538,
2021-03-17,Finland,723154,https://sampo.thl.fi/pivot/prod/en/vaccreg/cov19cov/fact_cov19cov?column=measure-533185.533172.433796.533175&row=cov_vac_dose-533174L,"Moderna, Oxford/AstraZeneca, Pfizer/BioNTech",636349,86805,
2021-03-18,Finland,758780,https://sampo.thl.fi/pivot/prod/en/vaccreg/cov19cov/fact_cov19cov?column=measure-533185.533172.433796.533175&row=cov_vac_dose-533174L,"Moderna, Oxford/AstraZeneca, Pfizer/BioNTech",671647,87133,
2021-03-19,Finland,788536,https://sampo.thl.fi/pivot/prod/en/vaccreg/cov19cov/fact_cov19cov?column=measure-533185.533172.433796.533175&row=cov_vac_dose-533174L,"Moderna, Oxford/AstraZeneca, Pfizer/BioNTech",701203,87333,
2021-03-20,Finland,812039,https://sampo.thl.fi/pivot/prod/en/vaccreg/cov19cov/fact_cov19cov?column=measure-533185.533172.433796.533175&row=cov_vac_dose-533174L,"Moderna, Oxford/AstraZeneca, Pfizer/BioNTech",724524,87515,
2021-03-21,Finland,819654,https://sampo.thl.fi/pivot/prod/en/vaccreg/cov19cov/fact_cov19cov?column=measure-533185.533172.433796.533175&row=cov_vac_dose-533174L,"Moderna, Oxford/AstraZeneca, Pfizer/BioNTech",732121,87533,
2021-03-22,Finland,821334,https://sampo.thl.fi/pivot/prod/en/vaccreg/cov19cov/fact_cov19cov?column=measure-533185.533172.433796.533175&row=cov_vac_dose-533174L,"Moderna, Oxford/AstraZeneca, Pfizer/BioNTech",733798,87536,
2021-03-23,Finland,830412,https://sampo.thl.fi/pivot/prod/en/vaccreg/cov19cov/fact_cov19cov?column=measure-533185.533172.433796.533175&row=cov_vac_dose-533174L,"Moderna, Oxford/AstraZeneca, Pfizer/BioNTech",742812,87600,
2021-03-24,Finland,847501,https://sampo.thl.fi/pivot/prod/en/vaccreg/cov19cov/fact_cov19cov?column=measure-533185.533172.433796.533175&row=cov_vac_dose-533174L,"Moderna, Oxford/AstraZeneca, Pfizer/BioNTech",759827,87674,
2021-03-25,Finland,871543,https://sampo.thl.fi/pivot/prod/en/vaccreg/cov19cov/fact_cov19cov?column=measure-533185.533172.433796.533175&row=cov_vac_dose-533174L,"Moderna, Oxford/AstraZeneca, Pfizer/BioNTech",783740,87803,
2021-03-26,Finland,898208,https://sampo.thl.fi/pivot/prod/en/vaccreg/cov19cov/fact_cov19cov?column=measure-533185.533172.433796.533175&row=cov_vac_dose-533174L,"Moderna, Oxford/AstraZeneca, Pfizer/BioNTech",809974,88234,
2021-03-27,Finland,921123,https://sampo.thl.fi/pivot/prod/en/vaccreg/cov19cov/fact_cov19cov?column=measure-533185.533172.433796.533175&row=cov_vac_dose-533174L,"Moderna, Oxford/AstraZeneca, Pfizer/BioNTech",832602,88521,
2021-03-29,Finland,932253,https://sampo.thl.fi/pivot/prod/en/vaccreg/cov19cov/fact_cov19cov?column=measure-533185.533172.433796.533175&row=cov_vac_dose-533174L,"Moderna, Oxford/AstraZeneca, Pfizer/BioNTech",843706,88547,
2021-03-30,Finland,951354,https://sampo.thl.fi/pivot/prod/en/vaccreg/cov19cov/fact_cov19cov?column=measure-533185.533172.433796.533175&row=cov_vac_dose-533174L,"Moderna, Oxford/AstraZeneca, Pfizer/BioNTech",862639,88715,
2021-03-31,Finland,981534,https://sampo.thl.fi/pivot/prod/en/vaccreg/cov19cov/fact_cov19cov?column=measure-533185.533172.433796.533175&row=cov_vac_dose-533174L,"Moderna, Oxford/AstraZeneca, Pfizer/BioNTech",892580,88954,
2021-04-01,Finland,1020206,https://sampo.thl.fi/pivot/prod/en/vaccreg/cov19cov/fact_cov19cov?column=measure-533185.533172.433796.533175&row=cov_vac_dose-533174L,"Moderna, Oxford/AstraZeneca, Pfizer/BioNTech",930842,89364,
2021-04-02,Finland,1054985,https://sampo.thl.fi/pivot/prod/en/vaccreg/cov19cov/fact_cov19cov?column=measure-533185.533172.433796.533175&row=cov_vac_dose-533174L,"Moderna, Oxford/AstraZeneca, Pfizer/BioNTech",965298,89687,
2021-04-03,Finland,1061536,https://sampo.thl.fi/pivot/prod/en/vaccreg/cov19cov/fact_cov19cov?column=measure-533185.533172.433796.533175&row=cov_vac_dose-533174L,"Moderna, Oxford/AstraZeneca, Pfizer/BioNTech",971827,89709,
2021-04-04,Finland,1063590,https://sampo.thl.fi/pivot/prod/en/vaccreg/cov19cov/fact_cov19cov?column=measure-533185.533172.433796.533175&row=cov_vac_dose-533174L,"Moderna, Oxford/AstraZeneca, Pfizer/BioNTech",973876,89714,
2021-04-05,Finland,1063870,https://sampo.thl.fi/pivot/prod/en/vaccreg/cov19cov/fact_cov19cov?column=measure-533185.533172.433796.533175&row=cov_vac_dose-533174L,"Moderna, Oxford/AstraZeneca, Pfizer/BioNTech",974153,89717,
2021-04-06,Finland,1065419,https://sampo.thl.fi/pivot/prod/en/vaccreg/cov19cov/fact_cov19cov?column=measure-533185.533172.433796.533175&row=cov_vac_dose-533174L,"Moderna, Oxford/AstraZeneca, Pfizer/BioNTech",975697,89722,
2021-04-07,Finland,1083567,https://sampo.thl.fi/pivot/prod/en/vaccreg/cov19cov/fact_cov19cov?column=measure-533185.533172.433796.533175&row=cov_vac_dose-533174L,"Moderna, Oxford/AstraZeneca, Pfizer/BioNTech",993227,90340,
2021-04-08,Finland,1120653,https://sampo.thl.fi/pivot/prod/en/vaccreg/cov19cov/fact_cov19cov?column=measure-533185.533172.433796.533175&row=cov_vac_dose-533174L,"Moderna, Oxford/AstraZeneca, Pfizer/BioNTech",1028848,91805,
2021-04-09,Finland,1160319,https://sampo.thl.fi/pivot/prod/en/vaccreg/cov19cov/fact_cov19cov?column=measure-533185.533172.433796.533175&row=cov_vac_dose-533174L,"Moderna, Oxford/AstraZeneca, Pfizer/BioNTech",1066860,93459,
2021-04-10,Finland,1186035,https://sampo.thl.fi/pivot/prod/en/vaccreg/cov19cov/fact_cov19cov?column=measure-533185.533172.433796.533175&row=cov_vac_dose-533174L,"Moderna, Oxford/AstraZeneca, Pfizer/BioNTech",1091652,94383,
2021-04-11,Finland,1219580,https://sampo.thl.fi/pivot/prod/en/vaccreg/cov19cov/fact_cov19cov?column=measure-533185.533172.433796.533175&row=cov_vac_dose-533174L,"Moderna, Oxford/AstraZeneca, Pfizer/BioNTech",1124365,95215,
2021-04-12,Finland,1229239,https://sampo.thl.fi/pivot/prod/en/vaccreg/cov19cov/fact_cov19cov?column=measure-533185.533172.433796.533175&row=cov_vac_dose-533174L,"Moderna, Oxford/AstraZeneca, Pfizer/BioNTech",1133993,95246,
2021-04-13,Finland,1293219,https://sampo.thl.fi/pivot/prod/en/vaccreg/cov19cov/fact_cov19cov?column=measure-533185.533172.433796.533175&row=cov_vac_dose-533174L,"Moderna, Oxford/AstraZeneca, Pfizer/BioNTech",1190340,102879,
2021-04-15,Finland,1340701,https://sampo.thl.fi/pivot/prod/en/vaccreg/cov19cov/fact_cov19cov?column=measure-533185.533172.433796.533175&row=cov_vac_dose-533174L,"Moderna, Oxford/AstraZeneca, Pfizer/BioNTech",1230792,109909,
2021-04-16,Finland,1384090,https://sampo.thl.fi/pivot/prod/en/vaccreg/cov19cov/fact_cov19cov?column=measure-533185.533172.433796.533175&row=cov_vac_dose-533174L,"Moderna, Oxford/AstraZeneca, Pfizer/BioNTech",1267678,116412,
2021-04-18,Finland,1440648,https://sampo.thl.fi/pivot/prod/en/vaccreg/cov19cov/fact_cov19cov?column=measure-533185.533172.433796.533175&row=cov_vac_dose-533174L,"Moderna, Oxford/AstraZeneca, Pfizer/BioNTech",1318725,121923,
2021-04-19,Finland,1444597,https://sampo.thl.fi/pivot/prod/en/vaccreg/cov19cov/fact_cov19cov?column=measure-533185.533172.433796.533175&row=cov_vac_dose-533174L,"Moderna, Oxford/AstraZeneca, Pfizer/BioNTech",1321867,122730,
2021-04-20,Finland,1471536,https://sampo.thl.fi/pivot/prod/en/vaccreg/cov19cov/fact_cov19cov?column=measure-533185.533172.433796.533175&row=cov_vac_dose-533174L,"Moderna, Oxford/AstraZeneca, Pfizer/BioNTech",1346684,124852,
2021-04-21,Finland,1570979,https://sampo.thl.fi/pivot/prod/en/vaccreg/cov19cov/fact_cov19cov?column=measure-533185.533172.433796.533175&row=cov_vac_dose-533174L,"Moderna, Oxford/AstraZeneca, Pfizer/BioNTech",1430756,140223,
2021-04-23,Finland,1633376,https://sampo.thl.fi/pivot/prod/en/vaccreg/cov19cov/fact_cov19cov?column=measure-533185.533172.433796.533175&row=cov_vac_dose-533174L,"Moderna, Oxford/AstraZeneca, Pfizer/BioNTech",1485461,147915,
2021-04-25,Finland,1683060,https://sampo.thl.fi/pivot/prod/en/vaccreg/cov19cov/fact_cov19cov?column=measure-533185.533172.433796.533175&row=cov_vac_dose-533174L,"Moderna, Oxford/AstraZeneca, Pfizer/BioNTech",1529600,153460,
2021-04-27,Finland,1703632,https://sampo.thl.fi/pivot/prod/en/vaccreg/cov19cov/fact_cov19cov?column=measure-533185.533172.433796.533175&row=cov_vac_dose-533174L,"Moderna, Oxford/AstraZeneca, Pfizer/BioNTech",1548850,154782,
2021-04-28,Finland,1757197,https://sampo.thl.fi/pivot/prod/en/vaccreg/cov19cov/fact_cov19cov?column=measure-533185.533172.433796.533175&row=cov_vac_dose-533174L,"Moderna, Oxford/AstraZeneca, Pfizer/BioNTech",1597841,159356,
2021-04-30,Finland,1831007,https://sampo.thl.fi/pivot/prod/en/vaccreg/cov19cov/fact_cov19cov?column=measure-533185.533172.433796.533175&row=cov_vac_dose-533174L,"Moderna, Oxford/AstraZeneca, Pfizer/BioNTech",1664774,166233,
2021-05-01,Finland,1861185,https://sampo.thl.fi/pivot/prod/en/vaccreg/cov19cov/fact_cov19cov?column=measure-533185.533172.433796.533175&row=cov_vac_dose-533174L,"Moderna, Oxford/AstraZeneca, Pfizer/BioNTech",1692571,168614,
2021-05-02,Finland,1863380,https://sampo.thl.fi/pivot/prod/en/vaccreg/cov19cov/fact_cov19cov?column=measure-533185.533172.433796.533175&row=cov_vac_dose-533174L,"Moderna, Oxford/AstraZeneca, Pfizer/BioNTech",1694744,168636,
2021-05-03,Finland,1866796,https://sampo.thl.fi/pivot/prod/en/vaccreg/cov19cov/fact_cov19cov?column=measure-533185.533172.433796.533175&row=cov_vac_dose-533174L,"Moderna, Oxford/AstraZeneca, Pfizer/BioNTech",1698107,168689,
2021-05-04,Finland,1894418,https://sampo.thl.fi/pivot/prod/en/vaccreg/cov19cov/fact_cov19cov?column=measure-533185.533172.433796.533175&row=cov_vac_dose-533174L,"Moderna, Oxford/AstraZeneca, Pfizer/BioNTech",1723088,171330,
2021-05-05,Finland,1990774,https://sampo.thl.fi/pivot/prod/en/vaccreg/cov19cov/fact_cov19cov?column=measure-533185.533172.433796.533175&row=cov_vac_dose-533174L,"Moderna, Oxford/AstraZeneca, Pfizer/BioNTech",1804953,185821,
2021-05-07,Finland,2108973,https://sampo.thl.fi/pivot/prod/en/vaccreg/cov19cov/fact_cov19cov?column=measure-533185.533172.433796.533175&row=cov_vac_dose-533174L,"Moderna, Oxford/AstraZeneca, Pfizer/BioNTech",1903818,205155,
2021-05-08,Finland,2154469,https://sampo.thl.fi/pivot/prod/en/vaccreg/cov19cov/fact_cov19cov?column=measure-533185.533172.433796.533175&row=cov_vac_dose-533174L,"Moderna, Oxford/AstraZeneca, Pfizer/BioNTech",1943842,210627,
2021-05-10,Finland,2155763,https://sampo.thl.fi/pivot/prod/en/vaccreg/cov19cov/fact_cov19cov?column=measure-533185.533172.433796.533175&row=cov_vac_dose-533174L,"Moderna, Oxford/AstraZeneca, Pfizer/BioNTech",1944725,211038,
2021-05-11,Finland,2253383,https://sampo.thl.fi/pivot/prod/en/vaccreg/cov19cov/fact_cov19cov?column=measure-533185.533172.433796.533175&row=cov_vac_dose-533174L,"Moderna, Oxford/AstraZeneca, Pfizer/BioNTech",2014653,238730,
2021-05-13,Finland,2278754,https://sampo.thl.fi/pivot/prod/en/vaccreg/cov19cov/fact_cov19cov?column=measure-533185.533172.433796.533175&row=cov_vac_dose-533174L,"Moderna, Oxford/AstraZeneca, Pfizer/BioNTech",2031941,246813,
2021-05-14,Finland,2370423,https://sampo.thl.fi/pivot/prod/en/vaccreg/cov19cov/fact_cov19cov?column=measure-533185.533172.433796.533175&row=cov_vac_dose-533174L,"Moderna, Oxford/AstraZeneca, Pfizer/BioNTech",2092493,277930,
2021-05-15,Finland,2387156,https://sampo.thl.fi/pivot/prod/en/vaccreg/cov19cov/fact_cov19cov?column=measure-533185.533172.433796.533175&row=cov_vac_dose-533174L,"Moderna, Oxford/AstraZeneca, Pfizer/BioNTech",2105016,282140,
2021-05-17,Finland,2424693,https://sampo.thl.fi/pivot/prod/en/vaccreg/cov19cov/fact_cov19cov?column=measure-533185.533172.433796.533175&row=cov_vac_dose-533174L,"Moderna, Oxford/AstraZeneca, Pfizer/BioNTech",2133397,291296,
2021-05-19,Finland,2468703,https://sampo.thl.fi/pivot/prod/en/vaccreg/cov19cov/fact_cov19cov?column=measure-533185.533172.433796.533175&row=cov_vac_dose-533174L,"Moderna, Oxford/AstraZeneca, Pfizer/BioNTech",2161597,307106,
2021-05-20,Finland,2533353,https://sampo.thl.fi/pivot/prod/en/vaccreg/cov19cov/fact_cov19cov?column=measure-533185.533172.433796.533175&row=cov_vac_dose-533174L,"Moderna, Oxford/AstraZeneca, Pfizer/BioNTech",2201667,331686,
2021-05-21,Finland,2635201,https://sampo.thl.fi/pivot/prod/en/vaccreg/cov19cov/fact_cov19cov?column=measure-533185.533172.433796.533175&row=cov_vac_dose-533174L,"Moderna, Oxford/AstraZeneca, Pfizer/BioNTech",2267023,368178,
2021-05-22,Finland,2661869,https://sampo.thl.fi/pivot/prod/en/vaccreg/cov19cov/fact_cov19cov?column=measure-533185.533172.433796.533175&row=cov_vac_dose-533174L,"Moderna, Oxford/AstraZeneca, Pfizer/BioNTech",2285568,376301,
2021-05-23,Finland,2667880,https://sampo.thl.fi/pivot/prod/en/vaccreg/cov19cov/fact_cov19cov?column=measure-533185.533172.433796.533175&row=cov_vac_dose-533174L,"Moderna, Oxford/AstraZeneca, Pfizer/BioNTech",2290907,376973,
2021-05-25,Finland,2756404,https://sampo.thl.fi/pivot/prod/en/vaccreg/cov19cov/fact_cov19cov?column=measure-533185.533172.433796.533175&row=cov_vac_dose-533174L,"Moderna, Oxford/AstraZeneca, Pfizer/BioNTech",2345128,411276,
2021-05-26,Finland,2810669,https://sampo.thl.fi/pivot/prod/en/vaccreg/cov19cov/fact_cov19cov?column=measure-533185.533172.433796.533175&row=cov_vac_dose-533174L,"Moderna, Oxford/AstraZeneca, Pfizer/BioNTech",2375612,435057,
2021-05-28,Finland,2916093,https://sampo.thl.fi/pivot/prod/en/vaccreg/cov19cov/fact_cov19cov?column=measure-533185.533172.433796.533175&row=cov_vac_dose-533174L,"Moderna, Oxford/AstraZeneca, Pfizer/BioNTech",2436782,479311,
2021-05-29,Finland,2939551,https://sampo.thl.fi/pivot/prod/en/vaccreg/cov19cov/fact_cov19cov?column=measure-533185.533172.433796.533175&row=cov_vac_dose-533174L,"Moderna, Oxford/AstraZeneca, Pfizer/BioNTech",2453879,485672,
2021-05-31,Finland,2942586,https://sampo.thl.fi/pivot/prod/en/vaccreg/cov19cov/fact_cov19cov?column=measure-533185.533172.433796.533175&row=cov_vac_dose-533174L,"Moderna, Oxford/AstraZeneca, Pfizer/BioNTech",2456153,486433,
2021-06-01,Finland,2976651,https://sampo.thl.fi/pivot/prod/en/vaccreg/cov19cov/fact_cov19cov?column=measure-533185.533172.433796.533175&row=cov_vac_dose-533174L,"Moderna, Oxford/AstraZeneca, Pfizer/BioNTech",2476248,500403,
2021-06-02,Finland,3035338,https://sampo.thl.fi/pivot/prod/en/vaccreg/cov19cov/fact_cov19cov?column=measure-533185.533172.433796.533175&row=cov_vac_dose-533174L,"Moderna, Oxford/AstraZeneca, Pfizer/BioNTech",2510921,524417,
2021-06-03,Finland,3157341,https://sampo.thl.fi/pivot/prod/en/vaccreg/cov19cov/fact_cov19cov?column=measure-533185.533172.433796.533175&row=cov_vac_dose-533174L,"Moderna, Oxford/AstraZeneca, Pfizer/BioNTech",2582439,574902,
2021-06-04,Finland,3222023,https://sampo.thl.fi/pivot/prod/en/vaccreg/cov19cov/fact_cov19cov?column=measure-533185.533172.433796.533175&row=cov_vac_dose-533174L,"Moderna, Oxford/AstraZeneca, Pfizer/BioNTech",2620440,601583,
2021-06-06,Finland,3240047,https://sampo.thl.fi/pivot/prod/en/vaccreg/cov19cov/fact_cov19cov?column=measure-533185.533172.433796.533175&row=cov_vac_dose-533174L,"Moderna, Oxford/AstraZeneca, Pfizer/BioNTech",2631961,608086,
2021-06-07,Finland,3246294,https://sampo.thl.fi/pivot/prod/en/vaccreg/cov19cov/fact_cov19cov?column=measure-533185.533172.433796.533175&row=cov_vac_dose-533174L,"Moderna, Oxford/AstraZeneca, Pfizer/BioNTech",2636209,610085,
2021-06-08,Finland,3292288,https://sampo.thl.fi/pivot/prod/en/vaccreg/cov19cov/fact_cov19cov?column=measure-533185.533172.433796.533175&row=cov_vac_dose-533174L,"Moderna, Oxford/AstraZeneca, Pfizer/BioNTech",2665787,626501,
2021-06-09,Finland,3331391,https://sampo.thl.fi/pivot/prod/en/vaccreg/cov19cov/fact_cov19cov?column=measure-533185.533172.433796.533175&row=cov_vac_dose-533174L,"Moderna, Oxford/AstraZeneca, Pfizer/BioNTech",2691057,640334,
2021-06-10,Finland,3382623,https://sampo.thl.fi/pivot/prod/en/vaccreg/cov19cov/fact_cov19cov?column=measure-533185.533172.433796.533175&row=cov_vac_dose-533174L,"Moderna, Oxford/AstraZeneca, Pfizer/BioNTech",2721652,660971,
2021-06-11,Finland,3421475,https://sampo.thl.fi/pivot/prod/en/vaccreg/cov19cov/fact_cov19cov?column=measure-533185.533172.433796.533175&row=cov_vac_dose-533174L,"Moderna, Oxford/AstraZeneca, Pfizer/BioNTech",2744650,676825,
2021-06-12,Finland,3493579,https://sampo.thl.fi/pivot/prod/en/vaccreg/cov19cov/fact_cov19cov?column=measure-533185.533172.433796.533175&row=cov_vac_dose-533174L,"Moderna, Oxford/AstraZeneca, Pfizer/BioNTech",2788162,705417,
2021-06-13,Finland,3556222,https://sampo.thl.fi/pivot/prod/en/vaccreg/cov19cov/fact_cov19cov?column=measure-533185.533172.433796.533175&row=cov_vac_dose-533174L,"Moderna, Oxford/AstraZeneca, Pfizer/BioNTech",2830820,725402,
2021-06-14,Finland,3574132,https://sampo.thl.fi/pivot/prod/en/vaccreg/cov19cov/fact_cov19cov?column=measure-533185.533172.433796.533175&row=cov_vac_dose-533174L,"Moderna, Oxford/AstraZeneca, Pfizer/BioNTech",2845519,728613,
2021-06-15,Finland,3578059,https://sampo.thl.fi/pivot/prod/en/vaccreg/cov19cov/fact_cov19cov?column=measure-533185.533172.433796.533175&row=cov_vac_dose-533174L,"Moderna, Oxford/AstraZeneca, Pfizer/BioNTech",2848931,729128,
2021-06-16,Finland,3643845,https://sampo.thl.fi/pivot/prod/en/vaccreg/cov19cov/fact_cov19cov?column=measure-533185.533172.433796.533175&row=cov_vac_dose-533174L,"Moderna, Oxford/AstraZeneca, Pfizer/BioNTech",2896238,747607,
2021-06-17,Finland,3707724,https://sampo.thl.fi/pivot/prod/en/vaccreg/cov19cov/fact_cov19cov?column=measure-533185.533172.433796.533175&row=cov_vac_dose-533174L,"Moderna, Oxford/AstraZeneca, Pfizer/BioNTech",2938365,769359,
2021-06-18,Finland,3867556,https://sampo.thl.fi/pivot/prod/en/vaccreg/cov19cov/fact_cov19cov?column=measure-533185.533172.433796.533175&row=cov_vac_dose-533174L,"Moderna, Oxford/AstraZeneca, Pfizer/BioNTech",3037611,829945,
2021-06-19,Finland,3916915,https://sampo.thl.fi/pivot/prod/en/vaccreg/cov19cov/fact_cov19cov?column=measure-533185.533172.433796.533175&row=cov_vac_dose-533174L,"Moderna, Oxford/AstraZeneca, Pfizer/BioNTech",3069289,847626,
2021-06-20,Finland,3929061,https://sampo.thl.fi/pivot/prod/en/vaccreg/cov19cov/fact_cov19cov?column=measure-533185.533172.433796.533175&row=cov_vac_dose-533174L,"Moderna, Oxford/AstraZeneca, Pfizer/BioNTech",3077639,851422,
2021-06-21,Finland,3950537,https://sampo.thl.fi/pivot/prod/en/vaccreg/cov19cov/fact_cov19cov?column=measure-533185.533172.433796.533175&row=cov_vac_dose-533174L,"Moderna, Oxford/AstraZeneca, Pfizer/BioNTech",3091297,859240,
2021-06-23,Finland,4011742,https://sampo.thl.fi/pivot/prod/en/vaccreg/cov19cov/fact_cov19cov?column=measure-533185.533172.433796.533175&row=cov_vac_dose-533174L,"Moderna, Oxford/AstraZeneca, Pfizer/BioNTech",3128243,883499,
2021-06-25,Finland,4200693,https://sampo.thl.fi/pivot/prod/en/vaccreg/cov19cov/fact_cov19cov?column=measure-533185.533172.433796.533175&row=cov_vac_dose-533174L,"Moderna, Oxford/AstraZeneca, Pfizer/BioNTech",3219930,980763,
2021-06-26,Finland,4200712,https://sampo.thl.fi/pivot/prod/en/vaccreg/cov19cov/fact_cov19cov?column=measure-533185.533172.433796.533175&row=cov_vac_dose-533174L,"Moderna, Oxford/AstraZeneca, Pfizer/BioNTech",3219935,980777,
2021-06-28,Finland,4213157,https://sampo.thl.fi/pivot/prod/en/vaccreg/cov19cov/fact_cov19cov?column=measure-533185.533172.433796.533175&row=cov_vac_dose-533174L,"Moderna, Oxford/AstraZeneca, Pfizer/BioNTech",3227042,986115,
2021-06-30,Finland,4322972,https://sampo.thl.fi/pivot/prod/en/vaccreg/cov19cov/fact_cov19cov?column=measure-533185.533172.433796.533175&row=cov_vac_dose-533174L,"Moderna, Oxford/AstraZeneca, Pfizer/BioNTech",3290624,1032348,
2021-07-02,Finland,4462940,https://sampo.thl.fi/pivot/prod/en/vaccreg/cov19cov/fact_cov19cov?column=measure-533185.533172.433796.533175&row=cov_vac_dose-533174L,"Moderna, Oxford/AstraZeneca, Pfizer/BioNTech",3349834,1113106,
2021-07-03,Finland,4511814,https://sampo.thl.fi/pivot/prod/en/vaccreg/cov19cov/fact_cov19cov?column=measure-533185.533172.433796.533175&row=cov_vac_dose-533174L,"Moderna, Oxford/AstraZeneca, Pfizer/BioNTech",3368631,1143183,
2021-07-04,Finland,4525698,https://sampo.thl.fi/pivot/prod/en/vaccreg/cov19cov/fact_cov19cov?column=measure-533185.533172.433796.533175&row=cov_vac_dose-533174L,"Moderna, Oxford/AstraZeneca, Pfizer/BioNTech",3372413,1153285,
2021-07-06,Finland,4538998,https://sampo.thl.fi/pivot/prod/en/vaccreg/cov19cov/fact_cov19cov?column=measure-533185.533172.433796.533175&row=cov_vac_dose-533174L,"Moderna, Oxford/AstraZeneca, Pfizer/BioNTech",3376415,1162583,
2021-07-07,Finland,4588933,https://sampo.thl.fi/pivot/prod/en/vaccreg/cov19cov/fact_cov19cov?column=measure-533185.533172.433796.533175&row=cov_vac_dose-533174L,"Moderna, Oxford/AstraZeneca, Pfizer/BioNTech",3395540,1193393,
2021-07-08,Finland,4635900,https://sampo.thl.fi/pivot/prod/en/vaccreg/cov19cov/fact_cov19cov?column=measure-533185.533172.433796.533175&row=cov_vac_dose-533174L,"Moderna, Oxford/AstraZeneca, Pfizer/BioNTech",3412775,1223125,
2021-07-09,Finland,4715679,https://sampo.thl.fi/pivot/prod/en/vaccreg/cov19cov/fact_cov19cov?column=measure-533185.533172.433796.533175&row=cov_vac_dose-533174L,"Moderna, Oxford/AstraZeneca, Pfizer/BioNTech",3440351,1275328,
2021-07-10,Finland,4766957,https://sampo.thl.fi/pivot/prod/en/vaccreg/cov19cov/fact_cov19cov?column=measure-533185.533172.433796.533175&row=cov_vac_dose-533174L,"Moderna, Oxford/AstraZeneca, Pfizer/BioNTech",3458815,1308142,
2021-07-11,Finland,4827970,https://sampo.thl.fi/pivot/prod/en/vaccreg/cov19cov/fact_cov19cov?column=measure-533185.533172.433796.533175&row=cov_vac_dose-533174L,"Moderna, Oxford/AstraZeneca, Pfizer/BioNTech",3480437,1347533,
2021-07-12,Finland,4843824,https://sampo.thl.fi/pivot/prod/en/vaccreg/cov19cov/fact_cov19cov?column=measure-533185.533172.433796.533175&row=cov_vac_dose-533174L,"Moderna, Oxford/AstraZeneca, Pfizer/BioNTech",3484723,1359101,
2021-07-13,Finland,4898111,https://sampo.thl.fi/pivot/prod/en/vaccreg/cov19cov/fact_cov19cov?column=measure-533185.533172.433796.533175&row=cov_vac_dose-533174L,"Moderna, Oxford/AstraZeneca, Pfizer/BioNTech",3503913,1394198,
2021-07-14,Finland,4951925,https://sampo.thl.fi/pivot/prod/en/vaccreg/cov19cov/fact_cov19cov?column=measure-533185.533172.433796.533175&row=cov_vac_dose-533174L,"Moderna, Oxford/AstraZeneca, Pfizer/BioNTech",3520843,1431082,
2021-07-15,Finland,5009576,https://sampo.thl.fi/pivot/prod/en/vaccreg/cov19cov/fact_cov19cov?column=measure-533185.533172.433796.533175&row=cov_vac_dose-533174L,"Moderna, Oxford/AstraZeneca, Pfizer/BioNTech",3538216,1471360,
2021-07-17,Finland,5066195,https://sampo.thl.fi/pivot/prod/en/vaccreg/cov19cov/fact_cov19cov?column=measure-533185.533172.433796.533175&row=cov_vac_dose-533174L,"Moderna, Oxford/AstraZeneca, Pfizer/BioNTech",3554030,1512165,
2021-07-18,Finland,5101417,https://sampo.thl.fi/pivot/prod/en/vaccreg/cov19cov/fact_cov19cov?column=measure-533185.533172.433796.533175&row=cov_vac_dose-533174L,"Moderna, Oxford/AstraZeneca, Pfizer/BioNTech",3565373,1536044,
2021-07-19,Finland,5120954,https://sampo.thl.fi/pivot/prod/en/vaccreg/cov19cov/fact_cov19cov?column=measure-533185.533172.433796.533175&row=cov_vac_dose-533174L,"Moderna, Oxford/AstraZeneca, Pfizer/BioNTech",3570073,1550881,
2021-07-20,Finland,5161707,https://sampo.thl.fi/pivot/prod/en/vaccreg/cov19cov/fact_cov19cov?column=measure-533185.533172.433796.533175&row=cov_vac_dose-533174L,"Moderna, Oxford/AstraZeneca, Pfizer/BioNTech",3580830,1580877,
2021-07-21,Finland,5208360,https://sampo.thl.fi/pivot/prod/en/vaccreg/cov19cov/fact_cov19cov?column=measure-533185.533172.433796.533175&row=cov_vac_dose-533174L,"Moderna, Oxford/AstraZeneca, Pfizer/BioNTech",3594091,1614269,
2021-07-22,Finland,5283929,https://sampo.thl.fi/pivot/prod/en/vaccreg/cov19cov/fact_cov19cov?column=measure-533185.533172.433796.533175&row=cov_vac_dose-533174L,"Moderna, Oxford/AstraZeneca, Pfizer/BioNTech",3611037,1672892,
2021-07-24,Finland,5343225,https://sampo.thl.fi/pivot/prod/en/vaccreg/cov19cov/fact_cov19cov?column=measure-533185.533172.433796.533175&row=cov_vac_dose-533174L,"Moderna, Oxford/AstraZeneca, Pfizer/BioNTech",3624110,1719115,
2021-07-25,Finland,5382484,https://sampo.thl.fi/pivot/prod/en/vaccreg/cov19cov/fact_cov19cov?column=measure-533185.533172.433796.533175&row=cov_vac_dose-533174L,"Moderna, Oxford/AstraZeneca, Pfizer/BioNTech",3633367,1749117,
2021-07-26,Finland,5385653,https://sampo.thl.fi/pivot/prod/en/vaccreg/cov19cov/fact_cov19cov?column=measure-533185.533172.433796.533175&row=cov_vac_dose-533174L,"Moderna, Oxford/AstraZeneca, Pfizer/BioNTech",3634242,1751411,
2021-07-27,Finland,5399190,https://sampo.thl.fi/pivot/prod/en/vaccreg/cov19cov/fact_cov19cov?column=measure-533185.533172.433796.533175&row=cov_vac_dose-533174L,"Moderna, Oxford/AstraZeneca, Pfizer/BioNTech",3637207,1761983,
2021-07-28,Finland,5442267,https://sampo.thl.fi/pivot/prod/en/vaccreg/cov19cov/fact_cov19cov?column=measure-533185.533172.433796.533175&row=cov_vac_dose-533174L,"Moderna, Oxford/AstraZeneca, Pfizer/BioNTech",3648321,1793946,
2021-07-29,Finland,5495562,https://sampo.thl.fi/pivot/prod/en/vaccreg/cov19cov/fact_cov19cov?column=measure-533185.533172.433796.533175&row=cov_vac_dose-533174L,"Moderna, Oxford/AstraZeneca, Pfizer/BioNTech",3661451,1834111,
2021-07-30,Finland,5614944,https://sampo.thl.fi/pivot/prod/en/vaccreg/cov19cov/fact_cov19cov?column=measure-533185.533172.433796.533175&row=cov_vac_dose-533174L,"Moderna, Oxford/AstraZeneca, Pfizer/BioNTech",3687551,1927393,
2021-08-01,Finland,5653654,https://sampo.thl.fi/pivot/prod/en/vaccreg/cov19cov/fact_cov19cov?column=measure-533185.533172.433796.533175&row=cov_vac_dose-533174L,"Moderna, Oxford/AstraZeneca, Pfizer/BioNTech",3696811,1956843,
2021-08-02,Finland,5660607,https://sampo.thl.fi/pivot/prod/en/vaccreg/cov19cov/fact_cov19cov?column=measure-533185.533172.433796.533175&row=cov_vac_dose-533174L,"Moderna, Oxford/AstraZeneca, Pfizer/BioNTech",3698501,1962106,
2021-08-03,Finland,5719398,https://sampo.thl.fi/pivot/prod/en/vaccreg/cov19cov/fact_cov19cov?column=measure-533185.533172.433796.533175&row=cov_vac_dose-533174L,"Moderna, Oxford/AstraZeneca, Pfizer/BioNTech",3710745,2008653,
2021-08-05,Finland,5761188,https://sampo.thl.fi/pivot/prod/en/vaccreg/cov19cov/fact_cov19cov?column=measure-533185.533172.433796.533175&row=cov_vac_dose-533174L,"Moderna, Oxford/AstraZeneca, Pfizer/BioNTech",3720289,2040899,
2021-08-06,Finland,5830896,https://sampo.thl.fi/pivot/prod/en/vaccreg/cov19cov/fact_cov19cov?column=measure-533185.533172.433796.533175&row=cov_vac_dose-533174L,"Moderna, Oxford/AstraZeneca, Pfizer/BioNTech",3734987,2095909,
2021-08-07,Finland,5880854,https://sampo.thl.fi/pivot/prod/en/vaccreg/cov19cov/fact_cov19cov?column=measure-533185.533172.433796.533175&row=cov_vac_dose-533174L,"Moderna, Oxford/AstraZeneca, Pfizer/BioNTech",3752793,2128061,
2021-08-08,Finland,5914744,https://sampo.thl.fi/pivot/prod/en/vaccreg/cov19cov/fact_cov19cov?column=measure-533185.533172.433796.533175&row=cov_vac_dose-533174L,"Moderna, Oxford/AstraZeneca, Pfizer/BioNTech",3760883,2153861,
2021-08-09,Finland,5923422,https://sampo.thl.fi/pivot/prod/en/vaccreg/cov19cov/fact_cov19cov?column=measure-533185.533172.433796.533175&row=cov_vac_dose-533174L,"Moderna, Oxford/AstraZeneca, Pfizer/BioNTech",3764464,2158958,
2021-08-10,Finland,5974121,https://sampo.thl.fi/pivot/prod/en/vaccreg/cov19cov/fact_cov19cov?column=measure-533185.533172.433796.533175&row=cov_vac_dose-533174L,"Moderna, Oxford/AstraZeneca, Pfizer/BioNTech",3777468,2196653,
2021-08-11,Finland,6050053,https://sampo.thl.fi/pivot/prod/en/vaccreg/cov19cov/fact_cov19cov?column=measure-533185.533172.433796.533175&row=cov_vac_dose-533174L,"Moderna, Oxford/AstraZeneca, Pfizer/BioNTech",3798258,2251795,
2021-08-13,Finland,6115987,https://sampo.thl.fi/pivot/prod/en/vaccreg/cov19cov/fact_cov19cov?column=measure-533185.533172.433796.533175&row=cov_vac_dose-533174L,"Moderna, Oxford/AstraZeneca, Pfizer/BioNTech",3818115,2297872,
2021-08-14,Finland,6178954,https://sampo.thl.fi/pivot/prod/en/vaccreg/cov19cov/fact_cov19cov?column=measure-533185.533172.433796.533175&row=cov_vac_dose-533174L,"Moderna, Oxford/AstraZeneca, Pfizer/BioNTech",3838655,2340299,
2021-08-15,Finland,6220766,https://sampo.thl.fi/pivot/prod/en/vaccreg/cov19cov/fact_cov19cov?column=measure-533185.533172.433796.533175&row=cov_vac_dose-533174L,"Moderna, Oxford/AstraZeneca, Pfizer/BioNTech",3851362,2369404,
2021-08-16,Finland,6231880,https://sampo.thl.fi/pivot/prod/en/vaccreg/cov19cov/fact_cov19cov?column=measure-533185.533172.433796.533175&row=cov_vac_dose-533174L,"Moderna, Oxford/AstraZeneca, Pfizer/BioNTech",3854638,2377242,
2021-08-17,Finland,6247233,https://sampo.thl.fi/pivot/prod/en/vaccreg/cov19cov/fact_cov19cov?column=measure-533185.533172.433796.533175&row=cov_vac_dose-533174L,"Moderna, Oxford/AstraZeneca, Pfizer/BioNTech",3859628,2387605,
2021-08-18,Finland,6299839,https://sampo.thl.fi/pivot/prod/en/vaccreg/cov19cov/fact_cov19cov?column=measure-533185.533172.433796.533175&row=cov_vac_dose-533174L,"Moderna, Oxford/AstraZeneca, Pfizer/BioNTech",3876306,2423533,
2021-08-19,Finland,6354388,https://sampo.thl.fi/pivot/prod/en/vaccreg/cov19cov/fact_cov19cov?column=measure-533185.533172.433796.533175&row=cov_vac_dose-533174L,"Moderna, Oxford/AstraZeneca, Pfizer/BioNTech",3892948,2461440,
2021-08-20,Finland,6414095,https://sampo.thl.fi/pivot/prod/en/vaccreg/cov19cov/fact_cov19cov?column=measure-533185.533172.433796.533175&row=cov_vac_dose-533174L,"Moderna, Oxford/AstraZeneca, Pfizer/BioNTech",3913542,2500553,
2021-08-21,Finland,6471135,https://sampo.thl.fi/pivot/prod/en/vaccreg/cov19cov/fact_cov19cov?column=measure-533185.533172.433796.533175&row=cov_vac_dose-533174L,"Moderna, Oxford/AstraZeneca, Pfizer/BioNTech",3932404,2538731,
2021-08-22,Finland,6516711,https://sampo.thl.fi/pivot/prod/en/vaccreg/cov19cov/fact_cov19cov?column=measure-533185.533172.433796.533175&row=cov_vac_dose-533174L,"Moderna, Oxford/AstraZeneca, Pfizer/BioNTech",3947117,2569594,
2021-08-23,Finland,6529639,https://sampo.thl.fi/pivot/prod/en/vaccreg/cov19cov/fact_cov19cov?column=measure-533185.533172.433796.533175&row=cov_vac_dose-533174L,"Moderna, Oxford/AstraZeneca, Pfizer/BioNTech",3949985,2579654,
2021-08-24,Finland,6543812,https://sampo.thl.fi/pivot/prod/en/vaccreg/cov19cov/fact_cov19cov?column=measure-533185.533172.433796.533175&row=cov_vac_dose-533174L,"Moderna, Oxford/AstraZeneca, Pfizer/BioNTech",3952860,2590952,
2021-08-25,Finland,6589588,https://sampo.thl.fi/pivot/prod/en/vaccreg/cov19cov/fact_cov19cov?column=measure-533185.533172.433796.533175&row=cov_vac_dose-533174L,"Moderna, Oxford/AstraZeneca, Pfizer/BioNTech",3964889,2624699,
2021-08-26,Finland,6641094,https://sampo.thl.fi/pivot/prod/en/vaccreg/cov19cov/fact_cov19cov?column=measure-533185.533172.433796.533175&row=cov_vac_dose-533174L,"Moderna, Oxford/AstraZeneca, Pfizer/BioNTech",3978792,2662302,
2021-08-27,Finland,6744941,https://sampo.thl.fi/pivot/prod/en/vaccreg/cov19cov/fact_cov19cov?column=measure-533185.533172.433796.533175&row=cov_vac_dose-533174L,"Moderna, Oxford/AstraZeneca, Pfizer/BioNTech",4005532,2739409,
2021-08-28,Finland,6777031,https://sampo.thl.fi/pivot/prod/en/vaccreg/cov19cov/fact_cov19cov?column=measure-533185.533172.433796.533175&row=cov_vac_dose-533174L,"Moderna, Oxford/AstraZeneca, Pfizer/BioNTech",4013569,2763462,
2021-08-29,Finland,6786965,https://sampo.thl.fi/pivot/prod/en/vaccreg/cov19cov/fact_cov19cov?column=measure-533185.533172.433796.533175&row=cov_vac_dose-533174L,"Moderna, Oxford/AstraZeneca, Pfizer/BioNTech",4015528,2771437,
2021-08-31,Finland,6827041,https://sampo.thl.fi/pivot/prod/en/vaccreg/cov19cov/fact_cov19cov?column=measure-533185.533172.433796.533175&row=cov_vac_dose-533174L,"Moderna, Oxford/AstraZeneca, Pfizer/BioNTech",4022419,2804622,
2021-09-01,Finland,6865509,https://sampo.thl.fi/pivot/prod/en/vaccreg/cov19cov/fact_cov19cov?column=measure-533185.533172.433796.533175&row=cov_vac_dose-533174L,"Moderna, Oxford/AstraZeneca, Pfizer/BioNTech",4030265,2835244,
2021-09-02,Finland,6930958,https://sampo.thl.fi/pivot/prod/en/vaccreg/cov19cov/fact_cov19cov?column=measure-533185.533172.433796.533175&row=cov_vac_dose-533174L,"Moderna, Oxford/AstraZeneca, Pfizer/BioNTech",4039805,2891153,
2021-09-04,Finland,6974926,https://sampo.thl.fi/pivot/prod/en/vaccreg/cov19cov/fact_cov19cov?column=measure-533185.533172.433796.533175&row=cov_vac_dose-533174L,"Moderna, Oxford/AstraZeneca, Pfizer/BioNTech",4046421,2928505,
2021-09-05,Finland,7006649,https://sampo.thl.fi/pivot/prod/en/vaccreg/cov19cov/fact_cov19cov?column=measure-533185.533172.433796.533175&row=cov_vac_dose-533174L,"Moderna, Oxford/AstraZeneca, Pfizer/BioNTech",4051007,2955642,
2021-09-06,Finland,7030758,https://sampo.thl.fi/pivot/prod/en/vaccreg/cov19cov/fact_cov19cov?column=measure-533185.533172.433796.533175&row=cov_vac_dose-533174L,"Moderna, Oxford/AstraZeneca, Pfizer/BioNTech",4054262,2976496,
2021-09-08,Finland,7104015,https://sampo.thl.fi/pivot/prod/en/vaccreg/cov19cov/fact_cov19cov?column=measure-533185.533172.433796.533175&row=cov_vac_dose-533174L,"Moderna, Oxford/AstraZeneca, Pfizer/BioNTech",4064019,3039996,
2021-09-10,Finland,7153363,https://sampo.thl.fi/pivot/prod/en/vaccreg/cov19cov/fact_cov19cov?column=measure-533185.533172.433796.533175&row=cov_vac_dose-533174L,"Moderna, Oxford/AstraZeneca, Pfizer/BioNTech",4070975,3082388,
2021-09-11,Finland,7185224,https://sampo.thl.fi/pivot/prod/en/vaccreg/cov19cov/fact_cov19cov?column=measure-533185.533172.433796.533175&row=cov_vac_dose-533174L,"Moderna, Oxford/AstraZeneca, Pfizer/BioNTech",4075096,3110128,
2021-09-12,Finland,7227414,https://sampo.thl.fi/pivot/prod/en/vaccreg/cov19cov/fact_cov19cov?column=measure-533185.533172.433796.533175&row=cov_vac_dose-533174L,"Moderna, Oxford/AstraZeneca, Pfizer/BioNTech",4080651,3146763,
2021-09-14,Finland,7234961,https://sampo.thl.fi/pivot/prod/en/vaccreg/cov19cov/fact_cov19cov?column=measure-533185.533172.433796.533175&row=cov_vac_dose-533174L,"Moderna, Oxford/AstraZeneca, Pfizer/BioNTech",4081680,3153281,
2021-09-15,Finland,7293811,https://sampo.thl.fi/pivot/prod/en/vaccreg/cov19cov/fact_cov19cov?column=measure-533185.533172.433796.533175&row=cov_vac_dose-533174L,"Moderna, Oxford/AstraZeneca, Pfizer/BioNTech",4089053,3204758,
2021-09-17,Finland,7332815,https://sampo.thl.fi/pivot/prod/en/vaccreg/cov19cov/fact_cov19cov?column=measure-533185.533172.433796.533175&row=cov_vac_dose-533174L,"Moderna, Oxford/AstraZeneca, Pfizer/BioNTech",4094729,3238086,
2021-09-18,Finland,7358931,https://sampo.thl.fi/pivot/prod/en/vaccreg/cov19cov/fact_cov19cov?column=measure-533185.533172.433796.533175&row=cov_vac_dose-533174L,"Moderna, Oxford/AstraZeneca, Pfizer/BioNTech",4099673,3259258,
2021-09-19,Finland,7374481,https://sampo.thl.fi/pivot/prod/en/vaccreg/cov19cov/fact_cov19cov?column=measure-533185.533172.433796.533175&row=cov_vac_dose-533174L,"Moderna, Oxford/AstraZeneca, Pfizer/BioNTech",4104178,3270303,
2021-09-20,Finland,7376691,https://sampo.thl.fi/pivot/prod/en/vaccreg/cov19cov/fact_cov19cov?column=measure-533185.533172.433796.533175&row=cov_vac_dose-533174L,"Moderna, Oxford/AstraZeneca, Pfizer/BioNTech",4104928,3271763,
2021-09-21,Finland,7410452,https://sampo.thl.fi/pivot/prod/en/vaccreg/cov19cov/fact_cov19cov?column=measure-533185.533172.433796.533175&row=cov_vac_dose-533174L,"Moderna, Oxford/AstraZeneca, Pfizer/BioNTech",4109296,3301156,
2021-09-23,Finland,7469028,https://sampo.thl.fi/pivot/prod/en/vaccreg/cov19cov/fact_cov19cov?column=measure-533185.533172.433796.533175&row=cov_vac_dose-533174L,"Moderna, Oxford/AstraZeneca, Pfizer/BioNTech",4117714,3351314,
2021-09-25,Finland,7490200,https://sampo.thl.fi/pivot/prod/en/vaccreg/cov19cov/fact_cov19cov?column=measure-533185.533172.433796.533175&row=cov_vac_dose-533174L,"Moderna, Oxford/AstraZeneca, Pfizer/BioNTech",4121156,3369044,
2021-09-26,Finland,7523495,https://sampo.thl.fi/pivot/prod/en/vaccreg/cov19cov/fact_cov19cov?column=measure-533185.533172.433796.533175&row=cov_vac_dose-533174L,"Moderna, Oxford/AstraZeneca, Pfizer/BioNTech",4126294,3397201,
2021-09-28,Finland,7523959,https://sampo.thl.fi/pivot/prod/en/vaccreg/cov19cov/fact_cov19cov?column=measure-533185.533172.433796.533175&row=cov_vac_dose-533174L,"Moderna, Oxford/AstraZeneca, Pfizer/BioNTech",4126379,3397580,
2021-09-29,Finland,7556125,https://sampo.thl.fi/pivot/prod/en/vaccreg/cov19cov/fact_cov19cov?column=measure-533185.533172.433796.533175&row=cov_vac_dose-533174L,"Moderna, Oxford/AstraZeneca, Pfizer/BioNTech",4130015,3426110,
2021-09-30,Finland,7582431,https://sampo.thl.fi/pivot/prod/en/vaccreg/cov19cov/fact_cov19cov?column=measure-533185.533172.433796.533175&row=cov_vac_dose-533174L,"Moderna, Oxford/AstraZeneca, Pfizer/BioNTech",4133283,3449148,
2021-10-01,Finland,7612184,https://sampo.thl.fi/pivot/prod/en/vaccreg/cov19cov/fact_cov19cov?column=measure-533185.533172.433796.533175&row=cov_vac_dose-533174L,"Moderna, Oxford/AstraZeneca, Pfizer/BioNTech",4137346,3474838,
2021-10-02,Finland,7660644,https://sampo.thl.fi/pivot/prod/en/vaccreg/cov19cov/fact_cov19cov?column=measure-533185.533172.433796.533175&row=cov_vac_dose-533174L,"Moderna, Oxford/AstraZeneca, Pfizer/BioNTech",4144322,3516322,
2021-10-04,Finland,7665774,https://sampo.thl.fi/pivot/prod/en/vaccreg/cov19cov/fact_cov19cov?column=measure-533185.533172.433796.533175&row=cov_vac_dose-533174L,"Moderna, Oxford/AstraZeneca, Pfizer/BioNTech",4145083,3520691,
2021-10-06,Finland,7685427,https://sampo.thl.fi/pivot/prod/en/vaccreg/cov19cov/fact_cov19cov?column=measure-533185.533172.433796.533175&row=cov_vac_dose-533174L,"Moderna, Oxford/AstraZeneca, Pfizer/BioNTech",4147504,3537923,
2021-10-07,Finland,7705165,https://sampo.thl.fi/pivot/prod/en/vaccreg/cov19cov/fact_cov19cov?column=measure-533185.533172.433796.533175&row=cov_vac_dose-533174L,"Moderna, Oxford/AstraZeneca, Pfizer/BioNTech",4149938,3555227,
2021-10-08,Finland,7742817,https://sampo.thl.fi/pivot/prod/en/vaccreg/cov19cov/fact_cov19cov?column=measure-533185.533172.433796.533175&row=cov_vac_dose-533174L,"Moderna, Oxford/AstraZeneca, Pfizer/BioNTech",4155434,3587383,
2021-10-09,Finland,7781763,https://sampo.thl.fi/pivot/prod/en/vaccreg/cov19cov/fact_cov19cov?column=measure-533185.533172.433796.533175&row=cov_vac_dose-533174L,"Moderna, Oxford/AstraZeneca, Pfizer/BioNTech",4161888,3619875,
2021-10-10,Finland,7786863,https://sampo.thl.fi/pivot/prod/en/vaccreg/cov19cov/fact_cov19cov?column=measure-533185.533172.433796.533175&row=cov_vac_dose-533174L,"Moderna, Oxford/AstraZeneca, Pfizer/BioNTech",4163232,3623631,
2021-10-12,Finland,7788689,https://sampo.thl.fi/pivot/prod/en/vaccreg/cov19cov/fact_cov19cov?column=measure-533185.533172.433796.533175&row=cov_vac_dose-533174L,"Moderna, Oxford/AstraZeneca, Pfizer/BioNTech",4163606,3625083,
2021-10-13,Finland,7813026,https://sampo.thl.fi/pivot/prod/en/vaccreg/cov19cov/fact_cov19cov?column=measure-533185.533172.433796.533175&row=cov_vac_dose-533174L,"Moderna, Oxford/AstraZeneca, Pfizer/BioNTech",4167326,3645700,
2021-10-14,Finland,7833068,https://sampo.thl.fi/pivot/prod/en/vaccreg/cov19cov/fact_cov19cov?column=measure-533185.533172.433796.533175&row=cov_vac_dose-533174L,"Moderna, Oxford/AstraZeneca, Pfizer/BioNTech",4170859,3662209,
2021-10-15,Finland,7863314,https://sampo.thl.fi/pivot/prod/en/vaccreg/cov19cov/fact_cov19cov?column=measure-533185.533172.433796.533175&row=cov_vac_dose-533174L,"Moderna, Oxford/AstraZeneca, Pfizer/BioNTech",4176787,3686527,
2021-10-16,Finland,7884935,https://sampo.thl.fi/pivot/prod/en/vaccreg/cov19cov/fact_cov19cov?column=measure-533185.533172.433796.533175&row=cov_vac_dose-533174L,"Moderna, Oxford/AstraZeneca, Pfizer/BioNTech",4181337,3703598,
2021-10-17,Finland,7903147,https://sampo.thl.fi/pivot/prod/en/vaccreg/cov19cov/fact_cov19cov?column=measure-533185.533172.433796.533175&row=cov_vac_dose-533174L,"Moderna, Oxford/AstraZeneca, Pfizer/BioNTech",4185313,3717834,
2021-10-18,Finland,7907681,https://sampo.thl.fi/pivot/prod/en/vaccreg/cov19cov/fact_cov19cov?column=measure-533185.533172.433796.533175&row=cov_vac_dose-533174L,"Moderna, Oxford/AstraZeneca, Pfizer/BioNTech",4186384,3721297,
2021-10-19,Finland,7930260,https://sampo.thl.fi/pivot/prod/en/vaccreg/cov19cov/fact_cov19cov?column=measure-533185.533172.433796.533175&row=cov_vac_dose-533174L,"Moderna, Oxford/AstraZeneca, Pfizer/BioNTech",4191266,3738994,
2021-10-21,Finland,7949543,https://sampo.thl.fi/pivot/prod/en/vaccreg/cov19cov/fact_cov19cov?column=measure-533185.533172.433796.533175&row=cov_vac_dose-533174L,"Moderna, Oxford/AstraZeneca, Pfizer/BioNTech",4195508,3754035,
2021-10-22,Finland,7973465,https://sampo.thl.fi/pivot/prod/en/vaccreg/cov19cov/fact_cov19cov?column=measure-533185.533172.433796.533175&row=cov_vac_dose-533174L,"Moderna, Oxford/AstraZeneca, Pfizer/BioNTech",4201438,3772027,
2021-10-23,Finland,7990273,https://sampo.thl.fi/pivot/prod/en/vaccreg/cov19cov/fact_cov19cov?column=measure-533185.533172.433796.533175&row=cov_vac_dose-533174L,"Moderna, Oxford/AstraZeneca, Pfizer/BioNTech",4205047,3785226,
2021-10-24,Finland,8007597,https://sampo.thl.fi/pivot/prod/en/vaccreg/cov19cov/fact_cov19cov?column=measure-533185.533172.433796.533175&row=cov_vac_dose-533174L,"Moderna, Oxford/AstraZeneca, Pfizer/BioNTech",4209436,3798161,
2021-10-25,Finland,8011362,https://sampo.thl.fi/pivot/prod/en/vaccreg/cov19cov/fact_cov19cov?column=measure-533185.533172.433796.533175&row=cov_vac_dose-533174L,"Moderna, Oxford/AstraZeneca, Pfizer/BioNTech",4210212,3801150,
2021-10-26,Finland,8012208,https://sampo.thl.fi/pivot/prod/en/vaccreg/cov19cov/fact_cov19cov?column=measure-533185.533172.433796.533175&row=cov_vac_dose-533174L,"Moderna, Oxford/AstraZeneca, Pfizer/BioNTech",4210465,3801743,
2021-10-27,Finland,8029248,https://sampo.thl.fi/pivot/prod/en/vaccreg/cov19cov/fact_cov19cov?column=measure-533185.533172.433796.533175&row=cov_vac_dose-533174L,"Moderna, Oxford/AstraZeneca, Pfizer/BioNTech",4214076,3815172,
2021-10-28,Finland,8049723,https://sampo.thl.fi/pivot/prod/en/vaccreg/cov19cov/fact_cov19cov?column=measure-533185.533172.433796.533175&row=cov_vac_dose-533174L,"Moderna, Oxford/AstraZeneca, Pfizer/BioNTech",4218334,3831389,
2021-10-29,Finland,8074036,https://sampo.thl.fi/pivot/prod/en/vaccreg/cov19cov/fact_cov19cov?column=measure-533185.533172.433796.533175&row=cov_vac_dose-533174L,"Moderna, Oxford/AstraZeneca, Pfizer/BioNTech",4223547,3850489,
2021-10-30,Finland,8095087,https://sampo.thl.fi/pivot/prod/en/vaccreg/cov19cov/fact_cov19cov?column=measure-533185.533172.433796.533175&row=cov_vac_dose-533174L,"Moderna, Oxford/AstraZeneca, Pfizer/BioNTech",4227427,3867660,
2021-10-31,Finland,8114814,https://sampo.thl.fi/pivot/prod/en/vaccreg/cov19cov/fact_cov19cov?column=measure-533185.533172.433796.533175&row=cov_vac_dose-533174L,"Moderna, Oxford/AstraZeneca, Pfizer/BioNTech",4231745,3883069,
2021-11-02,Finland,8117300,https://sampo.thl.fi/pivot/prod/en/vaccreg/cov19cov/fact_cov19cov?column=measure-533185.533172.433796.533175&row=cov_vac_dose-533174L,"Moderna, Oxford/AstraZeneca, Pfizer/BioNTech",4232475,3884825,
2021-11-03,Finland,8127743,https://sampo.thl.fi/pivot/prod/en/vaccreg/cov19cov/fact_cov19cov?column=measure-533185.533172.433796.533175&row=cov_vac_dose-533174L,"Moderna, Oxford/AstraZeneca, Pfizer/BioNTech",4234573,3893170,
2021-11-04,Finland,8140680,https://sampo.thl.fi/pivot/prod/en/vaccreg/cov19cov/fact_cov19cov?column=measure-533185.533172.433796.533175&row=cov_vac_dose-533174L,"Moderna, Oxford/AstraZeneca, Pfizer/BioNTech",4237336,3903344,
2021-11-05,Finland,8153968,https://sampo.thl.fi/pivot/prod/en/vaccreg/cov19cov/fact_cov19cov?column=measure-533185.533172.433796.533175&row=cov_vac_dose-533174L,"Moderna, Oxford/AstraZeneca, Pfizer/BioNTech",4240297,3913671,
