date,total_vaccinations,people_vaccinated,people_fully_vaccinated,total_boosters,vaccine,location,source_url
2020-12-27,432,432,0,0,Pfizer/BioNTech,France,https://www.data.gouv.fr/fr/datasets/donnees-relatives-aux-personnes-vaccinees-contre-la-covid-19-1/
2020-12-28,889,889,0,0,Pfizer/BioNTech,France,https://www.data.gouv.fr/fr/datasets/donnees-relatives-aux-personnes-vaccinees-contre-la-covid-19-1/
2020-12-29,1177,1177,0,0,Pfizer/BioNTech,France,https://www.data.gouv.fr/fr/datasets/donnees-relatives-aux-personnes-vaccinees-contre-la-covid-19-1/
2020-12-30,1518,1518,0,0,Pfizer/BioNTech,France,https://www.data.gouv.fr/fr/datasets/donnees-relatives-aux-personnes-vaccinees-contre-la-covid-19-1/
2020-12-31,1793,1793,0,0,Pfizer/BioNTech,France,https://www.data.gouv.fr/fr/datasets/donnees-relatives-aux-personnes-vaccinees-contre-la-covid-19-1/
2021-01-01,2113,2113,0,0,Pfizer/BioNTech,France,https://www.data.gouv.fr/fr/datasets/donnees-relatives-aux-personnes-vaccinees-contre-la-covid-19-1/
2021-01-02,2370,2370,0,0,Pfizer/BioNTech,France,https://www.data.gouv.fr/fr/datasets/donnees-relatives-aux-personnes-vaccinees-contre-la-covid-19-1/
2021-01-03,2654,2654,0,0,Pfizer/BioNTech,France,https://www.data.gouv.fr/fr/datasets/donnees-relatives-aux-personnes-vaccinees-contre-la-covid-19-1/
2021-01-04,4452,4452,0,0,Pfizer/BioNTech,France,https://www.data.gouv.fr/fr/datasets/donnees-relatives-aux-personnes-vaccinees-contre-la-covid-19-1/
2021-01-05,10192,10192,0,0,Pfizer/BioNTech,France,https://www.data.gouv.fr/fr/datasets/donnees-relatives-aux-personnes-vaccinees-contre-la-covid-19-1/
2021-01-06,21829,21829,0,0,Pfizer/BioNTech,France,https://www.data.gouv.fr/fr/datasets/donnees-relatives-aux-personnes-vaccinees-contre-la-covid-19-1/
2021-01-07,50935,50935,0,0,Pfizer/BioNTech,France,https://www.data.gouv.fr/fr/datasets/donnees-relatives-aux-personnes-vaccinees-contre-la-covid-19-1/
2021-01-08,87705,87705,0,0,Pfizer/BioNTech,France,https://www.data.gouv.fr/fr/datasets/donnees-relatives-aux-personnes-vaccinees-contre-la-covid-19-1/
2021-01-09,98811,98811,0,0,Pfizer/BioNTech,France,https://www.data.gouv.fr/fr/datasets/donnees-relatives-aux-personnes-vaccinees-contre-la-covid-19-1/
2021-01-10,104589,104589,0,0,Pfizer/BioNTech,France,https://www.data.gouv.fr/fr/datasets/donnees-relatives-aux-personnes-vaccinees-contre-la-covid-19-1/
2021-01-11,144264,144264,0,0,Pfizer/BioNTech,France,https://www.data.gouv.fr/fr/datasets/donnees-relatives-aux-personnes-vaccinees-contre-la-covid-19-1/
2021-01-12,205999,205999,0,0,Pfizer/BioNTech,France,https://www.data.gouv.fr/fr/datasets/donnees-relatives-aux-personnes-vaccinees-contre-la-covid-19-1/
2021-01-13,270686,270686,0,0,Pfizer/BioNTech,France,https://www.data.gouv.fr/fr/datasets/donnees-relatives-aux-personnes-vaccinees-contre-la-covid-19-1/
2021-01-14,352910,352910,0,0,"Moderna, Pfizer/BioNTech",France,https://www.data.gouv.fr/fr/datasets/donnees-relatives-aux-personnes-vaccinees-contre-la-covid-19-1/
2021-01-15,421492,421492,0,0,"Moderna, Pfizer/BioNTech",France,https://www.data.gouv.fr/fr/datasets/donnees-relatives-aux-personnes-vaccinees-contre-la-covid-19-1/
2021-01-16,441632,441546,86,0,"Moderna, Pfizer/BioNTech",France,https://www.data.gouv.fr/fr/datasets/donnees-relatives-aux-personnes-vaccinees-contre-la-covid-19-1/
2021-01-17,452530,452403,127,0,"Moderna, Pfizer/BioNTech",France,https://www.data.gouv.fr/fr/datasets/donnees-relatives-aux-personnes-vaccinees-contre-la-covid-19-1/
2021-01-18,538173,537887,286,0,"Moderna, Pfizer/BioNTech",France,https://www.data.gouv.fr/fr/datasets/donnees-relatives-aux-personnes-vaccinees-contre-la-covid-19-1/
2021-01-19,668494,668084,410,0,"Moderna, Pfizer/BioNTech",France,https://www.data.gouv.fr/fr/datasets/donnees-relatives-aux-personnes-vaccinees-contre-la-covid-19-1/
2021-01-20,805778,805214,564,0,"Moderna, Pfizer/BioNTech",France,https://www.data.gouv.fr/fr/datasets/donnees-relatives-aux-personnes-vaccinees-contre-la-covid-19-1/
2021-01-21,963649,962956,693,0,"Moderna, Pfizer/BioNTech",France,https://www.data.gouv.fr/fr/datasets/donnees-relatives-aux-personnes-vaccinees-contre-la-covid-19-1/
2021-01-22,1084356,1083503,853,0,"Moderna, Pfizer/BioNTech",France,https://www.data.gouv.fr/fr/datasets/donnees-relatives-aux-personnes-vaccinees-contre-la-covid-19-1/
2021-01-23,1122697,1121794,903,0,"Moderna, Pfizer/BioNTech",France,https://www.data.gouv.fr/fr/datasets/donnees-relatives-aux-personnes-vaccinees-contre-la-covid-19-1/
2021-01-24,1132360,1131430,930,0,"Moderna, Pfizer/BioNTech",France,https://www.data.gouv.fr/fr/datasets/donnees-relatives-aux-personnes-vaccinees-contre-la-covid-19-1/
2021-01-25,1211390,1209250,2140,0,"Moderna, Pfizer/BioNTech",France,https://www.data.gouv.fr/fr/datasets/donnees-relatives-aux-personnes-vaccinees-contre-la-covid-19-1/
2021-01-26,1314523,1309279,5244,0,"Moderna, Pfizer/BioNTech",France,https://www.data.gouv.fr/fr/datasets/donnees-relatives-aux-personnes-vaccinees-contre-la-covid-19-1/
2021-01-27,1427040,1416212,10828,0,"Moderna, Pfizer/BioNTech",France,https://www.data.gouv.fr/fr/datasets/donnees-relatives-aux-personnes-vaccinees-contre-la-covid-19-1/
2021-01-28,1565333,1540170,25163,0,"Moderna, Pfizer/BioNTech",France,https://www.data.gouv.fr/fr/datasets/donnees-relatives-aux-personnes-vaccinees-contre-la-covid-19-1/
2021-01-29,1674417,1631999,42418,0,"Moderna, Pfizer/BioNTech",France,https://www.data.gouv.fr/fr/datasets/donnees-relatives-aux-personnes-vaccinees-contre-la-covid-19-1/
2021-01-30,1707602,1660966,46636,0,"Moderna, Pfizer/BioNTech",France,https://www.data.gouv.fr/fr/datasets/donnees-relatives-aux-personnes-vaccinees-contre-la-covid-19-1/
2021-01-31,1714401,1666088,48313,0,"Moderna, Pfizer/BioNTech",France,https://www.data.gouv.fr/fr/datasets/donnees-relatives-aux-personnes-vaccinees-contre-la-covid-19-1/
2021-02-01,1787845,1718435,69410,0,"Moderna, Pfizer/BioNTech",France,https://www.data.gouv.fr/fr/datasets/donnees-relatives-aux-personnes-vaccinees-contre-la-covid-19-1/
2021-02-02,1894160,1790227,103933,0,"Moderna, Pfizer/BioNTech",France,https://www.data.gouv.fr/fr/datasets/donnees-relatives-aux-personnes-vaccinees-contre-la-covid-19-1/
2021-02-03,2003007,1862150,140857,0,"Moderna, Pfizer/BioNTech",France,https://www.data.gouv.fr/fr/datasets/donnees-relatives-aux-personnes-vaccinees-contre-la-covid-19-1/
2021-02-04,2134553,1943702,190851,0,"Moderna, Pfizer/BioNTech",France,https://www.data.gouv.fr/fr/datasets/donnees-relatives-aux-personnes-vaccinees-contre-la-covid-19-1/
2021-02-05,2247712,2011587,236125,0,"Moderna, Pfizer/BioNTech",France,https://www.data.gouv.fr/fr/datasets/donnees-relatives-aux-personnes-vaccinees-contre-la-covid-19-1/
2021-02-06,2280437,2033930,246507,0,"Moderna, Oxford/AstraZeneca, Pfizer/BioNTech",France,https://www.data.gouv.fr/fr/datasets/donnees-relatives-aux-personnes-vaccinees-contre-la-covid-19-1/
2021-02-07,2290527,2038986,251541,0,"Moderna, Oxford/AstraZeneca, Pfizer/BioNTech",France,https://www.data.gouv.fr/fr/datasets/donnees-relatives-aux-personnes-vaccinees-contre-la-covid-19-1/
2021-02-08,2382898,2085432,297466,0,"Moderna, Oxford/AstraZeneca, Pfizer/BioNTech",France,https://www.data.gouv.fr/fr/datasets/donnees-relatives-aux-personnes-vaccinees-contre-la-covid-19-1/
2021-02-09,2520837,2151047,369790,0,"Moderna, Oxford/AstraZeneca, Pfizer/BioNTech",France,https://www.data.gouv.fr/fr/datasets/donnees-relatives-aux-personnes-vaccinees-contre-la-covid-19-1/
2021-02-10,2667810,2221400,446410,0,"Moderna, Oxford/AstraZeneca, Pfizer/BioNTech",France,https://www.data.gouv.fr/fr/datasets/donnees-relatives-aux-personnes-vaccinees-contre-la-covid-19-1/
2021-02-11,2853566,2308113,545453,0,"Moderna, Oxford/AstraZeneca, Pfizer/BioNTech",France,https://www.data.gouv.fr/fr/datasets/donnees-relatives-aux-personnes-vaccinees-contre-la-covid-19-1/
2021-02-12,3006404,2386802,619602,0,"Moderna, Oxford/AstraZeneca, Pfizer/BioNTech",France,https://www.data.gouv.fr/fr/datasets/donnees-relatives-aux-personnes-vaccinees-contre-la-covid-19-1/
2021-02-13,3047960,2408887,639073,0,"Moderna, Oxford/AstraZeneca, Pfizer/BioNTech",France,https://www.data.gouv.fr/fr/datasets/donnees-relatives-aux-personnes-vaccinees-contre-la-covid-19-1/
2021-02-14,3060011,2413754,646257,0,"Moderna, Oxford/AstraZeneca, Pfizer/BioNTech",France,https://www.data.gouv.fr/fr/datasets/donnees-relatives-aux-personnes-vaccinees-contre-la-covid-19-1/
2021-02-15,3174052,2451371,722681,0,"Moderna, Oxford/AstraZeneca, Pfizer/BioNTech",France,https://www.data.gouv.fr/fr/datasets/donnees-relatives-aux-personnes-vaccinees-contre-la-covid-19-1/
2021-02-16,3324507,2501231,823276,0,"Moderna, Oxford/AstraZeneca, Pfizer/BioNTech",France,https://www.data.gouv.fr/fr/datasets/donnees-relatives-aux-personnes-vaccinees-contre-la-covid-19-1/
2021-02-17,3477390,2551234,926155,1,"Moderna, Oxford/AstraZeneca, Pfizer/BioNTech",France,https://www.data.gouv.fr/fr/datasets/donnees-relatives-aux-personnes-vaccinees-contre-la-covid-19-1/
2021-02-18,3664906,2620366,1044539,1,"Moderna, Oxford/AstraZeneca, Pfizer/BioNTech",France,https://www.data.gouv.fr/fr/datasets/donnees-relatives-aux-personnes-vaccinees-contre-la-covid-19-1/
2021-02-19,3820172,2684977,1135194,1,"Moderna, Oxford/AstraZeneca, Pfizer/BioNTech",France,https://www.data.gouv.fr/fr/datasets/donnees-relatives-aux-personnes-vaccinees-contre-la-covid-19-1/
2021-02-20,3866879,2703297,1163581,1,"Moderna, Oxford/AstraZeneca, Pfizer/BioNTech",France,https://www.data.gouv.fr/fr/datasets/donnees-relatives-aux-personnes-vaccinees-contre-la-covid-19-1/
2021-02-21,3876385,2706435,1169949,1,"Moderna, Oxford/AstraZeneca, Pfizer/BioNTech",France,https://www.data.gouv.fr/fr/datasets/donnees-relatives-aux-personnes-vaccinees-contre-la-covid-19-1/
2021-02-22,3986530,2743523,1243005,2,"Moderna, Oxford/AstraZeneca, Pfizer/BioNTech",France,https://www.data.gouv.fr/fr/datasets/donnees-relatives-aux-personnes-vaccinees-contre-la-covid-19-1/
2021-02-23,4123829,2796850,1326976,3,"Moderna, Oxford/AstraZeneca, Pfizer/BioNTech",France,https://www.data.gouv.fr/fr/datasets/donnees-relatives-aux-personnes-vaccinees-contre-la-covid-19-1/
2021-02-24,4264207,2856192,1408011,4,"Moderna, Oxford/AstraZeneca, Pfizer/BioNTech",France,https://www.data.gouv.fr/fr/datasets/donnees-relatives-aux-personnes-vaccinees-contre-la-covid-19-1/
2021-02-25,4455459,2956136,1499318,5,"Moderna, Oxford/AstraZeneca, Pfizer/BioNTech",France,https://www.data.gouv.fr/fr/datasets/donnees-relatives-aux-personnes-vaccinees-contre-la-covid-19-1/
2021-02-26,4639210,3068963,1570242,5,"Moderna, Oxford/AstraZeneca, Pfizer/BioNTech",France,https://www.data.gouv.fr/fr/datasets/donnees-relatives-aux-personnes-vaccinees-contre-la-covid-19-1/
2021-02-27,4712939,3120733,1592201,5,"Moderna, Oxford/AstraZeneca, Pfizer/BioNTech",France,https://www.data.gouv.fr/fr/datasets/donnees-relatives-aux-personnes-vaccinees-contre-la-covid-19-1/
2021-02-28,4723335,3126719,1596610,6,"Moderna, Oxford/AstraZeneca, Pfizer/BioNTech",France,https://www.data.gouv.fr/fr/datasets/donnees-relatives-aux-personnes-vaccinees-contre-la-covid-19-1/
2021-03-01,4840839,3191493,1649340,6,"Moderna, Oxford/AstraZeneca, Pfizer/BioNTech",France,https://www.data.gouv.fr/fr/datasets/donnees-relatives-aux-personnes-vaccinees-contre-la-covid-19-1/
2021-03-02,5007602,3292076,1715519,7,"Moderna, Oxford/AstraZeneca, Pfizer/BioNTech",France,https://www.data.gouv.fr/fr/datasets/donnees-relatives-aux-personnes-vaccinees-contre-la-covid-19-1/
2021-03-03,5188517,3407513,1780997,7,"Moderna, Oxford/AstraZeneca, Pfizer/BioNTech",France,https://www.data.gouv.fr/fr/datasets/donnees-relatives-aux-personnes-vaccinees-contre-la-covid-19-1/
2021-03-04,5419975,3570160,1849806,9,"Moderna, Oxford/AstraZeneca, Pfizer/BioNTech",France,https://www.data.gouv.fr/fr/datasets/donnees-relatives-aux-personnes-vaccinees-contre-la-covid-19-1/
2021-03-05,5683133,3770009,1913112,12,"Moderna, Oxford/AstraZeneca, Pfizer/BioNTech",France,https://www.data.gouv.fr/fr/datasets/donnees-relatives-aux-personnes-vaccinees-contre-la-covid-19-1/
2021-03-06,5908116,3977184,1930917,15,"Moderna, Oxford/AstraZeneca, Pfizer/BioNTech",France,https://www.data.gouv.fr/fr/datasets/donnees-relatives-aux-personnes-vaccinees-contre-la-covid-19-1/
2021-03-07,6034357,4097960,1936382,15,"Moderna, Oxford/AstraZeneca, Pfizer/BioNTech",France,https://www.data.gouv.fr/fr/datasets/donnees-relatives-aux-personnes-vaccinees-contre-la-covid-19-1/
2021-03-08,6191428,4204278,1987135,15,"Moderna, Oxford/AstraZeneca, Pfizer/BioNTech",France,https://www.data.gouv.fr/fr/datasets/donnees-relatives-aux-personnes-vaccinees-contre-la-covid-19-1/
2021-03-09,6419738,4375861,2043861,16,"Moderna, Oxford/AstraZeneca, Pfizer/BioNTech",France,https://www.data.gouv.fr/fr/datasets/donnees-relatives-aux-personnes-vaccinees-contre-la-covid-19-1/
2021-03-10,6654586,4553564,2101003,19,"Moderna, Oxford/AstraZeneca, Pfizer/BioNTech",France,https://www.data.gouv.fr/fr/datasets/donnees-relatives-aux-personnes-vaccinees-contre-la-covid-19-1/
2021-03-11,6959320,4795263,2164038,19,"Moderna, Oxford/AstraZeneca, Pfizer/BioNTech",France,https://www.data.gouv.fr/fr/datasets/donnees-relatives-aux-personnes-vaccinees-contre-la-covid-19-1/
2021-03-12,7306429,5088901,2217509,19,"Moderna, Oxford/AstraZeneca, Pfizer/BioNTech",France,https://www.data.gouv.fr/fr/datasets/donnees-relatives-aux-personnes-vaccinees-contre-la-covid-19-1/
2021-03-13,7552189,5319374,2232796,19,"Moderna, Oxford/AstraZeneca, Pfizer/BioNTech",France,https://www.data.gouv.fr/fr/datasets/donnees-relatives-aux-personnes-vaccinees-contre-la-covid-19-1/
2021-03-14,7618545,5382302,2236224,19,"Moderna, Oxford/AstraZeneca, Pfizer/BioNTech",France,https://www.data.gouv.fr/fr/datasets/donnees-relatives-aux-personnes-vaccinees-contre-la-covid-19-1/
2021-03-15,7808730,5539884,2268826,20,"Moderna, Oxford/AstraZeneca, Pfizer/BioNTech",France,https://www.data.gouv.fr/fr/datasets/donnees-relatives-aux-personnes-vaccinees-contre-la-covid-19-1/
2021-03-16,7988935,5680602,2308311,22,"Moderna, Oxford/AstraZeneca, Pfizer/BioNTech",France,https://www.data.gouv.fr/fr/datasets/donnees-relatives-aux-personnes-vaccinees-contre-la-covid-19-1/
2021-03-17,8177302,5830214,2347064,24,"Moderna, Oxford/AstraZeneca, Pfizer/BioNTech",France,https://www.data.gouv.fr/fr/datasets/donnees-relatives-aux-personnes-vaccinees-contre-la-covid-19-1/
2021-03-18,8388740,5997079,2391636,25,"Moderna, Oxford/AstraZeneca, Pfizer/BioNTech",France,https://www.data.gouv.fr/fr/datasets/donnees-relatives-aux-personnes-vaccinees-contre-la-covid-19-1/
2021-03-19,8655140,6226049,2429066,25,"Moderna, Oxford/AstraZeneca, Pfizer/BioNTech",France,https://www.data.gouv.fr/fr/datasets/donnees-relatives-aux-personnes-vaccinees-contre-la-covid-19-1/
2021-03-20,8832879,6392025,2440829,25,"Moderna, Oxford/AstraZeneca, Pfizer/BioNTech",France,https://www.data.gouv.fr/fr/datasets/donnees-relatives-aux-personnes-vaccinees-contre-la-covid-19-1/
2021-03-21,8884964,6441484,2443454,26,"Moderna, Oxford/AstraZeneca, Pfizer/BioNTech",France,https://www.data.gouv.fr/fr/datasets/donnees-relatives-aux-personnes-vaccinees-contre-la-covid-19-1/
2021-03-22,9088195,6610460,2477708,27,"Moderna, Oxford/AstraZeneca, Pfizer/BioNTech",France,https://www.data.gouv.fr/fr/datasets/donnees-relatives-aux-personnes-vaccinees-contre-la-covid-19-1/
2021-03-23,9379709,6859619,2520062,28,"Moderna, Oxford/AstraZeneca, Pfizer/BioNTech",France,https://www.data.gouv.fr/fr/datasets/donnees-relatives-aux-personnes-vaccinees-contre-la-covid-19-1/
2021-03-24,9679198,7115311,2563859,28,"Moderna, Oxford/AstraZeneca, Pfizer/BioNTech",France,https://www.data.gouv.fr/fr/datasets/donnees-relatives-aux-personnes-vaccinees-contre-la-covid-19-1/
2021-03-25,10064509,7455915,2608564,30,"Moderna, Oxford/AstraZeneca, Pfizer/BioNTech",France,https://www.data.gouv.fr/fr/datasets/donnees-relatives-aux-personnes-vaccinees-contre-la-covid-19-1/
2021-03-26,10464016,7813569,2650416,31,"Moderna, Oxford/AstraZeneca, Pfizer/BioNTech",France,https://www.data.gouv.fr/fr/datasets/donnees-relatives-aux-personnes-vaccinees-contre-la-covid-19-1/
2021-03-27,10675209,8008129,2667049,31,"Moderna, Oxford/AstraZeneca, Pfizer/BioNTech",France,https://www.data.gouv.fr/fr/datasets/donnees-relatives-aux-personnes-vaccinees-contre-la-covid-19-1/
2021-03-28,10737887,8067077,2670777,33,"Moderna, Oxford/AstraZeneca, Pfizer/BioNTech",France,https://www.data.gouv.fr/fr/datasets/donnees-relatives-aux-personnes-vaccinees-contre-la-covid-19-1/
2021-03-29,10994235,8269173,2725028,34,"Moderna, Oxford/AstraZeneca, Pfizer/BioNTech",France,https://www.data.gouv.fr/fr/datasets/donnees-relatives-aux-personnes-vaccinees-contre-la-covid-19-1/
2021-03-30,11348001,8553330,2794634,37,"Moderna, Oxford/AstraZeneca, Pfizer/BioNTech",France,https://www.data.gouv.fr/fr/datasets/donnees-relatives-aux-personnes-vaccinees-contre-la-covid-19-1/
2021-03-31,11682652,8815104,2867508,40,"Moderna, Oxford/AstraZeneca, Pfizer/BioNTech",France,https://www.data.gouv.fr/fr/datasets/donnees-relatives-aux-personnes-vaccinees-contre-la-covid-19-1/
2021-04-01,12083651,9128365,2955240,46,"Moderna, Oxford/AstraZeneca, Pfizer/BioNTech",France,https://www.data.gouv.fr/fr/datasets/donnees-relatives-aux-personnes-vaccinees-contre-la-covid-19-1/
2021-04-02,12455780,9408426,3047303,51,"Moderna, Oxford/AstraZeneca, Pfizer/BioNTech",France,https://www.data.gouv.fr/fr/datasets/donnees-relatives-aux-personnes-vaccinees-contre-la-covid-19-1/
2021-04-03,12657826,9548667,3109105,54,"Moderna, Oxford/AstraZeneca, Pfizer/BioNTech",France,https://www.data.gouv.fr/fr/datasets/donnees-relatives-aux-personnes-vaccinees-contre-la-covid-19-1/
2021-04-04,12721897,9594088,3127754,55,"Moderna, Oxford/AstraZeneca, Pfizer/BioNTech",France,https://www.data.gouv.fr/fr/datasets/donnees-relatives-aux-personnes-vaccinees-contre-la-covid-19-1/
2021-04-05,12792646,9653843,3138743,60,"Moderna, Oxford/AstraZeneca, Pfizer/BioNTech",France,https://www.data.gouv.fr/fr/datasets/donnees-relatives-aux-personnes-vaccinees-contre-la-covid-19-1/
2021-04-06,13116060,9869468,3246522,70,"Moderna, Oxford/AstraZeneca, Pfizer/BioNTech",France,https://www.data.gouv.fr/fr/datasets/donnees-relatives-aux-personnes-vaccinees-contre-la-covid-19-1/
2021-04-07,13489876,10127901,3361899,76,"Moderna, Oxford/AstraZeneca, Pfizer/BioNTech",France,https://www.data.gouv.fr/fr/datasets/donnees-relatives-aux-personnes-vaccinees-contre-la-covid-19-1/
2021-04-08,13947015,10463683,3483250,82,"Moderna, Oxford/AstraZeneca, Pfizer/BioNTech",France,https://www.data.gouv.fr/fr/datasets/donnees-relatives-aux-personnes-vaccinees-contre-la-covid-19-1/
2021-04-09,14471737,10871959,3599663,115,"Moderna, Oxford/AstraZeneca, Pfizer/BioNTech",France,https://www.data.gouv.fr/fr/datasets/donnees-relatives-aux-personnes-vaccinees-contre-la-covid-19-1/
2021-04-10,14766058,11083565,3682369,124,"Moderna, Oxford/AstraZeneca, Pfizer/BioNTech",France,https://www.data.gouv.fr/fr/datasets/donnees-relatives-aux-personnes-vaccinees-contre-la-covid-19-1/
2021-04-11,14856174,11139105,3716942,127,"Moderna, Oxford/AstraZeneca, Pfizer/BioNTech",France,https://www.data.gouv.fr/fr/datasets/donnees-relatives-aux-personnes-vaccinees-contre-la-covid-19-1/
2021-04-12,15206932,11374683,3832092,157,"Moderna, Oxford/AstraZeneca, Pfizer/BioNTech",France,https://www.data.gouv.fr/fr/datasets/donnees-relatives-aux-personnes-vaccinees-contre-la-covid-19-1/
2021-04-13,15659623,11682447,3976958,218,"Moderna, Oxford/AstraZeneca, Pfizer/BioNTech",France,https://www.data.gouv.fr/fr/datasets/donnees-relatives-aux-personnes-vaccinees-contre-la-covid-19-1/
2021-04-14,16091305,11974684,4116271,350,"Moderna, Oxford/AstraZeneca, Pfizer/BioNTech",France,https://www.data.gouv.fr/fr/datasets/donnees-relatives-aux-personnes-vaccinees-contre-la-covid-19-1/
2021-04-15,16573826,12309226,4264058,542,"Moderna, Oxford/AstraZeneca, Pfizer/BioNTech",France,https://www.data.gouv.fr/fr/datasets/donnees-relatives-aux-personnes-vaccinees-contre-la-covid-19-1/
2021-04-16,17057483,12646963,4409746,774,"Moderna, Oxford/AstraZeneca, Pfizer/BioNTech",France,https://www.data.gouv.fr/fr/datasets/donnees-relatives-aux-personnes-vaccinees-contre-la-covid-19-1/
2021-04-17,17335469,12834690,4499946,833,"Moderna, Oxford/AstraZeneca, Pfizer/BioNTech",France,https://www.data.gouv.fr/fr/datasets/donnees-relatives-aux-personnes-vaccinees-contre-la-covid-19-1/
2021-04-18,17421935,12885714,4535363,858,"Moderna, Oxford/AstraZeneca, Pfizer/BioNTech",France,https://www.data.gouv.fr/fr/datasets/donnees-relatives-aux-personnes-vaccinees-contre-la-covid-19-1/
2021-04-19,17764779,13089912,4673654,1213,"Moderna, Oxford/AstraZeneca, Pfizer/BioNTech",France,https://www.data.gouv.fr/fr/datasets/donnees-relatives-aux-personnes-vaccinees-contre-la-covid-19-1/
2021-04-20,18188301,13342410,4844276,1615,"Moderna, Oxford/AstraZeneca, Pfizer/BioNTech",France,https://www.data.gouv.fr/fr/datasets/donnees-relatives-aux-personnes-vaccinees-contre-la-covid-19-1/
2021-04-21,18608974,13593771,5013002,2201,"Moderna, Oxford/AstraZeneca, Pfizer/BioNTech",France,https://www.data.gouv.fr/fr/datasets/donnees-relatives-aux-personnes-vaccinees-contre-la-covid-19-1/
2021-04-22,19083348,13879470,5201140,2738,"Moderna, Oxford/AstraZeneca, Pfizer/BioNTech",France,https://www.data.gouv.fr/fr/datasets/donnees-relatives-aux-personnes-vaccinees-contre-la-covid-19-1/
2021-04-23,19562603,14174975,5387440,3247,"Johnson&Johnson, Moderna, Oxford/AstraZeneca, Pfizer/BioNTech",France,https://www.data.gouv.fr/fr/datasets/donnees-relatives-aux-personnes-vaccinees-contre-la-covid-19-1/
2021-04-24,19863576,14364323,5500530,3345,"Johnson&Johnson, Moderna, Oxford/AstraZeneca, Pfizer/BioNTech",France,https://www.data.gouv.fr/fr/datasets/donnees-relatives-aux-personnes-vaccinees-contre-la-covid-19-1/
2021-04-25,19971397,14433257,5539508,3377,"Johnson&Johnson, Moderna, Oxford/AstraZeneca, Pfizer/BioNTech",France,https://www.data.gouv.fr/fr/datasets/donnees-relatives-aux-personnes-vaccinees-contre-la-covid-19-1/
2021-04-26,20347353,14652828,5698389,3739,"Johnson&Johnson, Moderna, Oxford/AstraZeneca, Pfizer/BioNTech",France,https://www.data.gouv.fr/fr/datasets/donnees-relatives-aux-personnes-vaccinees-contre-la-covid-19-1/
2021-04-27,20818213,14935648,5895263,4375,"Johnson&Johnson, Moderna, Oxford/AstraZeneca, Pfizer/BioNTech",France,https://www.data.gouv.fr/fr/datasets/donnees-relatives-aux-personnes-vaccinees-contre-la-covid-19-1/
2021-04-28,21300291,15233464,6088246,5507,"Johnson&Johnson, Moderna, Oxford/AstraZeneca, Pfizer/BioNTech",France,https://www.data.gouv.fr/fr/datasets/donnees-relatives-aux-personnes-vaccinees-contre-la-covid-19-1/
2021-04-29,21852380,15588591,6300228,6434,"Johnson&Johnson, Moderna, Oxford/AstraZeneca, Pfizer/BioNTech",France,https://www.data.gouv.fr/fr/datasets/donnees-relatives-aux-personnes-vaccinees-contre-la-covid-19-1/
2021-04-30,22408212,15958899,6504169,7196,"Johnson&Johnson, Moderna, Oxford/AstraZeneca, Pfizer/BioNTech",France,https://www.data.gouv.fr/fr/datasets/donnees-relatives-aux-personnes-vaccinees-contre-la-covid-19-1/
2021-05-01,22625999,16124061,6558629,7309,"Johnson&Johnson, Moderna, Oxford/AstraZeneca, Pfizer/BioNTech",France,https://www.data.gouv.fr/fr/datasets/donnees-relatives-aux-personnes-vaccinees-contre-la-covid-19-1/
2021-05-02,22754677,16214858,6596920,7362,"Johnson&Johnson, Moderna, Oxford/AstraZeneca, Pfizer/BioNTech",France,https://www.data.gouv.fr/fr/datasets/donnees-relatives-aux-personnes-vaccinees-contre-la-covid-19-1/
2021-05-03,23210791,16500827,6771505,7922,"Johnson&Johnson, Moderna, Oxford/AstraZeneca, Pfizer/BioNTech",France,https://www.data.gouv.fr/fr/datasets/donnees-relatives-aux-personnes-vaccinees-contre-la-covid-19-1/
2021-05-04,23748585,16813542,7004068,8757,"Johnson&Johnson, Moderna, Oxford/AstraZeneca, Pfizer/BioNTech",France,https://www.data.gouv.fr/fr/datasets/donnees-relatives-aux-personnes-vaccinees-contre-la-covid-19-1/
2021-05-05,24297053,17136708,7234632,9580,"Johnson&Johnson, Moderna, Oxford/AstraZeneca, Pfizer/BioNTech",France,https://www.data.gouv.fr/fr/datasets/donnees-relatives-aux-personnes-vaccinees-contre-la-covid-19-1/
2021-05-06,24913337,17512726,7485070,10720,"Johnson&Johnson, Moderna, Oxford/AstraZeneca, Pfizer/BioNTech",France,https://www.data.gouv.fr/fr/datasets/donnees-relatives-aux-personnes-vaccinees-contre-la-covid-19-1/
2021-05-07,25541481,17882799,7761355,11519,"Johnson&Johnson, Moderna, Oxford/AstraZeneca, Pfizer/BioNTech",France,https://www.data.gouv.fr/fr/datasets/donnees-relatives-aux-personnes-vaccinees-contre-la-covid-19-1/
2021-05-08,25829263,18103517,7830567,11686,"Johnson&Johnson, Moderna, Oxford/AstraZeneca, Pfizer/BioNTech",France,https://www.data.gouv.fr/fr/datasets/donnees-relatives-aux-personnes-vaccinees-contre-la-covid-19-1/
2021-05-09,26004999,18232408,7877960,11791,"Johnson&Johnson, Moderna, Oxford/AstraZeneca, Pfizer/BioNTech",France,https://www.data.gouv.fr/fr/datasets/donnees-relatives-aux-personnes-vaccinees-contre-la-covid-19-1/
2021-05-10,26543692,18541401,8114083,12536,"Johnson&Johnson, Moderna, Oxford/AstraZeneca, Pfizer/BioNTech",France,https://www.data.gouv.fr/fr/datasets/donnees-relatives-aux-personnes-vaccinees-contre-la-covid-19-1/
2021-05-11,27203576,18942172,8386415,13543,"Johnson&Johnson, Moderna, Oxford/AstraZeneca, Pfizer/BioNTech",France,https://www.data.gouv.fr/fr/datasets/donnees-relatives-aux-personnes-vaccinees-contre-la-covid-19-1/
2021-05-12,27868034,19372544,8629681,14438,"Johnson&Johnson, Moderna, Oxford/AstraZeneca, Pfizer/BioNTech",France,https://www.data.gouv.fr/fr/datasets/donnees-relatives-aux-personnes-vaccinees-contre-la-covid-19-1/
2021-05-13,28260858,19708241,8688070,14695,"Johnson&Johnson, Moderna, Oxford/AstraZeneca, Pfizer/BioNTech",France,https://www.data.gouv.fr/fr/datasets/donnees-relatives-aux-personnes-vaccinees-contre-la-covid-19-1/
2021-05-14,28879685,20158877,8863224,15399,"Johnson&Johnson, Moderna, Oxford/AstraZeneca, Pfizer/BioNTech",France,https://www.data.gouv.fr/fr/datasets/donnees-relatives-aux-personnes-vaccinees-contre-la-covid-19-1/
2021-05-15,29345563,20530516,8960887,15631,"Johnson&Johnson, Moderna, Oxford/AstraZeneca, Pfizer/BioNTech",France,https://www.data.gouv.fr/fr/datasets/donnees-relatives-aux-personnes-vaccinees-contre-la-covid-19-1/
2021-05-16,29567923,20731957,8982102,15726,"Johnson&Johnson, Moderna, Oxford/AstraZeneca, Pfizer/BioNTech",France,https://www.data.gouv.fr/fr/datasets/donnees-relatives-aux-personnes-vaccinees-contre-la-covid-19-1/
2021-05-17,30091258,21105222,9135629,16666,"Johnson&Johnson, Moderna, Oxford/AstraZeneca, Pfizer/BioNTech",France,https://www.data.gouv.fr/fr/datasets/donnees-relatives-aux-personnes-vaccinees-contre-la-covid-19-1/
2021-05-18,30701670,21561269,9297448,17875,"Johnson&Johnson, Moderna, Oxford/AstraZeneca, Pfizer/BioNTech",France,https://www.data.gouv.fr/fr/datasets/donnees-relatives-aux-personnes-vaccinees-contre-la-covid-19-1/
2021-05-19,31312793,22025504,9448365,19446,"Johnson&Johnson, Moderna, Oxford/AstraZeneca, Pfizer/BioNTech",France,https://www.data.gouv.fr/fr/datasets/donnees-relatives-aux-personnes-vaccinees-contre-la-covid-19-1/
2021-05-20,31978279,22529221,9618065,20860,"Johnson&Johnson, Moderna, Oxford/AstraZeneca, Pfizer/BioNTech",France,https://www.data.gouv.fr/fr/datasets/donnees-relatives-aux-personnes-vaccinees-contre-la-covid-19-1/
2021-05-21,32640339,23015544,9805260,22059,"Johnson&Johnson, Moderna, Oxford/AstraZeneca, Pfizer/BioNTech",France,https://www.data.gouv.fr/fr/datasets/donnees-relatives-aux-personnes-vaccinees-contre-la-covid-19-1/
2021-05-22,33065759,23360686,9890104,22459,"Johnson&Johnson, Moderna, Oxford/AstraZeneca, Pfizer/BioNTech",France,https://www.data.gouv.fr/fr/datasets/donnees-relatives-aux-personnes-vaccinees-contre-la-covid-19-1/
2021-05-23,33241040,23521377,9905000,22612,"Johnson&Johnson, Moderna, Oxford/AstraZeneca, Pfizer/BioNTech",France,https://www.data.gouv.fr/fr/datasets/donnees-relatives-aux-personnes-vaccinees-contre-la-covid-19-1/
2021-05-24,33536029,23782766,9939231,22975,"Johnson&Johnson, Moderna, Oxford/AstraZeneca, Pfizer/BioNTech",France,https://www.data.gouv.fr/fr/datasets/donnees-relatives-aux-personnes-vaccinees-contre-la-covid-19-1/
2021-05-25,34123869,24179843,10136020,24439,"Johnson&Johnson, Moderna, Oxford/AstraZeneca, Pfizer/BioNTech",France,https://www.data.gouv.fr/fr/datasets/donnees-relatives-aux-personnes-vaccinees-contre-la-covid-19-1/
2021-05-26,34723914,24590280,10331801,25894,"Johnson&Johnson, Moderna, Oxford/AstraZeneca, Pfizer/BioNTech",France,https://www.data.gouv.fr/fr/datasets/donnees-relatives-aux-personnes-vaccinees-contre-la-covid-19-1/
2021-05-27,35390727,25037000,10564669,27308,"Johnson&Johnson, Moderna, Oxford/AstraZeneca, Pfizer/BioNTech",France,https://www.data.gouv.fr/fr/datasets/donnees-relatives-aux-personnes-vaccinees-contre-la-covid-19-1/
2021-05-28,36078284,25463746,10850618,28484,"Johnson&Johnson, Moderna, Oxford/AstraZeneca, Pfizer/BioNTech",France,https://www.data.gouv.fr/fr/datasets/donnees-relatives-aux-personnes-vaccinees-contre-la-covid-19-1/
2021-05-29,36525498,25761180,11011272,28838,"Johnson&Johnson, Moderna, Oxford/AstraZeneca, Pfizer/BioNTech",France,https://www.data.gouv.fr/fr/datasets/donnees-relatives-aux-personnes-vaccinees-contre-la-covid-19-1/
2021-05-30,36664353,25867326,11044762,28936,"Johnson&Johnson, Moderna, Oxford/AstraZeneca, Pfizer/BioNTech",France,https://www.data.gouv.fr/fr/datasets/donnees-relatives-aux-personnes-vaccinees-contre-la-covid-19-1/
2021-05-31,37224350,26222875,11260773,29868,"Johnson&Johnson, Moderna, Oxford/AstraZeneca, Pfizer/BioNTech",France,https://www.data.gouv.fr/fr/datasets/donnees-relatives-aux-personnes-vaccinees-contre-la-covid-19-1/
2021-06-01,37899489,26645120,11532387,31130,"Johnson&Johnson, Moderna, Oxford/AstraZeneca, Pfizer/BioNTech",France,https://www.data.gouv.fr/fr/datasets/donnees-relatives-aux-personnes-vaccinees-contre-la-covid-19-1/
2021-06-02,38543849,27057379,11777579,32359,"Johnson&Johnson, Moderna, Oxford/AstraZeneca, Pfizer/BioNTech",France,https://www.data.gouv.fr/fr/datasets/donnees-relatives-aux-personnes-vaccinees-contre-la-covid-19-1/
2021-06-03,39261703,27515471,12055511,33440,"Johnson&Johnson, Moderna, Oxford/AstraZeneca, Pfizer/BioNTech",France,https://www.data.gouv.fr/fr/datasets/donnees-relatives-aux-personnes-vaccinees-contre-la-covid-19-1/
2021-06-04,40018988,27966854,12382626,34498,"Johnson&Johnson, Moderna, Oxford/AstraZeneca, Pfizer/BioNTech",France,https://www.data.gouv.fr/fr/datasets/donnees-relatives-aux-personnes-vaccinees-contre-la-covid-19-1/
2021-06-05,40510598,28269007,12581276,34891,"Johnson&Johnson, Moderna, Oxford/AstraZeneca, Pfizer/BioNTech",France,https://www.data.gouv.fr/fr/datasets/donnees-relatives-aux-personnes-vaccinees-contre-la-covid-19-1/
2021-06-06,40691225,28400375,12631350,35031,"Johnson&Johnson, Moderna, Oxford/AstraZeneca, Pfizer/BioNTech",France,https://www.data.gouv.fr/fr/datasets/donnees-relatives-aux-personnes-vaccinees-contre-la-covid-19-1/
2021-06-07,41288860,28734665,12902783,35965,"Johnson&Johnson, Moderna, Oxford/AstraZeneca, Pfizer/BioNTech",France,https://www.data.gouv.fr/fr/datasets/donnees-relatives-aux-personnes-vaccinees-contre-la-covid-19-1/
2021-06-08,41970780,29124264,13208481,37017,"Johnson&Johnson, Moderna, Oxford/AstraZeneca, Pfizer/BioNTech",France,https://www.data.gouv.fr/fr/datasets/donnees-relatives-aux-personnes-vaccinees-contre-la-covid-19-1/
2021-06-09,42628084,29504523,13496458,38106,"Johnson&Johnson, Moderna, Oxford/AstraZeneca, Pfizer/BioNTech",France,https://www.data.gouv.fr/fr/datasets/donnees-relatives-aux-personnes-vaccinees-contre-la-covid-19-1/
2021-06-10,43316661,29902613,13801056,39212,"Johnson&Johnson, Moderna, Oxford/AstraZeneca, Pfizer/BioNTech",France,https://www.data.gouv.fr/fr/datasets/donnees-relatives-aux-personnes-vaccinees-contre-la-covid-19-1/
2021-06-11,44058606,30286137,14175375,40068,"Johnson&Johnson, Moderna, Oxford/AstraZeneca, Pfizer/BioNTech",France,https://www.data.gouv.fr/fr/datasets/donnees-relatives-aux-personnes-vaccinees-contre-la-covid-19-1/
2021-06-12,44551439,30567196,14394162,40358,"Johnson&Johnson, Moderna, Oxford/AstraZeneca, Pfizer/BioNTech",France,https://www.data.gouv.fr/fr/datasets/donnees-relatives-aux-personnes-vaccinees-contre-la-covid-19-1/
2021-06-13,44729410,30670985,14469085,40471,"Johnson&Johnson, Moderna, Oxford/AstraZeneca, Pfizer/BioNTech",France,https://www.data.gouv.fr/fr/datasets/donnees-relatives-aux-personnes-vaccinees-contre-la-covid-19-1/
2021-06-14,45324149,30908894,14831531,41353,"Johnson&Johnson, Moderna, Oxford/AstraZeneca, Pfizer/BioNTech",France,https://www.data.gouv.fr/fr/datasets/donnees-relatives-aux-personnes-vaccinees-contre-la-covid-19-1/
2021-06-15,46015590,31213328,15228331,42291,"Johnson&Johnson, Moderna, Oxford/AstraZeneca, Pfizer/BioNTech",France,https://www.data.gouv.fr/fr/datasets/donnees-relatives-aux-personnes-vaccinees-contre-la-covid-19-1/
2021-06-16,46684758,31523798,15594856,43212,"Johnson&Johnson, Moderna, Oxford/AstraZeneca, Pfizer/BioNTech",France,https://www.data.gouv.fr/fr/datasets/donnees-relatives-aux-personnes-vaccinees-contre-la-covid-19-1/
2021-06-17,47372182,31838122,15977804,44076,"Johnson&Johnson, Moderna, Oxford/AstraZeneca, Pfizer/BioNTech",France,https://www.data.gouv.fr/fr/datasets/donnees-relatives-aux-personnes-vaccinees-contre-la-covid-19-1/
2021-06-18,48134668,32157051,16432829,44841,"Johnson&Johnson, Moderna, Oxford/AstraZeneca, Pfizer/BioNTech",France,https://www.data.gouv.fr/fr/datasets/donnees-relatives-aux-personnes-vaccinees-contre-la-covid-19-1/
2021-06-19,48631854,32380008,16712258,45102,"Johnson&Johnson, Moderna, Oxford/AstraZeneca, Pfizer/BioNTech",France,https://www.data.gouv.fr/fr/datasets/donnees-relatives-aux-personnes-vaccinees-contre-la-covid-19-1/
2021-06-20,48807811,32453276,16815510,45173,"Johnson&Johnson, Moderna, Oxford/AstraZeneca, Pfizer/BioNTech",France,https://www.data.gouv.fr/fr/datasets/donnees-relatives-aux-personnes-vaccinees-contre-la-covid-19-1/
2021-06-21,49403675,32646391,17222552,45805,"Johnson&Johnson, Moderna, Oxford/AstraZeneca, Pfizer/BioNTech",France,https://www.data.gouv.fr/fr/datasets/donnees-relatives-aux-personnes-vaccinees-contre-la-covid-19-1/
2021-06-22,50092474,32867034,17697633,46588,"Johnson&Johnson, Moderna, Oxford/AstraZeneca, Pfizer/BioNTech",France,https://www.data.gouv.fr/fr/datasets/donnees-relatives-aux-personnes-vaccinees-contre-la-covid-19-1/
2021-06-23,50764367,33098243,18144489,47349,"Johnson&Johnson, Moderna, Oxford/AstraZeneca, Pfizer/BioNTech",France,https://www.data.gouv.fr/fr/datasets/donnees-relatives-aux-personnes-vaccinees-contre-la-covid-19-1/
2021-06-24,51413823,33337520,18562280,48186,"Johnson&Johnson, Moderna, Oxford/AstraZeneca, Pfizer/BioNTech",France,https://www.data.gouv.fr/fr/datasets/donnees-relatives-aux-personnes-vaccinees-contre-la-covid-19-1/
2021-06-25,52161448,33561916,19094559,49053,"Johnson&Johnson, Moderna, Oxford/AstraZeneca, Pfizer/BioNTech",France,https://www.data.gouv.fr/fr/datasets/donnees-relatives-aux-personnes-vaccinees-contre-la-covid-19-1/
2021-06-26,52684352,33713649,19470044,49379,"Johnson&Johnson, Moderna, Oxford/AstraZeneca, Pfizer/BioNTech",France,https://www.data.gouv.fr/fr/datasets/donnees-relatives-aux-personnes-vaccinees-contre-la-covid-19-1/
2021-06-27,52895932,33768729,19627063,49478,"Johnson&Johnson, Moderna, Oxford/AstraZeneca, Pfizer/BioNTech",France,https://www.data.gouv.fr/fr/datasets/donnees-relatives-aux-personnes-vaccinees-contre-la-covid-19-1/
2021-06-28,53502604,33921399,20084927,50214,"Johnson&Johnson, Moderna, Oxford/AstraZeneca, Pfizer/BioNTech",France,https://www.data.gouv.fr/fr/datasets/donnees-relatives-aux-personnes-vaccinees-contre-la-covid-19-1/
2021-06-29,54190975,34102124,20597406,52199,"Johnson&Johnson, Moderna, Oxford/AstraZeneca, Pfizer/BioNTech",France,https://www.data.gouv.fr/fr/datasets/donnees-relatives-aux-personnes-vaccinees-contre-la-covid-19-1/
2021-06-30,54875686,34303726,21085078,54066,"Johnson&Johnson, Moderna, Oxford/AstraZeneca, Pfizer/BioNTech",France,https://www.data.gouv.fr/fr/datasets/donnees-relatives-aux-personnes-vaccinees-contre-la-covid-19-1/
2021-07-01,55560560,34528700,21550772,56197,"Johnson&Johnson, Moderna, Oxford/AstraZeneca, Pfizer/BioNTech",France,https://www.data.gouv.fr/fr/datasets/donnees-relatives-aux-personnes-vaccinees-contre-la-covid-19-1/
2021-07-02,56306294,34751887,22080451,58243,"Johnson&Johnson, Moderna, Oxford/AstraZeneca, Pfizer/BioNTech",France,https://www.data.gouv.fr/fr/datasets/donnees-relatives-aux-personnes-vaccinees-contre-la-covid-19-1/
2021-07-03,56816206,34892026,22454027,59138,"Johnson&Johnson, Moderna, Oxford/AstraZeneca, Pfizer/BioNTech",France,https://www.data.gouv.fr/fr/datasets/donnees-relatives-aux-personnes-vaccinees-contre-la-covid-19-1/
2021-07-04,57013749,34947945,22595967,59400,"Johnson&Johnson, Moderna, Oxford/AstraZeneca, Pfizer/BioNTech",France,https://www.data.gouv.fr/fr/datasets/donnees-relatives-aux-personnes-vaccinees-contre-la-covid-19-1/
2021-07-05,57599334,35112396,23020112,60994,"Johnson&Johnson, Moderna, Oxford/AstraZeneca, Pfizer/BioNTech",France,https://www.data.gouv.fr/fr/datasets/donnees-relatives-aux-personnes-vaccinees-contre-la-covid-19-1/
2021-07-06,58269805,35306015,23502712,62736,"Johnson&Johnson, Moderna, Oxford/AstraZeneca, Pfizer/BioNTech",France,https://www.data.gouv.fr/fr/datasets/donnees-relatives-aux-personnes-vaccinees-contre-la-covid-19-1/
2021-07-07,58919973,35514888,23949030,64485,"Johnson&Johnson, Moderna, Oxford/AstraZeneca, Pfizer/BioNTech",France,https://www.data.gouv.fr/fr/datasets/donnees-relatives-aux-personnes-vaccinees-contre-la-covid-19-1/
2021-07-08,59574684,35743369,24382220,66503,"Johnson&Johnson, Moderna, Oxford/AstraZeneca, Pfizer/BioNTech",France,https://www.data.gouv.fr/fr/datasets/donnees-relatives-aux-personnes-vaccinees-contre-la-covid-19-1/
2021-07-09,60312756,35969457,24902174,68609,"Johnson&Johnson, Moderna, Oxford/AstraZeneca, Pfizer/BioNTech",France,https://www.data.gouv.fr/fr/datasets/donnees-relatives-aux-personnes-vaccinees-contre-la-covid-19-1/
2021-07-10,60800230,36116227,25246405,69557,"Johnson&Johnson, Moderna, Oxford/AstraZeneca, Pfizer/BioNTech",France,https://www.data.gouv.fr/fr/datasets/donnees-relatives-aux-personnes-vaccinees-contre-la-covid-19-1/
2021-07-11,60969966,36175583,25357030,69824,"Johnson&Johnson, Moderna, Oxford/AstraZeneca, Pfizer/BioNTech",France,https://www.data.gouv.fr/fr/datasets/donnees-relatives-aux-personnes-vaccinees-contre-la-covid-19-1/
2021-07-12,61616482,36342124,25840958,71535,"Johnson&Johnson, Moderna, Oxford/AstraZeneca, Pfizer/BioNTech",France,https://www.data.gouv.fr/fr/datasets/donnees-relatives-aux-personnes-vaccinees-contre-la-covid-19-1/
2021-07-13,62430964,36626884,26382710,73519,"Johnson&Johnson, Moderna, Oxford/AstraZeneca, Pfizer/BioNTech",France,https://www.data.gouv.fr/fr/datasets/donnees-relatives-aux-personnes-vaccinees-contre-la-covid-19-1/
2021-07-14,62768107,36805752,26542643,73939,"Johnson&Johnson, Moderna, Oxford/AstraZeneca, Pfizer/BioNTech",France,https://www.data.gouv.fr/fr/datasets/donnees-relatives-aux-personnes-vaccinees-contre-la-covid-19-1/
2021-07-15,63616609,37149749,27063113,75954,"Johnson&Johnson, Moderna, Oxford/AstraZeneca, Pfizer/BioNTech",France,https://www.data.gouv.fr/fr/datasets/donnees-relatives-aux-personnes-vaccinees-contre-la-covid-19-1/
2021-07-16,64492196,37527190,27581801,77910,"Johnson&Johnson, Moderna, Oxford/AstraZeneca, Pfizer/BioNTech",France,https://www.data.gouv.fr/fr/datasets/donnees-relatives-aux-personnes-vaccinees-contre-la-covid-19-1/
2021-07-17,65071282,37785424,27911367,78749,"Johnson&Johnson, Moderna, Oxford/AstraZeneca, Pfizer/BioNTech",France,https://www.data.gouv.fr/fr/datasets/donnees-relatives-aux-personnes-vaccinees-contre-la-covid-19-1/
2021-07-18,65295630,37894453,28027658,79053,"Johnson&Johnson, Moderna, Oxford/AstraZeneca, Pfizer/BioNTech",France,https://www.data.gouv.fr/fr/datasets/donnees-relatives-aux-personnes-vaccinees-contre-la-covid-19-1/
2021-07-19,66005969,38177787,28465811,80631,"Johnson&Johnson, Moderna, Oxford/AstraZeneca, Pfizer/BioNTech",France,https://www.data.gouv.fr/fr/datasets/donnees-relatives-aux-personnes-vaccinees-contre-la-covid-19-1/
2021-07-20,66835095,38552198,28935958,82281,"Johnson&Johnson, Moderna, Oxford/AstraZeneca, Pfizer/BioNTech",France,https://www.data.gouv.fr/fr/datasets/donnees-relatives-aux-personnes-vaccinees-contre-la-covid-19-1/
2021-07-21,67638252,38945461,29359663,83780,"Johnson&Johnson, Moderna, Oxford/AstraZeneca, Pfizer/BioNTech",France,https://www.data.gouv.fr/fr/datasets/donnees-relatives-aux-personnes-vaccinees-contre-la-covid-19-1/
2021-07-22,68466608,39383776,29766019,85439,"Johnson&Johnson, Moderna, Oxford/AstraZeneca, Pfizer/BioNTech",France,https://www.data.gouv.fr/fr/datasets/donnees-relatives-aux-personnes-vaccinees-contre-la-covid-19-1/
2021-07-23,69327687,39820226,30208907,87248,"Johnson&Johnson, Moderna, Oxford/AstraZeneca, Pfizer/BioNTech",France,https://www.data.gouv.fr/fr/datasets/donnees-relatives-aux-personnes-vaccinees-contre-la-covid-19-1/
2021-07-24,69882609,40104439,30487885,88016,"Johnson&Johnson, Moderna, Oxford/AstraZeneca, Pfizer/BioNTech",France,https://www.data.gouv.fr/fr/datasets/donnees-relatives-aux-personnes-vaccinees-contre-la-covid-19-1/
2021-07-25,70083429,40224853,30569276,88238,"Johnson&Johnson, Moderna, Oxford/AstraZeneca, Pfizer/BioNTech",France,https://www.data.gouv.fr/fr/datasets/donnees-relatives-aux-personnes-vaccinees-contre-la-covid-19-1/
2021-07-26,70754233,40570427,30903642,89810,"Johnson&Johnson, Moderna, Oxford/AstraZeneca, Pfizer/BioNTech",France,https://www.data.gouv.fr/fr/datasets/donnees-relatives-aux-personnes-vaccinees-contre-la-covid-19-1/
2021-07-27,71537792,41031784,31238398,91458,"Johnson&Johnson, Moderna, Oxford/AstraZeneca, Pfizer/BioNTech",France,https://www.data.gouv.fr/fr/datasets/donnees-relatives-aux-personnes-vaccinees-contre-la-covid-19-1/
2021-07-28,72286260,41488498,31540975,93055,"Johnson&Johnson, Moderna, Oxford/AstraZeneca, Pfizer/BioNTech",France,https://www.data.gouv.fr/fr/datasets/donnees-relatives-aux-personnes-vaccinees-contre-la-covid-19-1/
2021-07-29,73051631,41975527,31831277,94807,"Johnson&Johnson, Moderna, Oxford/AstraZeneca, Pfizer/BioNTech",France,https://www.data.gouv.fr/fr/datasets/donnees-relatives-aux-personnes-vaccinees-contre-la-covid-19-1/
2021-07-30,73815621,42435014,32149050,96697,"Johnson&Johnson, Moderna, Oxford/AstraZeneca, Pfizer/BioNTech",France,https://www.data.gouv.fr/fr/datasets/donnees-relatives-aux-personnes-vaccinees-contre-la-covid-19-1/
2021-07-31,74285694,42719324,32340537,97574,"Johnson&Johnson, Moderna, Oxford/AstraZeneca, Pfizer/BioNTech",France,https://www.data.gouv.fr/fr/datasets/donnees-relatives-aux-personnes-vaccinees-contre-la-covid-19-1/
2021-08-01,74446257,42829668,32391336,97800,"Johnson&Johnson, Moderna, Oxford/AstraZeneca, Pfizer/BioNTech",France,https://www.data.gouv.fr/fr/datasets/donnees-relatives-aux-personnes-vaccinees-contre-la-covid-19-1/
2021-08-02,75018897,43166646,32633018,99354,"Johnson&Johnson, Moderna, Oxford/AstraZeneca, Pfizer/BioNTech",France,https://www.data.gouv.fr/fr/datasets/donnees-relatives-aux-personnes-vaccinees-contre-la-covid-19-1/
2021-08-03,75659493,43560485,32888431,100989,"Johnson&Johnson, Moderna, Oxford/AstraZeneca, Pfizer/BioNTech",France,https://www.data.gouv.fr/fr/datasets/donnees-relatives-aux-personnes-vaccinees-contre-la-covid-19-1/
2021-08-04,76252712,43942100,33107587,102522,"Johnson&Johnson, Moderna, Oxford/AstraZeneca, Pfizer/BioNTech",France,https://www.data.gouv.fr/fr/datasets/donnees-relatives-aux-personnes-vaccinees-contre-la-covid-19-1/
2021-08-05,76845910,44305097,33345325,104178,"Johnson&Johnson, Moderna, Oxford/AstraZeneca, Pfizer/BioNTech",France,https://www.data.gouv.fr/fr/datasets/donnees-relatives-aux-personnes-vaccinees-contre-la-covid-19-1/
2021-08-06,77476309,44662034,33626695,105956,"Johnson&Johnson, Moderna, Oxford/AstraZeneca, Pfizer/BioNTech",France,https://www.data.gouv.fr/fr/datasets/donnees-relatives-aux-personnes-vaccinees-contre-la-covid-19-1/
2021-08-07,77866699,44873349,33809694,106691,"Johnson&Johnson, Moderna, Oxford/AstraZeneca, Pfizer/BioNTech",France,https://www.data.gouv.fr/fr/datasets/donnees-relatives-aux-personnes-vaccinees-contre-la-covid-19-1/
2021-08-08,78002860,44946067,33873891,106932,"Johnson&Johnson, Moderna, Oxford/AstraZeneca, Pfizer/BioNTech",France,https://www.data.gouv.fr/fr/datasets/donnees-relatives-aux-personnes-vaccinees-contre-la-covid-19-1/
2021-08-09,78520255,45202325,34139344,108416,"Johnson&Johnson, Moderna, Oxford/AstraZeneca, Pfizer/BioNTech",France,https://www.data.gouv.fr/fr/datasets/donnees-relatives-aux-personnes-vaccinees-contre-la-covid-19-1/
2021-08-10,79103260,45505531,34425923,110004,"Johnson&Johnson, Moderna, Oxford/AstraZeneca, Pfizer/BioNTech",France,https://www.data.gouv.fr/fr/datasets/donnees-relatives-aux-personnes-vaccinees-contre-la-covid-19-1/
2021-08-11,79641861,45782396,34693912,111369,"Johnson&Johnson, Moderna, Oxford/AstraZeneca, Pfizer/BioNTech",France,https://www.data.gouv.fr/fr/datasets/donnees-relatives-aux-personnes-vaccinees-contre-la-covid-19-1/
2021-08-12,80190700,46051472,34980249,112960,"Johnson&Johnson, Moderna, Oxford/AstraZeneca, Pfizer/BioNTech",France,https://www.data.gouv.fr/fr/datasets/donnees-relatives-aux-personnes-vaccinees-contre-la-covid-19-1/
2021-08-13,80717539,46301509,35262610,114499,"Johnson&Johnson, Moderna, Oxford/AstraZeneca, Pfizer/BioNTech",France,https://www.data.gouv.fr/fr/datasets/donnees-relatives-aux-personnes-vaccinees-contre-la-covid-19-1/
2021-08-14,81060425,46445697,35464106,115210,"Johnson&Johnson, Moderna, Oxford/AstraZeneca, Pfizer/BioNTech",France,https://www.data.gouv.fr/fr/datasets/donnees-relatives-aux-personnes-vaccinees-contre-la-covid-19-1/
2021-08-15,81148734,46483619,35514930,115392,"Johnson&Johnson, Moderna, Oxford/AstraZeneca, Pfizer/BioNTech",France,https://www.data.gouv.fr/fr/datasets/donnees-relatives-aux-personnes-vaccinees-contre-la-covid-19-1/
2021-08-16,81652758,46667814,35837041,116848,"Johnson&Johnson, Moderna, Oxford/AstraZeneca, Pfizer/BioNTech",France,https://www.data.gouv.fr/fr/datasets/donnees-relatives-aux-personnes-vaccinees-contre-la-covid-19-1/
2021-08-17,82204894,46881571,36179184,118413,"Johnson&Johnson, Moderna, Oxford/AstraZeneca, Pfizer/BioNTech",France,https://www.data.gouv.fr/fr/datasets/donnees-relatives-aux-personnes-vaccinees-contre-la-covid-19-1/
2021-08-18,82728044,47078513,36508736,119943,"Johnson&Johnson, Moderna, Oxford/AstraZeneca, Pfizer/BioNTech",France,https://www.data.gouv.fr/fr/datasets/donnees-relatives-aux-personnes-vaccinees-contre-la-covid-19-1/
2021-08-19,83245133,47268744,36839238,121499,"Johnson&Johnson, Moderna, Oxford/AstraZeneca, Pfizer/BioNTech",France,https://www.data.gouv.fr/fr/datasets/donnees-relatives-aux-personnes-vaccinees-contre-la-covid-19-1/
2021-08-20,83795945,47452991,37209031,123203,"Johnson&Johnson, Moderna, Oxford/AstraZeneca, Pfizer/BioNTech",France,https://www.data.gouv.fr/fr/datasets/donnees-relatives-aux-personnes-vaccinees-contre-la-covid-19-1/
2021-08-21,84138465,47556878,37449138,123855,"Johnson&Johnson, Moderna, Oxford/AstraZeneca, Pfizer/BioNTech",France,https://www.data.gouv.fr/fr/datasets/donnees-relatives-aux-personnes-vaccinees-contre-la-covid-19-1/
2021-08-22,84257424,47588426,37536667,124079,"Johnson&Johnson, Moderna, Oxford/AstraZeneca, Pfizer/BioNTech",France,https://www.data.gouv.fr/fr/datasets/donnees-relatives-aux-personnes-vaccinees-contre-la-covid-19-1/
2021-08-23,84755492,47728083,37896223,125579,"Johnson&Johnson, Moderna, Oxford/AstraZeneca, Pfizer/BioNTech",France,https://www.data.gouv.fr/fr/datasets/donnees-relatives-aux-personnes-vaccinees-contre-la-covid-19-1/
2021-08-24,85295063,47889109,38276510,127349,"Johnson&Johnson, Moderna, Oxford/AstraZeneca, Pfizer/BioNTech",France,https://www.data.gouv.fr/fr/datasets/donnees-relatives-aux-personnes-vaccinees-contre-la-covid-19-1/
2021-08-25,85796756,48038394,38630327,129287,"Johnson&Johnson, Moderna, Oxford/AstraZeneca, Pfizer/BioNTech",France,https://www.data.gouv.fr/fr/datasets/donnees-relatives-aux-personnes-vaccinees-contre-la-covid-19-1/
2021-08-26,86282478,48179672,38975817,131766,"Johnson&Johnson, Moderna, Oxford/AstraZeneca, Pfizer/BioNTech",France,https://www.data.gouv.fr/fr/datasets/donnees-relatives-aux-personnes-vaccinees-contre-la-covid-19-1/
2021-08-27,86818964,48326411,39366266,134489,"Johnson&Johnson, Moderna, Oxford/AstraZeneca, Pfizer/BioNTech",France,https://www.data.gouv.fr/fr/datasets/donnees-relatives-aux-personnes-vaccinees-contre-la-covid-19-1/
2021-08-28,87159623,48416301,39617287,135844,"Johnson&Johnson, Moderna, Oxford/AstraZeneca, Pfizer/BioNTech",France,https://www.data.gouv.fr/fr/datasets/donnees-relatives-aux-personnes-vaccinees-contre-la-covid-19-1/
2021-08-29,87270174,48443202,39700797,136331,"Johnson&Johnson, Moderna, Oxford/AstraZeneca, Pfizer/BioNTech",France,https://www.data.gouv.fr/fr/datasets/donnees-relatives-aux-personnes-vaccinees-contre-la-covid-19-1/
2021-08-30,87715298,48559203,40027147,140946,"Johnson&Johnson, Moderna, Oxford/AstraZeneca, Pfizer/BioNTech",France,https://www.data.gouv.fr/fr/datasets/donnees-relatives-aux-personnes-vaccinees-contre-la-covid-19-1/
2021-08-31,88187448,48686883,40363957,150934,"Johnson&Johnson, Moderna, Oxford/AstraZeneca, Pfizer/BioNTech",France,https://www.data.gouv.fr/fr/datasets/donnees-relatives-aux-personnes-vaccinees-contre-la-covid-19-1/
2021-09-01,88623391,48816002,40650759,172849,"Johnson&Johnson, Moderna, Oxford/AstraZeneca, Pfizer/BioNTech",France,https://www.data.gouv.fr/fr/datasets/donnees-relatives-aux-personnes-vaccinees-contre-la-covid-19-1/
2021-09-02,89002899,48922709,40899814,198747,"Johnson&Johnson, Moderna, Oxford/AstraZeneca, Pfizer/BioNTech",France,https://www.data.gouv.fr/fr/datasets/donnees-relatives-aux-personnes-vaccinees-contre-la-covid-19-1/
2021-09-03,89440045,49038166,41194274,228198,"Johnson&Johnson, Moderna, Oxford/AstraZeneca, Pfizer/BioNTech",France,https://www.data.gouv.fr/fr/datasets/donnees-relatives-aux-personnes-vaccinees-contre-la-covid-19-1/
2021-09-04,89758499,49126818,41412982,240590,"Johnson&Johnson, Moderna, Oxford/AstraZeneca, Pfizer/BioNTech",France,https://www.data.gouv.fr/fr/datasets/donnees-relatives-aux-personnes-vaccinees-contre-la-covid-19-1/
2021-09-05,89828689,49147724,41458351,244883,"Johnson&Johnson, Moderna, Oxford/AstraZeneca, Pfizer/BioNTech",France,https://www.data.gouv.fr/fr/datasets/donnees-relatives-aux-personnes-vaccinees-contre-la-covid-19-1/
2021-09-06,90112836,49219639,41640575,276437,"Johnson&Johnson, Moderna, Oxford/AstraZeneca, Pfizer/BioNTech",France,https://www.data.gouv.fr/fr/datasets/donnees-relatives-aux-personnes-vaccinees-contre-la-covid-19-1/
2021-09-07,90401345,49294616,41823111,308982,"Johnson&Johnson, Moderna, Oxford/AstraZeneca, Pfizer/BioNTech",France,https://www.data.gouv.fr/fr/datasets/donnees-relatives-aux-personnes-vaccinees-contre-la-covid-19-1/
2021-09-08,90722665,49380954,42030032,338189,"Johnson&Johnson, Moderna, Oxford/AstraZeneca, Pfizer/BioNTech",France,https://www.data.gouv.fr/fr/datasets/donnees-relatives-aux-personnes-vaccinees-contre-la-covid-19-1/
2021-09-09,90992253,49453882,42196039,370110,"Johnson&Johnson, Moderna, Oxford/AstraZeneca, Pfizer/BioNTech",France,https://www.data.gouv.fr/fr/datasets/donnees-relatives-aux-personnes-vaccinees-contre-la-covid-19-1/
2021-09-10,91322518,49546538,42400409,404748,"Johnson&Johnson, Moderna, Oxford/AstraZeneca, Pfizer/BioNTech",France,https://www.data.gouv.fr/fr/datasets/donnees-relatives-aux-personnes-vaccinees-contre-la-covid-19-1/
2021-09-11,91568460,49611930,42569762,416625,"Johnson&Johnson, Moderna, Oxford/AstraZeneca, Pfizer/BioNTech",France,https://www.data.gouv.fr/fr/datasets/donnees-relatives-aux-personnes-vaccinees-contre-la-covid-19-1/
2021-09-12,91615558,49624269,42601975,419300,"Johnson&Johnson, Moderna, Oxford/AstraZeneca, Pfizer/BioNTech",France,https://www.data.gouv.fr/fr/datasets/donnees-relatives-aux-personnes-vaccinees-contre-la-covid-19-1/
2021-09-13,91844159,49686548,42729222,459379,"Johnson&Johnson, Moderna, Oxford/AstraZeneca, Pfizer/BioNTech",France,https://www.data.gouv.fr/fr/datasets/donnees-relatives-aux-personnes-vaccinees-contre-la-covid-19-1/
2021-09-14,92098395,49757370,42859031,514017,"Johnson&Johnson, Moderna, Oxford/AstraZeneca, Pfizer/BioNTech",France,https://www.data.gouv.fr/fr/datasets/donnees-relatives-aux-personnes-vaccinees-contre-la-covid-19-1/
2021-09-15,92393540,49830788,43027295,568385,"Johnson&Johnson, Moderna, Oxford/AstraZeneca, Pfizer/BioNTech",France,https://www.data.gouv.fr/fr/datasets/donnees-relatives-aux-personnes-vaccinees-contre-la-covid-19-1/
2021-09-16,92627800,49892614,43141988,626849,"Johnson&Johnson, Moderna, Oxford/AstraZeneca, Pfizer/BioNTech",France,https://www.data.gouv.fr/fr/datasets/donnees-relatives-aux-personnes-vaccinees-contre-la-covid-19-1/
2021-09-17,92910228,49966043,43299006,679527,"Johnson&Johnson, Moderna, Oxford/AstraZeneca, Pfizer/BioNTech",France,https://www.data.gouv.fr/fr/datasets/donnees-relatives-aux-personnes-vaccinees-contre-la-covid-19-1/
2021-09-18,93112329,50013638,43438561,694890,"Johnson&Johnson, Moderna, Oxford/AstraZeneca, Pfizer/BioNTech",France,https://www.data.gouv.fr/fr/datasets/donnees-relatives-aux-personnes-vaccinees-contre-la-covid-19-1/
2021-09-19,93145960,50021175,43462489,697211,"Johnson&Johnson, Moderna, Oxford/AstraZeneca, Pfizer/BioNTech",France,https://www.data.gouv.fr/fr/datasets/donnees-relatives-aux-personnes-vaccinees-contre-la-covid-19-1/
2021-09-20,93330188,50063073,43556394,745964,"Johnson&Johnson, Moderna, Oxford/AstraZeneca, Pfizer/BioNTech",France,https://www.data.gouv.fr/fr/datasets/donnees-relatives-aux-personnes-vaccinees-contre-la-covid-19-1/
2021-09-21,93534058,50107800,43654945,806906,"Johnson&Johnson, Moderna, Oxford/AstraZeneca, Pfizer/BioNTech",France,https://www.data.gouv.fr/fr/datasets/donnees-relatives-aux-personnes-vaccinees-contre-la-covid-19-1/
2021-09-22,93775832,50154901,43796196,860622,"Johnson&Johnson, Moderna, Oxford/AstraZeneca, Pfizer/BioNTech",France,https://www.data.gouv.fr/fr/datasets/donnees-relatives-aux-personnes-vaccinees-contre-la-covid-19-1/
2021-09-23,93968480,50196904,43887106,920740,"Johnson&Johnson, Moderna, Oxford/AstraZeneca, Pfizer/BioNTech",France,https://www.data.gouv.fr/fr/datasets/donnees-relatives-aux-personnes-vaccinees-contre-la-covid-19-1/
2021-09-24,94204135,50247977,44019011,973753,"Johnson&Johnson, Moderna, Oxford/AstraZeneca, Pfizer/BioNTech",France,https://www.data.gouv.fr/fr/datasets/donnees-relatives-aux-personnes-vaccinees-contre-la-covid-19-1/
2021-09-25,94369251,50282340,44133963,989781,"Johnson&Johnson, Moderna, Oxford/AstraZeneca, Pfizer/BioNTech",France,https://www.data.gouv.fr/fr/datasets/donnees-relatives-aux-personnes-vaccinees-contre-la-covid-19-1/
2021-09-26,94394486,50287565,44151831,991971,"Johnson&Johnson, Moderna, Oxford/AstraZeneca, Pfizer/BioNTech",France,https://www.data.gouv.fr/fr/datasets/donnees-relatives-aux-personnes-vaccinees-contre-la-covid-19-1/
2021-09-27,94550252,50320689,44228555,1038092,"Johnson&Johnson, Moderna, Oxford/AstraZeneca, Pfizer/BioNTech",France,https://www.data.gouv.fr/fr/datasets/donnees-relatives-aux-personnes-vaccinees-contre-la-covid-19-1/
2021-09-28,94713576,50356219,44303099,1091594,"Johnson&Johnson, Moderna, Oxford/AstraZeneca, Pfizer/BioNTech",France,https://www.data.gouv.fr/fr/datasets/donnees-relatives-aux-personnes-vaccinees-contre-la-covid-19-1/
2021-09-29,94908513,50399409,44403572,1143159,"Johnson&Johnson, Moderna, Oxford/AstraZeneca, Pfizer/BioNTech",France,https://www.data.gouv.fr/fr/datasets/donnees-relatives-aux-personnes-vaccinees-contre-la-covid-19-1/
2021-09-30,95068899,50434388,44474086,1198310,"Johnson&Johnson, Moderna, Oxford/AstraZeneca, Pfizer/BioNTech",France,https://www.data.gouv.fr/fr/datasets/donnees-relatives-aux-personnes-vaccinees-contre-la-covid-19-1/
2021-10-01,95273894,50484344,44572769,1254959,"Johnson&Johnson, Moderna, Oxford/AstraZeneca, Pfizer/BioNTech",France,https://www.data.gouv.fr/fr/datasets/donnees-relatives-aux-personnes-vaccinees-contre-la-covid-19-1/
2021-10-02,95408463,50520535,44650562,1275663,"Johnson&Johnson, Moderna, Oxford/AstraZeneca, Pfizer/BioNTech",France,https://www.data.gouv.fr/fr/datasets/donnees-relatives-aux-personnes-vaccinees-contre-la-covid-19-1/
2021-10-03,95426464,50525466,44661245,1278107,"Johnson&Johnson, Moderna, Oxford/AstraZeneca, Pfizer/BioNTech",France,https://www.data.gouv.fr/fr/datasets/donnees-relatives-aux-personnes-vaccinees-contre-la-covid-19-1/
2021-10-04,95564414,50554171,44719129,1329711,"Johnson&Johnson, Moderna, Oxford/AstraZeneca, Pfizer/BioNTech",France,https://www.data.gouv.fr/fr/datasets/donnees-relatives-aux-personnes-vaccinees-contre-la-covid-19-1/
2021-10-05,95717280,50583880,44783062,1389112,"Johnson&Johnson, Moderna, Oxford/AstraZeneca, Pfizer/BioNTech",France,https://www.data.gouv.fr/fr/datasets/donnees-relatives-aux-personnes-vaccinees-contre-la-covid-19-1/
2021-10-06,95899336,50622947,44861738,1453601,"Johnson&Johnson, Moderna, Oxford/AstraZeneca, Pfizer/BioNTech",France,https://www.data.gouv.fr/fr/datasets/donnees-relatives-aux-personnes-vaccinees-contre-la-covid-19-1/
2021-10-07,96052822,50651371,44923221,1517353,"Johnson&Johnson, Moderna, Oxford/AstraZeneca, Pfizer/BioNTech",France,https://www.data.gouv.fr/fr/datasets/donnees-relatives-aux-personnes-vaccinees-contre-la-covid-19-1/
2021-10-08,96264059,50695196,45014471,1593735,"Johnson&Johnson, Moderna, Oxford/AstraZeneca, Pfizer/BioNTech",France,https://www.data.gouv.fr/fr/datasets/donnees-relatives-aux-personnes-vaccinees-contre-la-covid-19-1/
2021-10-09,96387709,50727394,45074938,1624849,"Johnson&Johnson, Moderna, Oxford/AstraZeneca, Pfizer/BioNTech",France,https://www.data.gouv.fr/fr/datasets/donnees-relatives-aux-personnes-vaccinees-contre-la-covid-19-1/
2021-10-10,96401745,50731294,45082048,1627922,"Johnson&Johnson, Moderna, Oxford/AstraZeneca, Pfizer/BioNTech",France,https://www.data.gouv.fr/fr/datasets/donnees-relatives-aux-personnes-vaccinees-contre-la-covid-19-1/
2021-10-11,96538453,50758454,45131689,1687980,"Johnson&Johnson, Moderna, Oxford/AstraZeneca, Pfizer/BioNTech",France,https://www.data.gouv.fr/fr/datasets/donnees-relatives-aux-personnes-vaccinees-contre-la-covid-19-1/
2021-10-12,96690067,50787077,45185776,1757016,"Johnson&Johnson, Moderna, Oxford/AstraZeneca, Pfizer/BioNTech",France,https://www.data.gouv.fr/fr/datasets/donnees-relatives-aux-personnes-vaccinees-contre-la-covid-19-1/
2021-10-13,96863173,50824696,45247944,1830474,"Johnson&Johnson, Moderna, Oxford/AstraZeneca, Pfizer/BioNTech",France,https://www.data.gouv.fr/fr/datasets/donnees-relatives-aux-personnes-vaccinees-contre-la-covid-19-1/
2021-10-14,97011012,50852859,45300443,1897861,"Johnson&Johnson, Moderna, Oxford/AstraZeneca, Pfizer/BioNTech",France,https://www.data.gouv.fr/fr/datasets/donnees-relatives-aux-personnes-vaccinees-contre-la-covid-19-1/
2021-10-15,97218574,50894262,45374751,1989909,"Johnson&Johnson, Moderna, Oxford/AstraZeneca, Pfizer/BioNTech",France,https://www.data.gouv.fr/fr/datasets/donnees-relatives-aux-personnes-vaccinees-contre-la-covid-19-1/
2021-10-16,97328531,50924019,45418672,2026277,"Johnson&Johnson, Moderna, Oxford/AstraZeneca, Pfizer/BioNTech",France,https://www.data.gouv.fr/fr/datasets/donnees-relatives-aux-personnes-vaccinees-contre-la-covid-19-1/
2021-10-17,97340943,50927620,45424020,2029788,"Johnson&Johnson, Moderna, Oxford/AstraZeneca, Pfizer/BioNTech",France,https://www.data.gouv.fr/fr/datasets/donnees-relatives-aux-personnes-vaccinees-contre-la-covid-19-1/
2021-10-18,97473700,50953069,45464752,2096535,"Johnson&Johnson, Moderna, Oxford/AstraZeneca, Pfizer/BioNTech",France,https://www.data.gouv.fr/fr/datasets/donnees-relatives-aux-personnes-vaccinees-contre-la-covid-19-1/
2021-10-19,97617273,50978316,45507971,2171788,"Johnson&Johnson, Moderna, Oxford/AstraZeneca, Pfizer/BioNTech",France,https://www.data.gouv.fr/fr/datasets/donnees-relatives-aux-personnes-vaccinees-contre-la-covid-19-1/
2021-10-20,97797582,51011345,45559584,2267613,"Johnson&Johnson, Moderna, Oxford/AstraZeneca, Pfizer/BioNTech",France,https://www.data.gouv.fr/fr/datasets/donnees-relatives-aux-personnes-vaccinees-contre-la-covid-19-1/
2021-10-21,97948399,51035561,45603945,2350003,"Johnson&Johnson, Moderna, Oxford/AstraZeneca, Pfizer/BioNTech",France,https://www.data.gouv.fr/fr/datasets/donnees-relatives-aux-personnes-vaccinees-contre-la-covid-19-1/
2021-10-22,98148924,51071027,45665549,2453599,"Johnson&Johnson, Moderna, Oxford/AstraZeneca, Pfizer/BioNTech",France,https://www.data.gouv.fr/fr/datasets/donnees-relatives-aux-personnes-vaccinees-contre-la-covid-19-1/
2021-10-23,98259387,51096617,45705464,2498637,"Johnson&Johnson, Moderna, Oxford/AstraZeneca, Pfizer/BioNTech",France,https://www.data.gouv.fr/fr/datasets/donnees-relatives-aux-personnes-vaccinees-contre-la-covid-19-1/
2021-10-24,98270433,51099324,45710266,2502188,"Johnson&Johnson, Moderna, Oxford/AstraZeneca, Pfizer/BioNTech",France,https://www.data.gouv.fr/fr/datasets/donnees-relatives-aux-personnes-vaccinees-contre-la-covid-19-1/
2021-10-25,98411786,51123842,45745843,2583575,"Johnson&Johnson, Moderna, Oxford/AstraZeneca, Pfizer/BioNTech",France,https://www.data.gouv.fr/fr/datasets/donnees-relatives-aux-personnes-vaccinees-contre-la-covid-19-1/
2021-10-26,98554835,51146479,45780615,2669351,"Johnson&Johnson, Moderna, Oxford/AstraZeneca, Pfizer/BioNTech",France,https://www.data.gouv.fr/fr/datasets/donnees-relatives-aux-personnes-vaccinees-contre-la-covid-19-1/
2021-10-27,98737008,51175279,45826396,2777047,"Johnson&Johnson, Moderna, Oxford/AstraZeneca, Pfizer/BioNTech",France,https://www.data.gouv.fr/fr/datasets/donnees-relatives-aux-personnes-vaccinees-contre-la-covid-19-1/
2021-10-28,98880026,51197324,45860548,2863963,"Johnson&Johnson, Moderna, Oxford/AstraZeneca, Pfizer/BioNTech",France,https://www.data.gouv.fr/fr/datasets/donnees-relatives-aux-personnes-vaccinees-contre-la-covid-19-1/
2021-10-29,99075337,51227262,45910915,2979034,"Johnson&Johnson, Moderna, Oxford/AstraZeneca, Pfizer/BioNTech",France,https://www.data.gouv.fr/fr/datasets/donnees-relatives-aux-personnes-vaccinees-contre-la-covid-19-1/
2021-10-30,99177276,51246656,45943892,3028658,"Johnson&Johnson, Moderna, Oxford/AstraZeneca, Pfizer/BioNTech",France,https://www.data.gouv.fr/fr/datasets/donnees-relatives-aux-personnes-vaccinees-contre-la-covid-19-1/
2021-10-31,99186820,51248896,45947801,3032077,"Johnson&Johnson, Moderna, Oxford/AstraZeneca, Pfizer/BioNTech",France,https://www.data.gouv.fr/fr/datasets/donnees-relatives-aux-personnes-vaccinees-contre-la-covid-19-1/
2021-11-01,99195000,51250615,45951760,3034617,"Johnson&Johnson, Moderna, Oxford/AstraZeneca, Pfizer/BioNTech",France,https://www.data.gouv.fr/fr/datasets/donnees-relatives-aux-personnes-vaccinees-contre-la-covid-19-1/
2021-11-02,99348795,51273164,45991375,3126322,"Johnson&Johnson, Moderna, Oxford/AstraZeneca, Pfizer/BioNTech",France,https://www.data.gouv.fr/fr/datasets/donnees-relatives-aux-personnes-vaccinees-contre-la-covid-19-1/
2021-11-03,99538899,51300173,46038716,3242143,"Johnson&Johnson, Moderna, Oxford/AstraZeneca, Pfizer/BioNTech",France,https://www.data.gouv.fr/fr/datasets/donnees-relatives-aux-personnes-vaccinees-contre-la-covid-19-1/
2021-11-04,99700380,51321440,46076068,3345086,"Johnson&Johnson, Moderna, Oxford/AstraZeneca, Pfizer/BioNTech",France,https://www.data.gouv.fr/fr/datasets/donnees-relatives-aux-personnes-vaccinees-contre-la-covid-19-1/
