date,people_vaccinated,people_fully_vaccinated,total_vaccinations,location,source_url,vaccine,total_boosters
2021-02-02,2133,0,2133,French Polynesia,https://stats.pacificdata.org/vis?tm=covid&pg=0&df[ds]=SPC2&df[id]=DF_COVID_VACCINATION&df[ag]=SPC&df[vs]=1.0,"Johnson&Johnson, Pfizer/BioNTech",
2021-02-10,3196,415,3611,French Polynesia,https://stats.pacificdata.org/vis?tm=covid&pg=0&df[ds]=SPC2&df[id]=DF_COVID_VACCINATION&df[ag]=SPC&df[vs]=1.0,"Johnson&Johnson, Pfizer/BioNTech",
2021-02-16,4628,1077,5705,French Polynesia,https://stats.pacificdata.org/vis?tm=covid&pg=0&df[ds]=SPC2&df[id]=DF_COVID_VACCINATION&df[ag]=SPC&df[vs]=1.0,"Johnson&Johnson, Pfizer/BioNTech",
2021-02-17,4889,1266,6155,French Polynesia,https://stats.pacificdata.org/vis?tm=covid&pg=0&df[ds]=SPC2&df[id]=DF_COVID_VACCINATION&df[ag]=SPC&df[vs]=1.0,"Johnson&Johnson, Pfizer/BioNTech",
2021-02-23,5930,2115,8045,French Polynesia,https://stats.pacificdata.org/vis?tm=covid&pg=0&df[ds]=SPC2&df[id]=DF_COVID_VACCINATION&df[ag]=SPC&df[vs]=1.0,"Johnson&Johnson, Pfizer/BioNTech",
2021-03-01,6596,3096,9692,French Polynesia,https://stats.pacificdata.org/vis?tm=covid&pg=0&df[ds]=SPC2&df[id]=DF_COVID_VACCINATION&df[ag]=SPC&df[vs]=1.0,"Johnson&Johnson, Pfizer/BioNTech",
2021-03-02,6773,3324,10097,French Polynesia,https://stats.pacificdata.org/vis?tm=covid&pg=0&df[ds]=SPC2&df[id]=DF_COVID_VACCINATION&df[ag]=SPC&df[vs]=1.0,"Johnson&Johnson, Pfizer/BioNTech",
2021-03-09,8018,4399,12417,French Polynesia,https://stats.pacificdata.org/vis?tm=covid&pg=0&df[ds]=SPC2&df[id]=DF_COVID_VACCINATION&df[ag]=SPC&df[vs]=1.0,"Johnson&Johnson, Pfizer/BioNTech",
2021-03-16,13358,5638,18996,French Polynesia,https://stats.pacificdata.org/vis?tm=covid&pg=0&df[ds]=SPC2&df[id]=DF_COVID_VACCINATION&df[ag]=SPC&df[vs]=1.0,"Johnson&Johnson, Pfizer/BioNTech",
2021-03-23,17563,6412,23975,French Polynesia,https://stats.pacificdata.org/vis?tm=covid&pg=0&df[ds]=SPC2&df[id]=DF_COVID_VACCINATION&df[ag]=SPC&df[vs]=1.0,"Johnson&Johnson, Pfizer/BioNTech",
2021-03-30,22648,7432,30080,French Polynesia,https://stats.pacificdata.org/vis?tm=covid&pg=0&df[ds]=SPC2&df[id]=DF_COVID_VACCINATION&df[ag]=SPC&df[vs]=1.0,"Johnson&Johnson, Pfizer/BioNTech",
2021-04-07,25565,9324,34889,French Polynesia,https://stats.pacificdata.org/vis?tm=covid&pg=0&df[ds]=SPC2&df[id]=DF_COVID_VACCINATION&df[ag]=SPC&df[vs]=1.0,"Johnson&Johnson, Pfizer/BioNTech",
2021-04-13,30082,14296,44378,French Polynesia,https://stats.pacificdata.org/vis?tm=covid&pg=0&df[ds]=SPC2&df[id]=DF_COVID_VACCINATION&df[ag]=SPC&df[vs]=1.0,"Johnson&Johnson, Pfizer/BioNTech",
2021-04-20,33625,17896,51521,French Polynesia,https://stats.pacificdata.org/vis?tm=covid&pg=0&df[ds]=SPC2&df[id]=DF_COVID_VACCINATION&df[ag]=SPC&df[vs]=1.0,"Johnson&Johnson, Pfizer/BioNTech",
2021-04-27,39107,23078,62185,French Polynesia,https://stats.pacificdata.org/vis?tm=covid&pg=0&df[ds]=SPC2&df[id]=DF_COVID_VACCINATION&df[ag]=SPC&df[vs]=1.0,"Johnson&Johnson, Pfizer/BioNTech",
2021-05-04,44541,27097,71638,French Polynesia,https://stats.pacificdata.org/vis?tm=covid&pg=0&df[ds]=SPC2&df[id]=DF_COVID_VACCINATION&df[ag]=SPC&df[vs]=1.0,"Johnson&Johnson, Pfizer/BioNTech",
2021-05-11,49707,31495,81202,French Polynesia,https://stats.pacificdata.org/vis?tm=covid&pg=0&df[ds]=SPC2&df[id]=DF_COVID_VACCINATION&df[ag]=SPC&df[vs]=1.0,"Johnson&Johnson, Pfizer/BioNTech",
2021-05-18,51856,33891,85747,French Polynesia,https://stats.pacificdata.org/vis?tm=covid&pg=0&df[ds]=SPC2&df[id]=DF_COVID_VACCINATION&df[ag]=SPC&df[vs]=1.0,"Johnson&Johnson, Pfizer/BioNTech",
2021-05-25,55606,39950,95556,French Polynesia,https://stats.pacificdata.org/vis?tm=covid&pg=0&df[ds]=SPC2&df[id]=DF_COVID_VACCINATION&df[ag]=SPC&df[vs]=1.0,"Johnson&Johnson, Pfizer/BioNTech",
2021-06-01,57743,45509,103252,French Polynesia,https://stats.pacificdata.org/vis?tm=covid&pg=0&df[ds]=SPC2&df[id]=DF_COVID_VACCINATION&df[ag]=SPC&df[vs]=1.0,"Johnson&Johnson, Pfizer/BioNTech",
2021-06-08,63204,52535,115739,French Polynesia,https://stats.pacificdata.org/vis?tm=covid&pg=0&df[ds]=SPC2&df[id]=DF_COVID_VACCINATION&df[ag]=SPC&df[vs]=1.0,"Johnson&Johnson, Pfizer/BioNTech",
2021-06-15,64749,54644,119393,French Polynesia,https://stats.pacificdata.org/vis?tm=covid&pg=0&df[ds]=SPC2&df[id]=DF_COVID_VACCINATION&df[ag]=SPC&df[vs]=1.0,"Johnson&Johnson, Pfizer/BioNTech",
2021-06-21,67913,57571,125484,French Polynesia,https://stats.pacificdata.org/vis?tm=covid&pg=0&df[ds]=SPC2&df[id]=DF_COVID_VACCINATION&df[ag]=SPC&df[vs]=1.0,"Johnson&Johnson, Pfizer/BioNTech",
2021-06-29,71242,61298,132540,French Polynesia,https://stats.pacificdata.org/vis?tm=covid&pg=0&df[ds]=SPC2&df[id]=DF_COVID_VACCINATION&df[ag]=SPC&df[vs]=1.0,"Johnson&Johnson, Pfizer/BioNTech",
2021-07-13,75504,66019,141523,French Polynesia,https://stats.pacificdata.org/vis?tm=covid&pg=0&df[ds]=SPC2&df[id]=DF_COVID_VACCINATION&df[ag]=SPC&df[vs]=1.0,"Johnson&Johnson, Pfizer/BioNTech",
2021-07-20,79201,69128,148329,French Polynesia,https://stats.pacificdata.org/vis?tm=covid&pg=0&df[ds]=SPC2&df[id]=DF_COVID_VACCINATION&df[ag]=SPC&df[vs]=1.0,"Johnson&Johnson, Pfizer/BioNTech",
2021-07-27,83210,70827,154037,French Polynesia,https://stats.pacificdata.org/vis?tm=covid&pg=0&df[ds]=SPC2&df[id]=DF_COVID_VACCINATION&df[ag]=SPC&df[vs]=1.0,"Johnson&Johnson, Pfizer/BioNTech",
2021-08-02,87758,73724,161482,French Polynesia,https://stats.pacificdata.org/vis?tm=covid&pg=0&df[ds]=SPC2&df[id]=DF_COVID_VACCINATION&df[ag]=SPC&df[vs]=1.0,"Johnson&Johnson, Pfizer/BioNTech",
2021-08-09,96949,77178,174127,French Polynesia,https://stats.pacificdata.org/vis?tm=covid&pg=0&df[ds]=SPC2&df[id]=DF_COVID_VACCINATION&df[ag]=SPC&df[vs]=1.0,"Johnson&Johnson, Pfizer/BioNTech",
2021-08-16,108287,81793,190080,French Polynesia,https://stats.pacificdata.org/vis?tm=covid&pg=0&df[ds]=SPC2&df[id]=DF_COVID_VACCINATION&df[ag]=SPC&df[vs]=1.0,"Johnson&Johnson, Pfizer/BioNTech",
2021-08-23,119413,89973,209386,French Polynesia,https://stats.pacificdata.org/vis?tm=covid&pg=0&df[ds]=SPC2&df[id]=DF_COVID_VACCINATION&df[ag]=SPC&df[vs]=1.0,"Johnson&Johnson, Pfizer/BioNTech",
2021-08-31,133302,101812,235114,French Polynesia,https://stats.pacificdata.org/vis?tm=covid&pg=0&df[ds]=SPC2&df[id]=DF_COVID_VACCINATION&df[ag]=SPC&df[vs]=1.0,"Johnson&Johnson, Pfizer/BioNTech",
2021-09-07,142109,115156,257265,French Polynesia,https://stats.pacificdata.org/vis?tm=covid&pg=0&df[ds]=SPC2&df[id]=DF_COVID_VACCINATION&df[ag]=SPC&df[vs]=1.0,"Johnson&Johnson, Pfizer/BioNTech",
2021-09-14,146890,124291,271181,French Polynesia,https://stats.pacificdata.org/vis?tm=covid&pg=0&df[ds]=SPC2&df[id]=DF_COVID_VACCINATION&df[ag]=SPC&df[vs]=1.0,"Johnson&Johnson, Pfizer/BioNTech",
2021-09-21,150277,131903,282180,French Polynesia,https://stats.pacificdata.org/vis?tm=covid&pg=0&df[ds]=SPC2&df[id]=DF_COVID_VACCINATION&df[ag]=SPC&df[vs]=1.0,"Johnson&Johnson, Pfizer/BioNTech",
2021-09-28,152157,138619,290776,French Polynesia,https://stats.pacificdata.org/vis?tm=covid&pg=0&df[ds]=SPC2&df[id]=DF_COVID_VACCINATION&df[ag]=SPC&df[vs]=1.0,"Johnson&Johnson, Pfizer/BioNTech",
2021-10-05,153079,141882,294961,French Polynesia,https://stats.pacificdata.org/vis?tm=covid&pg=0&df[ds]=SPC2&df[id]=DF_COVID_VACCINATION&df[ag]=SPC&df[vs]=1.0,"Johnson&Johnson, Pfizer/BioNTech",
2021-10-12,154058,144124,298182,French Polynesia,https://stats.pacificdata.org/vis?tm=covid&pg=0&df[ds]=SPC2&df[id]=DF_COVID_VACCINATION&df[ag]=SPC&df[vs]=1.0,"Johnson&Johnson, Pfizer/BioNTech",
2021-10-18,155290,147185,302475,French Polynesia,https://stats.pacificdata.org/vis?tm=covid&pg=0&df[ds]=SPC2&df[id]=DF_COVID_VACCINATION&df[ag]=SPC&df[vs]=1.0,"Johnson&Johnson, Pfizer/BioNTech",
2021-10-25,156445,147185,303630,French Polynesia,https://stats.pacificdata.org/vis?tm=covid&pg=0&df[ds]=SPC2&df[id]=DF_COVID_VACCINATION&df[ag]=SPC&df[vs]=1.0,"Johnson&Johnson, Pfizer/BioNTech",
2021-11-01,157343,147185,304528,French Polynesia,https://stats.pacificdata.org/vis?tm=covid&pg=0&df[ds]=SPC2&df[id]=DF_COVID_VACCINATION&df[ag]=SPC&df[vs]=1.0,"Johnson&Johnson, Pfizer/BioNTech",
