date,location,vaccine,source_url,total_vaccinations,people_vaccinated,people_fully_vaccinated,total_boosters
2020-12-27,Germany,"Moderna, Pfizer/BioNTech",https://impfdashboard.de/,24355,24344,11,0
2020-12-28,Germany,"Moderna, Pfizer/BioNTech",https://impfdashboard.de/,42458,42382,76,0
2020-12-29,Germany,"Moderna, Oxford/AstraZeneca, Pfizer/BioNTech",https://impfdashboard.de/,93179,92449,729,1
2020-12-30,Germany,"Moderna, Oxford/AstraZeneca, Pfizer/BioNTech",https://impfdashboard.de/,157307,156545,761,1
2020-12-31,Germany,"Moderna, Oxford/AstraZeneca, Pfizer/BioNTech",https://impfdashboard.de/,207313,206464,848,1
2021-01-01,Germany,"Johnson&Johnson, Moderna, Oxford/AstraZeneca, Pfizer/BioNTech",https://impfdashboard.de/,232816,231956,859,2
2021-01-02,Germany,"Johnson&Johnson, Moderna, Oxford/AstraZeneca, Pfizer/BioNTech",https://impfdashboard.de/,280902,279964,937,2
2021-01-03,Germany,"Johnson&Johnson, Moderna, Oxford/AstraZeneca, Pfizer/BioNTech",https://impfdashboard.de/,303461,302519,941,2
2021-01-04,Germany,"Johnson&Johnson, Moderna, Oxford/AstraZeneca, Pfizer/BioNTech",https://impfdashboard.de/,349633,348592,1057,2
2021-01-05,Germany,"Johnson&Johnson, Moderna, Oxford/AstraZeneca, Pfizer/BioNTech",https://impfdashboard.de/,402324,401196,1144,2
2021-01-06,Germany,"Johnson&Johnson, Moderna, Oxford/AstraZeneca, Pfizer/BioNTech",https://impfdashboard.de/,465476,464260,1232,2
2021-01-07,Germany,"Johnson&Johnson, Moderna, Oxford/AstraZeneca, Pfizer/BioNTech",https://impfdashboard.de/,520252,519016,1253,2
2021-01-08,Germany,"Johnson&Johnson, Moderna, Oxford/AstraZeneca, Pfizer/BioNTech",https://impfdashboard.de/,583059,581720,1356,2
2021-01-09,Germany,"Johnson&Johnson, Moderna, Oxford/AstraZeneca, Pfizer/BioNTech",https://impfdashboard.de/,643790,642308,1499,2
2021-01-10,Germany,"Johnson&Johnson, Moderna, Oxford/AstraZeneca, Pfizer/BioNTech",https://impfdashboard.de/,679771,678175,1613,2
2021-01-11,Germany,"Johnson&Johnson, Moderna, Oxford/AstraZeneca, Pfizer/BioNTech",https://impfdashboard.de/,748024,746374,1667,2
2021-01-12,Germany,"Johnson&Johnson, Moderna, Oxford/AstraZeneca, Pfizer/BioNTech",https://impfdashboard.de/,827144,825430,1731,2
2021-01-13,Germany,"Johnson&Johnson, Moderna, Oxford/AstraZeneca, Pfizer/BioNTech",https://impfdashboard.de/,939287,937372,1932,2
2021-01-14,Germany,"Johnson&Johnson, Moderna, Oxford/AstraZeneca, Pfizer/BioNTech",https://impfdashboard.de/,1023375,1021247,2145,2
2021-01-15,Germany,"Johnson&Johnson, Moderna, Oxford/AstraZeneca, Pfizer/BioNTech",https://impfdashboard.de/,1115168,1112121,3066,2
2021-01-16,Germany,"Johnson&Johnson, Moderna, Oxford/AstraZeneca, Pfizer/BioNTech",https://impfdashboard.de/,1173238,1168969,4289,2
2021-01-17,Germany,"Johnson&Johnson, Moderna, Oxford/AstraZeneca, Pfizer/BioNTech",https://impfdashboard.de/,1221040,1199760,21301,2
2021-01-18,Germany,"Johnson&Johnson, Moderna, Oxford/AstraZeneca, Pfizer/BioNTech",https://impfdashboard.de/,1304012,1267116,36917,2
2021-01-19,Germany,"Johnson&Johnson, Moderna, Oxford/AstraZeneca, Pfizer/BioNTech",https://impfdashboard.de/,1423713,1350736,72998,2
2021-01-20,Germany,"Johnson&Johnson, Moderna, Oxford/AstraZeneca, Pfizer/BioNTech",https://impfdashboard.de/,1556495,1429737,126779,2
2021-01-21,Germany,"Johnson&Johnson, Moderna, Oxford/AstraZeneca, Pfizer/BioNTech",https://impfdashboard.de/,1662034,1494345,167709,3
2021-01-22,Germany,"Johnson&Johnson, Moderna, Oxford/AstraZeneca, Pfizer/BioNTech",https://impfdashboard.de/,1764368,1563081,201307,3
2021-01-23,Germany,"Johnson&Johnson, Moderna, Oxford/AstraZeneca, Pfizer/BioNTech",https://impfdashboard.de/,1851417,1603578,247859,3
2021-01-24,Germany,"Johnson&Johnson, Moderna, Oxford/AstraZeneca, Pfizer/BioNTech",https://impfdashboard.de/,1899243,1629264,269999,3
2021-01-25,Germany,"Johnson&Johnson, Moderna, Oxford/AstraZeneca, Pfizer/BioNTech",https://impfdashboard.de/,1990255,1681535,308740,3
2021-01-26,Germany,"Johnson&Johnson, Moderna, Oxford/AstraZeneca, Pfizer/BioNTech",https://impfdashboard.de/,2088661,1732203,356474,7
2021-01-27,Germany,"Johnson&Johnson, Moderna, Oxford/AstraZeneca, Pfizer/BioNTech",https://impfdashboard.de/,2198074,1783139,414952,7
2021-01-28,Germany,"Johnson&Johnson, Moderna, Oxford/AstraZeneca, Pfizer/BioNTech",https://impfdashboard.de/,2290605,1829953,460669,7
2021-01-29,Germany,"Johnson&Johnson, Moderna, Oxford/AstraZeneca, Pfizer/BioNTech",https://impfdashboard.de/,2398312,1879775,518554,7
2021-01-30,Germany,"Johnson&Johnson, Moderna, Oxford/AstraZeneca, Pfizer/BioNTech",https://impfdashboard.de/,2486413,1914381,572051,7
2021-01-31,Germany,"Johnson&Johnson, Moderna, Oxford/AstraZeneca, Pfizer/BioNTech",https://impfdashboard.de/,2543637,1940140,603516,7
2021-02-01,Germany,"Johnson&Johnson, Moderna, Oxford/AstraZeneca, Pfizer/BioNTech",https://impfdashboard.de/,2663775,1998397,665396,8
2021-02-02,Germany,"Johnson&Johnson, Moderna, Oxford/AstraZeneca, Pfizer/BioNTech",https://impfdashboard.de/,2796577,2063922,732673,8
2021-02-03,Germany,"Johnson&Johnson, Moderna, Oxford/AstraZeneca, Pfizer/BioNTech",https://impfdashboard.de/,2959547,2128497,831068,8
2021-02-04,Germany,"Johnson&Johnson, Moderna, Oxford/AstraZeneca, Pfizer/BioNTech",https://impfdashboard.de/,3094121,2190569,903569,9
2021-02-05,Germany,"Johnson&Johnson, Moderna, Oxford/AstraZeneca, Pfizer/BioNTech",https://impfdashboard.de/,3241659,2259927,981749,9
2021-02-06,Germany,"Johnson&Johnson, Moderna, Oxford/AstraZeneca, Pfizer/BioNTech",https://impfdashboard.de/,3335805,2305524,1030298,9
2021-02-07,Germany,"Johnson&Johnson, Moderna, Oxford/AstraZeneca, Pfizer/BioNTech",https://impfdashboard.de/,3389372,2333813,1055577,9
2021-02-08,Germany,"Johnson&Johnson, Moderna, Oxford/AstraZeneca, Pfizer/BioNTech",https://impfdashboard.de/,3498833,2386842,1112010,9
2021-02-09,Germany,"Johnson&Johnson, Moderna, Oxford/AstraZeneca, Pfizer/BioNTech",https://impfdashboard.de/,3633408,2447078,1186348,10
2021-02-10,Germany,"Johnson&Johnson, Moderna, Oxford/AstraZeneca, Pfizer/BioNTech",https://impfdashboard.de/,3788908,2524855,1264072,10
2021-02-11,Germany,"Johnson&Johnson, Moderna, Oxford/AstraZeneca, Pfizer/BioNTech",https://impfdashboard.de/,3933438,2600405,1333054,10
2021-02-12,Germany,"Johnson&Johnson, Moderna, Oxford/AstraZeneca, Pfizer/BioNTech",https://impfdashboard.de/,4089652,2680664,1409012,10
2021-02-13,Germany,"Johnson&Johnson, Moderna, Oxford/AstraZeneca, Pfizer/BioNTech",https://impfdashboard.de/,4197500,2742716,1454809,10
2021-02-14,Germany,"Johnson&Johnson, Moderna, Oxford/AstraZeneca, Pfizer/BioNTech",https://impfdashboard.de/,4262961,2782345,1480642,10
2021-02-15,Germany,"Johnson&Johnson, Moderna, Oxford/AstraZeneca, Pfizer/BioNTech",https://impfdashboard.de/,4388805,2852519,1536323,10
2021-02-16,Germany,"Johnson&Johnson, Moderna, Oxford/AstraZeneca, Pfizer/BioNTech",https://impfdashboard.de/,4523610,2930877,1592771,10
2021-02-17,Germany,"Johnson&Johnson, Moderna, Oxford/AstraZeneca, Pfizer/BioNTech",https://impfdashboard.de/,4675457,3026292,1649204,10
2021-02-18,Germany,"Johnson&Johnson, Moderna, Oxford/AstraZeneca, Pfizer/BioNTech",https://impfdashboard.de/,4820305,3117829,1702519,11
2021-02-19,Germany,"Johnson&Johnson, Moderna, Oxford/AstraZeneca, Pfizer/BioNTech",https://impfdashboard.de/,4979372,3220979,1758437,11
2021-02-20,Germany,"Johnson&Johnson, Moderna, Oxford/AstraZeneca, Pfizer/BioNTech",https://impfdashboard.de/,5091864,3297148,1794762,11
2021-02-21,Germany,"Johnson&Johnson, Moderna, Oxford/AstraZeneca, Pfizer/BioNTech",https://impfdashboard.de/,5177880,3354861,1823066,11
2021-02-22,Germany,"Johnson&Johnson, Moderna, Oxford/AstraZeneca, Pfizer/BioNTech",https://impfdashboard.de/,5334543,3453152,1881439,11
2021-02-23,Germany,"Johnson&Johnson, Moderna, Oxford/AstraZeneca, Pfizer/BioNTech",https://impfdashboard.de/,5505111,3563144,1942016,11
2021-02-24,Germany,"Johnson&Johnson, Moderna, Oxford/AstraZeneca, Pfizer/BioNTech",https://impfdashboard.de/,5682143,3680735,2001457,12
2021-02-25,Germany,"Johnson&Johnson, Moderna, Oxford/AstraZeneca, Pfizer/BioNTech",https://impfdashboard.de/,5872442,3811677,2060813,13
2021-02-26,Germany,"Johnson&Johnson, Moderna, Oxford/AstraZeneca, Pfizer/BioNTech",https://impfdashboard.de/,6086489,3958090,2128446,14
2021-02-27,Germany,"Johnson&Johnson, Moderna, Oxford/AstraZeneca, Pfizer/BioNTech",https://impfdashboard.de/,6234592,4066386,2168254,14
2021-02-28,Germany,"Johnson&Johnson, Moderna, Oxford/AstraZeneca, Pfizer/BioNTech",https://impfdashboard.de/,6338082,4145671,2192448,27
2021-03-01,Germany,"Johnson&Johnson, Moderna, Oxford/AstraZeneca, Pfizer/BioNTech",https://impfdashboard.de/,6537425,4295003,2242459,27
2021-03-02,Germany,"Johnson&Johnson, Moderna, Oxford/AstraZeneca, Pfizer/BioNTech",https://impfdashboard.de/,6757584,4462910,2294711,27
2021-03-03,Germany,"Johnson&Johnson, Moderna, Oxford/AstraZeneca, Pfizer/BioNTech",https://impfdashboard.de/,7006112,4640651,2365498,27
2021-03-04,Germany,"Johnson&Johnson, Moderna, Oxford/AstraZeneca, Pfizer/BioNTech",https://impfdashboard.de/,7251977,4823172,2428841,28
2021-03-05,Germany,"Johnson&Johnson, Moderna, Oxford/AstraZeneca, Pfizer/BioNTech",https://impfdashboard.de/,7527566,5031315,2496287,29
2021-03-06,Germany,"Johnson&Johnson, Moderna, Oxford/AstraZeneca, Pfizer/BioNTech",https://impfdashboard.de/,7730414,5185423,2545027,29
2021-03-07,Germany,"Johnson&Johnson, Moderna, Oxford/AstraZeneca, Pfizer/BioNTech",https://impfdashboard.de/,7878293,5299782,2578547,29
2021-03-08,Germany,"Johnson&Johnson, Moderna, Oxford/AstraZeneca, Pfizer/BioNTech",https://impfdashboard.de/,8116552,5486174,2630414,29
2021-03-09,Germany,"Johnson&Johnson, Moderna, Oxford/AstraZeneca, Pfizer/BioNTech",https://impfdashboard.de/,8369546,5684203,2685378,30
2021-03-10,Germany,"Johnson&Johnson, Moderna, Oxford/AstraZeneca, Pfizer/BioNTech",https://impfdashboard.de/,8659468,5906663,2752839,32
2021-03-11,Germany,"Johnson&Johnson, Moderna, Oxford/AstraZeneca, Pfizer/BioNTech",https://impfdashboard.de/,8944616,6130849,2813800,33
2021-03-12,Germany,"Johnson&Johnson, Moderna, Oxford/AstraZeneca, Pfizer/BioNTech",https://impfdashboard.de/,9272247,6387361,2884919,33
2021-03-13,Germany,"Johnson&Johnson, Moderna, Oxford/AstraZeneca, Pfizer/BioNTech",https://impfdashboard.de/,9513499,6578221,2935311,33
2021-03-14,Germany,"Johnson&Johnson, Moderna, Oxford/AstraZeneca, Pfizer/BioNTech",https://impfdashboard.de/,9683950,6712969,2971012,35
2021-03-15,Germany,"Johnson&Johnson, Moderna, Oxford/AstraZeneca, Pfizer/BioNTech",https://impfdashboard.de/,9932882,6902592,3030321,35
2021-03-16,Germany,"Johnson&Johnson, Moderna, Oxford/AstraZeneca, Pfizer/BioNTech",https://impfdashboard.de/,10112404,7013790,3098645,35
2021-03-17,Germany,"Johnson&Johnson, Moderna, Oxford/AstraZeneca, Pfizer/BioNTech",https://impfdashboard.de/,10318253,7138461,3179823,35
2021-03-18,Germany,"Johnson&Johnson, Moderna, Oxford/AstraZeneca, Pfizer/BioNTech",https://impfdashboard.de/,10512283,7256684,3255630,35
2021-03-19,Germany,"Johnson&Johnson, Moderna, Oxford/AstraZeneca, Pfizer/BioNTech",https://impfdashboard.de/,10758182,7417916,3340296,36
2021-03-20,Germany,"Johnson&Johnson, Moderna, Oxford/AstraZeneca, Pfizer/BioNTech",https://impfdashboard.de/,10979034,7585367,3393696,37
2021-03-21,Germany,"Johnson&Johnson, Moderna, Oxford/AstraZeneca, Pfizer/BioNTech",https://impfdashboard.de/,11143950,7711959,3432021,37
2021-03-22,Germany,"Johnson&Johnson, Moderna, Oxford/AstraZeneca, Pfizer/BioNTech",https://impfdashboard.de/,11413916,7905198,3508745,40
2021-03-23,Germany,"Johnson&Johnson, Moderna, Oxford/AstraZeneca, Pfizer/BioNTech",https://impfdashboard.de/,11715597,8122495,3593130,40
2021-03-24,Germany,"Johnson&Johnson, Moderna, Oxford/AstraZeneca, Pfizer/BioNTech",https://impfdashboard.de/,12055988,8373195,3682823,40
2021-03-25,Germany,"Johnson&Johnson, Moderna, Oxford/AstraZeneca, Pfizer/BioNTech",https://impfdashboard.de/,12389909,8625747,3764192,41
2021-03-26,Germany,"Johnson&Johnson, Moderna, Oxford/AstraZeneca, Pfizer/BioNTech",https://impfdashboard.de/,12765366,8912145,3853252,42
2021-03-27,Germany,"Johnson&Johnson, Moderna, Oxford/AstraZeneca, Pfizer/BioNTech",https://impfdashboard.de/,13047286,9131582,3915737,42
2021-03-28,Germany,"Johnson&Johnson, Moderna, Oxford/AstraZeneca, Pfizer/BioNTech",https://impfdashboard.de/,13244048,9275005,3969077,42
2021-03-29,Germany,"Johnson&Johnson, Moderna, Oxford/AstraZeneca, Pfizer/BioNTech",https://impfdashboard.de/,13550540,9492518,4058056,42
2021-03-30,Germany,"Johnson&Johnson, Moderna, Oxford/AstraZeneca, Pfizer/BioNTech",https://impfdashboard.de/,13880465,9729497,4151000,44
2021-03-31,Germany,"Johnson&Johnson, Moderna, Oxford/AstraZeneca, Pfizer/BioNTech",https://impfdashboard.de/,14218242,9965341,4252932,45
2021-04-01,Germany,"Johnson&Johnson, Moderna, Oxford/AstraZeneca, Pfizer/BioNTech",https://impfdashboard.de/,14546653,10202480,4344205,45
2021-04-02,Germany,"Johnson&Johnson, Moderna, Oxford/AstraZeneca, Pfizer/BioNTech",https://impfdashboard.de/,14772870,10360577,4412324,46
2021-04-03,Germany,"Johnson&Johnson, Moderna, Oxford/AstraZeneca, Pfizer/BioNTech",https://impfdashboard.de/,15005357,10528385,4477003,46
2021-04-04,Germany,"Johnson&Johnson, Moderna, Oxford/AstraZeneca, Pfizer/BioNTech",https://impfdashboard.de/,15198792,10671235,4527590,46
2021-04-05,Germany,"Johnson&Johnson, Moderna, Oxford/AstraZeneca, Pfizer/BioNTech",https://impfdashboard.de/,15447258,10849277,4598010,50
2021-04-06,Germany,"Johnson&Johnson, Moderna, Oxford/AstraZeneca, Pfizer/BioNTech",https://impfdashboard.de/,15821581,11128696,4692911,55
2021-04-07,Germany,"Johnson&Johnson, Moderna, Oxford/AstraZeneca, Pfizer/BioNTech",https://impfdashboard.de/,16490645,11701238,4789432,56
2021-04-08,Germany,"Johnson&Johnson, Moderna, Oxford/AstraZeneca, Pfizer/BioNTech",https://impfdashboard.de/,17190798,12313494,4877327,59
2021-04-09,Germany,"Johnson&Johnson, Moderna, Oxford/AstraZeneca, Pfizer/BioNTech",https://impfdashboard.de/,17824185,12857735,4966475,59
2021-04-10,Germany,"Johnson&Johnson, Moderna, Oxford/AstraZeneca, Pfizer/BioNTech",https://impfdashboard.de/,18197275,13165671,5031629,59
2021-04-11,Germany,"Johnson&Johnson, Moderna, Oxford/AstraZeneca, Pfizer/BioNTech",https://impfdashboard.de/,18461591,13379546,5082070,59
2021-04-12,Germany,"Johnson&Johnson, Moderna, Oxford/AstraZeneca, Pfizer/BioNTech",https://impfdashboard.de/,18881015,13722473,5158566,61
2021-04-13,Germany,"Johnson&Johnson, Moderna, Oxford/AstraZeneca, Pfizer/BioNTech",https://impfdashboard.de/,19458775,14226420,5232377,63
2021-04-14,Germany,"Johnson&Johnson, Moderna, Oxford/AstraZeneca, Pfizer/BioNTech",https://impfdashboard.de/,20235435,14919707,5315748,65
2021-04-15,Germany,"Johnson&Johnson, Moderna, Oxford/AstraZeneca, Pfizer/BioNTech",https://impfdashboard.de/,20917605,15531547,5386079,65
2021-04-16,Germany,"Johnson&Johnson, Moderna, Oxford/AstraZeneca, Pfizer/BioNTech",https://impfdashboard.de/,21515971,16055530,5460460,67
2021-04-17,Germany,"Johnson&Johnson, Moderna, Oxford/AstraZeneca, Pfizer/BioNTech",https://impfdashboard.de/,21882550,16365402,5517166,68
2021-04-18,Germany,"Johnson&Johnson, Moderna, Oxford/AstraZeneca, Pfizer/BioNTech",https://impfdashboard.de/,22152491,16596256,5556251,70
2021-04-19,Germany,"Johnson&Johnson, Moderna, Oxford/AstraZeneca, Pfizer/BioNTech",https://impfdashboard.de/,22555996,16938204,5617805,74
2021-04-20,Germany,"Johnson&Johnson, Moderna, Oxford/AstraZeneca, Pfizer/BioNTech",https://impfdashboard.de/,23118191,17437470,5680734,76
2021-04-21,Germany,"Johnson&Johnson, Moderna, Oxford/AstraZeneca, Pfizer/BioNTech",https://impfdashboard.de/,23840731,18086593,5754150,77
2021-04-22,Germany,"Johnson&Johnson, Moderna, Oxford/AstraZeneca, Pfizer/BioNTech",https://impfdashboard.de/,24480660,18659120,5821549,80
2021-04-23,Germany,"Johnson&Johnson, Moderna, Oxford/AstraZeneca, Pfizer/BioNTech",https://impfdashboard.de/,25038188,19147408,5890789,81
2021-04-24,Germany,"Johnson&Johnson, Moderna, Oxford/AstraZeneca, Pfizer/BioNTech",https://impfdashboard.de/,25404509,19454567,5949951,81
2021-04-25,Germany,"Johnson&Johnson, Moderna, Oxford/AstraZeneca, Pfizer/BioNTech",https://impfdashboard.de/,25687949,19688820,5999138,81
2021-04-26,Germany,"Johnson&Johnson, Moderna, Oxford/AstraZeneca, Pfizer/BioNTech",https://impfdashboard.de/,26122039,20048788,6073331,81
2021-04-27,Germany,"Johnson&Johnson, Moderna, Oxford/AstraZeneca, Pfizer/BioNTech",https://impfdashboard.de/,26908805,20743927,6165505,87
2021-04-28,Germany,"Johnson&Johnson, Moderna, Oxford/AstraZeneca, Pfizer/BioNTech",https://impfdashboard.de/,28033541,21742113,6292889,88
2021-04-29,Germany,"Johnson&Johnson, Moderna, Oxford/AstraZeneca, Pfizer/BioNTech",https://impfdashboard.de/,28981537,22557032,6426877,90
2021-04-30,Germany,"Johnson&Johnson, Moderna, Oxford/AstraZeneca, Pfizer/BioNTech",https://impfdashboard.de/,29787187,23225983,6564477,90
2021-05-01,Germany,"Johnson&Johnson, Moderna, Oxford/AstraZeneca, Pfizer/BioNTech",https://impfdashboard.de/,30123998,23489004,6640883,95
2021-05-02,Germany,"Johnson&Johnson, Moderna, Oxford/AstraZeneca, Pfizer/BioNTech",https://impfdashboard.de/,30389342,23688678,6708360,97
2021-05-03,Germany,"Johnson&Johnson, Moderna, Oxford/AstraZeneca, Pfizer/BioNTech",https://impfdashboard.de/,30842300,24026595,6825078,100
2021-05-04,Germany,"Johnson&Johnson, Moderna, Oxford/AstraZeneca, Pfizer/BioNTech",https://impfdashboard.de/,31686427,24711736,6987119,102
2021-05-05,Germany,"Johnson&Johnson, Moderna, Oxford/AstraZeneca, Pfizer/BioNTech",https://impfdashboard.de/,32835446,25632152,7220317,103
2021-05-06,Germany,"Johnson&Johnson, Moderna, Oxford/AstraZeneca, Pfizer/BioNTech",https://impfdashboard.de/,33828385,26405054,7444980,107
2021-05-07,Germany,"Johnson&Johnson, Moderna, Oxford/AstraZeneca, Pfizer/BioNTech",https://impfdashboard.de/,34721421,27063490,7684073,111
2021-05-08,Germany,"Johnson&Johnson, Moderna, Oxford/AstraZeneca, Pfizer/BioNTech",https://impfdashboard.de/,35147890,27337329,7838428,113
2021-05-09,Germany,"Johnson&Johnson, Moderna, Oxford/AstraZeneca, Pfizer/BioNTech",https://impfdashboard.de/,35434477,27522310,7941102,113
2021-05-10,Germany,"Johnson&Johnson, Moderna, Oxford/AstraZeneca, Pfizer/BioNTech",https://impfdashboard.de/,36025016,27922761,8135080,117
2021-05-11,Germany,"Johnson&Johnson, Moderna, Oxford/AstraZeneca, Pfizer/BioNTech",https://impfdashboard.de/,37112626,28725397,8423807,118
2021-05-12,Germany,"Johnson&Johnson, Moderna, Oxford/AstraZeneca, Pfizer/BioNTech",https://impfdashboard.de/,38530840,29781758,8791493,120
2021-05-13,Germany,"Johnson&Johnson, Moderna, Oxford/AstraZeneca, Pfizer/BioNTech",https://impfdashboard.de/,38960584,30053109,8952542,122
2021-05-14,Germany,"Johnson&Johnson, Moderna, Oxford/AstraZeneca, Pfizer/BioNTech",https://impfdashboard.de/,39718249,30587894,9183266,123
2021-05-15,Germany,"Johnson&Johnson, Moderna, Oxford/AstraZeneca, Pfizer/BioNTech",https://impfdashboard.de/,40119131,30827303,9349021,125
2021-05-16,Germany,"Johnson&Johnson, Moderna, Oxford/AstraZeneca, Pfizer/BioNTech",https://impfdashboard.de/,40401679,30992850,9470752,125
2021-05-17,Germany,"Johnson&Johnson, Moderna, Oxford/AstraZeneca, Pfizer/BioNTech",https://impfdashboard.de/,40958067,31352856,9677027,129
2021-05-18,Germany,"Johnson&Johnson, Moderna, Oxford/AstraZeneca, Pfizer/BioNTech",https://impfdashboard.de/,41831278,31878924,10032028,132
2021-05-19,Germany,"Johnson&Johnson, Moderna, Oxford/AstraZeneca, Pfizer/BioNTech",https://impfdashboard.de/,42930474,32455513,10566925,135
2021-05-20,Germany,"Johnson&Johnson, Moderna, Oxford/AstraZeneca, Pfizer/BioNTech",https://impfdashboard.de/,43880230,32922614,11060672,137
2021-05-21,Germany,"Johnson&Johnson, Moderna, Oxford/AstraZeneca, Pfizer/BioNTech",https://impfdashboard.de/,44732513,33341068,11506524,139
2021-05-22,Germany,"Johnson&Johnson, Moderna, Oxford/AstraZeneca, Pfizer/BioNTech",https://impfdashboard.de/,45206921,33570572,11765714,142
2021-05-23,Germany,"Johnson&Johnson, Moderna, Oxford/AstraZeneca, Pfizer/BioNTech",https://impfdashboard.de/,45492384,33704422,11926193,144
2021-05-24,Germany,"Johnson&Johnson, Moderna, Oxford/AstraZeneca, Pfizer/BioNTech",https://impfdashboard.de/,45818643,33853727,12111194,150
2021-05-25,Germany,"Johnson&Johnson, Moderna, Oxford/AstraZeneca, Pfizer/BioNTech",https://impfdashboard.de/,46474944,34151302,12495181,153
2021-05-26,Germany,"Johnson&Johnson, Moderna, Oxford/AstraZeneca, Pfizer/BioNTech",https://impfdashboard.de/,47655443,34699610,13205722,157
2021-05-27,Germany,"Johnson&Johnson, Moderna, Oxford/AstraZeneca, Pfizer/BioNTech",https://impfdashboard.de/,48697594,35185365,13843338,162
2021-05-28,Germany,"Johnson&Johnson, Moderna, Oxford/AstraZeneca, Pfizer/BioNTech",https://impfdashboard.de/,49602929,35626181,14391812,164
2021-05-29,Germany,"Johnson&Johnson, Moderna, Oxford/AstraZeneca, Pfizer/BioNTech",https://impfdashboard.de/,50013960,35806201,14650636,169
2021-05-30,Germany,"Johnson&Johnson, Moderna, Oxford/AstraZeneca, Pfizer/BioNTech",https://impfdashboard.de/,50297955,35915224,14836691,170
2021-05-31,Germany,"Johnson&Johnson, Moderna, Oxford/AstraZeneca, Pfizer/BioNTech",https://impfdashboard.de/,50845813,36136634,15205677,170
2021-06-01,Germany,"Johnson&Johnson, Moderna, Oxford/AstraZeneca, Pfizer/BioNTech",https://impfdashboard.de/,51835290,36621688,15794761,172
2021-06-02,Germany,"Johnson&Johnson, Moderna, Oxford/AstraZeneca, Pfizer/BioNTech",https://impfdashboard.de/,53085177,37244004,16527325,173
2021-06-03,Germany,"Johnson&Johnson, Moderna, Oxford/AstraZeneca, Pfizer/BioNTech",https://impfdashboard.de/,53728992,37528261,16940198,174
2021-06-04,Germany,"Johnson&Johnson, Moderna, Oxford/AstraZeneca, Pfizer/BioNTech",https://impfdashboard.de/,54541216,37897574,17460384,175
2021-06-05,Germany,"Johnson&Johnson, Moderna, Oxford/AstraZeneca, Pfizer/BioNTech",https://impfdashboard.de/,54954553,38024741,17777213,175
2021-06-06,Germany,"Johnson&Johnson, Moderna, Oxford/AstraZeneca, Pfizer/BioNTech",https://impfdashboard.de/,55247146,38102646,18010170,175
2021-06-07,Germany,"Johnson&Johnson, Moderna, Oxford/AstraZeneca, Pfizer/BioNTech",https://impfdashboard.de/,55862240,38350853,18431566,175
2021-06-08,Germany,"Johnson&Johnson, Moderna, Oxford/AstraZeneca, Pfizer/BioNTech",https://impfdashboard.de/,56920332,38764563,19144419,181
2021-06-09,Germany,"Johnson&Johnson, Moderna, Oxford/AstraZeneca, Pfizer/BioNTech",https://impfdashboard.de/,58348747,39313493,20119908,186
2021-06-10,Germany,"Johnson&Johnson, Moderna, Oxford/AstraZeneca, Pfizer/BioNTech",https://impfdashboard.de/,59544343,39810761,20906786,189
2021-06-11,Germany,"Johnson&Johnson, Moderna, Oxford/AstraZeneca, Pfizer/BioNTech",https://impfdashboard.de/,60611117,40275937,21605217,192
2021-06-12,Germany,"Johnson&Johnson, Moderna, Oxford/AstraZeneca, Pfizer/BioNTech",https://impfdashboard.de/,61047935,40436074,21917143,193
2021-06-13,Germany,"Johnson&Johnson, Moderna, Oxford/AstraZeneca, Pfizer/BioNTech",https://impfdashboard.de/,61331040,40514843,22135275,193
2021-06-14,Germany,"Johnson&Johnson, Moderna, Oxford/AstraZeneca, Pfizer/BioNTech",https://impfdashboard.de/,61987674,40785935,22576059,194
2021-06-15,Germany,"Johnson&Johnson, Moderna, Oxford/AstraZeneca, Pfizer/BioNTech",https://impfdashboard.de/,63038655,41196027,23276062,194
2021-06-16,Germany,"Johnson&Johnson, Moderna, Oxford/AstraZeneca, Pfizer/BioNTech",https://impfdashboard.de/,64425512,41742717,24192537,204
2021-06-17,Germany,"Johnson&Johnson, Moderna, Oxford/AstraZeneca, Pfizer/BioNTech",https://impfdashboard.de/,65576690,42214219,24940508,204
2021-06-18,Germany,"Johnson&Johnson, Moderna, Oxford/AstraZeneca, Pfizer/BioNTech",https://impfdashboard.de/,66572095,42631219,25587798,212
2021-06-19,Germany,"Johnson&Johnson, Moderna, Oxford/AstraZeneca, Pfizer/BioNTech",https://impfdashboard.de/,67000197,42772696,25895580,213
2021-06-20,Germany,"Johnson&Johnson, Moderna, Oxford/AstraZeneca, Pfizer/BioNTech",https://impfdashboard.de/,67295382,42853584,26122692,213
2021-06-21,Germany,"Johnson&Johnson, Moderna, Oxford/AstraZeneca, Pfizer/BioNTech",https://impfdashboard.de/,67928458,43101335,26544412,214
2021-06-22,Germany,"Johnson&Johnson, Moderna, Oxford/AstraZeneca, Pfizer/BioNTech",https://impfdashboard.de/,69009110,43514830,27245991,217
2021-06-23,Germany,"Johnson&Johnson, Moderna, Oxford/AstraZeneca, Pfizer/BioNTech",https://impfdashboard.de/,70348117,44041823,28092871,219
2021-06-24,Germany,"Johnson&Johnson, Moderna, Oxford/AstraZeneca, Pfizer/BioNTech",https://impfdashboard.de/,71387587,44575194,28639543,221
2021-06-25,Germany,"Johnson&Johnson, Moderna, Oxford/AstraZeneca, Pfizer/BioNTech",https://impfdashboard.de/,72311197,44998945,29179839,228
2021-06-26,Germany,"Johnson&Johnson, Moderna, Oxford/AstraZeneca, Pfizer/BioNTech",https://impfdashboard.de/,72722031,45149941,29452937,232
2021-06-27,Germany,"Johnson&Johnson, Moderna, Oxford/AstraZeneca, Pfizer/BioNTech",https://impfdashboard.de/,73014292,45244302,29654984,236
2021-06-28,Germany,"Johnson&Johnson, Moderna, Oxford/AstraZeneca, Pfizer/BioNTech",https://impfdashboard.de/,73645063,45514090,30040531,237
2021-06-29,Germany,"Johnson&Johnson, Moderna, Oxford/AstraZeneca, Pfizer/BioNTech",https://impfdashboard.de/,74581043,45928692,30584586,237
2021-06-30,Germany,"Johnson&Johnson, Moderna, Oxford/AstraZeneca, Pfizer/BioNTech",https://impfdashboard.de/,75607281,46406237,31156279,243
2021-07-01,Germany,"Johnson&Johnson, Moderna, Oxford/AstraZeneca, Pfizer/BioNTech",https://impfdashboard.de/,76593436,46885302,31686266,250
2021-07-02,Germany,"Johnson&Johnson, Moderna, Oxford/AstraZeneca, Pfizer/BioNTech",https://impfdashboard.de/,77443353,47290368,32153388,253
2021-07-03,Germany,"Johnson&Johnson, Moderna, Oxford/AstraZeneca, Pfizer/BioNTech",https://impfdashboard.de/,77821537,47455648,32381506,259
2021-07-04,Germany,"Johnson&Johnson, Moderna, Oxford/AstraZeneca, Pfizer/BioNTech",https://impfdashboard.de/,78095169,47558008,32561691,264
2021-07-05,Germany,"Johnson&Johnson, Moderna, Oxford/AstraZeneca, Pfizer/BioNTech",https://impfdashboard.de/,78633263,47770986,32901756,272
2021-07-06,Germany,"Johnson&Johnson, Moderna, Oxford/AstraZeneca, Pfizer/BioNTech",https://impfdashboard.de/,79414870,48059891,33410411,277
2021-07-07,Germany,"Johnson&Johnson, Moderna, Oxford/AstraZeneca, Pfizer/BioNTech",https://impfdashboard.de/,80414529,48405572,34083547,284
2021-07-08,Germany,"Johnson&Johnson, Moderna, Oxford/AstraZeneca, Pfizer/BioNTech",https://impfdashboard.de/,81266168,48690771,34669501,295
2021-07-09,Germany,"Johnson&Johnson, Moderna, Oxford/AstraZeneca, Pfizer/BioNTech",https://impfdashboard.de/,82026636,48933023,35208406,304
2021-07-10,Germany,"Johnson&Johnson, Moderna, Oxford/AstraZeneca, Pfizer/BioNTech",https://impfdashboard.de/,82370862,49039430,35456007,309
2021-07-11,Germany,"Johnson&Johnson, Moderna, Oxford/AstraZeneca, Pfizer/BioNTech",https://impfdashboard.de/,82599169,49109343,35622694,314
2021-07-12,Germany,"Johnson&Johnson, Moderna, Oxford/AstraZeneca, Pfizer/BioNTech",https://impfdashboard.de/,83069396,49276154,35940219,325
2021-07-13,Germany,"Johnson&Johnson, Moderna, Oxford/AstraZeneca, Pfizer/BioNTech",https://impfdashboard.de/,83834259,49477790,36523453,339
2021-07-14,Germany,"Johnson&Johnson, Moderna, Oxford/AstraZeneca, Pfizer/BioNTech",https://impfdashboard.de/,84813085,49706313,37296815,348
2021-07-15,Germany,"Johnson&Johnson, Moderna, Oxford/AstraZeneca, Pfizer/BioNTech",https://impfdashboard.de/,85584125,49901763,37895046,355
2021-07-16,Germany,"Johnson&Johnson, Moderna, Oxford/AstraZeneca, Pfizer/BioNTech",https://impfdashboard.de/,86247035,50076855,38405095,369
2021-07-17,Germany,"Johnson&Johnson, Moderna, Oxford/AstraZeneca, Pfizer/BioNTech",https://impfdashboard.de/,86519927,50167203,38606214,375
2021-07-18,Germany,"Johnson&Johnson, Moderna, Oxford/AstraZeneca, Pfizer/BioNTech",https://impfdashboard.de/,86720560,50239030,38746333,380
2021-07-19,Germany,"Johnson&Johnson, Moderna, Oxford/AstraZeneca, Pfizer/BioNTech",https://impfdashboard.de/,87103831,50346010,39036908,391
2021-07-20,Germany,"Johnson&Johnson, Moderna, Oxford/AstraZeneca, Pfizer/BioNTech",https://impfdashboard.de/,87714470,50488023,39519871,417
2021-07-21,Germany,"Johnson&Johnson, Moderna, Oxford/AstraZeneca, Pfizer/BioNTech",https://impfdashboard.de/,88473414,50658326,40122398,421
2021-07-22,Germany,"Johnson&Johnson, Moderna, Oxford/AstraZeneca, Pfizer/BioNTech",https://impfdashboard.de/,89098632,50794683,40624888,439
2021-07-23,Germany,"Johnson&Johnson, Moderna, Oxford/AstraZeneca, Pfizer/BioNTech",https://impfdashboard.de/,89671895,50927897,41083280,460
2021-07-24,Germany,"Johnson&Johnson, Moderna, Oxford/AstraZeneca, Pfizer/BioNTech",https://impfdashboard.de/,89884069,50993317,41241995,482
2021-07-25,Germany,"Johnson&Johnson, Moderna, Oxford/AstraZeneca, Pfizer/BioNTech",https://impfdashboard.de/,90008753,51031703,41334192,488
2021-07-26,Germany,"Johnson&Johnson, Moderna, Oxford/AstraZeneca, Pfizer/BioNTech",https://impfdashboard.de/,90348734,51115495,41601507,505
2021-07-27,Germany,"Johnson&Johnson, Moderna, Oxford/AstraZeneca, Pfizer/BioNTech",https://impfdashboard.de/,90904580,51227850,42057966,555
2021-07-28,Germany,"Johnson&Johnson, Moderna, Oxford/AstraZeneca, Pfizer/BioNTech",https://impfdashboard.de/,91598160,51365148,42627942,684
2021-07-29,Germany,"Johnson&Johnson, Moderna, Oxford/AstraZeneca, Pfizer/BioNTech",https://impfdashboard.de/,92178788,51486335,43102037,810
2021-07-30,Germany,"Johnson&Johnson, Moderna, Oxford/AstraZeneca, Pfizer/BioNTech",https://impfdashboard.de/,92678431,51598009,43505935,995
2021-07-31,Germany,"Johnson&Johnson, Moderna, Oxford/AstraZeneca, Pfizer/BioNTech",https://impfdashboard.de/,92874058,51658509,43653372,1179
2021-08-01,Germany,"Johnson&Johnson, Moderna, Oxford/AstraZeneca, Pfizer/BioNTech",https://impfdashboard.de/,92991453,51695489,43739524,1350
2021-08-02,Germany,"Johnson&Johnson, Moderna, Oxford/AstraZeneca, Pfizer/BioNTech",https://impfdashboard.de/,93286480,51766402,43974778,1504
2021-08-03,Germany,"Johnson&Johnson, Moderna, Oxford/AstraZeneca, Pfizer/BioNTech",https://impfdashboard.de/,93750711,51857476,44361024,1732
2021-08-04,Germany,"Johnson&Johnson, Moderna, Oxford/AstraZeneca, Pfizer/BioNTech",https://impfdashboard.de/,94326199,51969212,44837356,1995
2021-08-05,Germany,"Johnson&Johnson, Moderna, Oxford/AstraZeneca, Pfizer/BioNTech",https://impfdashboard.de/,94846203,52070137,45270688,2214
2021-08-06,Germany,"Johnson&Johnson, Moderna, Oxford/AstraZeneca, Pfizer/BioNTech",https://impfdashboard.de/,95288611,52167251,45631002,2469
2021-08-07,Germany,"Johnson&Johnson, Moderna, Oxford/AstraZeneca, Pfizer/BioNTech",https://impfdashboard.de/,95474202,52221811,45774865,2646
2021-08-08,Germany,"Johnson&Johnson, Moderna, Oxford/AstraZeneca, Pfizer/BioNTech",https://impfdashboard.de/,95590508,52249618,45867225,2788
2021-08-09,Germany,"Johnson&Johnson, Moderna, Oxford/AstraZeneca, Pfizer/BioNTech",https://impfdashboard.de/,95886017,52310612,46110442,3078
2021-08-10,Germany,"Johnson&Johnson, Moderna, Oxford/AstraZeneca, Pfizer/BioNTech",https://impfdashboard.de/,96317751,52396932,46467000,3281
2021-08-11,Germany,"Johnson&Johnson, Moderna, Oxford/AstraZeneca, Pfizer/BioNTech",https://impfdashboard.de/,96861989,52517841,46905761,3603
2021-08-12,Germany,"Johnson&Johnson, Moderna, Oxford/AstraZeneca, Pfizer/BioNTech",https://impfdashboard.de/,97336750,52637793,47278972,3958
2021-08-13,Germany,"Johnson&Johnson, Moderna, Oxford/AstraZeneca, Pfizer/BioNTech",https://impfdashboard.de/,97762125,52753634,47607789,4356
2021-08-14,Germany,"Johnson&Johnson, Moderna, Oxford/AstraZeneca, Pfizer/BioNTech",https://impfdashboard.de/,97958006,52820851,47751798,4628
2021-08-15,Germany,"Johnson&Johnson, Moderna, Oxford/AstraZeneca, Pfizer/BioNTech",https://impfdashboard.de/,98076454,52859490,47838936,4812
2021-08-16,Germany,"Johnson&Johnson, Moderna, Oxford/AstraZeneca, Pfizer/BioNTech",https://impfdashboard.de/,98342775,52942413,48035761,5047
2021-08-17,Germany,"Johnson&Johnson, Moderna, Oxford/AstraZeneca, Pfizer/BioNTech",https://impfdashboard.de/,98705272,53056288,48299523,5292
2021-08-18,Germany,"Johnson&Johnson, Moderna, Oxford/AstraZeneca, Pfizer/BioNTech",https://impfdashboard.de/,99129118,53193514,48604042,5607
2021-08-19,Germany,"Johnson&Johnson, Moderna, Oxford/AstraZeneca, Pfizer/BioNTech",https://impfdashboard.de/,99464283,53314529,48835967,5980
2021-08-20,Germany,"Johnson&Johnson, Moderna, Oxford/AstraZeneca, Pfizer/BioNTech",https://impfdashboard.de/,99807185,53447026,49067474,6428
2021-08-21,Germany,"Johnson&Johnson, Moderna, Oxford/AstraZeneca, Pfizer/BioNTech",https://impfdashboard.de/,99963779,53520544,49164305,6787
2021-08-22,Germany,"Johnson&Johnson, Moderna, Oxford/AstraZeneca, Pfizer/BioNTech",https://impfdashboard.de/,100058030,53560701,49223988,7140
2021-08-23,Germany,"Johnson&Johnson, Moderna, Oxford/AstraZeneca, Pfizer/BioNTech",https://impfdashboard.de/,100291284,53652654,49378590,7479
2021-08-24,Germany,"Johnson&Johnson, Moderna, Oxford/AstraZeneca, Pfizer/BioNTech",https://impfdashboard.de/,100589559,53774469,49570886,7960
2021-08-25,Germany,"Johnson&Johnson, Moderna, Oxford/AstraZeneca, Pfizer/BioNTech",https://impfdashboard.de/,100932253,53915902,49789753,8501
2021-08-26,Germany,"Johnson&Johnson, Moderna, Oxford/AstraZeneca, Pfizer/BioNTech",https://impfdashboard.de/,101233178,54049483,49974654,9106
2021-08-27,Germany,"Johnson&Johnson, Moderna, Oxford/AstraZeneca, Pfizer/BioNTech",https://impfdashboard.de/,101486624,54163711,50131281,10332
2021-08-28,Germany,"Johnson&Johnson, Moderna, Oxford/AstraZeneca, Pfizer/BioNTech",https://impfdashboard.de/,101624189,54234523,50212073,11148
2021-08-29,Germany,"Johnson&Johnson, Moderna, Oxford/AstraZeneca, Pfizer/BioNTech",https://impfdashboard.de/,101709642,54272106,50265625,11922
2021-08-30,Germany,"Johnson&Johnson, Moderna, Oxford/AstraZeneca, Pfizer/BioNTech",https://impfdashboard.de/,101902039,54356984,50383907,14075
2021-08-31,Germany,"Johnson&Johnson, Moderna, Oxford/AstraZeneca, Pfizer/BioNTech",https://impfdashboard.de/,102145668,54468506,50526426,17740
2021-09-01,Germany,"Johnson&Johnson, Moderna, Oxford/AstraZeneca, Pfizer/BioNTech",https://impfdashboard.de/,102441772,54594295,50695943,33443
2021-09-02,Germany,"Johnson&Johnson, Moderna, Oxford/AstraZeneca, Pfizer/BioNTech",https://impfdashboard.de/,102699779,54707202,50838019,50710
2021-09-03,Germany,"Johnson&Johnson, Moderna, Oxford/AstraZeneca, Pfizer/BioNTech",https://impfdashboard.de/,102947295,54814212,50977110,67075
2021-09-04,Germany,"Johnson&Johnson, Moderna, Oxford/AstraZeneca, Pfizer/BioNTech",https://impfdashboard.de/,103055501,54862948,51041788,71732
2021-09-05,Germany,"Johnson&Johnson, Moderna, Oxford/AstraZeneca, Pfizer/BioNTech",https://impfdashboard.de/,103120230,54891447,51079875,75073
2021-09-06,Germany,"Johnson&Johnson, Moderna, Oxford/AstraZeneca, Pfizer/BioNTech",https://impfdashboard.de/,103275546,54955827,51164404,90224
2021-09-07,Germany,"Johnson&Johnson, Moderna, Oxford/AstraZeneca, Pfizer/BioNTech",https://impfdashboard.de/,103499037,55048538,51283205,113131
2021-09-08,Germany,"Johnson&Johnson, Moderna, Oxford/AstraZeneca, Pfizer/BioNTech",https://impfdashboard.de/,103759887,55153436,51424354,140174
2021-09-09,Germany,"Johnson&Johnson, Moderna, Oxford/AstraZeneca, Pfizer/BioNTech",https://impfdashboard.de/,104015870,55257249,51561002,168924
2021-09-10,Germany,"Johnson&Johnson, Moderna, Oxford/AstraZeneca, Pfizer/BioNTech",https://impfdashboard.de/,104243652,55346863,51692855,190761
2021-09-11,Germany,"Johnson&Johnson, Moderna, Oxford/AstraZeneca, Pfizer/BioNTech",https://impfdashboard.de/,104354222,55390899,51764136,196958
2021-09-12,Germany,"Johnson&Johnson, Moderna, Oxford/AstraZeneca, Pfizer/BioNTech",https://impfdashboard.de/,104419012,55414850,51805691,201532
2021-09-13,Germany,"Johnson&Johnson, Moderna, Oxford/AstraZeneca, Pfizer/BioNTech",https://impfdashboard.de/,104586174,55478639,51899679,222597
2021-09-14,Germany,"Johnson&Johnson, Moderna, Oxford/AstraZeneca, Pfizer/BioNTech",https://impfdashboard.de/,104823646,55571874,52023442,255797
2021-09-15,Germany,"Johnson&Johnson, Moderna, Oxford/AstraZeneca, Pfizer/BioNTech",https://impfdashboard.de/,105108097,55676694,52176368,296940
2021-09-16,Germany,"Johnson&Johnson, Moderna, Oxford/AstraZeneca, Pfizer/BioNTech",https://impfdashboard.de/,105384553,55782920,52319484,339172
2021-09-17,Germany,"Johnson&Johnson, Moderna, Oxford/AstraZeneca, Pfizer/BioNTech",https://impfdashboard.de/,105633825,55877150,52459095,370796
2021-09-18,Germany,"Johnson&Johnson, Moderna, Oxford/AstraZeneca, Pfizer/BioNTech",https://impfdashboard.de/,105746530,55918982,52531932,378710
2021-09-19,Germany,"Johnson&Johnson, Moderna, Oxford/AstraZeneca, Pfizer/BioNTech",https://impfdashboard.de/,105816122,55943759,52575932,384213
2021-09-20,Germany,"Johnson&Johnson, Moderna, Oxford/AstraZeneca, Pfizer/BioNTech",https://impfdashboard.de/,105974646,55996586,52665926,409294
2021-09-21,Germany,"Johnson&Johnson, Moderna, Oxford/AstraZeneca, Pfizer/BioNTech",https://impfdashboard.de/,106209043,56076326,52788467,451758
2021-09-22,Germany,"Johnson&Johnson, Moderna, Oxford/AstraZeneca, Pfizer/BioNTech",https://impfdashboard.de/,106484623,56166819,52932261,504579
2021-09-23,Germany,"Johnson&Johnson, Moderna, Oxford/AstraZeneca, Pfizer/BioNTech",https://impfdashboard.de/,106753335,56257794,53069390,557542
2021-09-24,Germany,"Johnson&Johnson, Moderna, Oxford/AstraZeneca, Pfizer/BioNTech",https://impfdashboard.de/,106994425,56339106,53204242,595842
2021-09-25,Germany,"Johnson&Johnson, Moderna, Oxford/AstraZeneca, Pfizer/BioNTech",https://impfdashboard.de/,107094791,56372242,53270797,604898
2021-09-26,Germany,"Johnson&Johnson, Moderna, Oxford/AstraZeneca, Pfizer/BioNTech",https://impfdashboard.de/,107151465,56390187,53307766,610826
2021-09-27,Germany,"Johnson&Johnson, Moderna, Oxford/AstraZeneca, Pfizer/BioNTech",https://impfdashboard.de/,107303417,56439660,53390380,638894
2021-09-28,Germany,"Johnson&Johnson, Moderna, Oxford/AstraZeneca, Pfizer/BioNTech",https://impfdashboard.de/,107527311,56513205,53503409,685821
2021-09-29,Germany,"Johnson&Johnson, Moderna, Oxford/AstraZeneca, Pfizer/BioNTech",https://impfdashboard.de/,107779064,56591463,53631589,740977
2021-09-30,Germany,"Johnson&Johnson, Moderna, Oxford/AstraZeneca, Pfizer/BioNTech",https://impfdashboard.de/,108023338,56669786,53757637,790766
2021-10-01,Germany,"Johnson&Johnson, Moderna, Oxford/AstraZeneca, Pfizer/BioNTech",https://impfdashboard.de/,108150450,56713712,53822889,814666
2021-10-02,Germany,"Johnson&Johnson, Moderna, Oxford/AstraZeneca, Pfizer/BioNTech",https://impfdashboard.de/,108182224,56727219,53840940,818063
2021-10-03,Germany,"Johnson&Johnson, Moderna, Oxford/AstraZeneca, Pfizer/BioNTech",https://impfdashboard.de/,108196102,56732628,53848741,819786
2021-10-04,Germany,"Johnson&Johnson, Moderna, Oxford/AstraZeneca, Pfizer/BioNTech",https://impfdashboard.de/,108291489,56764784,53897038,839625
2021-10-05,Germany,"Johnson&Johnson, Moderna, Oxford/AstraZeneca, Pfizer/BioNTech",https://impfdashboard.de/,108473663,56819804,53987173,882107
2021-10-06,Germany,"Johnson&Johnson, Moderna, Oxford/AstraZeneca, Pfizer/BioNTech",https://impfdashboard.de/,108677745,56878032,54086083,935052
2021-10-07,Germany,"Johnson&Johnson, Moderna, Oxford/AstraZeneca, Pfizer/BioNTech",https://impfdashboard.de/,108888932,56940349,54189583,987289
2021-10-08,Germany,"Johnson&Johnson, Moderna, Oxford/AstraZeneca, Pfizer/BioNTech",https://impfdashboard.de/,109071132,56998063,54278157,1029932
2021-10-09,Germany,"Johnson&Johnson, Moderna, Oxford/AstraZeneca, Pfizer/BioNTech",https://impfdashboard.de/,109111673,57014136,54300532,1035200
2021-10-10,Germany,"Johnson&Johnson, Moderna, Oxford/AstraZeneca, Pfizer/BioNTech",https://impfdashboard.de/,109128801,57020865,54309889,1037626
2021-10-11,Germany,"Johnson&Johnson, Moderna, Oxford/AstraZeneca, Pfizer/BioNTech",https://impfdashboard.de/,109224211,57050434,54355290,1061885
2021-10-12,Germany,"Johnson&Johnson, Moderna, Oxford/AstraZeneca, Pfizer/BioNTech",https://impfdashboard.de/,109402556,57100248,54437212,1113206
2021-10-13,Germany,"Johnson&Johnson, Moderna, Oxford/AstraZeneca, Pfizer/BioNTech",https://impfdashboard.de/,109607379,57155276,54529134,1175851
2021-10-14,Germany,"Johnson&Johnson, Moderna, Oxford/AstraZeneca, Pfizer/BioNTech",https://impfdashboard.de/,109814272,57210692,54624007,1237608
2021-10-15,Germany,"Johnson&Johnson, Moderna, Oxford/AstraZeneca, Pfizer/BioNTech",https://impfdashboard.de/,109984076,57258802,54703160,1285369
2021-10-16,Germany,"Johnson&Johnson, Moderna, Oxford/AstraZeneca, Pfizer/BioNTech",https://impfdashboard.de/,110024956,57273933,54725003,1291879
2021-10-17,Germany,"Johnson&Johnson, Moderna, Oxford/AstraZeneca, Pfizer/BioNTech",https://impfdashboard.de/,110041462,57279623,54733485,1295225
2021-10-18,Germany,"Johnson&Johnson, Moderna, Oxford/AstraZeneca, Pfizer/BioNTech",https://impfdashboard.de/,110132568,57304883,54772898,1324563
2021-10-19,Germany,"Johnson&Johnson, Moderna, Oxford/AstraZeneca, Pfizer/BioNTech",https://impfdashboard.de/,110309283,57349873,54849789,1383394
2021-10-20,Germany,"Johnson&Johnson, Moderna, Oxford/AstraZeneca, Pfizer/BioNTech",https://impfdashboard.de/,110511546,57398271,54934026,1457120
2021-10-21,Germany,"Johnson&Johnson, Moderna, Oxford/AstraZeneca, Pfizer/BioNTech",https://impfdashboard.de/,110715895,57447690,55018353,1531850
2021-10-22,Germany,"Johnson&Johnson, Moderna, Oxford/AstraZeneca, Pfizer/BioNTech",https://impfdashboard.de/,110874269,57488223,55084938,1587237
2021-10-23,Germany,"Johnson&Johnson, Moderna, Oxford/AstraZeneca, Pfizer/BioNTech",https://impfdashboard.de/,110917015,57502868,55104217,1598267
2021-10-24,Germany,"Johnson&Johnson, Moderna, Oxford/AstraZeneca, Pfizer/BioNTech",https://impfdashboard.de/,110931336,57507530,55110758,1602199
2021-10-25,Germany,"Johnson&Johnson, Moderna, Oxford/AstraZeneca, Pfizer/BioNTech",https://impfdashboard.de/,111037308,57534968,55152544,1641848
2021-10-26,Germany,"Johnson&Johnson, Moderna, Oxford/AstraZeneca, Pfizer/BioNTech",https://impfdashboard.de/,111243718,57579030,55230760,1729621
2021-10-27,Germany,"Johnson&Johnson, Moderna, Oxford/AstraZeneca, Pfizer/BioNTech",https://impfdashboard.de/,111481805,57626799,55315268,1838695
2021-10-28,Germany,"Johnson&Johnson, Moderna, Oxford/AstraZeneca, Pfizer/BioNTech",https://impfdashboard.de/,111726628,57676838,55400168,1952129
2021-10-29,Germany,"Johnson&Johnson, Moderna, Oxford/AstraZeneca, Pfizer/BioNTech",https://impfdashboard.de/,111929135,57720155,55469411,2045818
2021-10-30,Germany,"Johnson&Johnson, Moderna, Oxford/AstraZeneca, Pfizer/BioNTech",https://impfdashboard.de/,111979183,57735022,55487631,2064741
2021-10-31,Germany,"Johnson&Johnson, Moderna, Oxford/AstraZeneca, Pfizer/BioNTech",https://impfdashboard.de/,111994428,57739368,55493107,2070735
2021-11-01,Germany,"Johnson&Johnson, Moderna, Oxford/AstraZeneca, Pfizer/BioNTech",https://impfdashboard.de/,112056450,57752283,55512848,2101581
2021-11-02,Germany,"Johnson&Johnson, Moderna, Oxford/AstraZeneca, Pfizer/BioNTech",https://impfdashboard.de/,112264338,57788951,55574768,2213139
2021-11-03,Germany,"Johnson&Johnson, Moderna, Oxford/AstraZeneca, Pfizer/BioNTech",https://impfdashboard.de/,112545028,57839072,55651178,2371150
2021-11-04,Germany,"Johnson&Johnson, Moderna, Oxford/AstraZeneca, Pfizer/BioNTech",https://impfdashboard.de/,112823807,57886200,55725472,2531507
