location,date,vaccine,total_vaccinations,people_vaccinated,source_url,people_fully_vaccinated,total_boosters
Ghana,2021-03-01,Oxford/AstraZeneca,0,0,https://www.africanews.com/2021/03/03/skepticism-as-ghana-begins-mass-covid-19-vaccination-drive/,,
Ghana,2021-03-08,Oxford/AstraZeneca,202252,202252,https://twitter.com/tv3_ghana/status/1369195860102373381,,
Ghana,2021-03-10,Oxford/AstraZeneca,300000,300000,https://yen.com.gh/183605-government-sanction-refusing-covid-19-vaccine-oppong-nkrumah.html,,
Ghana,2021-03-18,Oxford/AstraZeneca,420000,420000,https://reliefweb.int/report/world/africa-s-covid-19-vaccination-gains-pace-nearly-7-million-doses-given,,
Ghana,2021-03-24,Oxford/AstraZeneca,500000,500000,https://twitter.com/utvghana/status/1374700183347470342,,
Ghana,2021-04-07,Oxford/AstraZeneca,599128,599128,https://www.ghanahealthservice.org/covid19/press-releases.php,0,
Ghana,2021-04-08,Oxford/AstraZeneca,647380,647380,https://www.ghanahealthservice.org/covid19/press-releases.php,0,
Ghana,2021-04-09,Oxford/AstraZeneca,681211,681211,https://www.ghanahealthservice.org/covid19/press-releases.php,0,
Ghana,2021-04-11,Oxford/AstraZeneca,703752,703752,https://www.ghanahealthservice.org/covid19/press-releases.php,0,
Ghana,2021-04-12,Oxford/AstraZeneca,742349,742349,https://www.ghanahealthservice.org/covid19/press-releases.php,0,
Ghana,2021-04-15,Oxford/AstraZeneca,755686,755686,https://www.ghanahealthservice.org/covid19/press-releases.php,0,
Ghana,2021-04-20,Oxford/AstraZeneca,842521,842521,https://www.ghanahealthservice.org/covid19/press-releases.php,0,
Ghana,2021-04-26,Oxford/AstraZeneca,846588,846588,https://www.ghanahealthservice.org/covid19/press-releases.php,0,
Ghana,2021-05-24,"Oxford/AstraZeneca, Sputnik V",847871,847871,https://covid19.who.int/,0,
Ghana,2021-05-31,"Oxford/AstraZeneca, Sputnik V",1228216,852047,https://covid19.who.int/,376169,
Ghana,2021-06-20,"Oxford/AstraZeneca, Sputnik V",1232876,852047,https://covid19.who.int/,380829,
Ghana,2021-07-05,"Oxford/AstraZeneca, Sputnik V",1261677,864918,https://covid19.who.int/,396759,
Ghana,2021-07-12,"Oxford/AstraZeneca, Sputnik V",1265306,864964,https://covid19.who.int/,400342,
Ghana,2021-07-19,"Oxford/AstraZeneca, Sputnik V",1271393,865422,https://covid19.who.int/,405971,
Ghana,2021-09-20,"Oxford/AstraZeneca, Sputnik V",1623582,865422,https://covid19.who.int/,758160,
Ghana,2021-10-07,"Oxford/AstraZeneca, Sputnik V",2189552,1369515,https://africacdc.org/covid-19-vaccination/,820037,
Ghana,2021-10-21,"Oxford/AstraZeneca, Sputnik V",2727537,1901831,https://africacdc.org/covid-19-vaccination/,825706,
Ghana,2021-10-28,"Oxford/AstraZeneca, Sputnik V",2979766,2149123,https://africacdc.org/covid-19-vaccination/,830643,
Ghana,2021-11-04,"Oxford/AstraZeneca, Sputnik V",3102396,2269003,https://africacdc.org/covid-19-vaccination/,833393,
