location,date,vaccine,source_url,total_vaccinations,people_vaccinated,people_fully_vaccinated,total_boosters
Guernsey,2021-01-24,Pfizer/BioNTech,https://covid19.gov.gg/guidance/vaccine,6673,6151,522,
Guernsey,2021-02-07,Pfizer/BioNTech,https://covid19.gov.gg/guidance/vaccine,15135,12045,3090,
Guernsey,2021-02-14,Pfizer/BioNTech,https://covid19.gov.gg/guidance/vaccine,19284,13950,5334,
Guernsey,2021-02-23,Pfizer/BioNTech,https://covid19.gov.gg/guidance/vaccine,20047,,,
Guernsey,2021-03-02,Pfizer/BioNTech,https://covid19.gov.gg/guidance/vaccine,22040,,,
Guernsey,2021-03-12,Pfizer/BioNTech,https://covid19.gov.gg/guidance/vaccine,29383,21500,7883,
Guernsey,2021-04-07,"Oxford/AstraZeneca, Pfizer/BioNTech",https://covid19.gov.gg/guidance/vaccine/stats,37829,29575,8254,
Guernsey,2021-04-16,"Oxford/AstraZeneca, Pfizer/BioNTech",https://covid19.gov.gg/guidance/vaccine/stats,43007,31538,11469,
Guernsey,2021-04-20,"Oxford/AstraZeneca, Pfizer/BioNTech",https://covid19.gov.gg/guidance/vaccine/stats,46587,32969,13618,
Guernsey,2021-05-12,"Moderna, Oxford/AstraZeneca, Pfizer/BioNTech",https://covid19.gov.gg/guidance/vaccine/stats,54673,,,
Guernsey,2021-05-13,"Moderna, Oxford/AstraZeneca, Pfizer/BioNTech",https://covid19.gov.gg/guidance/vaccine/stats,55478,,,
Guernsey,2021-05-21,"Moderna, Oxford/AstraZeneca, Pfizer/BioNTech",https://covid19.gov.gg/guidance/vaccine/stats,58743,,,
Guernsey,2021-05-23,"Moderna, Oxford/AstraZeneca, Pfizer/BioNTech",https://covid19.gov.gg/guidance/vaccine/stats,59491,,,
Guernsey,2021-05-24,"Moderna, Oxford/AstraZeneca, Pfizer/BioNTech",https://covid19.gov.gg/guidance/vaccine/stats,61094,,,
Guernsey,2021-05-25,"Moderna, Oxford/AstraZeneca, Pfizer/BioNTech",https://covid19.gov.gg/guidance/vaccine/stats,61661,,,
Guernsey,2021-05-26,"Moderna, Oxford/AstraZeneca, Pfizer/BioNTech",https://covid19.gov.gg/guidance/vaccine/stats,62265,,,
Guernsey,2021-05-27,"Moderna, Oxford/AstraZeneca, Pfizer/BioNTech",https://covid19.gov.gg/guidance/vaccine/stats,63091,,,
Guernsey,2021-05-28,"Moderna, Oxford/AstraZeneca, Pfizer/BioNTech",https://covid19.gov.gg/guidance/vaccine/stats,63791,,,
Guernsey,2021-06-01,"Moderna, Oxford/AstraZeneca, Pfizer/BioNTech",https://covid19.gov.gg/guidance/vaccine/stats,66626,,,
Guernsey,2021-06-02,"Moderna, Oxford/AstraZeneca, Pfizer/BioNTech",https://covid19.gov.gg/guidance/vaccine/stats,67253,,,
Guernsey,2021-06-03,"Moderna, Oxford/AstraZeneca, Pfizer/BioNTech",https://covid19.gov.gg/guidance/vaccine/stats,67926,,,
Guernsey,2021-06-04,"Moderna, Oxford/AstraZeneca, Pfizer/BioNTech",https://covid19.gov.gg/guidance/vaccine/stats,68592,,,
Guernsey,2021-06-07,"Moderna, Oxford/AstraZeneca, Pfizer/BioNTech",https://covid19.gov.gg/guidance/vaccine/stats,70541,,,
Guernsey,2021-06-08,"Moderna, Oxford/AstraZeneca, Pfizer/BioNTech",https://covid19.gov.gg/guidance/vaccine/stats,71161,,,
Guernsey,2021-06-10,"Moderna, Oxford/AstraZeneca, Pfizer/BioNTech",https://covid19.gov.gg/guidance/vaccine/stats,72387,,,
Guernsey,2021-06-11,"Moderna, Oxford/AstraZeneca, Pfizer/BioNTech",https://covid19.gov.gg/guidance/vaccine/stats,73167,,,
Guernsey,2021-06-14,"Moderna, Oxford/AstraZeneca, Pfizer/BioNTech",https://covid19.gov.gg/guidance/vaccine/stats,74718,,,
Guernsey,2021-06-15,"Moderna, Oxford/AstraZeneca, Pfizer/BioNTech",https://covid19.gov.gg/guidance/vaccine/stats,75181,,,
Guernsey,2021-06-17,"Moderna, Oxford/AstraZeneca, Pfizer/BioNTech",https://covid19.gov.gg/guidance/vaccine/stats,76048,,,
Guernsey,2021-06-18,"Moderna, Oxford/AstraZeneca, Pfizer/BioNTech",https://covid19.gov.gg/guidance/vaccine/stats,76401,,,
Guernsey,2021-06-21,"Moderna, Oxford/AstraZeneca, Pfizer/BioNTech",https://covid19.gov.gg/guidance/vaccine/stats,77554,,,
Guernsey,2021-06-22,"Moderna, Oxford/AstraZeneca, Pfizer/BioNTech",https://covid19.gov.gg/guidance/vaccine/stats,77881,,,
Guernsey,2021-06-24,"Moderna, Oxford/AstraZeneca, Pfizer/BioNTech",https://covid19.gov.gg/guidance/vaccine/stats,78684,,,
Guernsey,2021-06-25,"Moderna, Oxford/AstraZeneca, Pfizer/BioNTech",https://covid19.gov.gg/guidance/vaccine/stats,79028,,,
Guernsey,2021-06-29,"Moderna, Oxford/AstraZeneca, Pfizer/BioNTech",https://covid19.gov.gg/guidance/vaccine/stats,80754,,,
Guernsey,2021-06-30,"Moderna, Oxford/AstraZeneca, Pfizer/BioNTech",https://covid19.gov.gg/guidance/vaccine/stats,81164,,,
Guernsey,2021-07-01,"Moderna, Oxford/AstraZeneca, Pfizer/BioNTech",https://covid19.gov.gg/guidance/vaccine/stats,81551,,,
Guernsey,2021-07-02,"Moderna, Oxford/AstraZeneca, Pfizer/BioNTech",https://covid19.gov.gg/guidance/vaccine/stats,82060,,,
Guernsey,2021-07-05,"Moderna, Oxford/AstraZeneca, Pfizer/BioNTech",https://covid19.gov.gg/guidance/vaccine/stats,83566,,,
Guernsey,2021-07-06,"Moderna, Oxford/AstraZeneca, Pfizer/BioNTech",https://covid19.gov.gg/guidance/vaccine/stats,84130,,,
Guernsey,2021-07-07,"Moderna, Oxford/AstraZeneca, Pfizer/BioNTech",https://covid19.gov.gg/guidance/vaccine/stats,84761,,,
Guernsey,2021-07-09,"Moderna, Oxford/AstraZeneca, Pfizer/BioNTech",https://covid19.gov.gg/guidance/vaccine/stats,85940,,,
Guernsey,2021-07-12,"Moderna, Oxford/AstraZeneca, Pfizer/BioNTech",https://covid19.gov.gg/guidance/vaccine/stats,87435,,,
Guernsey,2021-07-13,"Moderna, Oxford/AstraZeneca, Pfizer/BioNTech",https://covid19.gov.gg/guidance/vaccine/stats,87879,,,
Guernsey,2021-07-14,"Moderna, Oxford/AstraZeneca, Pfizer/BioNTech",https://covid19.gov.gg/guidance/vaccine/stats,88256,,,
Guernsey,2021-07-15,"Moderna, Oxford/AstraZeneca, Pfizer/BioNTech",https://covid19.gov.gg/guidance/vaccine/stats,88656,,,
Guernsey,2021-07-16,"Moderna, Oxford/AstraZeneca, Pfizer/BioNTech",https://covid19.gov.gg/guidance/vaccine/stats,88946,,,
Guernsey,2021-07-20,"Moderna, Oxford/AstraZeneca, Pfizer/BioNTech",https://covid19.gov.gg/guidance/vaccine/stats,90147,,,
Guernsey,2021-07-21,"Moderna, Oxford/AstraZeneca, Pfizer/BioNTech",https://covid19.gov.gg/guidance/vaccine/stats,90382,,,
Guernsey,2021-07-22,"Moderna, Oxford/AstraZeneca, Pfizer/BioNTech",https://covid19.gov.gg/guidance/vaccine/stats,90619,,,
Guernsey,2021-07-23,"Moderna, Oxford/AstraZeneca, Pfizer/BioNTech",https://covid19.gov.gg/guidance/vaccine/stats,90853,,,
Guernsey,2021-07-26,"Moderna, Oxford/AstraZeneca, Pfizer/BioNTech",https://covid19.gov.gg/guidance/vaccine/stats,91510,,,
Guernsey,2021-07-27,"Moderna, Oxford/AstraZeneca, Pfizer/BioNTech",https://covid19.gov.gg/guidance/vaccine/stats,91723,,,
Guernsey,2021-07-28,"Moderna, Oxford/AstraZeneca, Pfizer/BioNTech",https://covid19.gov.gg/guidance/vaccine/stats,92011,,,
Guernsey,2021-07-30,"Moderna, Oxford/AstraZeneca, Pfizer/BioNTech",https://covid19.gov.gg/guidance/vaccine/stats,92775,,,
Guernsey,2021-08-02,"Moderna, Oxford/AstraZeneca, Pfizer/BioNTech",https://covid19.gov.gg/guidance/vaccine/stats,93933,,,
Guernsey,2021-08-04,"Moderna, Oxford/AstraZeneca, Pfizer/BioNTech",https://covid19.gov.gg/guidance/vaccine/stats,95281,,,
Guernsey,2021-08-06,"Moderna, Oxford/AstraZeneca, Pfizer/BioNTech",https://covid19.gov.gg/guidance/vaccine/stats,95738,,,
Guernsey,2021-08-09,"Moderna, Oxford/AstraZeneca, Pfizer/BioNTech",https://covid19.gov.gg/guidance/vaccine/stats,96122,,,
Guernsey,2021-08-11,"Moderna, Oxford/AstraZeneca, Pfizer/BioNTech",https://covid19.gov.gg/guidance/vaccine/stats,96382,,,
Guernsey,2021-08-13,"Moderna, Oxford/AstraZeneca, Pfizer/BioNTech",https://covid19.gov.gg/guidance/vaccine/stats,96687,,,
Guernsey,2021-08-16,"Moderna, Oxford/AstraZeneca, Pfizer/BioNTech",https://covid19.gov.gg/guidance/vaccine/stats,97141,,,
Guernsey,2021-08-18,"Moderna, Oxford/AstraZeneca, Pfizer/BioNTech",https://covid19.gov.gg/guidance/vaccine/stats,97600,,,
Guernsey,2021-08-20,"Moderna, Oxford/AstraZeneca, Pfizer/BioNTech",https://covid19.gov.gg/guidance/vaccine/stats,98054,,,
Guernsey,2021-08-23,"Moderna, Oxford/AstraZeneca, Pfizer/BioNTech",https://covid19.gov.gg/guidance/vaccine/stats,98335,,,
Guernsey,2021-08-25,"Moderna, Oxford/AstraZeneca, Pfizer/BioNTech",https://covid19.gov.gg/guidance/vaccine/stats,99088,,,
Guernsey,2021-08-27,"Moderna, Oxford/AstraZeneca, Pfizer/BioNTech",https://covid19.gov.gg/guidance/vaccine/stats,99443,,,
Guernsey,2021-09-01,"Moderna, Oxford/AstraZeneca, Pfizer/BioNTech",https://covid19.gov.gg/guidance/vaccine/stats,99484,,,
Guernsey,2021-09-03,"Moderna, Oxford/AstraZeneca, Pfizer/BioNTech",https://covid19.gov.gg/guidance/vaccine/stats,99689,,,
Guernsey,2021-09-06,"Moderna, Oxford/AstraZeneca, Pfizer/BioNTech",https://covid19.gov.gg/guidance/vaccine/stats,100580,,,
Guernsey,2021-09-08,"Moderna, Oxford/AstraZeneca, Pfizer/BioNTech",https://covid19.gov.gg/guidance/vaccine/stats,100756,,,
Guernsey,2021-09-10,"Moderna, Oxford/AstraZeneca, Pfizer/BioNTech",https://covid19.gov.gg/guidance/vaccine/stats,100957,,,
Guernsey,2021-09-13,"Moderna, Oxford/AstraZeneca, Pfizer/BioNTech",https://covid19.gov.gg/guidance/vaccine/stats,101178,,,
Guernsey,2021-09-15,"Moderna, Oxford/AstraZeneca, Pfizer/BioNTech",https://covid19.gov.gg/guidance/vaccine/stats,101290,,,
Guernsey,2021-09-17,"Moderna, Oxford/AstraZeneca, Pfizer/BioNTech",https://covid19.gov.gg/guidance/vaccine/stats,101487,,,
Guernsey,2021-09-20,"Moderna, Oxford/AstraZeneca, Pfizer/BioNTech",https://covid19.gov.gg/guidance/vaccine/stats,101586,,,
Guernsey,2021-09-22,"Moderna, Oxford/AstraZeneca, Pfizer/BioNTech",https://covid19.gov.gg/guidance/vaccine/stats,101678,,,
Guernsey,2021-09-24,"Moderna, Oxford/AstraZeneca, Pfizer/BioNTech",https://covid19.gov.gg/guidance/vaccine/stats,101759,,,
Guernsey,2021-09-27,"Moderna, Oxford/AstraZeneca, Pfizer/BioNTech",https://covid19.gov.gg/guidance/vaccine/stats,101898,,,
Guernsey,2021-09-29,"Moderna, Oxford/AstraZeneca, Pfizer/BioNTech",https://covid19.gov.gg/guidance/vaccine/stats,101986,,,
Guernsey,2021-10-05,"Moderna, Oxford/AstraZeneca, Pfizer/BioNTech",https://covid19.gov.gg/guidance/vaccine/stats,102157,,,
Guernsey,2021-10-13,"Moderna, Oxford/AstraZeneca, Pfizer/BioNTech",https://covid19.gov.gg/guidance/vaccine/stats,102340,,,
Guernsey,2021-10-18,"Moderna, Oxford/AstraZeneca, Pfizer/BioNTech",https://covid19.gov.gg/guidance/vaccine/stats,102548,,,
Guernsey,2021-10-25,"Moderna, Oxford/AstraZeneca, Pfizer/BioNTech",https://covid19.gov.gg/guidance/vaccine/stats,103064,,,
Guernsey,2021-11-01,"Moderna, Oxford/AstraZeneca, Pfizer/BioNTech",https://covid19.gov.gg/guidance/vaccine/stats,103524,,,
