location,date,vaccine,source_url,total_vaccinations,people_vaccinated,people_fully_vaccinated,total_boosters
Guinea,2021-03-19,Sputnik V,https://twitter.com/anss_guinee/status/1373004550093824008,,25263,,
Guinea,2021-03-23,Sputnik V,https://anss-guinee.org/assets/document/DOC_16165721061937744675605aeeca842f2.pdf,,34178,,
Guinea,2021-03-31,Sputnik V,https://anss-guinee.org/assets/document/DOC_1617570966658374639606a2c96d95b4.pdf,62645,59993,2652,
Guinea,2021-04-04,Sputnik V,https://twitter.com/anss_guinee/status/1378817732972515333,,66439,,
Guinea,2021-04-05,Sputnik V,https://twitter.com/anss_guinee/status/1379341873823748100,,67686,,
Guinea,2021-04-06,Sputnik V,https://twitter.com/anss_guinee/status/1379730430358736897,,67863,,
Guinea,2021-04-07,Sputnik V,https://anss-guinee.org/assets/document/DOC_1617973052112686217660704f3c89fa0.pdf,82135,72576,9559,
Guinea,2021-04-08,Sputnik V,https://twitter.com/anss_guinee/status/1380449535407833089,,74760,,
Guinea,2021-04-09,Sputnik V,https://twitter.com/anss_guinee/status/1380828296175366153,,76715,,
Guinea,2021-04-10,Sputnik V,https://twitter.com/anss_guinee/status/1381210514722807808,,77433,,
Guinea,2021-04-12,Sputnik V,https://twitter.com/anss_guinee/status/1381880484205068289,,79450,,
Guinea,2021-04-14,Sputnik V,https://twitter.com/anss_guinee/status/1382405499270922250,,79665,,
Guinea,2021-04-15,Sputnik V,https://twitter.com/anss_guinee/status/1382962015325536256,106024,80992,25032,
Guinea,2021-04-16,Sputnik V,https://twitter.com/anss_guinee/status/1383378028965679105,109296,81429,27867,
Guinea,2021-04-19,Sputnik V,https://twitter.com/anss_guinee/status/1384050810875641857,112506,82738,29768,
Guinea,2021-04-20,Sputnik V,https://twitter.com/anss_guinee/status/1384413441415335943,114297,83035,31262,
Guinea,2021-04-21,Sputnik V,https://twitter.com/anss_guinee/status/1384798942026686464,116113,83324,32789,
Guinea,2021-04-22,Sputnik V,https://twitter.com/anss_guinee/status/1385557799879467009,124501,87288,37213,
Guinea,2021-04-24,Sputnik V,https://twitter.com/anss_guinee/status/1386298284927590409,129345,89827,39518,
Guinea,2021-04-25,Sputnik V,https://twitter.com/anss_guinee/status/1386582512512733184,129424,89874,39550,
Guinea,2021-04-26,Sputnik V,https://twitter.com/anss_guinee/status/1386944309748961280,132340,91038,41302,
Guinea,2021-04-27,Sputnik V,https://twitter.com/anss_guinee/status/1387309586026319874,135454,91696,43758,
Guinea,2021-04-28,Sputnik V,https://twitter.com/anss_guinee/status/1387672566828052481,138610,93182,45428,
Guinea,2021-04-29,Sputnik V,https://twitter.com/anss_guinee/status/1387897162424532999,141294,94417,46877,
Guinea,2021-04-30,Sputnik V,https://twitter.com/anss_guinee/status/1388400848573812739,143534,95312,48222,
Guinea,2021-05-03,Sputnik V,https://twitter.com/anss_guinee/status/1389480313076822016,145763,95911,49852,
Guinea,2021-05-04,Sputnik V,https://twitter.com/anss_guinee/status/1389845596685676545,147216,96670,50546,
Guinea,2021-05-05,Sputnik V,https://twitter.com/anss_guinee/status/1390199665090613248,150799,97511,53288,
Guinea,2021-05-06,Sputnik V,https://twitter.com/anss_guinee/status/1390567753740951553,169529,114620,54909,
Guinea,2021-05-07,Sputnik V,https://twitter.com/anss_guinee/status/1390961687881261057,173623,116436,57187,
Guinea,2021-05-11,Sputnik V,https://twitter.com/anss_guinee/status/1392380738234892288,202784,143098,59686,
Guinea,2021-05-12,Sputnik V,https://twitter.com/anss_guinee/status/1393149843548295171,204717,143908,60809,
Guinea,2021-05-17,Sputnik V,https://twitter.com/anss_guinee/status/1394561352878936064,224773,157907,66866,
Guinea,2021-05-19,Sputnik V,https://twitter.com/anss_guinee/status/1395288927179886593,234856,162714,72142,
Guinea,2021-05-20,Sputnik V,https://twitter.com/anss_guinee/status/1395671073732059140,236717,164102,72615,
Guinea,2021-05-23,Sputnik V,https://twitter.com/anss_guinee/status/1396748650454392833,261378,184220,77158,
Guinea,2021-05-24,Sputnik V,https://twitter.com/anss_guinee/status/1397198356359876610,273924,194721,79203,
Guinea,2021-05-25,Sputnik V,https://twitter.com/anss_guinee/status/1397487317049384967,285924,206331,79593,
Guinea,2021-05-26,Sputnik V,https://twitter.com/anss_guinee/status/1397855663611592707,302356,218711,83645,
Guinea,2021-05-29,Sputnik V,https://twitter.com/anss_guinee/status/1398879364171902977,339177,252098,87079,
Guinea,2021-05-31,Sputnik V,https://twitter.com/anss_guinee/status/1399646916057702402,352700,264950,87750,
Guinea,2021-06-02,Sputnik V,https://twitter.com/anss_guinee/status/1400382009558581250,365261,274699,90562,
Guinea,2021-06-03,Sputnik V,https://twitter.com/anss_guinee/status/1400718354873307137,369859,279179,90680,
Guinea,2021-06-07,Sputnik V,https://twitter.com/anss_guinee/status/1402174317794824194,375664,282758,92906,
Guinea,2021-06-08,Sputnik V,https://twitter.com/anss_guinee/status/1402531994777624579,384974,289337,95637,
Guinea,2021-06-10,Sputnik V,https://twitter.com/anss_guinee/status/1403273271974547463,401551,303926,97625,
Guinea,2021-06-11,Sputnik V,https://twitter.com/anss_guinee/status/1403642242510823424,403274,304716,98558,
Guinea,2021-06-15,Sputnik V,https://twitter.com/anss_guinee/status/1405442492967829507,441446,331202,110244,
Guinea,2021-06-17,Sputnik V,https://twitter.com/anss_guinee/status/1405791824778825734,452651,336515,116136,
Guinea,2021-06-21,Sputnik V,https://twitter.com/anss_guinee/status/1407252900779380736,474743,348418,126325,
Guinea,2021-06-22,Sputnik V,https://twitter.com/anss_guinee/status/1407979456338305029,524765,380946,143819,
Guinea,2021-06-23,Sputnik V,https://twitter.com/anss_guinee/status/1408369889254031372,531142,382506,148636,
Guinea,2021-06-24,Sputnik V,https://twitter.com/anss_guinee/status/1408750313927020544,532568,383117,149451,
Guinea,2021-06-27,Sputnik V,https://twitter.com/anss_guinee/status/1409810034188554243,540698,384243,156455,
Guinea,2021-06-28,Sputnik V,https://twitter.com/anss_guinee/status/1410161439088730114,543078,384911,158167,
Guinea,2021-06-29,Sputnik V,https://twitter.com/anss_guinee/status/1410523802728026114,570658,400834,169824,
Guinea,2021-06-30,Sputnik V,https://twitter.com/anss_guinee/status/1410894240142479361,572855,401425,171430,
Guinea,2021-07-03,Sputnik V,https://twitter.com/anss_guinee/status/1411960889432018947,578437,404589,173848,
Guinea,2021-07-04,Sputnik V,https://twitter.com/anss_guinee/status/1412342410986803200,707349,469202,238147,
Guinea,2021-07-05,Sputnik V,https://twitter.com/anss_guinee/status/1412742665326759939,720864,472402,248462,
Guinea,2021-07-07,Sputnik V,https://twitter.com/anss_guinee/status/1413401978441510912,734918,476080,258838,
Guinea,2021-07-12,Sputnik V,https://twitter.com/anss_guinee/status/1415213293745098756,770688,495282,275406,
Guinea,2021-07-13,Sputnik V,https://twitter.com/anss_guinee/status/1415581137548845058,776188,497289,278899,
Guinea,2021-07-14,Sputnik V,https://twitter.com/anss_guinee/status/1415935909388820480,780522,499792,280730,
Guinea,2021-07-16,Sputnik V,https://twitter.com/anss_guinee/status/1416723987577647106,784171,502127,282044,
Guinea,2021-07-18,Sputnik V,https://twitter.com/anss_guinee/status/1417452822086307843,785059,502677,282382,
Guinea,2021-07-25,Sputnik V,https://twitter.com/anss_guinee/status/1420045365915627521,799884,513637,286247,
Guinea,2021-07-27,Sputnik V,https://twitter.com/anss_guinee/status/1420691379043377156,804122,516973,287149,
Guinea,2021-07-28,Sputnik V,https://twitter.com/anss_guinee/status/1421020701251850240,805440,518105,287335,
Guinea,2021-07-30,Sputnik V,https://twitter.com/anss_guinee/status/1421778639608328206,899257,561121,338136,
Guinea,2021-08-01,Sputnik V,https://twitter.com/anss_guinee/status/1422474293280190478,904845,565283,339562,
Guinea,2021-08-06,Sputnik V,https://twitter.com/anss_guinee/status/1424099936291983361,918687,577448,341239,
Guinea,2021-08-08,Sputnik V,https://twitter.com/anss_guinee/status/1424998843641470977,926200,583813,342387,
Guinea,2021-08-09,Sputnik V,https://twitter.com/anss_guinee/status/1425351363672825858,933015,590168,342847,
Guinea,2021-08-10,Sputnik V,https://twitter.com/anss_guinee/status/1425852663283978255,938537,595289,343248,
Guinea,2021-08-11,Sputnik V,https://twitter.com/anss_guinee/status/1426094003834040323,946953,603299,343654,
Guinea,2021-08-12,Sputnik V,https://twitter.com/anss_guinee/status/1426476766080770048,952891,608828,344063,
Guinea,2021-08-15,Sputnik V,https://twitter.com/anss_guinee/status/1427550100625231872,959948,615326,344622,
Guinea,2021-08-16,Sputnik V,https://twitter.com/anss_guinee/status/1427897362597531648,962565,617629,344936,
Guinea,2021-08-17,Sputnik V,https://twitter.com/anss_guinee/status/1428266897783537664,970933,625166,345767,
Guinea,2021-08-18,Sputnik V,https://twitter.com/anss_guinee/status/1428663948052766721,980005,633289,346716,
Guinea,2021-08-19,Sputnik V,https://twitter.com/anss_guinee/status/1429091812170424325,1035529,682526,353003,
Guinea,2021-08-22,Sputnik V,https://twitter.com/anss_guinee/status/1430071782363500550,1057085,700905,356180,
Guinea,2021-08-23,Sputnik V,https://twitter.com/anss_guinee/status/1430434688263499778,1063674,706197,357477,
Guinea,2021-08-25,Sputnik V,https://twitter.com/anss_guinee/status/1431159384378417156,1091909,729160,362749,
Guinea,2021-08-29,Sputnik V,https://twitter.com/anss_guinee/status/1432655853123948548,1129887,760222,369665,
Guinea,2021-08-30,Sputnik V,https://twitter.com/anss_guinee/status/1433312089309863936,1199686,810215,389471,
Guinea,2021-08-31,Sputnik V,https://twitter.com/anss_guinee/status/1433407663627554825,1223951,831183,392768,
Guinea,2021-09-03,Sputnik V,https://twitter.com/anss_guinee/status/1434246051960168453,1251226,854205,397021,
Guinea,2021-09-06,Sputnik V,https://twitter.com/anss_guinee/status/1435635381815418881,1286157,884320,401837,
Guinea,2021-09-08,Sputnik V,https://twitter.com/anss_guinee/status/1436315878480617473,1313386,903121,410265,
Guinea,2021-09-09,Sputnik V,https://twitter.com/anss_guinee/status/1436781499446140933,1333682,917762,415920,
Guinea,2021-09-12,Sputnik V,https://twitter.com/anss_guinee/status/1437752530738552832,1374371,945741,428630,
Guinea,2021-09-14,Sputnik V,https://twitter.com/anss_guinee/status/1438432312765648907,1387699,953942,433757,
Guinea,2021-09-19,Sputnik V,https://twitter.com/anss_guinee/status/1440072555369361413,1444789,993156,451633,
Guinea,2021-09-20,Sputnik V,https://twitter.com/anss_guinee/status/1440406770485055498,1471107,1011272,459835,
Guinea,2021-09-21,Sputnik V,https://twitter.com/anss_guinee/status/1441023608818597889,1554669,1068831,485838,
Guinea,2021-09-23,Sputnik V,https://twitter.com/anss_guinee/status/1441729396109369344,1680935,1153331,527604,
Guinea,2021-09-24,Sputnik V,https://twitter.com/anss_guinee/status/1442130652673953797,1699898,1164005,535893,
Guinea,2021-09-26,Sputnik V,https://twitter.com/anss_guinee/status/1442804880230559751,1732598,1184455,548143,
Guinea,2021-09-28,Sputnik V,https://twitter.com/anss_guinee/status/1443537138222501888,1772935,1208906,564029,
Guinea,2021-09-30,Sputnik V,https://twitter.com/anss_guinee/status/1444296794435985413,1806301,1227490,578811,
Guinea,2021-10-03,Sputnik V,https://twitter.com/anss_guinee/status/1445379667851153420,1832291,1241449,590842,
Guinea,2021-10-05,Sputnik V,https://twitter.com/anss_guinee/status/1446075525102022663,1857641,1256095,601546,
Guinea,2021-10-10,Sputnik V,https://twitter.com/anss_guinee/status/1447885869625581572,1902897,1286118,616779,
Guinea,2021-10-12,Sputnik V,https://twitter.com/anss_guinee/status/1448194270238842881,1925558,1298461,627097,
Guinea,2021-10-13,Sputnik V,https://twitter.com/anss_guinee/status/1448614331491487744,1982686,1337669,645017,
Guinea,2021-10-14,Sputnik V,https://twitter.com/anss_guinee/status/1448973800209588259,2010423,1355165,655258,
Guinea,2021-10-18,Sputnik V,https://twitter.com/anss_guinee/status/1450381851907006468,2039569,1371867,667702,
Guinea,2021-10-21,Sputnik V,https://twitter.com/anss_guinee/status/1451506886877061128,2124390,1432839,691551,
Guinea,2021-10-24,Sputnik V,https://twitter.com/anss_guinee/status/1452555056759377921,2169910,1461969,707941,
Guinea,2021-10-26,Sputnik V,https://twitter.com/anss_guinee/status/1453268230508789761,2182387,1470359,712028,
Guinea,2021-10-27,Sputnik V,https://twitter.com/anss_guinee/status/1453634810778370049,2207165,1490800,716365,
Guinea,2021-10-31,Sputnik V,https://twitter.com/anss_guinee/status/1455084346000519176,2247181,1513854,733327,
Guinea,2021-11-01,Sputnik V,https://twitter.com/anss_guinee/status/1455581478520246281,2263315,1520118,743197,
Guinea,2021-11-03,Sputnik V,https://twitter.com/anss_guinee/status/1455917378911539206,2276474,1529984,746490,
