date,people_vaccinated,people_fully_vaccinated,total_vaccinations,vaccine,location,source_url,total_boosters
2021-02-22,47,0,47,Sinovac,Hong Kong,https://www.covidvaccine.gov.hk/en/dashboard,
2021-02-23,579,0,579,Sinovac,Hong Kong,https://www.covidvaccine.gov.hk/en/dashboard,
2021-02-24,579,0,579,Sinovac,Hong Kong,https://www.covidvaccine.gov.hk/en/dashboard,
2021-02-25,579,0,579,Sinovac,Hong Kong,https://www.covidvaccine.gov.hk/en/dashboard,
2021-02-26,6645,0,6645,Sinovac,Hong Kong,https://www.covidvaccine.gov.hk/en/dashboard,
2021-02-27,13685,0,13685,Sinovac,Hong Kong,https://www.covidvaccine.gov.hk/en/dashboard,
2021-02-28,20701,0,20701,Sinovac,Hong Kong,https://www.covidvaccine.gov.hk/en/dashboard,
2021-03-01,27109,0,27109,Sinovac,Hong Kong,https://www.covidvaccine.gov.hk/en/dashboard,
2021-03-02,40180,0,40180,Sinovac,Hong Kong,https://www.covidvaccine.gov.hk/en/dashboard,
2021-03-03,51846,2,51848,Sinovac,Hong Kong,https://www.covidvaccine.gov.hk/en/dashboard,
2021-03-04,62235,2,62237,Sinovac,Hong Kong,https://www.covidvaccine.gov.hk/en/dashboard,
2021-03-05,72373,2,72375,Sinovac,Hong Kong,https://www.covidvaccine.gov.hk/en/dashboard,
2021-03-06,84030,3,84033,"Pfizer/BioNTech, Sinovac",Hong Kong,https://www.covidvaccine.gov.hk/en/dashboard,
2021-03-07,93022,4,93026,"Pfizer/BioNTech, Sinovac",Hong Kong,https://www.covidvaccine.gov.hk/en/dashboard,
2021-03-08,103847,4,103851,"Pfizer/BioNTech, Sinovac",Hong Kong,https://www.covidvaccine.gov.hk/en/dashboard,
2021-03-09,113522,5,113527,"Pfizer/BioNTech, Sinovac",Hong Kong,https://www.covidvaccine.gov.hk/en/dashboard,
2021-03-10,130543,6,130549,"Pfizer/BioNTech, Sinovac",Hong Kong,https://www.covidvaccine.gov.hk/en/dashboard,
2021-03-11,145903,6,145909,"Pfizer/BioNTech, Sinovac",Hong Kong,https://www.covidvaccine.gov.hk/en/dashboard,
2021-03-12,162226,6,162232,"Pfizer/BioNTech, Sinovac",Hong Kong,https://www.covidvaccine.gov.hk/en/dashboard,
2021-03-13,177106,7,177113,"Pfizer/BioNTech, Sinovac",Hong Kong,https://www.covidvaccine.gov.hk/en/dashboard,
2021-03-14,190726,7,190733,"Pfizer/BioNTech, Sinovac",Hong Kong,https://www.covidvaccine.gov.hk/en/dashboard,
2021-03-15,206089,7,206096,"Pfizer/BioNTech, Sinovac",Hong Kong,https://www.covidvaccine.gov.hk/en/dashboard,
2021-03-16,229416,7,229423,"Pfizer/BioNTech, Sinovac",Hong Kong,https://www.covidvaccine.gov.hk/en/dashboard,
2021-03-17,254015,7,254022,"Pfizer/BioNTech, Sinovac",Hong Kong,https://www.covidvaccine.gov.hk/en/dashboard,
2021-03-18,276640,7,276647,"Pfizer/BioNTech, Sinovac",Hong Kong,https://www.covidvaccine.gov.hk/en/dashboard,
2021-03-19,304245,7,304252,"Pfizer/BioNTech, Sinovac",Hong Kong,https://www.covidvaccine.gov.hk/en/dashboard,
2021-03-20,330613,7,330620,"Pfizer/BioNTech, Sinovac",Hong Kong,https://www.covidvaccine.gov.hk/en/dashboard,
2021-03-21,354433,7,354440,"Pfizer/BioNTech, Sinovac",Hong Kong,https://www.covidvaccine.gov.hk/en/dashboard,
2021-03-22,379644,50,379694,"Pfizer/BioNTech, Sinovac",Hong Kong,https://www.covidvaccine.gov.hk/en/dashboard,
2021-03-23,403080,445,403525,"Pfizer/BioNTech, Sinovac",Hong Kong,https://www.covidvaccine.gov.hk/en/dashboard,
2021-03-24,412823,477,413300,"Pfizer/BioNTech, Sinovac",Hong Kong,https://www.covidvaccine.gov.hk/en/dashboard,
2021-03-25,421015,505,421520,"Pfizer/BioNTech, Sinovac",Hong Kong,https://www.covidvaccine.gov.hk/en/dashboard,
2021-03-26,429534,5703,435237,"Pfizer/BioNTech, Sinovac",Hong Kong,https://www.covidvaccine.gov.hk/en/dashboard,
2021-03-27,437266,12011,449277,"Pfizer/BioNTech, Sinovac",Hong Kong,https://www.covidvaccine.gov.hk/en/dashboard,
2021-03-28,443901,18550,462451,"Pfizer/BioNTech, Sinovac",Hong Kong,https://www.covidvaccine.gov.hk/en/dashboard,
2021-03-29,450519,24603,475122,"Pfizer/BioNTech, Sinovac",Hong Kong,https://www.covidvaccine.gov.hk/en/dashboard,
2021-03-30,455924,34393,490317,"Pfizer/BioNTech, Sinovac",Hong Kong,https://www.covidvaccine.gov.hk/en/dashboard,
2021-03-31,461057,44040,505097,"Pfizer/BioNTech, Sinovac",Hong Kong,https://www.covidvaccine.gov.hk/en/dashboard,
2021-04-01,466280,54094,520374,"Pfizer/BioNTech, Sinovac",Hong Kong,https://www.covidvaccine.gov.hk/en/dashboard,
2021-04-02,471423,59812,531235,"Pfizer/BioNTech, Sinovac",Hong Kong,https://www.covidvaccine.gov.hk/en/dashboard,
2021-04-03,475048,68936,543984,"Pfizer/BioNTech, Sinovac",Hong Kong,https://www.covidvaccine.gov.hk/en/dashboard,
2021-04-04,478877,77191,556068,"Pfizer/BioNTech, Sinovac",Hong Kong,https://www.covidvaccine.gov.hk/en/dashboard,
2021-04-05,486976,90257,577233,"Pfizer/BioNTech, Sinovac",Hong Kong,https://www.covidvaccine.gov.hk/en/dashboard,
2021-04-06,502694,113306,616000,"Pfizer/BioNTech, Sinovac",Hong Kong,https://www.covidvaccine.gov.hk/en/dashboard,
2021-04-07,516024,143761,659785,"Pfizer/BioNTech, Sinovac",Hong Kong,https://www.covidvaccine.gov.hk/en/dashboard,
2021-04-08,529481,170822,700303,"Pfizer/BioNTech, Sinovac",Hong Kong,https://www.covidvaccine.gov.hk/en/dashboard,
2021-04-09,543632,201403,745035,"Pfizer/BioNTech, Sinovac",Hong Kong,https://www.covidvaccine.gov.hk/en/dashboard,
2021-04-10,559933,231617,791550,"Pfizer/BioNTech, Sinovac",Hong Kong,https://www.covidvaccine.gov.hk/en/dashboard,
2021-04-11,578943,255949,834892,"Pfizer/BioNTech, Sinovac",Hong Kong,https://www.covidvaccine.gov.hk/en/dashboard,
2021-04-12,597558,280685,878243,"Pfizer/BioNTech, Sinovac",Hong Kong,https://www.covidvaccine.gov.hk/en/dashboard,
2021-04-13,615413,303540,918953,"Pfizer/BioNTech, Sinovac",Hong Kong,https://www.covidvaccine.gov.hk/en/dashboard,
2021-04-14,632365,318745,951110,"Pfizer/BioNTech, Sinovac",Hong Kong,https://www.covidvaccine.gov.hk/en/dashboard,
2021-04-15,649001,332092,981093,"Pfizer/BioNTech, Sinovac",Hong Kong,https://www.covidvaccine.gov.hk/en/dashboard,
2021-04-16,671886,345961,1017847,"Pfizer/BioNTech, Sinovac",Hong Kong,https://www.covidvaccine.gov.hk/en/dashboard,
2021-04-17,697334,359937,1057271,"Pfizer/BioNTech, Sinovac",Hong Kong,https://www.covidvaccine.gov.hk/en/dashboard,
2021-04-18,719903,371199,1091102,"Pfizer/BioNTech, Sinovac",Hong Kong,https://www.covidvaccine.gov.hk/en/dashboard,
2021-04-19,741392,382182,1123574,"Pfizer/BioNTech, Sinovac",Hong Kong,https://www.covidvaccine.gov.hk/en/dashboard,
2021-04-20,758680,390978,1149658,"Pfizer/BioNTech, Sinovac",Hong Kong,https://www.covidvaccine.gov.hk/en/dashboard,
2021-04-21,773891,399208,1173099,"Pfizer/BioNTech, Sinovac",Hong Kong,https://www.covidvaccine.gov.hk/en/dashboard,
2021-04-22,789283,407366,1196649,"Pfizer/BioNTech, Sinovac",Hong Kong,https://www.covidvaccine.gov.hk/en/dashboard,
2021-04-23,806730,416151,1222881,"Pfizer/BioNTech, Sinovac",Hong Kong,https://www.covidvaccine.gov.hk/en/dashboard,
2021-04-24,828259,424810,1253069,"Pfizer/BioNTech, Sinovac",Hong Kong,https://www.covidvaccine.gov.hk/en/dashboard,
2021-04-25,842685,432495,1275180,"Pfizer/BioNTech, Sinovac",Hong Kong,https://www.covidvaccine.gov.hk/en/dashboard,
2021-04-26,859943,442260,1302203,"Pfizer/BioNTech, Sinovac",Hong Kong,https://www.covidvaccine.gov.hk/en/dashboard,
2021-04-27,872387,454485,1326872,"Pfizer/BioNTech, Sinovac",Hong Kong,https://www.covidvaccine.gov.hk/en/dashboard,
2021-04-28,884177,467580,1351757,"Pfizer/BioNTech, Sinovac",Hong Kong,https://www.covidvaccine.gov.hk/en/dashboard,
2021-04-29,897018,480494,1377512,"Pfizer/BioNTech, Sinovac",Hong Kong,https://www.covidvaccine.gov.hk/en/dashboard,
2021-04-30,916325,497458,1413783,"Pfizer/BioNTech, Sinovac",Hong Kong,https://www.covidvaccine.gov.hk/en/dashboard,
2021-05-01,936404,518019,1454423,"Pfizer/BioNTech, Sinovac",Hong Kong,https://www.covidvaccine.gov.hk/en/dashboard,
2021-05-02,952155,539786,1491941,"Pfizer/BioNTech, Sinovac",Hong Kong,https://www.covidvaccine.gov.hk/en/dashboard,
2021-05-03,971945,557719,1529664,"Pfizer/BioNTech, Sinovac",Hong Kong,https://www.covidvaccine.gov.hk/en/dashboard,
2021-05-04,989776,573071,1562847,"Pfizer/BioNTech, Sinovac",Hong Kong,https://www.covidvaccine.gov.hk/en/dashboard,
2021-05-05,1005436,588187,1593623,"Pfizer/BioNTech, Sinovac",Hong Kong,https://www.covidvaccine.gov.hk/en/dashboard,
2021-05-06,1021233,602831,1624064,"Pfizer/BioNTech, Sinovac",Hong Kong,https://www.covidvaccine.gov.hk/en/dashboard,
2021-05-07,1038377,623996,1662373,"Pfizer/BioNTech, Sinovac",Hong Kong,https://www.covidvaccine.gov.hk/en/dashboard,
2021-05-08,1055530,648931,1704461,"Pfizer/BioNTech, Sinovac",Hong Kong,https://www.covidvaccine.gov.hk/en/dashboard,
2021-05-09,1071471,670209,1741680,"Pfizer/BioNTech, Sinovac",Hong Kong,https://www.covidvaccine.gov.hk/en/dashboard,
2021-05-10,1087214,689353,1776567,"Pfizer/BioNTech, Sinovac",Hong Kong,https://www.covidvaccine.gov.hk/en/dashboard,
2021-05-11,1100437,704640,1805077,"Pfizer/BioNTech, Sinovac",Hong Kong,https://www.covidvaccine.gov.hk/en/dashboard,
2021-05-12,1112104,718760,1830864,"Pfizer/BioNTech, Sinovac",Hong Kong,https://www.covidvaccine.gov.hk/en/dashboard,
2021-05-13,1123408,733234,1856642,"Pfizer/BioNTech, Sinovac",Hong Kong,https://www.covidvaccine.gov.hk/en/dashboard,
2021-05-14,1138083,750541,1888624,"Pfizer/BioNTech, Sinovac",Hong Kong,https://www.covidvaccine.gov.hk/en/dashboard,
2021-05-15,1153986,772270,1926256,"Pfizer/BioNTech, Sinovac",Hong Kong,https://www.covidvaccine.gov.hk/en/dashboard,
2021-05-16,1167882,787203,1955085,"Pfizer/BioNTech, Sinovac",Hong Kong,https://www.covidvaccine.gov.hk/en/dashboard,
2021-05-17,1180459,803880,1984339,"Pfizer/BioNTech, Sinovac",Hong Kong,https://www.covidvaccine.gov.hk/en/dashboard,
2021-05-18,1193649,816731,2010380,"Pfizer/BioNTech, Sinovac",Hong Kong,https://www.covidvaccine.gov.hk/en/dashboard,
2021-05-19,1202392,824155,2026547,"Pfizer/BioNTech, Sinovac",Hong Kong,https://www.covidvaccine.gov.hk/en/dashboard,
2021-05-20,1213150,837180,2050330,"Pfizer/BioNTech, Sinovac",Hong Kong,https://www.covidvaccine.gov.hk/en/dashboard,
2021-05-21,1227160,854014,2081174,"Pfizer/BioNTech, Sinovac",Hong Kong,https://www.covidvaccine.gov.hk/en/dashboard,
2021-05-22,1243018,874806,2117824,"Pfizer/BioNTech, Sinovac",Hong Kong,https://www.covidvaccine.gov.hk/en/dashboard,
2021-05-23,1254825,891834,2146659,"Pfizer/BioNTech, Sinovac",Hong Kong,https://www.covidvaccine.gov.hk/en/dashboard,
2021-05-24,1267473,907565,2175038,"Pfizer/BioNTech, Sinovac",Hong Kong,https://www.covidvaccine.gov.hk/en/dashboard,
2021-05-25,1278592,921506,2200098,"Pfizer/BioNTech, Sinovac",Hong Kong,https://www.covidvaccine.gov.hk/en/dashboard,
2021-05-26,1289803,934372,2224175,"Pfizer/BioNTech, Sinovac",Hong Kong,https://www.covidvaccine.gov.hk/en/dashboard,
2021-05-27,1302576,947743,2250319,"Pfizer/BioNTech, Sinovac",Hong Kong,https://www.covidvaccine.gov.hk/en/dashboard,
2021-05-28,1319775,966541,2286316,"Pfizer/BioNTech, Sinovac",Hong Kong,https://www.covidvaccine.gov.hk/en/dashboard,
2021-05-29,1342231,986626,2328857,"Pfizer/BioNTech, Sinovac",Hong Kong,https://www.covidvaccine.gov.hk/en/dashboard,
2021-05-30,1359385,1004648,2364033,"Pfizer/BioNTech, Sinovac",Hong Kong,https://www.covidvaccine.gov.hk/en/dashboard,
2021-05-31,1379491,1021011,2400502,"Pfizer/BioNTech, Sinovac",Hong Kong,https://www.covidvaccine.gov.hk/en/dashboard,
2021-06-01,1399339,1034725,2434064,"Pfizer/BioNTech, Sinovac",Hong Kong,https://www.covidvaccine.gov.hk/en/dashboard,
2021-06-02,1419138,1047426,2466564,"Pfizer/BioNTech, Sinovac",Hong Kong,https://www.covidvaccine.gov.hk/en/dashboard,
2021-06-03,1443000,1059782,2502782,"Pfizer/BioNTech, Sinovac",Hong Kong,https://www.covidvaccine.gov.hk/en/dashboard,
2021-06-04,1472144,1075589,2547733,"Pfizer/BioNTech, Sinovac",Hong Kong,https://www.covidvaccine.gov.hk/en/dashboard,
2021-06-05,1503608,1094641,2598249,"Pfizer/BioNTech, Sinovac",Hong Kong,https://www.covidvaccine.gov.hk/en/dashboard,
2021-06-06,1528162,1109423,2637585,"Pfizer/BioNTech, Sinovac",Hong Kong,https://www.covidvaccine.gov.hk/en/dashboard,
2021-06-07,1557596,1122139,2679735,"Pfizer/BioNTech, Sinovac",Hong Kong,https://www.covidvaccine.gov.hk/en/dashboard,
2021-06-08,1584012,1132203,2716215,"Pfizer/BioNTech, Sinovac",Hong Kong,https://www.covidvaccine.gov.hk/en/dashboard,
2021-06-09,1608477,1140603,2749080,"Pfizer/BioNTech, Sinovac",Hong Kong,https://www.covidvaccine.gov.hk/en/dashboard,
2021-06-10,1636561,1150750,2787311,"Pfizer/BioNTech, Sinovac",Hong Kong,https://www.covidvaccine.gov.hk/en/dashboard,
2021-06-11,1671970,1165775,2837745,"Pfizer/BioNTech, Sinovac",Hong Kong,https://www.covidvaccine.gov.hk/en/dashboard,
2021-06-12,1708072,1183817,2891889,"Pfizer/BioNTech, Sinovac",Hong Kong,https://www.covidvaccine.gov.hk/en/dashboard,
2021-06-13,1738161,1196228,2934389,"Pfizer/BioNTech, Sinovac",Hong Kong,https://www.covidvaccine.gov.hk/en/dashboard,
2021-06-14,1761640,1203238,2964878,"Pfizer/BioNTech, Sinovac",Hong Kong,https://www.covidvaccine.gov.hk/en/dashboard,
2021-06-15,1790810,1215590,3006400,"Pfizer/BioNTech, Sinovac",Hong Kong,https://www.covidvaccine.gov.hk/en/dashboard,
2021-06-16,1817999,1223860,3041859,"Pfizer/BioNTech, Sinovac",Hong Kong,https://www.covidvaccine.gov.hk/en/dashboard,
2021-06-17,1847233,1233528,3080761,"Pfizer/BioNTech, Sinovac",Hong Kong,https://www.covidvaccine.gov.hk/en/dashboard,
2021-06-18,1883066,1248026,3131092,"Pfizer/BioNTech, Sinovac",Hong Kong,https://www.covidvaccine.gov.hk/en/dashboard,
2021-06-19,1916421,1266283,3182704,"Pfizer/BioNTech, Sinovac",Hong Kong,https://www.covidvaccine.gov.hk/en/dashboard,
2021-06-20,1940478,1280185,3220663,"Pfizer/BioNTech, Sinovac",Hong Kong,https://www.covidvaccine.gov.hk/en/dashboard,
2021-06-21,1970976,1295690,3266666,"Pfizer/BioNTech, Sinovac",Hong Kong,https://www.covidvaccine.gov.hk/en/dashboard,
2021-06-22,1998779,1308884,3307663,"Pfizer/BioNTech, Sinovac",Hong Kong,https://www.covidvaccine.gov.hk/en/dashboard,
2021-06-23,2026258,1322089,3348347,"Pfizer/BioNTech, Sinovac",Hong Kong,https://www.covidvaccine.gov.hk/en/dashboard,
2021-06-24,2056905,1337865,3394770,"Pfizer/BioNTech, Sinovac",Hong Kong,https://www.covidvaccine.gov.hk/en/dashboard,
2021-06-25,2092338,1360375,3452713,"Pfizer/BioNTech, Sinovac",Hong Kong,https://www.covidvaccine.gov.hk/en/dashboard,
2021-06-26,2122669,1388603,3511272,"Pfizer/BioNTech, Sinovac",Hong Kong,https://www.covidvaccine.gov.hk/en/dashboard,
2021-06-27,2150381,1411096,3561477,"Pfizer/BioNTech, Sinovac",Hong Kong,https://www.covidvaccine.gov.hk/en/dashboard,
2021-06-28,2179705,1433318,3613023,"Pfizer/BioNTech, Sinovac",Hong Kong,https://www.covidvaccine.gov.hk/en/dashboard,
2021-06-29,2212504,1456587,3669091,"Pfizer/BioNTech, Sinovac",Hong Kong,https://www.covidvaccine.gov.hk/en/dashboard,
2021-06-30,2249149,1480206,3729355,"Pfizer/BioNTech, Sinovac",Hong Kong,https://www.covidvaccine.gov.hk/en/dashboard,
2021-07-01,2281858,1495148,3777006,"Pfizer/BioNTech, Sinovac",Hong Kong,https://www.covidvaccine.gov.hk/en/dashboard,
2021-07-02,2316493,1530628,3847121,"Pfizer/BioNTech, Sinovac",Hong Kong,https://www.covidvaccine.gov.hk/en/dashboard,
2021-07-03,2343666,1565178,3908844,"Pfizer/BioNTech, Sinovac",Hong Kong,https://www.covidvaccine.gov.hk/en/dashboard,
2021-07-04,2370493,1591299,3961792,"Pfizer/BioNTech, Sinovac",Hong Kong,https://www.covidvaccine.gov.hk/en/dashboard,
2021-07-05,2406903,1619532,4026435,"Pfizer/BioNTech, Sinovac",Hong Kong,https://www.covidvaccine.gov.hk/en/dashboard,
2021-07-06,2440882,1645410,4086292,"Pfizer/BioNTech, Sinovac",Hong Kong,https://www.covidvaccine.gov.hk/en/dashboard,
2021-07-07,2473967,1669599,4143566,"Pfizer/BioNTech, Sinovac",Hong Kong,https://www.covidvaccine.gov.hk/en/dashboard,
2021-07-08,2509316,1698002,4207318,"Pfizer/BioNTech, Sinovac",Hong Kong,https://www.covidvaccine.gov.hk/en/dashboard,
2021-07-09,2541903,1735663,4277566,"Pfizer/BioNTech, Sinovac",Hong Kong,https://www.covidvaccine.gov.hk/en/dashboard,
2021-07-10,2565273,1776437,4341710,"Pfizer/BioNTech, Sinovac",Hong Kong,https://www.covidvaccine.gov.hk/en/dashboard,
2021-07-11,2591835,1804915,4396750,"Pfizer/BioNTech, Sinovac",Hong Kong,https://www.covidvaccine.gov.hk/en/dashboard,
2021-07-12,2628716,1829795,4458511,"Pfizer/BioNTech, Sinovac",Hong Kong,https://www.covidvaccine.gov.hk/en/dashboard,
2021-07-13,2664710,1853593,4518303,"Pfizer/BioNTech, Sinovac",Hong Kong,https://www.covidvaccine.gov.hk/en/dashboard,
2021-07-14,2698620,1876984,4575604,"Pfizer/BioNTech, Sinovac",Hong Kong,https://www.covidvaccine.gov.hk/en/dashboard,
2021-07-15,2731401,1907571,4638972,"Pfizer/BioNTech, Sinovac",Hong Kong,https://www.covidvaccine.gov.hk/en/dashboard,
2021-07-16,2763680,1944276,4707956,"Pfizer/BioNTech, Sinovac",Hong Kong,https://www.covidvaccine.gov.hk/en/dashboard,
2021-07-17,2790304,1981106,4771410,"Pfizer/BioNTech, Sinovac",Hong Kong,https://www.covidvaccine.gov.hk/en/dashboard,
2021-07-18,2816997,2009732,4826729,"Pfizer/BioNTech, Sinovac",Hong Kong,https://www.covidvaccine.gov.hk/en/dashboard,
2021-07-19,2853407,2038471,4891878,"Pfizer/BioNTech, Sinovac",Hong Kong,https://www.covidvaccine.gov.hk/en/dashboard,
2021-07-20,2888124,2065454,4953578,"Pfizer/BioNTech, Sinovac",Hong Kong,https://www.covidvaccine.gov.hk/en/dashboard,
2021-07-21,2922603,2091792,5014395,"Pfizer/BioNTech, Sinovac",Hong Kong,https://www.covidvaccine.gov.hk/en/dashboard,
2021-07-22,2955739,2122921,5078660,"Pfizer/BioNTech, Sinovac",Hong Kong,https://www.covidvaccine.gov.hk/en/dashboard,
2021-07-23,2982619,2166825,5149444,"Pfizer/BioNTech, Sinovac",Hong Kong,https://www.covidvaccine.gov.hk/en/dashboard,
2021-07-24,3006645,2207345,5213990,"Pfizer/BioNTech, Sinovac",Hong Kong,https://www.covidvaccine.gov.hk/en/dashboard,
2021-07-25,3032122,2237875,5269997,"Pfizer/BioNTech, Sinovac",Hong Kong,https://www.covidvaccine.gov.hk/en/dashboard,
2021-07-26,3065092,2271622,5336714,"Pfizer/BioNTech, Sinovac",Hong Kong,https://www.covidvaccine.gov.hk/en/dashboard,
2021-07-27,3099635,2301960,5401595,"Pfizer/BioNTech, Sinovac",Hong Kong,https://www.covidvaccine.gov.hk/en/dashboard,
2021-07-28,3132579,2332233,5464812,"Pfizer/BioNTech, Sinovac",Hong Kong,https://www.covidvaccine.gov.hk/en/dashboard,
2021-07-29,3165715,2362181,5527896,"Pfizer/BioNTech, Sinovac",Hong Kong,https://www.covidvaccine.gov.hk/en/dashboard,
2021-07-30,3197400,2400792,5598192,"Pfizer/BioNTech, Sinovac",Hong Kong,https://www.covidvaccine.gov.hk/en/dashboard,
2021-07-31,3227347,2435871,5663218,"Pfizer/BioNTech, Sinovac",Hong Kong,https://www.covidvaccine.gov.hk/en/dashboard,
2021-08-01,3256053,2462954,5719007,"Pfizer/BioNTech, Sinovac",Hong Kong,https://www.covidvaccine.gov.hk/en/dashboard,
2021-08-02,3292533,2495522,5788055,"Pfizer/BioNTech, Sinovac",Hong Kong,https://www.covidvaccine.gov.hk/en/dashboard,
2021-08-03,3330892,2526081,5856973,"Pfizer/BioNTech, Sinovac",Hong Kong,https://www.covidvaccine.gov.hk/en/dashboard,
2021-08-04,3366100,2556306,5922406,"Pfizer/BioNTech, Sinovac",Hong Kong,https://www.covidvaccine.gov.hk/en/dashboard,
2021-08-05,3401512,2588087,5989599,"Pfizer/BioNTech, Sinovac",Hong Kong,https://www.covidvaccine.gov.hk/en/dashboard,
2021-08-06,3434209,2625919,6060128,"Pfizer/BioNTech, Sinovac",Hong Kong,https://www.covidvaccine.gov.hk/en/dashboard,
2021-08-07,3463843,2660894,6124737,"Pfizer/BioNTech, Sinovac",Hong Kong,https://www.covidvaccine.gov.hk/en/dashboard,
2021-08-08,3493903,2686215,6180118,"Pfizer/BioNTech, Sinovac",Hong Kong,https://www.covidvaccine.gov.hk/en/dashboard,
2021-08-09,3528736,2720094,6248830,"Pfizer/BioNTech, Sinovac",Hong Kong,https://www.covidvaccine.gov.hk/en/dashboard,
2021-08-10,3565500,2750150,6315650,"Pfizer/BioNTech, Sinovac",Hong Kong,https://www.covidvaccine.gov.hk/en/dashboard,
2021-08-11,3601643,2779500,6381143,"Pfizer/BioNTech, Sinovac",Hong Kong,https://www.covidvaccine.gov.hk/en/dashboard,
2021-08-12,3634791,2812341,6447132,"Pfizer/BioNTech, Sinovac",Hong Kong,https://www.covidvaccine.gov.hk/en/dashboard,
2021-08-13,3668305,2847345,6515650,"Pfizer/BioNTech, Sinovac",Hong Kong,https://www.covidvaccine.gov.hk/en/dashboard,
2021-08-14,3698712,2881007,6579719,"Pfizer/BioNTech, Sinovac",Hong Kong,https://www.covidvaccine.gov.hk/en/dashboard,
2021-08-15,3728320,2906747,6635067,"Pfizer/BioNTech, Sinovac",Hong Kong,https://www.covidvaccine.gov.hk/en/dashboard,
2021-08-16,3763736,2936366,6700102,"Pfizer/BioNTech, Sinovac",Hong Kong,https://www.covidvaccine.gov.hk/en/dashboard,
2021-08-17,3797498,2964036,6761534,"Pfizer/BioNTech, Sinovac",Hong Kong,https://www.covidvaccine.gov.hk/en/dashboard,
2021-08-18,3829829,2991719,6821548,"Pfizer/BioNTech, Sinovac",Hong Kong,https://www.covidvaccine.gov.hk/en/dashboard,
2021-08-19,3858571,3022618,6881189,"Pfizer/BioNTech, Sinovac",Hong Kong,https://www.covidvaccine.gov.hk/en/dashboard,
2021-08-20,3884839,3059428,6944267,"Pfizer/BioNTech, Sinovac",Hong Kong,https://www.covidvaccine.gov.hk/en/dashboard,
2021-08-21,3906998,3096917,7003915,"Pfizer/BioNTech, Sinovac",Hong Kong,https://www.covidvaccine.gov.hk/en/dashboard,
2021-08-22,3928982,3125191,7054173,"Pfizer/BioNTech, Sinovac",Hong Kong,https://www.covidvaccine.gov.hk/en/dashboard,
2021-08-23,3956001,3158017,7114018,"Pfizer/BioNTech, Sinovac",Hong Kong,https://www.covidvaccine.gov.hk/en/dashboard,
2021-08-24,3983214,3187779,7170993,"Pfizer/BioNTech, Sinovac",Hong Kong,https://www.covidvaccine.gov.hk/en/dashboard,
2021-08-25,4008217,3219128,7227345,"Pfizer/BioNTech, Sinovac",Hong Kong,https://www.covidvaccine.gov.hk/en/dashboard,
2021-08-26,4031885,3256150,7288035,"Pfizer/BioNTech, Sinovac",Hong Kong,https://www.covidvaccine.gov.hk/en/dashboard,
2021-08-27,4055652,3295475,7351127,"Pfizer/BioNTech, Sinovac",Hong Kong,https://www.covidvaccine.gov.hk/en/dashboard,
2021-08-28,4077720,3334282,7412002,"Pfizer/BioNTech, Sinovac",Hong Kong,https://www.covidvaccine.gov.hk/en/dashboard,
2021-08-29,4096465,3366634,7463099,"Pfizer/BioNTech, Sinovac",Hong Kong,https://www.covidvaccine.gov.hk/en/dashboard,
2021-08-30,4119800,3407242,7527042,"Pfizer/BioNTech, Sinovac",Hong Kong,https://www.covidvaccine.gov.hk/en/dashboard,
2021-08-31,4140064,3448354,7588418,"Pfizer/BioNTech, Sinovac",Hong Kong,https://www.covidvaccine.gov.hk/en/dashboard,
2021-09-01,4162117,3475630,7637747,"Pfizer/BioNTech, Sinovac",Hong Kong,https://www.covidvaccine.gov.hk/en/dashboard,
2021-09-02,4182886,3502678,7685564,"Pfizer/BioNTech, Sinovac",Hong Kong,https://www.covidvaccine.gov.hk/en/dashboard,
2021-09-03,4205342,3536444,7741786,"Pfizer/BioNTech, Sinovac",Hong Kong,https://www.covidvaccine.gov.hk/en/dashboard,
2021-09-04,4228275,3570772,7799047,"Pfizer/BioNTech, Sinovac",Hong Kong,https://www.covidvaccine.gov.hk/en/dashboard,
2021-09-05,4244837,3597476,7842313,"Pfizer/BioNTech, Sinovac",Hong Kong,https://www.covidvaccine.gov.hk/en/dashboard,
2021-09-06,4260293,3627341,7887634,"Pfizer/BioNTech, Sinovac",Hong Kong,https://www.covidvaccine.gov.hk/en/dashboard,
2021-09-07,4272861,3654837,7927698,"Pfizer/BioNTech, Sinovac",Hong Kong,https://www.covidvaccine.gov.hk/en/dashboard,
2021-09-08,4284933,3682717,7967650,"Pfizer/BioNTech, Sinovac",Hong Kong,https://www.covidvaccine.gov.hk/en/dashboard,
2021-09-09,4298342,3712138,8010480,"Pfizer/BioNTech, Sinovac",Hong Kong,https://www.covidvaccine.gov.hk/en/dashboard,
2021-09-10,4313653,3748437,8062090,"Pfizer/BioNTech, Sinovac",Hong Kong,https://www.covidvaccine.gov.hk/en/dashboard,
2021-09-11,4330068,3785557,8115625,"Pfizer/BioNTech, Sinovac",Hong Kong,https://www.covidvaccine.gov.hk/en/dashboard,
2021-09-12,4340349,3811535,8151884,"Pfizer/BioNTech, Sinovac",Hong Kong,https://www.covidvaccine.gov.hk/en/dashboard,
2021-09-13,4350871,3837300,8188171,"Pfizer/BioNTech, Sinovac",Hong Kong,https://www.covidvaccine.gov.hk/en/dashboard,
2021-09-14,4359089,3858947,8218036,"Pfizer/BioNTech, Sinovac",Hong Kong,https://www.covidvaccine.gov.hk/en/dashboard,
2021-09-15,4367396,3880264,8247660,"Pfizer/BioNTech, Sinovac",Hong Kong,https://www.covidvaccine.gov.hk/en/dashboard,
2021-09-16,4376158,3902347,8278505,"Pfizer/BioNTech, Sinovac",Hong Kong,https://www.covidvaccine.gov.hk/en/dashboard,
2021-09-17,4387341,3928800,8316141,"Pfizer/BioNTech, Sinovac",Hong Kong,https://www.covidvaccine.gov.hk/en/dashboard,
2021-09-18,4398861,3957792,8356653,"Pfizer/BioNTech, Sinovac",Hong Kong,https://www.covidvaccine.gov.hk/en/dashboard,
2021-09-19,4405140,3975015,8380155,"Pfizer/BioNTech, Sinovac",Hong Kong,https://www.covidvaccine.gov.hk/en/dashboard,
2021-09-20,4412605,3992535,8405140,"Pfizer/BioNTech, Sinovac",Hong Kong,https://www.covidvaccine.gov.hk/en/dashboard,
2021-09-21,4418158,4005592,8423750,"Pfizer/BioNTech, Sinovac",Hong Kong,https://www.covidvaccine.gov.hk/en/dashboard,
2021-09-22,4422316,4017995,8440311,"Pfizer/BioNTech, Sinovac",Hong Kong,https://www.covidvaccine.gov.hk/en/dashboard,
2021-09-23,4430399,4043723,8474122,"Pfizer/BioNTech, Sinovac",Hong Kong,https://www.covidvaccine.gov.hk/en/dashboard,
2021-09-24,4441389,4070045,8511434,"Pfizer/BioNTech, Sinovac",Hong Kong,https://www.covidvaccine.gov.hk/en/dashboard,
2021-09-25,4451489,4099046,8550535,"Pfizer/BioNTech, Sinovac",Hong Kong,https://www.covidvaccine.gov.hk/en/dashboard,
2021-09-26,4457413,4116770,8574183,"Pfizer/BioNTech, Sinovac",Hong Kong,https://www.covidvaccine.gov.hk/en/dashboard,
2021-09-27,4465838,4135085,8600923,"Pfizer/BioNTech, Sinovac",Hong Kong,https://www.covidvaccine.gov.hk/en/dashboard,
2021-09-28,4472912,4149952,8622864,"Pfizer/BioNTech, Sinovac",Hong Kong,https://www.covidvaccine.gov.hk/en/dashboard,
2021-09-29,4480698,4165799,8646497,"Pfizer/BioNTech, Sinovac",Hong Kong,https://www.covidvaccine.gov.hk/en/dashboard,
2021-09-30,4492590,4184200,8676790,"Pfizer/BioNTech, Sinovac",Hong Kong,https://www.covidvaccine.gov.hk/en/dashboard,
2021-10-01,4498053,4194331,8692384,"Pfizer/BioNTech, Sinovac",Hong Kong,https://www.covidvaccine.gov.hk/en/dashboard,
2021-10-02,4503658,4211388,8715046,"Pfizer/BioNTech, Sinovac",Hong Kong,https://www.covidvaccine.gov.hk/en/dashboard,
2021-10-03,4507065,4220735,8727800,"Pfizer/BioNTech, Sinovac",Hong Kong,https://www.covidvaccine.gov.hk/en/dashboard,
2021-10-04,4512487,4233025,8745512,"Pfizer/BioNTech, Sinovac",Hong Kong,https://www.covidvaccine.gov.hk/en/dashboard,
2021-10-05,4517642,4241894,8759536,"Pfizer/BioNTech, Sinovac",Hong Kong,https://www.covidvaccine.gov.hk/en/dashboard,
2021-10-06,4521981,4250124,8772105,"Pfizer/BioNTech, Sinovac",Hong Kong,https://www.covidvaccine.gov.hk/en/dashboard,
2021-10-07,4526682,4259373,8786055,"Pfizer/BioNTech, Sinovac",Hong Kong,https://www.covidvaccine.gov.hk/en/dashboard,
2021-10-08,4531111,4270312,8801423,"Pfizer/BioNTech, Sinovac",Hong Kong,https://www.covidvaccine.gov.hk/en/dashboard,
2021-10-09,4531137,4270355,8801492,"Pfizer/BioNTech, Sinovac",Hong Kong,https://www.covidvaccine.gov.hk/en/dashboard,
2021-10-10,4535392,4284608,8820000,"Pfizer/BioNTech, Sinovac",Hong Kong,https://www.covidvaccine.gov.hk/en/dashboard,
2021-10-11,4540874,4294570,8835444,"Pfizer/BioNTech, Sinovac",Hong Kong,https://www.covidvaccine.gov.hk/en/dashboard,
2021-10-12,4543700,4300255,8843955,"Pfizer/BioNTech, Sinovac",Hong Kong,https://www.covidvaccine.gov.hk/en/dashboard,
2021-10-13,4543738,4300433,8844171,"Pfizer/BioNTech, Sinovac",Hong Kong,https://www.covidvaccine.gov.hk/en/dashboard,
2021-10-14,4547076,4308462,8855538,"Pfizer/BioNTech, Sinovac",Hong Kong,https://www.covidvaccine.gov.hk/en/dashboard,
2021-10-15,4552621,4322407,8875028,"Pfizer/BioNTech, Sinovac",Hong Kong,https://www.covidvaccine.gov.hk/en/dashboard,
2021-10-16,4558778,4334763,8893541,"Pfizer/BioNTech, Sinovac",Hong Kong,https://www.covidvaccine.gov.hk/en/dashboard,
2021-10-17,4561367,4340356,8901723,"Pfizer/BioNTech, Sinovac",Hong Kong,https://www.covidvaccine.gov.hk/en/dashboard,
2021-10-18,4566008,4347984,8913992,"Pfizer/BioNTech, Sinovac",Hong Kong,https://www.covidvaccine.gov.hk/en/dashboard,
2021-10-19,4570040,4353305,8923345,"Pfizer/BioNTech, Sinovac",Hong Kong,https://www.covidvaccine.gov.hk/en/dashboard,
2021-10-20,4573512,4357978,8931490,"Pfizer/BioNTech, Sinovac",Hong Kong,https://www.covidvaccine.gov.hk/en/dashboard,
2021-10-21,4577602,4365373,8942975,"Pfizer/BioNTech, Sinovac",Hong Kong,https://www.covidvaccine.gov.hk/en/dashboard,
2021-10-22,4583222,4374767,8957989,"Pfizer/BioNTech, Sinovac",Hong Kong,https://www.covidvaccine.gov.hk/en/dashboard,
2021-10-23,4587748,4384333,8972081,"Pfizer/BioNTech, Sinovac",Hong Kong,https://www.covidvaccine.gov.hk/en/dashboard,
2021-10-24,4590204,4388807,8979011,"Pfizer/BioNTech, Sinovac",Hong Kong,https://www.covidvaccine.gov.hk/en/dashboard,
2021-10-25,4594066,4395821,8989887,"Pfizer/BioNTech, Sinovac",Hong Kong,https://www.covidvaccine.gov.hk/en/dashboard,
2021-10-26,4597502,4401991,8999493,"Pfizer/BioNTech, Sinovac",Hong Kong,https://www.covidvaccine.gov.hk/en/dashboard,
2021-10-27,4601102,4406954,9008056,"Pfizer/BioNTech, Sinovac",Hong Kong,https://www.covidvaccine.gov.hk/en/dashboard,
2021-10-28,4605002,4412847,9017849,"Pfizer/BioNTech, Sinovac",Hong Kong,https://www.covidvaccine.gov.hk/en/dashboard,
2021-10-29,4610053,4417711,9027764,"Pfizer/BioNTech, Sinovac",Hong Kong,https://www.covidvaccine.gov.hk/en/dashboard,
2021-10-30,4614976,4421839,9036815,"Pfizer/BioNTech, Sinovac",Hong Kong,https://www.covidvaccine.gov.hk/en/dashboard,
2021-10-31,4617723,4425393,9043116,"Pfizer/BioNTech, Sinovac",Hong Kong,https://www.covidvaccine.gov.hk/en/dashboard,
2021-11-01,4621613,4429896,9051509,"Pfizer/BioNTech, Sinovac",Hong Kong,https://www.covidvaccine.gov.hk/en/dashboard,
2021-11-02,4625560,4433466,9059026,"Pfizer/BioNTech, Sinovac",Hong Kong,https://www.covidvaccine.gov.hk/en/dashboard,
2021-11-03,4626958,4434873,9061831,"Pfizer/BioNTech, Sinovac",Hong Kong,https://www.covidvaccine.gov.hk/en/dashboard,
2021-11-04,4631451,4438892,9070343,"Pfizer/BioNTech, Sinovac",Hong Kong,https://www.covidvaccine.gov.hk/en/dashboard,
2021-11-05,4636518,4443392,9079910,"Pfizer/BioNTech, Sinovac",Hong Kong,https://www.covidvaccine.gov.hk/en/dashboard,
