location,date,vaccine,source_url,total_vaccinations,people_vaccinated,people_fully_vaccinated,total_boosters
Indonesia,2021-01-12,Sinovac,https://www.dw.com/en/indonesias-covid-vaccination-campaign-prioritizes-workers/a-56316852,0,0,0,
Indonesia,2021-01-22,Sinovac,https://sehatnegeriku.kemkes.go.id/baca/rilis-media/20210122/3036835/vaksinasi-covid-19-bagi-tenaga-kesehatan-capai-132-ribu/,132000,132000,0,
Indonesia,2021-01-24,Sinovac,https://www.kemkes.go.id/,149242,149242,0,
Indonesia,2021-01-25,Sinovac,https://www.kemkes.go.id/,161959,161959,0,
Indonesia,2021-01-26,Sinovac,https://www.kemkes.go.id/,245685,245685,0,
Indonesia,2021-01-27,Sinovac,https://www.kemkes.go.id/,308003,308003,0,
Indonesia,2021-01-28,Sinovac,https://www.kemkes.go.id/,373786,368318,5468,
Indonesia,2021-01-29,Sinovac,https://www.kemkes.go.id/,416299,405012,11287,
Indonesia,2021-01-30,Sinovac,https://www.kemkes.go.id/,502955,482145,20810,
Indonesia,2021-01-31,Sinovac,https://www.kemkes.go.id/,515681,493133,22548,
Indonesia,2021-02-01,Sinovac,https://covid19.go.id/berita/data-vaksinasi-covid-19-update-1-februari-2021,574938,539532,35406,
Indonesia,2021-02-02,Sinovac,https://www.kemkes.go.id/,648259,596260,51999,
Indonesia,2021-02-03,Sinovac,https://www.kemkes.go.id/,717647,646026,71621,
Indonesia,2021-02-04,Sinovac,https://www.kemkes.go.id/,796819,700266,96553,
Indonesia,2021-02-05,Sinovac,https://www.kemkes.go.id/,865609,744884,120725,
Indonesia,2021-02-06,Sinovac,https://www.kemkes.go.id/,914303,777096,137207,
Indonesia,2021-02-07,Sinovac,https://www.kemkes.go.id/,923449,784318,139131,
Indonesia,2021-02-08,Sinovac,https://www.kemkes.go.id/,985855,814585,171270,
Indonesia,2021-02-09,Sinovac,https://www.kemkes.go.id/,1066860,845407,221453,
Indonesia,2021-02-10,Sinovac,https://www.kemkes.go.id/,1248797,969546,279251,
Indonesia,2021-02-11,Sinovac,https://www.kemkes.go.id/,1362791,1017186,345605,
Indonesia,2021-02-13,Sinovac,https://www.kemkes.go.id/,1475812,1060326,415486,
Indonesia,2021-02-14,Sinovac,https://www.kemkes.go.id/,1494325,1068747,425578,
Indonesia,2021-02-15,Sinovac,https://www.kemkes.go.id/,1578720,1096095,482625,
Indonesia,2021-02-16,Sinovac,https://www.kemkes.go.id/,1658110,1120963,537147,
Indonesia,2021-02-17,Sinovac,https://www.kemkes.go.id/,1747267,1149939,597328,
Indonesia,2021-02-18,Sinovac,https://www.kemkes.go.id/,1787976,1164144,623832,
Indonesia,2021-02-20,Sinovac,https://www.kemkes.go.id/,1956725,1224091,732634,
Indonesia,2021-02-23,Sinovac,https://www.kemkes.go.id/,2059871,1269905,789966,
Indonesia,2021-02-24,Sinovac,https://www.kemkes.go.id/,2188788,1363138,825650,
Indonesia,2021-02-25,Sinovac,https://www.kemkes.go.id/,2315665,1461920,853745,
Indonesia,2021-02-26,Sinovac,https://www.kemkes.go.id/,2449451,1583581,865870,
Indonesia,2021-02-27,Sinovac,https://www.kemkes.go.id/,2598535,1616165,982370,
Indonesia,2021-02-28,Sinovac,https://www.kemkes.go.id/,2690163,1691724,998439,
Indonesia,2021-03-02,Sinovac,https://www.kemkes.go.id/article/view/21030300004/Situasi-Vaksinasi-COVID-19.html,3023348,1968057,1055291,
Indonesia,2021-03-03,Sinovac,https://www.kemkes.go.id/article/view/21030300004/Situasi-Vaksinasi-COVID-19.html,3386351,2286123,1100228,
Indonesia,2021-03-05,Sinovac,https://www.kemkes.go.id/article/view/21030300004/Situasi-Vaksinasi-COVID-19.html,3528152,2413615,1114537,
Indonesia,2021-03-07,Sinovac,https://www.kemkes.go.id/article/view/21030300004/Situasi-Vaksinasi-COVID-19.html,4022544,2888757,1133787,
Indonesia,2021-03-10,Sinovac,https://www.kemkes.go.id/article/view/21030300004/Situasi-Vaksinasi-COVID-19.html,4837576,3574698,1262878,
Indonesia,2021-03-11,Sinovac,https://www.kemkes.go.id/article/view/21030300004/Situasi-Vaksinasi-COVID-19.html,4991674,3696059,1295615,
Indonesia,2021-03-12,Sinovac,https://www.kemkes.go.id/article/view/21030300004/Situasi-Vaksinasi-COVID-19.html,5108536,3769174,1339362,
Indonesia,2021-03-13,Sinovac,https://www.kemkes.go.id/article/view/21030300004/Situasi-Vaksinasi-COVID-19.html,5440432,3985596,1454836,
Indonesia,2021-03-14,Sinovac,https://www.kemkes.go.id/article/view/21030300004/Situasi-Vaksinasi-COVID-19.html,5480346,4020124,1460222,
Indonesia,2021-03-15,Sinovac,https://www.kemkes.go.id/article/view/21030300004/Situasi-Vaksinasi-COVID-19.html,5739648,4166862,1572786,
Indonesia,2021-03-16,Sinovac,https://www.kemkes.go.id/article/view/21030300004/Situasi-Vaksinasi-COVID-19.html,6185700,4468951,1716749,
Indonesia,2021-03-17,Sinovac,https://www.kemkes.go.id/article/view/21030300004/Situasi-Vaksinasi-COVID-19.html,6581388,4705248,1876140,
Indonesia,2021-03-18,Sinovac,https://www.kemkes.go.id/article/view/21030300004/Situasi-Vaksinasi-COVID-19.html,6787283,4838752,1948531,
Indonesia,2021-03-19,Sinovac,https://www.kemkes.go.id/article/view/21030300004/Situasi-Vaksinasi-COVID-19.html,7346148,5124948,2221200,
Indonesia,2021-03-20,Sinovac,https://www.kemkes.go.id/article/view/21030300004/Situasi-Vaksinasi-COVID-19.html,7835357,5533379,2301978,
Indonesia,2021-03-21,Sinovac,https://www.kemkes.go.id/article/view/21030300004/Situasi-Vaksinasi-COVID-19.html,7879881,5567280,2312601,
Indonesia,2021-03-22,"Oxford/AstraZeneca, Sinovac",https://www.kemkes.go.id/article/view/21030300004/Situasi-Vaksinasi-COVID-19.html,8226632,5732210,2494422,
Indonesia,2021-03-23,"Oxford/AstraZeneca, Sinovac",https://www.kemkes.go.id/article/view/21030300004/Situasi-Vaksinasi-COVID-19.html,9330853,6389837,2941016,
Indonesia,2021-03-25,"Oxford/AstraZeneca, Sinovac",https://www.kemkes.go.id/article/view/21030300004/Situasi-Vaksinasi-COVID-19.html,9745646,6730456,3015190,
Indonesia,2021-03-26,"Oxford/AstraZeneca, Sinovac",https://www.kemkes.go.id/article/view/21030300004/Situasi-Vaksinasi-COVID-19.html,10412824,7179014,3233810,
Indonesia,2021-03-27,"Oxford/AstraZeneca, Sinovac",https://www.kemkes.go.id/article/view/21030300004/Situasi-Vaksinasi-COVID-19.html,10425690,7190663,3235027,
Indonesia,2021-03-28,"Oxford/AstraZeneca, Sinovac",https://www.kemkes.go.id/article/view/21030300004/Situasi-Vaksinasi-COVID-19.html,10766490,7435851,3330639,
Indonesia,2021-03-31,"Oxford/AstraZeneca, Sinovac",https://www.kemkes.go.id/article/view/21030300004/Situasi-Vaksinasi-COVID-19.html,11674871,8010163,3664708,
Indonesia,2021-04-01,"Oxford/AstraZeneca, Sinovac",https://www.kemkes.go.id/article/view/21030300004/Situasi-Vaksinasi-COVID-19.html,12226028,8371577,3854451,
Indonesia,2021-04-02,"Oxford/AstraZeneca, Sinovac",https://www.kemkes.go.id/article/view/21030300004/Situasi-Vaksinasi-COVID-19.html,12292491,8424729,3867762,
Indonesia,2021-04-04,"Oxford/AstraZeneca, Sinovac",https://www.kemkes.go.id/article/view/21030300004/Situasi-Vaksinasi-COVID-19.html,12649124,8634321,4014803,
Indonesia,2021-04-06,"Oxford/AstraZeneca, Sinovac",https://www.kemkes.go.id/article/view/21030300004/Situasi-Vaksinasi-COVID-19.html,13452610,9021106,4431504,
Indonesia,2021-04-08,"Oxford/AstraZeneca, Sinovac",https://www.kemkes.go.id/article/view/21030300004/Situasi-Vaksinasi-COVID-19.html,14071485,9374089,4697396,
Indonesia,2021-04-10,"Oxford/AstraZeneca, Sinovac",https://www.kemkes.go.id/article/view/21030300004/Situasi-Vaksinasi-COVID-19.html,15081949,10002901,5079048,
Indonesia,2021-04-12,"Oxford/AstraZeneca, Sinovac",https://www.kemkes.go.id/article/view/21030300004/Situasi-Vaksinasi-COVID-19.html,15602574,10280073,5322501,
Indonesia,2021-04-13,"Oxford/AstraZeneca, Sinovac",https://www.kemkes.go.id/article/view/21030300004/Situasi-Vaksinasi-COVID-19.html,15811449,10377734,5433715,
Indonesia,2021-04-14,"Oxford/AstraZeneca, Sinovac",https://www.kemkes.go.id/article/view/21030300004/Situasi-Vaksinasi-COVID-19.html,16008243,10457337,5550906,
Indonesia,2021-04-15,"Oxford/AstraZeneca, Sinovac",https://www.kemkes.go.id/article/view/21030300004/Situasi-Vaksinasi-COVID-19.html,16498726,10781266,5717460,
Indonesia,2021-04-17,"Oxford/AstraZeneca, Sinovac",https://www.kemkes.go.id/article/view/21030300004/Situasi-Vaksinasi-COVID-19.html,16692353,10801563,5890790,
Indonesia,2021-04-19,"Oxford/AstraZeneca, Sinovac",https://www.kemkes.go.id/article/view/21030300004/Situasi-Vaksinasi-COVID-19.html,17024955,10972343,6052612,
Indonesia,2021-04-20,"Oxford/AstraZeneca, Sinovac",https://www.kemkes.go.id/article/view/21030300004/Situasi-Vaksinasi-COVID-19.html,17275001,11116253,6158748,
Indonesia,2021-04-21,"Oxford/AstraZeneca, Sinovac",https://www.kemkes.go.id/article/view/21030300004/Situasi-Vaksinasi-COVID-19.html,17644225,11302294,6341931,
Indonesia,2021-04-22,"Oxford/AstraZeneca, Sinovac",https://www.kemkes.go.id/article/view/21030300004/Situasi-Vaksinasi-COVID-19.html,17920908,11432711,6488197,
Indonesia,2021-04-23,"Oxford/AstraZeneca, Sinovac",https://www.kemkes.go.id/article/view/21030300004/Situasi-Vaksinasi-COVID-19.html,18322578,11623251,6699327,
Indonesia,2021-04-25,"Oxford/AstraZeneca, Sinovac",https://www.kemkes.go.id/article/view/21030300004/Situasi-Vaksinasi-COVID-19.html,18570974,11741559,6829415,
Indonesia,2021-04-26,"Oxford/AstraZeneca, Sinovac",https://www.kemkes.go.id/article/view/21030300004/Situasi-Vaksinasi-COVID-19.html,18842883,11844579,6998304,
Indonesia,2021-04-27,"Oxford/AstraZeneca, Sinovac",https://www.kemkes.go.id/article/view/21030300004/Situasi-Vaksinasi-COVID-19.html,19230446,12015912,7214534,
Indonesia,2021-04-28,"Oxford/AstraZeneca, Sinovac",https://vaksin.kemkes.go.id/#/vaccines,19561472,12150377,7411095,
Indonesia,2021-04-29,"Oxford/AstraZeneca, Sinovac",https://vaksin.kemkes.go.id/#/vaccines,19890198,12306755,7583443,
Indonesia,2021-04-30,"Oxford/AstraZeneca, Sinovac",https://vaksin.kemkes.go.id/#/vaccines,20068537,12422253,7646284,
Indonesia,2021-05-02,"Oxford/AstraZeneca, Sinovac",https://vaksin.kemkes.go.id/#/vaccines,20172516,12469406,7703110,
Indonesia,2021-05-04,"Oxford/AstraZeneca, Sinovac",https://vaksin.kemkes.go.id/#/vaccines,20701804,12699568,8002236,
Indonesia,2021-05-06,"Oxford/AstraZeneca, Sinovac",https://vaksin.kemkes.go.id/#/vaccines,21367754,13028699,8339055,
Indonesia,2021-05-07,"Oxford/AstraZeneca, Sinovac",https://vaksin.kemkes.go.id/#/vaccines,21666868,13180814,8486054,
Indonesia,2021-05-09,"Oxford/AstraZeneca, Sinovac",https://vaksin.kemkes.go.id/#/vaccines,21993299,13349469,8643830,
Indonesia,2021-05-11,"Oxford/AstraZeneca, Sinovac",https://vaksin.kemkes.go.id/#/vaccines,22536306,13647777,8888529,
Indonesia,2021-05-13,"Oxford/AstraZeneca, Sinovac",https://vaksin.kemkes.go.id/#/vaccines,22617205,13697256,8919949,
Indonesia,2021-05-14,"Oxford/AstraZeneca, Sinovac",https://vaksin.kemkes.go.id/#/vaccines,22622367,13700389,8921978,
Indonesia,2021-05-16,"Oxford/AstraZeneca, Sinovac",https://vaksin.kemkes.go.id/#/vaccines,22721097,13745160,8975937,
Indonesia,2021-05-17,"Oxford/AstraZeneca, Sinovac",https://vaksin.kemkes.go.id/#/vaccines,22922067,13828102,9093965,
Indonesia,2021-05-18,"Oxford/AstraZeneca, Sinopharm/Beijing, Sinovac",https://vaksin.kemkes.go.id/#/vaccines,23262139,13985952,9276187,
Indonesia,2021-05-20,"Oxford/AstraZeneca, Sinopharm/Beijing, Sinovac",https://vaksin.kemkes.go.id/#/vaccines,24033424,14452878,9580546,
Indonesia,2021-05-21,"Oxford/AstraZeneca, Sinopharm/Beijing, Sinovac",https://vaksin.kemkes.go.id/#/vaccines,24431758,14685236,9746522,
Indonesia,2021-05-23,"Oxford/AstraZeneca, Sinopharm/Beijing, Sinovac",https://vaksin.kemkes.go.id/#/vaccines,24790758,14909734,9881024,
Indonesia,2021-05-24,"Oxford/AstraZeneca, Sinopharm/Beijing, Sinovac",https://vaksin.kemkes.go.id/#/vaccines,24826221,14919592,9906629,
Indonesia,2021-05-25,"Oxford/AstraZeneca, Sinopharm/Beijing, Sinovac",https://vaksin.kemkes.go.id/#/vaccines,25782177,15546158,10236019,
Indonesia,2021-05-30,"Oxford/AstraZeneca, Sinopharm/Beijing, Sinovac",https://vaksin.kemkes.go.id/#/vaccines,26889189,16304700,10584489,
Indonesia,2021-05-31,"Oxford/AstraZeneca, Sinopharm/Beijing, Sinovac",https://vaksin.kemkes.go.id/#/vaccines,27045507,16413672,10631835,
Indonesia,2021-06-01,"Oxford/AstraZeneca, Sinopharm/Beijing, Sinovac",https://vaksin.kemkes.go.id/#/vaccines,27308881,16594581,10714300,
Indonesia,2021-06-02,"Oxford/AstraZeneca, Sinopharm/Beijing, Sinovac",https://vaksin.kemkes.go.id/#/vaccines,27619247,16766263,10852984,
Indonesia,2021-06-03,"Oxford/AstraZeneca, Sinopharm/Beijing, Sinovac",https://vaksin.kemkes.go.id/#/vaccines,28027750,17042850,10984900,
Indonesia,2021-06-04,"Oxford/AstraZeneca, Sinopharm/Beijing, Sinovac",https://vaksin.kemkes.go.id/#/vaccines,28486710,17416321,11070389,
Indonesia,2021-06-05,"Oxford/AstraZeneca, Sinopharm/Beijing, Sinovac",https://vaksin.kemkes.go.id/#/vaccines,28702933,17581464,11121469,
Indonesia,2021-06-06,"Oxford/AstraZeneca, Sinopharm/Beijing, Sinovac",https://vaksin.kemkes.go.id/#/vaccines,28770360,17643603,11126757,
Indonesia,2021-06-07,"Oxford/AstraZeneca, Sinopharm/Beijing, Sinovac",https://vaksin.kemkes.go.id/#/vaccines,28972987,17775918,11197069,
Indonesia,2021-06-08,"Oxford/AstraZeneca, Sinopharm/Beijing, Sinovac",https://vaksin.kemkes.go.id/#/vaccines,29616507,18260482,11356025,
Indonesia,2021-06-09,"Oxford/AstraZeneca, Sinopharm/Beijing, Sinovac",https://vaksin.kemkes.go.id/#/vaccines,30155028,18718769,11436259,
Indonesia,2021-06-10,"Oxford/AstraZeneca, Sinopharm/Beijing, Sinovac",https://vaksin.kemkes.go.id/#/vaccines,30700350,19211433,11488917,
Indonesia,2021-06-11,"Oxford/AstraZeneca, Sinopharm/Beijing, Sinovac",https://vaksin.kemkes.go.id/#/vaccines,31195606,19669968,11525638,
Indonesia,2021-06-12,"Oxford/AstraZeneca, Sinopharm/Beijing, Sinovac",https://vaksin.kemkes.go.id/#/vaccines,31603325,20044187,11559138,
Indonesia,2021-06-13,"Oxford/AstraZeneca, Sinopharm/Beijing, Sinovac",https://vaksin.kemkes.go.id/#/vaccines,31727380,20158937,11568443,
Indonesia,2021-06-14,"Oxford/AstraZeneca, Sinopharm/Beijing, Sinovac",https://vaksin.kemkes.go.id/#/vaccines,32039910,20424048,11615862,
Indonesia,2021-06-15,"Oxford/AstraZeneca, Sinopharm/Beijing, Sinovac",https://vaksin.kemkes.go.id/#/vaccines,32603744,20904723,11699021,
Indonesia,2021-06-16,"Oxford/AstraZeneca, Sinopharm/Beijing, Sinovac",https://vaksin.kemkes.go.id/#/vaccines,33264392,21448774,11815618,
Indonesia,2021-06-17,"Oxford/AstraZeneca, Sinopharm/Beijing, Sinovac",https://vaksin.kemkes.go.id/#/vaccines,33962386,21999256,11963130,
Indonesia,2021-06-18,"Oxford/AstraZeneca, Sinopharm/Beijing, Sinovac",https://vaksin.kemkes.go.id/#/vaccines,34551233,22455167,12096066,
Indonesia,2021-06-19,"Oxford/AstraZeneca, Sinopharm/Beijing, Sinovac",https://vaksin.kemkes.go.id/#/vaccines,35086248,22873342,12212906,
Indonesia,2021-06-20,"Oxford/AstraZeneca, Sinopharm/Beijing, Sinovac",https://vaksin.kemkes.go.id/#/vaccines,35283078,23043372,12239706,
Indonesia,2021-06-21,"Oxford/AstraZeneca, Sinopharm/Beijing, Sinovac",https://vaksin.kemkes.go.id/#/vaccines,35928647,23530219,12398428,
Indonesia,2021-06-22,"Oxford/AstraZeneca, Sinopharm/Beijing, Sinovac",https://vaksin.kemkes.go.id/#/vaccines,36581555,23998166,12583389,
Indonesia,2021-06-23,"Oxford/AstraZeneca, Sinopharm/Beijing, Sinovac",https://vaksin.kemkes.go.id/#/vaccines,36998897,24358856,12640041,
Indonesia,2021-06-24,"Oxford/AstraZeneca, Sinopharm/Beijing, Sinovac",https://vaksin.kemkes.go.id/#/vaccines,37699231,24929442,12769789,
Indonesia,2021-06-25,"Oxford/AstraZeneca, Sinopharm/Beijing, Sinovac",https://vaksin.kemkes.go.id/#/vaccines,38394659,25482036,12912623,
Indonesia,2021-06-26,"Oxford/AstraZeneca, Sinopharm/Beijing, Sinovac",https://vaksin.kemkes.go.id/#/vaccines,39050655,26032131,13018524,
Indonesia,2021-06-27,"Oxford/AstraZeneca, Sinopharm/Beijing, Sinovac",https://vaksin.kemkes.go.id/#/vaccines,40315983,27200222,13115761,
Indonesia,2021-06-28,"Oxford/AstraZeneca, Sinopharm/Beijing, Sinovac",https://vaksin.kemkes.go.id/#/vaccines,40601932,27419898,13182034,
Indonesia,2021-06-29,"Oxford/AstraZeneca, Sinopharm/Beijing, Sinovac",https://vaksin.kemkes.go.id/#/vaccines,42040501,28671106,13369395,
Indonesia,2021-06-30,"Oxford/AstraZeneca, Sinopharm/Beijing, Sinovac",https://vaksin.kemkes.go.id/#/vaccines,42744641,29279142,13465499,
Indonesia,2021-07-01,"Oxford/AstraZeneca, Sinopharm/Beijing, Sinovac",https://vaksin.kemkes.go.id/#/vaccines,44160960,30483730,13677230,
Indonesia,2021-07-02,"Oxford/AstraZeneca, Sinopharm/Beijing, Sinovac",https://vaksin.kemkes.go.id/#/vaccines,44661928,30891821,13770107,
Indonesia,2021-07-03,"Oxford/AstraZeneca, Sinopharm/Beijing, Sinovac",https://vaksin.kemkes.go.id/#/vaccines,45495972,31573240,13922732,
Indonesia,2021-07-04,"Oxford/AstraZeneca, Sinopharm/Beijing, Sinovac",https://vaksin.kemkes.go.id/#/vaccines,46043309,32063745,13979564,
Indonesia,2021-07-05,"Oxford/AstraZeneca, Sinopharm/Beijing, Sinovac",https://vaksin.kemkes.go.id/#/vaccines,46338202,32302268,14035934,
Indonesia,2021-07-06,"Oxford/AstraZeneca, Sinopharm/Beijing, Sinovac",https://vaksin.kemkes.go.id/#/vaccines,47444009,33176029,14267980,
Indonesia,2021-07-07,"Oxford/AstraZeneca, Sinopharm/Beijing, Sinovac",https://vaksin.kemkes.go.id/#/vaccines,48483610,34039797,14443813,
Indonesia,2021-07-08,"Oxford/AstraZeneca, Sinopharm/Beijing, Sinovac",https://vaksin.kemkes.go.id/#/vaccines,49483188,34860686,14622502,
Indonesia,2021-07-09,"Oxford/AstraZeneca, Sinopharm/Beijing, Sinovac",https://vaksin.kemkes.go.id/#/vaccines,50644144,35775567,14868577,
Indonesia,2021-07-10,"Oxford/AstraZeneca, Sinopharm/Beijing, Sinovac",https://vaksin.kemkes.go.id/#/vaccines,51162406,36193076,14969330,
Indonesia,2021-07-11,"Oxford/AstraZeneca, Sinopharm/Beijing, Sinovac",https://vaksin.kemkes.go.id/#/vaccines,51278367,36267019,15011348,
Indonesia,2021-07-12,"Oxford/AstraZeneca, Sinopharm/Beijing, Sinovac",https://vaksin.kemkes.go.id/#/vaccines,51404659,36368191,15036468,
Indonesia,2021-07-13,"Oxford/AstraZeneca, Sinopharm/Beijing, Sinovac",https://vaksin.kemkes.go.id/#/vaccines,51433567,36395019,15038548,
Indonesia,2021-07-14,"Oxford/AstraZeneca, Sinopharm/Beijing, Sinovac",https://vaksin.kemkes.go.id/#/vaccines,54520987,38909433,15611554,
Indonesia,2021-07-15,"Oxford/AstraZeneca, Sinopharm/Beijing, Sinovac",https://vaksin.kemkes.go.id/#/vaccines,55819781,39943004,15876777,
Indonesia,2021-07-16,"Oxford/AstraZeneca, Sinopharm/Beijing, Sinovac",https://vaksin.kemkes.go.id/#/vaccines,57011439,40912440,16098999,
Indonesia,2021-07-17,"Moderna, Oxford/AstraZeneca, Sinopharm/Beijing, Sinovac",https://vaksin.kemkes.go.id/#/vaccines,57486482,41268627,16217855,
Indonesia,2021-07-18,"Moderna, Oxford/AstraZeneca, Sinopharm/Beijing, Sinovac",https://vaksin.kemkes.go.id/#/vaccines,57947614,41673464,16274150,
Indonesia,2021-07-19,"Moderna, Oxford/AstraZeneca, Sinopharm/Beijing, Sinovac",https://vaksin.kemkes.go.id/#/vaccines,58495882,42095531,16400351,
Indonesia,2021-07-20,"Moderna, Oxford/AstraZeneca, Sinopharm/Beijing, Sinovac",https://vaksin.kemkes.go.id/#/vaccines,58814584,42360779,16453805,
Indonesia,2021-07-21,"Moderna, Oxford/AstraZeneca, Sinopharm/Beijing, Sinovac",https://vaksin.kemkes.go.id/#/vaccines,59218277,42611602,16606675,
Indonesia,2021-07-22,"Moderna, Oxford/AstraZeneca, Sinopharm/Beijing, Sinovac",https://vaksin.kemkes.go.id/#/vaccines,60484261,43471431,17012830,
Indonesia,2021-07-23,"Moderna, Oxford/AstraZeneca, Sinopharm/Beijing, Sinovac",https://vaksin.kemkes.go.id/#/vaccines,61185996,43932287,17253709,
Indonesia,2021-07-24,"Moderna, Oxford/AstraZeneca, Sinopharm/Beijing, Sinovac",https://vaksin.kemkes.go.id/#/vaccines,61583922,44107926,17475996,
Indonesia,2021-07-25,"Moderna, Oxford/AstraZeneca, Sinopharm/Beijing, Sinovac",https://vaksin.kemkes.go.id/#/vaccines,62376478,44469974,17906504,
Indonesia,2021-07-26,"Moderna, Oxford/AstraZeneca, Sinopharm/Beijing, Sinovac",https://vaksin.kemkes.go.id/#/vaccines,62858198,44728320,18129878,
Indonesia,2021-07-27,"Moderna, Oxford/AstraZeneca, Sinopharm/Beijing, Sinovac",https://vaksin.kemkes.go.id/#/vaccines,63944892,45278549,18666343,
Indonesia,2021-07-28,"Moderna, Oxford/AstraZeneca, Sinopharm/Beijing, Sinovac",https://vaksin.kemkes.go.id/#/vaccines,64838074,45734912,19103162,
Indonesia,2021-07-29,"Moderna, Oxford/AstraZeneca, Sinopharm/Beijing, Sinovac",https://vaksin.kemkes.go.id/#/vaccines,65959164,46289942,19669222,
Indonesia,2021-07-30,"Moderna, Oxford/AstraZeneca, Sinopharm/Beijing, Sinovac",https://vaksin.kemkes.go.id/#/vaccines,66952414,46805993,20146421,
Indonesia,2021-07-31,"Moderna, Oxford/AstraZeneca, Sinopharm/Beijing, Sinovac",https://vaksin.kemkes.go.id/#/vaccines,67761337,47226514,20534823,
Indonesia,2021-08-01,"Moderna, Oxford/AstraZeneca, Sinopharm/Beijing, Sinovac",https://vaksin.kemkes.go.id/#/vaccines,68151247,47478168,20673079,
Indonesia,2021-08-02,"Moderna, Oxford/AstraZeneca, Sinopharm/Beijing, Sinovac",https://vaksin.kemkes.go.id/#/vaccines,68620908,47686483,20934425,
Indonesia,2021-08-03,"Moderna, Oxford/AstraZeneca, Sinopharm/Beijing, Sinovac",https://vaksin.kemkes.go.id/#/vaccines,69543116,48106208,21436908,
Indonesia,2021-08-04,"Moderna, Oxford/AstraZeneca, Sinopharm/Beijing, Sinovac",https://vaksin.kemkes.go.id/#/vaccines,70471394,48494768,21976626,
Indonesia,2021-08-05,"Moderna, Oxford/AstraZeneca, Sinopharm/Beijing, Sinovac",https://vaksin.kemkes.go.id/#/vaccines,71044502,48834123,22210379,
Indonesia,2021-08-06,"Moderna, Oxford/AstraZeneca, Sinopharm/Beijing, Sinovac",https://vaksin.kemkes.go.id/#/vaccines,72282882,49391058,22891824,
Indonesia,2021-08-07,"Moderna, Oxford/AstraZeneca, Sinopharm/Beijing, Sinovac",https://vaksin.kemkes.go.id/#/vaccines,73147087,49801823,23345264,
Indonesia,2021-08-08,"Moderna, Oxford/AstraZeneca, Sinopharm/Beijing, Sinovac",https://vaksin.kemkes.go.id/#/vaccines,74275263,50497940,23777323,
Indonesia,2021-08-09,"Moderna, Oxford/AstraZeneca, Sinopharm/Beijing, Sinovac",https://vaksin.kemkes.go.id/#/vaccines,75662618,51181322,24481296,
Indonesia,2021-08-10,"Moderna, Oxford/AstraZeneca, Sinopharm/Beijing, Sinovac",https://vaksin.kemkes.go.id/#/vaccines,76933946,51759158,25174788,
Indonesia,2021-08-11,"Moderna, Oxford/AstraZeneca, Sinopharm/Beijing, Sinovac",https://vaksin.kemkes.go.id/#/vaccines,78162340,52373483,25788857,
Indonesia,2021-08-12,"Moderna, Oxford/AstraZeneca, Sinopharm/Beijing, Sinovac",https://vaksin.kemkes.go.id/#/vaccines,79054211,52615930,26438281,
Indonesia,2021-08-15,"Moderna, Oxford/AstraZeneca, Sinopharm/Beijing, Sinovac",https://vaksin.kemkes.go.id/#/vaccines,81610890,53573831,28037059,
Indonesia,2021-08-16,"Moderna, Oxford/AstraZeneca, Sinopharm/Beijing, Sinovac",https://vaksin.kemkes.go.id/#/vaccines,82907666,54382680,28524986,
Indonesia,2021-08-17,"Moderna, Oxford/AstraZeneca, Sinopharm/Beijing, Sinovac",https://vaksin.kemkes.go.id/#/vaccines,84141599,54982550,29159049,
Indonesia,2021-08-18,"Moderna, Oxford/AstraZeneca, Sinopharm/Beijing, Sinovac",https://vaksin.kemkes.go.id/#/vaccines,84595839,55192494,29403345,
Indonesia,2021-08-19,"Moderna, Oxford/AstraZeneca, Sinopharm/Beijing, Sinovac",https://vaksin.kemkes.go.id/#/vaccines,86414456,56045931,30368525,
Indonesia,2021-08-20,"Moderna, Oxford/AstraZeneca, Sinopharm/Beijing, Sinovac",https://vaksin.kemkes.go.id/#/vaccines,87257192,56504055,30753137,
Indonesia,2021-08-21,"Moderna, Oxford/AstraZeneca, Sinopharm/Beijing, Sinovac",https://vaksin.kemkes.go.id/#/vaccines,88197072,56986150,31210922,
Indonesia,2021-08-22,"Moderna, Oxford/AstraZeneca, Sinopharm/Beijing, Sinovac",https://vaksin.kemkes.go.id/#/vaccines,88941175,57339307,31601868,
Indonesia,2021-08-23,"Moderna, Oxford/AstraZeneca, Sinopharm/Beijing, Sinovac",https://vaksin.kemkes.go.id/#/vaccines,89825940,57779716,32046224,
Indonesia,2021-08-24,"Moderna, Oxford/AstraZeneca, Sinopharm/Beijing, Sinovac",https://vaksin.kemkes.go.id/#/vaccines,91109808,58468810,32640998,
Indonesia,2021-08-25,"Moderna, Oxford/AstraZeneca, Sinopharm/Beijing, Sinovac",https://vaksin.kemkes.go.id/#/vaccines,92105838,59011333,33094505,
Indonesia,2021-08-26,"Moderna, Oxford/AstraZeneca, Sinopharm/Beijing, Sinovac",https://vaksin.kemkes.go.id/#/vaccines,92784183,59426934,33357249,
Indonesia,2021-08-27,"Moderna, Oxford/AstraZeneca, Sinopharm/Beijing, Sinovac",https://vaksin.kemkes.go.id/#/vaccines,94556758,60435555,34121203,
Indonesia,2021-08-28,"Moderna, Oxford/AstraZeneca, Sinopharm/Beijing, Sinovac",https://vaksin.kemkes.go.id/#/vaccines,95925079,61222258,34702821,
Indonesia,2021-08-29,"Moderna, Oxford/AstraZeneca, Pfizer/BioNTech, Sinopharm/Beijing, Sinovac",https://vaksin.kemkes.go.id/#/vaccines,96512676,61654676,34858000,
Indonesia,2021-08-30,"Moderna, Oxford/AstraZeneca, Pfizer/BioNTech, Sinopharm/Beijing, Sinovac",https://vaksin.kemkes.go.id/#/vaccines,98149666,62624397,35525269,
Indonesia,2021-08-31,"Moderna, Oxford/AstraZeneca, Pfizer/BioNTech, Sinopharm/Beijing, Sinovac",https://vaksin.kemkes.go.id/#/vaccines,98966499,63111288,35855211,
Indonesia,2021-09-01,"Moderna, Oxford/AstraZeneca, Pfizer/BioNTech, Sinopharm/Beijing, Sinovac",https://vaksin.kemkes.go.id/#/vaccines,100684323,64229890,36454433,
Indonesia,2021-09-02,"Moderna, Oxford/AstraZeneca, Pfizer/BioNTech, Sinopharm/Beijing, Sinovac",https://vaksin.kemkes.go.id/#/vaccines,102385008,65229678,37155330,
Indonesia,2021-09-03,"Moderna, Oxford/AstraZeneca, Pfizer/BioNTech, Sinopharm/Beijing, Sinovac",https://vaksin.kemkes.go.id/#/vaccines,103679629,65957151,37722478,
Indonesia,2021-09-04,"Moderna, Oxford/AstraZeneca, Pfizer/BioNTech, Sinopharm/Beijing, Sinovac",https://vaksin.kemkes.go.id/#/vaccines,104384321,66353669,38030652,
Indonesia,2021-09-05,"Moderna, Oxford/AstraZeneca, Pfizer/BioNTech, Sinopharm/Beijing, Sinovac",https://vaksin.kemkes.go.id/#/vaccines,105005826,66782673,38223153,
Indonesia,2021-09-06,"Moderna, Oxford/AstraZeneca, Pfizer/BioNTech, Sinopharm/Beijing, Sinovac",https://vaksin.kemkes.go.id/#/vaccines,106677164,67827361,38849803,
Indonesia,2021-09-07,"Moderna, Oxford/AstraZeneca, Pfizer/BioNTech, Sinopharm/Beijing, Sinovac",https://vaksin.kemkes.go.id/#/vaccines,107374568,68208588,39165980,
Indonesia,2021-09-08,"Moderna, Oxford/AstraZeneca, Pfizer/BioNTech, Sinopharm/Beijing, Sinovac",https://vaksin.kemkes.go.id/#/vaccines,108916110,69194539,39721571,
Indonesia,2021-09-09,"Moderna, Oxford/AstraZeneca, Pfizer/BioNTech, Sinopharm/Beijing, Sinovac",https://vaksin.kemkes.go.id/#/vaccines,110685380,70322560,40362820,
Indonesia,2021-09-10,"Moderna, Oxford/AstraZeneca, Pfizer/BioNTech, Sinopharm/Beijing, Sinovac",https://vaksin.kemkes.go.id/#/vaccines,112043252,71175259,40867993,
Indonesia,2021-09-11,"Moderna, Oxford/AstraZeneca, Pfizer/BioNTech, Sinopharm/Beijing, Sinovac",https://vaksin.kemkes.go.id/#/vaccines,113783060,72248720,41534340,
Indonesia,2021-09-12,"Moderna, Oxford/AstraZeneca, Pfizer/BioNTech, Sinopharm/Beijing, Sinovac",https://vaksin.kemkes.go.id/#/vaccines,114500929,72766195,41734734,
Indonesia,2021-09-13,"Moderna, Oxford/AstraZeneca, Pfizer/BioNTech, Sinopharm/Beijing, Sinovac",https://vaksin.kemkes.go.id/#/vaccines,116168745,73839683,42329062,
Indonesia,2021-09-14,"Moderna, Oxford/AstraZeneca, Pfizer/BioNTech, Sinopharm/Beijing, Sinovac",https://vaksin.kemkes.go.id/#/vaccines,116822846,74257515,42565331,
Indonesia,2021-09-15,"Moderna, Oxford/AstraZeneca, Pfizer/BioNTech, Sinopharm/Beijing, Sinovac",https://vaksin.kemkes.go.id/#/vaccines,118103364,75140724,42962640,
Indonesia,2021-09-16,"Moderna, Oxford/AstraZeneca, Pfizer/BioNTech, Sinopharm/Beijing, Sinovac",https://vaksin.kemkes.go.id/#/vaccines,120328133,76583981,43744152,
Indonesia,2021-09-17,"Moderna, Oxford/AstraZeneca, Pfizer/BioNTech, Sinopharm/Beijing, Sinovac",https://vaksin.kemkes.go.id/#/vaccines,121542203,77417488,44124715,
Indonesia,2021-09-18,"Moderna, Oxford/AstraZeneca, Pfizer/BioNTech, Sinopharm/Beijing, Sinovac",https://vaksin.kemkes.go.id/#/vaccines,123257089,78540519,44716570,
Indonesia,2021-09-19,"Moderna, Oxford/AstraZeneca, Pfizer/BioNTech, Sinopharm/Beijing, Sinovac",https://vaksin.kemkes.go.id/#/vaccines,124649550,79515356,45134194,
Indonesia,2021-09-20,"Moderna, Oxford/AstraZeneca, Pfizer/BioNTech, Sinopharm/Beijing, Sinovac",https://vaksin.kemkes.go.id/#/vaccines,124882412,79657762,45224650,
Indonesia,2021-09-21,"Moderna, Oxford/AstraZeneca, Pfizer/BioNTech, Sinopharm/Beijing, Sinovac",https://vaksin.kemkes.go.id/#/vaccines,126261777,80408744,45853033,
Indonesia,2021-09-22,"Moderna, Oxford/AstraZeneca, Pfizer/BioNTech, Sinopharm/Beijing, Sinovac",https://vaksin.kemkes.go.id/#/vaccines,128609965,82113788,46496177,
Indonesia,2021-09-23,"Moderna, Oxford/AstraZeneca, Pfizer/BioNTech, Sinopharm/Beijing, Sinovac",https://vaksin.kemkes.go.id/#/vaccines,130228475,83248128,46980347,
Indonesia,2021-09-24,"Moderna, Oxford/AstraZeneca, Pfizer/BioNTech, Sinopharm/Beijing, Sinovac",https://vaksin.kemkes.go.id/#/vaccines,132792271,85015837,47776434,
Indonesia,2021-09-25,"Moderna, Oxford/AstraZeneca, Pfizer/BioNTech, Sinopharm/Beijing, Sinovac",https://vaksin.kemkes.go.id/#/vaccines,133429623,85433518,47996105,
Indonesia,2021-09-26,"Moderna, Oxford/AstraZeneca, Pfizer/BioNTech, Sinopharm/Beijing, Sinovac",https://vaksin.kemkes.go.id/#/vaccines,134207308,85944438,48262870,
Indonesia,2021-09-27,"Moderna, Oxford/AstraZeneca, Pfizer/BioNTech, Sinopharm/Beijing, Sinovac",https://vaksin.kemkes.go.id/#/vaccines,136941018,87742907,49198111,
Indonesia,2021-09-28,"Moderna, Oxford/AstraZeneca, Pfizer/BioNTech, Sinopharm/Beijing, Sinovac",https://vaksin.kemkes.go.id/#/vaccines,138186855,88531137,49655718,
Indonesia,2021-09-29,"Moderna, Oxford/AstraZeneca, Pfizer/BioNTech, Sinopharm/Beijing, Sinovac",https://vaksin.kemkes.go.id/#/vaccines,140235980,89822987,50412993,
Indonesia,2021-09-30,"Moderna, Oxford/AstraZeneca, Pfizer/BioNTech, Sinopharm/Beijing, Sinovac",https://vaksin.kemkes.go.id/#/vaccines,142192361,91079001,51113360,
Indonesia,2021-10-01,"Moderna, Oxford/AstraZeneca, Pfizer/BioNTech, Sinopharm/Beijing, Sinovac",https://vaksin.kemkes.go.id/#/vaccines,143911698,92161001,51750697,
Indonesia,2021-10-02,"Moderna, Oxford/AstraZeneca, Pfizer/BioNTech, Sinopharm/Beijing, Sinovac",https://vaksin.kemkes.go.id/#/vaccines,145383060,93066494,52316566,
Indonesia,2021-10-03,"Moderna, Oxford/AstraZeneca, Pfizer/BioNTech, Sinopharm/Beijing, Sinovac",https://vaksin.kemkes.go.id/#/vaccines,146456498,93780446,52676052,
Indonesia,2021-10-04,"Moderna, Oxford/AstraZeneca, Pfizer/BioNTech, Sinopharm/Beijing, Sinovac",https://vaksin.kemkes.go.id/#/vaccines,147230613,94223690,53006923,
Indonesia,2021-10-05,"Moderna, Oxford/AstraZeneca, Pfizer/BioNTech, Sinopharm/Beijing, Sinovac",https://vaksin.kemkes.go.id/#/vaccines,148596138,94939217,53656921,
Indonesia,2021-10-06,"Moderna, Oxford/AstraZeneca, Pfizer/BioNTech, Sinopharm/Beijing, Sinovac",https://vaksin.kemkes.go.id/#/vaccines,150223752,95781773,54441979,
Indonesia,2021-10-07,"Moderna, Oxford/AstraZeneca, Pfizer/BioNTech, Sinopharm/Beijing, Sinovac",https://vaksin.kemkes.go.id/#/vaccines,151451699,96492154,54959545,
Indonesia,2021-10-08,"Moderna, Oxford/AstraZeneca, Pfizer/BioNTech, Sinopharm/Beijing, Sinovac",https://vaksin.kemkes.go.id/#/vaccines,154252314,98146308,56106006,
Indonesia,2021-10-09,"Moderna, Oxford/AstraZeneca, Pfizer/BioNTech, Sinopharm/Beijing, Sinovac",https://vaksin.kemkes.go.id/#/vaccines,156281958,99373294,56908664,
Indonesia,2021-10-10,"Moderna, Oxford/AstraZeneca, Pfizer/BioNTech, Sinopharm/Beijing, Sinovac",https://vaksin.kemkes.go.id/#/vaccines,157711272,100189038,57522234,
Indonesia,2021-10-11,"Moderna, Oxford/AstraZeneca, Pfizer/BioNTech, Sinopharm/Beijing, Sinovac",https://vaksin.kemkes.go.id/#/vaccines,157929575,100322375,57607200,
Indonesia,2021-10-12,"Moderna, Oxford/AstraZeneca, Pfizer/BioNTech, Sinopharm/Beijing, Sinovac",https://vaksin.kemkes.go.id/#/vaccines,159768474,101362894,58405580,
Indonesia,2021-10-13,"Moderna, Oxford/AstraZeneca, Pfizer/BioNTech, Sinopharm/Beijing, Sinovac",https://vaksin.kemkes.go.id/#/vaccines,162097315,102685817,59411498,
Indonesia,2021-10-14,"Moderna, Oxford/AstraZeneca, Pfizer/BioNTech, Sinopharm/Beijing, Sinovac",https://vaksin.kemkes.go.id/#/vaccines,164730775,104308702,60422073,
Indonesia,2021-10-15,"Moderna, Oxford/AstraZeneca, Pfizer/BioNTech, Sinopharm/Beijing, Sinovac",https://vaksin.kemkes.go.id/#/vaccines,166861741,105464686,61397055,
Indonesia,2021-10-16,"Moderna, Oxford/AstraZeneca, Pfizer/BioNTech, Sinopharm/Beijing, Sinovac",https://vaksin.kemkes.go.id/#/vaccines,168836886,106669970,62166916,
Indonesia,2021-10-17,"Moderna, Oxford/AstraZeneca, Pfizer/BioNTech, Sinopharm/Beijing, Sinovac",https://vaksin.kemkes.go.id/#/vaccines,170235796,107503228,62732568,
Indonesia,2021-10-18,"Moderna, Oxford/AstraZeneca, Pfizer/BioNTech, Sinopharm/Beijing, Sinovac",https://vaksin.kemkes.go.id/#/vaccines,171169816,107981016,63188800,
Indonesia,2021-10-19,"Moderna, Oxford/AstraZeneca, Pfizer/BioNTech, Sinopharm/Beijing, Sinovac",https://vaksin.kemkes.go.id/#/vaccines,173014525,109005627,64008898,
Indonesia,2021-10-20,"Moderna, Oxford/AstraZeneca, Pfizer/BioNTech, Sinopharm/Beijing, Sinovac",https://vaksin.kemkes.go.id/#/vaccines,174419558,109796866,64622692,
Indonesia,2021-10-21,"Moderna, Oxford/AstraZeneca, Pfizer/BioNTech, Sinopharm/Beijing, Sinovac",https://vaksin.kemkes.go.id/#/vaccines,175579925,110406777,65173148,
Indonesia,2021-10-22,"Moderna, Oxford/AstraZeneca, Pfizer/BioNTech, Sinopharm/Beijing, Sinovac",https://vaksin.kemkes.go.id/#/vaccines,177812708,111496041,66316667,
Indonesia,2021-10-23,"Moderna, Oxford/AstraZeneca, Pfizer/BioNTech, Sinopharm/Beijing, Sinovac",https://vaksin.kemkes.go.id/#/vaccines,179437660,112271928,67165732,
Indonesia,2021-10-24,"Moderna, Oxford/AstraZeneca, Pfizer/BioNTech, Sinopharm/Beijing, Sinovac",https://vaksin.kemkes.go.id/#/vaccines,180948208,113032768,67915440,
Indonesia,2021-10-25,"Moderna, Oxford/AstraZeneca, Pfizer/BioNTech, Sinopharm/Beijing, Sinovac",https://vaksin.kemkes.go.id/#/vaccines,181688388,113424379,68264009,
Indonesia,2021-10-26,"Moderna, Oxford/AstraZeneca, Pfizer/BioNTech, Sinopharm/Beijing, Sinovac",https://vaksin.kemkes.go.id/#/vaccines,183477223,114347101,69130122,
Indonesia,2021-10-27,"Moderna, Oxford/AstraZeneca, Pfizer/BioNTech, Sinopharm/Beijing, Sinovac",https://vaksin.kemkes.go.id/#/vaccines,185616142,115502524,70113618,
Indonesia,2021-10-28,"Moderna, Oxford/AstraZeneca, Pfizer/BioNTech, Sinopharm/Beijing, Sinovac",https://vaksin.kemkes.go.id/#/vaccines,187720150,116620281,71099869,
Indonesia,2021-10-29,"Moderna, Oxford/AstraZeneca, Pfizer/BioNTech, Sinopharm/Beijing, Sinovac",https://vaksin.kemkes.go.id/#/vaccines,189750191,117689114,72061077,
Indonesia,2021-10-30,"Moderna, Oxford/AstraZeneca, Pfizer/BioNTech, Sinopharm/Beijing, Sinovac",https://vaksin.kemkes.go.id/#/vaccines,192442506,119151818,73290688,
Indonesia,2021-10-31,"Moderna, Oxford/AstraZeneca, Pfizer/BioNTech, Sinopharm/Beijing, Sinovac",https://vaksin.kemkes.go.id/#/vaccines,193361231,119662248,73698983,
Indonesia,2021-11-01,"Moderna, Oxford/AstraZeneca, Pfizer/BioNTech, Sinopharm/Beijing, Sinovac",https://vaksin.kemkes.go.id/#/vaccines,194997443,120553182,74444261,
Indonesia,2021-11-02,"Moderna, Oxford/AstraZeneca, Pfizer/BioNTech, Sinopharm/Beijing, Sinovac",https://vaksin.kemkes.go.id/#/vaccines,195693514,120887847,74805667,
Indonesia,2021-11-03,"Moderna, Oxford/AstraZeneca, Pfizer/BioNTech, Sinopharm/Beijing, Sinovac",https://vaksin.kemkes.go.id/#/vaccines,197804943,121975753,75829190,
Indonesia,2021-11-04,"Moderna, Oxford/AstraZeneca, Pfizer/BioNTech, Sinopharm/Beijing, Sinovac",https://vaksin.kemkes.go.id/#/vaccines,199539846,122852096,76687750,
Indonesia,2021-11-05,"Moderna, Oxford/AstraZeneca, Pfizer/BioNTech, Sinopharm/Beijing, Sinovac",https://vaksin.kemkes.go.id/#/vaccines,201512037,123824199,77687838,
