location,date,vaccine,source_url,total_vaccinations,people_vaccinated,people_fully_vaccinated,total_boosters
Iran,2021-02-08,Sputnik V,https://twitter.com/FarsNews_Agency/status/1359195194097336322,0,0,0,
Iran,2021-02-09,Sputnik V,https://twitter.com/FarsNews_Agency/status/1359195194097336322,3000,3000,0,
Iran,2021-02-17,Sputnik V,https://www.bloomberg.com/news/articles/2021-02-17/iran-vaccine-boasts-total-protection-against-u-k-covid-strain,10000,10000,0,
Iran,2021-03-19,Sputnik V,https://www.barkhat.news/social/161614986958/distribution-of-595-thousand-doses-of-corona-vaccine,124193,124193,0,
Iran,2021-03-27,Sputnik V,https://reliefweb.int/report/iran-islamic-republic/covid-19-situation-updates-week-12-21-27-march-2021,319890,,,
Iran,2021-04-14,Sputnik V,https://www.farsnews.ir/news/14000125000625,462642,361951,100691,
Iran,2021-04-19,Sputnik V,https://www.farsnews.ir/news/14000130000626,550131,416084,134047,
Iran,2021-04-20,Sputnik V,https://www.farsnews.ir/news/14000131000598/,621822,480646,141176,
Iran,2021-04-22,"Oxford/AstraZeneca, Sputnik V",https://www.farsnews.ir/news/14000202000387/,667202,518904,148298,
Iran,2021-04-28,"Oxford/AstraZeneca, Sputnik V",https://www.farsnews.ir/news/14000208000547/,938754,744914,193840,
Iran,2021-04-29,"Oxford/AstraZeneca, Sputnik V",https://www.farsnews.ir/news/14000209000403/,1002591,798465,204126,
Iran,2021-04-30,"Oxford/AstraZeneca, Sputnik V",https://www.farsnews.ir/news/14000210000280,1068123,858296,209827,
Iran,2021-05-04,"Oxford/AstraZeneca, Sinopharm/Beijing, Sputnik V",https://www.farsnews.ir/news/14000214000305,1314641,1083138,231503,
Iran,2021-05-07,"Oxford/AstraZeneca, Sinopharm/Beijing, Sputnik V",https://www.farsnews.ir/news/14000217000358,1485287,1231652,253635,
Iran,2021-05-10,"Covaxin, Oxford/AstraZeneca, Sinopharm/Beijing, Sputnik V",https://covid19.who.int/,1767570,1475436,292134,
Iran,2021-05-17,"Covaxin, Oxford/AstraZeneca, Sinopharm/Beijing, Sputnik V",https://covid19.who.int/,2329379,1979167,350212,
Iran,2021-05-24,"Covaxin, Oxford/AstraZeneca, Sinopharm/Beijing, Sputnik V",https://covid19.who.int/,3141577,2738504,403073,
Iran,2021-06-08,"Covaxin, Oxford/AstraZeneca, Sinopharm/Beijing, Sputnik V",https://covid19.who.int/,4553653,3915783,637870,
Iran,2021-06-14,"Covaxin, Oxford/AstraZeneca, Sinopharm/Beijing, Sputnik V",https://covid19.who.int/,4792881,3984095,808786,
Iran,2021-06-21,"Covaxin, Oxford/AstraZeneca, Sinopharm/Beijing, Sputnik V",https://covid19.who.int/,4968642,4013642,955000,
Iran,2021-06-29,"Covaxin, Oxford/AstraZeneca, Sinopharm/Beijing, Sputnik V",https://covid19.who.int/,5717914,4076904,1641010,
Iran,2021-07-13,"Covaxin, Oxford/AstraZeneca, Sinopharm/Beijing, Sputnik V",https://covid19.who.int/,6530124,4390342,2139782,
Iran,2021-07-19,"Covaxin, Oxford/AstraZeneca, Sinopharm/Beijing, Sputnik V",https://covid19.who.int/,8155411,5866316,2289095,
Iran,2021-07-26,"Covaxin, Oxford/AstraZeneca, Sinopharm/Beijing, Sputnik V",https://covid19.who.int/,10168674,7741936,2426738,
Iran,2021-08-02,"Covaxin, Oxford/AstraZeneca, Sinopharm/Beijing, Sputnik V",https://covid19.who.int/,12388974,9615913,2773061,
Iran,2021-08-09,"Covaxin, Oxford/AstraZeneca, Sinopharm/Beijing, Sputnik V",https://covid19.who.int/,16213714,13061640,3152074,
Iran,2021-08-16,"COVIran Barekat, Covaxin, Oxford/AstraZeneca, Sinopharm/Beijing, Sputnik V",https://covid19.who.int/,19894523,15513459,4381064,
Iran,2021-08-24,"COVIran Barekat, Covaxin, Oxford/AstraZeneca, Sinopharm/Beijing, Sputnik V",https://covid19.who.int/,23137699,16986882,6150817,
Iran,2021-08-29,"COVIran Barekat, Covaxin, Oxford/AstraZeneca, Sinopharm/Beijing, Sputnik V",https://covid19.who.int/,26176126,18261245,7914881,
Iran,2021-08-30,"COVIran Barekat, Covaxin, Oxford/AstraZeneca, Sinopharm/Beijing, Sputnik V",https://covid19.who.int/,27057253,18611135,8446118,
Iran,2021-09-05,"COVIran Barekat, Covaxin, Oxford/AstraZeneca, Sinopharm/Beijing, Sputnik V",https://covid19.who.int/,29152527,19467858,9684669,
Iran,2021-09-12,"COVIran Barekat, Covaxin, Oxford/AstraZeneca, Sinopharm/Beijing, Sputnik V",https://covid19.who.int/,35047143,22943141,12104002,
Iran,2021-09-13,"COVIran Barekat, Covaxin, Oxford/AstraZeneca, Sinopharm/Beijing, Sputnik V",https://covid19.who.int/,36753231,22943141,12549387,
Iran,2021-09-18,"COVIran Barekat, Covaxin, Oxford/AstraZeneca, Sinopharm/Beijing, Sputnik V",https://behdasht.gov.ir/,42003863,28382995,13620868,
Iran,2021-09-20,"COVIran Barekat, Covaxin, Oxford/AstraZeneca, Sinopharm/Beijing, Sputnik V",https://covid19.who.int/,43372270,29526662,13961491,
Iran,2021-09-27,"COVIran Barekat, Covaxin, Oxford/AstraZeneca, Sinopharm/Beijing, Sputnik V",https://covid19.who.int/,51950783,36303822,15646961,
Iran,2021-10-03,"COVIran Barekat, Covaxin, Oxford/AstraZeneca, Sinopharm/Beijing, Sputnik V",https://covid19.who.int/,57676540,40961153,16715387,
Iran,2021-10-10,"COVIran Barekat, Covaxin, Oxford/AstraZeneca, Sinopharm/Beijing, Soberana02, Sputnik V",https://covid19.who.int/,64401471,45075271,19326200,
Iran,2021-10-18,"COVIran Barekat, Covaxin, Oxford/AstraZeneca, Sinopharm/Beijing, Soberana02, Sputnik V",https://behdasht.gov.ir/%D8%A7%D8%AE%D8%A8%D8%A7%D8%B1/%D8%AA%D8%B2%D8%B1%DB%8C%D9%82-%DB%8C%DA%A9-%D9%85%DB%8C%D9%84%DB%8C%D9%88%D9%86-%D9%88-%DB%B4%DB%B7%DB%B0-%D9%87%D8%B2%D8%A7%D8%B1-%D8%AF%D9%8F%D8%B2-%D9%88%D8%A7%DA%A9%D8%B3%D9%86-%DA%A9%D8%B1%D9%88%D9%86%D8%A7-%D8%AF%D8%B1-%D8%B4%D8%A8%D8%A7%D9%86%D9%87-%D8%B1%D9%88%D8%B2-%DA%AF%D8%B0%D8%B4%D8%AA%D9%87,74113680,48956693,25156987,
Iran,2021-10-21,"COVIran Barekat, Covaxin, Oxford/AstraZeneca, Sinopharm/Beijing, Soberana02, Sputnik V",https://behdasht.gov.ir/%D8%A7%D8%AE%D8%A8%D8%A7%D8%B1/%D8%AA%D8%B2%D8%B1%DB%8C%D9%82-%D8%AF%D9%8F%D8%B2-%D8%A7%D9%88%D9%84-%D9%88%D8%A7%DA%A9%D8%B3%D9%86-%DA%A9%D8%B1%D9%88%D9%86%D8%A7-%D8%AF%D8%B1-%DA%A9%D8%B4%D9%88%D8%B1-%D8%A7%D8%B2-%DB%B5%DB%B0-%D9%85%DB%8C%D9%84%DB%8C%D9%88%D9%86-%D8%AF%D9%8F%D8%B2-%D9%81%D8%B1%D8%A7%D8%AA%D8%B1-%D8%B1%D9%81%D8%AA,77641350,50036416,27604934,
Iran,2021-10-23,"COVIran Barekat, Covaxin, Oxford/AstraZeneca, Sinopharm/Beijing, Soberana02, Sputnik V",https://behdasht.gov.ir/%D8%A7%D8%AE%D8%A8%D8%A7%D8%B1/%D8%B4%D9%86%D8%A7%D8%B3%D8%A7%DB%8C%DB%8C-%DB%B7%DB%B0%DB%B8%DB%B1-%D8%A8%DB%8C%D9%85%D8%A7%D8%B1-%D8%AC%D8%AF%DB%8C%D8%AF-%D9%88-%D9%81%D9%88%D8%AA-%DB%B1%DB%B2%DB%B4-%D8%A8%DB%8C%D9%85%D8%A7%D8%B1-%DA%A9%D9%88%D9%88%DB%8C%D8%AF%DB%B1%DB%B9-%D8%AF%D8%B1-%DA%A9%D8%B4%D9%88%D8%B1%E2%81%84-%D8%AA%D8%A7-%DA%A9%D9%86%D9%88%D9%86-%DB%B5%DB%B6-%D9%87%D8%B2%D8%A7%D8%B1-%D9%86%D9%81%D8%B1%D8%8C-%D8%AF%D9%8F%D8%B2-%D8%B3%D9%88%D9%85-%D9%88%D8%A7%DA%A9%D8%B3%D9%86-%DA%A9%D8%B1%D9%88%D9%86%D8%A7-%D8%B1%D8%A7-%D8%AA%D8%B2%D8%B1%DB%8C%D9%82-%DA%A9%D8%B1%D8%AF%D9%87-%D8%A7%D9%86%D8%AF,79533819,50604321,28872959,56539
Iran,2021-10-25,"COVIran Barekat, Covaxin, Oxford/AstraZeneca, Sinopharm/Beijing, Soberana02, Sputnik V",https://behdasht.gov.ir/%D8%A7%D8%AE%D8%A8%D8%A7%D8%B1/%D8%AA%D8%B2%D8%B1%DB%8C%D9%82-%DB%B9%DB%B5%DB%B3-%D9%87%D8%B2%D8%A7%D8%B1-%D8%AF%D9%8F%D8%B2-%D9%88%D8%A7%DA%A9%D8%B3%D9%86-%DA%A9%D8%B1%D9%88%D9%86%D8%A7-%D8%AF%D8%B1-%D8%B4%D8%A8%D8%A7%D9%86%D9%87-%D8%B1%D9%88%D8%B2-%DA%AF%D8%B0%D8%B4%D8%AA%D9%87-%D8%AF%D8%B1-%DA%A9%D8%B4%D9%88%D8%B1,81360772,51158858,30139400,62514
Iran,2021-10-29,"COVIran Barekat, Covaxin, Oxford/AstraZeneca, Sinopharm/Beijing, Soberana02, Sputnik V",https://behdasht.gov.ir/%D8%A7%D8%AE%D8%A8%D8%A7%D8%B1/%D9%85%D8%AC%D9%85%D9%88%D8%B9-%D9%88%D8%A7%DA%A9%D8%B3%D9%86-%D9%87%D8%A7%DB%8C-%D8%AA%D8%B2%D8%B1%DB%8C%D9%82-%D8%B4%D8%AF%D9%87-%D8%AF%D8%B1-%DA%A9%D8%B4%D9%88%D8%B1-%D8%A7%D8%B2-%DB%B8%DB%B5-%D9%85%DB%8C%D9%84%DB%8C%D9%88%D9%86-%D8%AF%D9%8F%D8%B2-%D9%81%D8%B1%D8%A7%D8%AA%D8%B1-%D8%B1%D9%81%D8%AA,85369917,52199440,33088940,81537
Iran,2021-11-02,"COVIran Barekat, Covaxin, Oxford/AstraZeneca, Sinopharm/Beijing, Soberana02, Sputnik V",https://behdasht.gov.ir/%D8%A7%D8%AE%D8%A8%D8%A7%D8%B1/%D8%AA%D8%B2%D8%B1%DB%8C%D9%82-%DB%8C%DA%A9-%D9%85%DB%8C%D9%84%DB%8C%D9%88%D9%86-%D9%88-%DB%B1%DB%B8-%D9%87%D8%B2%D8%A7%D8%B1-%D8%AF%D9%8F%D8%B2-%D9%88%D8%A7%DA%A9%D8%B3%D9%86-%DA%A9%D8%B1%D9%88%D9%86%D8%A7-%D8%AF%D8%B1-%D8%B4%D8%A8%D8%A7%D9%86%D9%87-%D8%B1%D9%88%D8%B2-%DA%AF%D8%B0%D8%B4%D8%AA%D9%87-%D8%AF%D8%B1-%DA%A9%D8%B4%D9%88%D8%B1,89255211,53102837,36054893,97481
Iran,2021-11-05,"COVIran Barekat, Covaxin, Oxford/AstraZeneca, Sinopharm/Beijing, Soberana02, Sputnik V",https://behdasht.gov.ir/%D8%A7%D8%AE%D8%A8%D8%A7%D8%B1/%D8%B4%D9%86%D8%A7%D8%B3%D8%A7%DB%8C%DB%8C-%DB%B8%DB%B6%DB%B3%DB%B3-%D8%A8%DB%8C%D9%85%D8%A7%D8%B1-%D8%AC%D8%AF%DB%8C%D8%AF-%DA%A9%D9%88%D9%88%DB%8C%D8%AF%DB%B1%DB%B9-%D8%AF%D8%B1-%DA%A9%D8%B4%D9%88%D8%B1%E2%81%84-%D9%85%D8%AC%D9%85%D9%88%D8%B9-%D8%AA%D8%B3%D8%AA-%D9%87%D8%A7%DB%8C-%D8%AA%D8%B4%D8%AE%DB%8C%D8%B5%DB%8C-%D8%A7%D8%B2-%D9%85%D8%B1%D8%B2-%DB%B3%DB%B6-%D9%85%DB%8C%D9%84%DB%8C%D9%88%D9%86-%D8%AF%D9%8F%D8%B2-%DA%AF%D8%B0%D8%B4%D8%AA-,92677737,54764071,37784542,129124
