date,total_vaccinations,people_vaccinated,people_fully_vaccinated,location,vaccine,source_url,total_boosters
2021-01-21,3558,,,Isle of Man,Pfizer/BioNTech,https://covid19.gov.im/general-information/latest-updates/,
2021-01-22,3648,,,Isle of Man,Pfizer/BioNTech,https://covid19.gov.im/general-information/latest-updates/,
2021-01-25,4209,3897,312,Isle of Man,Pfizer/BioNTech,https://covid19.gov.im/general-information/latest-updates/,
2021-01-26,4886,4247,639,Isle of Man,Pfizer/BioNTech,https://covid19.gov.im/general-information/latest-updates/,
2021-01-29,6859,5829,1030,Isle of Man,Pfizer/BioNTech,https://covid19.gov.im/general-information/covid-19-vaccination-statistics/,
2021-02-02,8302,6883,1419,Isle of Man,Pfizer/BioNTech,https://covid19.gov.im/general-information/covid-19-vaccination-statistics/,
2021-02-03,9563,7387,2176,Isle of Man,Pfizer/BioNTech,https://covid19.gov.im/general-information/covid-19-vaccination-statistics/,
2021-02-04,10213,8030,2183,Isle of Man,Pfizer/BioNTech,https://covid19.gov.im/general-information/covid-19-vaccination-statistics/,
2021-02-05,10224,8041,2183,Isle of Man,Pfizer/BioNTech,https://covid19.gov.im/general-information/covid-19-vaccination-statistics/,
2021-02-06,10852,8669,2183,Isle of Man,Pfizer/BioNTech,https://covid19.gov.im/general-information/covid-19-vaccination-statistics/,
2021-02-07,11247,9063,2184,Isle of Man,Pfizer/BioNTech,https://covid19.gov.im/general-information/covid-19-vaccination-statistics/,
2021-02-08,11654,9466,2188,Isle of Man,Pfizer/BioNTech,https://covid19.gov.im/general-information/covid-19-vaccination-statistics/,
2021-02-09,12026,9469,2557,Isle of Man,"Oxford/AstraZeneca, Pfizer/BioNTech",https://covid19.gov.im/general-information/covid-19-vaccination-statistics/,
2021-02-10,12441,9485,2956,Isle of Man,"Oxford/AstraZeneca, Pfizer/BioNTech",https://covid19.gov.im/general-information/covid-19-vaccination-statistics/,
2021-02-13,13497,10170,3327,Isle of Man,"Oxford/AstraZeneca, Pfizer/BioNTech",https://covid19.gov.im/general-information/covid-19-vaccination-statistics/,
2021-02-14,13733,10405,3328,Isle of Man,"Oxford/AstraZeneca, Pfizer/BioNTech",https://covid19.gov.im/general-information/covid-19-vaccination-statistics/,
2021-02-16,14272,10678,3594,Isle of Man,"Oxford/AstraZeneca, Pfizer/BioNTech",https://covid19.gov.im/general-information/covid-19-vaccination-statistics/,
2021-02-17,14806,10949,3857,Isle of Man,"Oxford/AstraZeneca, Pfizer/BioNTech",https://covid19.gov.im/general-information/covid-19-vaccination-statistics/,
2021-02-18,15294,11184,4110,Isle of Man,"Oxford/AstraZeneca, Pfizer/BioNTech",https://covid19.gov.im/general-information/covid-19-vaccination-statistics/,
2021-02-19,17150,12467,4683,Isle of Man,"Oxford/AstraZeneca, Pfizer/BioNTech",https://covid19.gov.im/general-information/covid-19-vaccination-statistics/,
2021-02-20,17180,12468,4712,Isle of Man,"Oxford/AstraZeneca, Pfizer/BioNTech",https://covid19.gov.im/general-information/covid-19-vaccination-statistics/,
2021-02-22,17807,13075,4732,Isle of Man,"Oxford/AstraZeneca, Pfizer/BioNTech",https://covid19.gov.im/general-information/covid-19-vaccination-statistics/,
2021-02-23,18041,13077,4964,Isle of Man,"Oxford/AstraZeneca, Pfizer/BioNTech",https://covid19.gov.im/general-information/covid-19-vaccination-statistics/,
2021-02-24,18323,13122,5201,Isle of Man,"Oxford/AstraZeneca, Pfizer/BioNTech",https://covid19.gov.im/general-information/covid-19-vaccination-statistics/,
2021-02-25,18795,13286,5509,Isle of Man,"Oxford/AstraZeneca, Pfizer/BioNTech",https://covid19.gov.im/general-information/covid-19-vaccination-statistics/,
2021-02-26,19884,13600,6284,Isle of Man,"Oxford/AstraZeneca, Pfizer/BioNTech",https://covid19.gov.im/general-information/covid-19-vaccination-statistics/,
2021-02-27,20831,13883,6948,Isle of Man,"Oxford/AstraZeneca, Pfizer/BioNTech",https://covid19.gov.im/general-information/covid-19-vaccination-statistics/,
2021-02-28,21452,14123,7329,Isle of Man,"Oxford/AstraZeneca, Pfizer/BioNTech",https://covid19.gov.im/general-information/covid-19-vaccination-statistics/,
2021-03-01,21998,14316,7682,Isle of Man,"Oxford/AstraZeneca, Pfizer/BioNTech",https://covid19.gov.im/general-information/covid-19-vaccination-statistics/,
2021-03-02,22785,15084,7701,Isle of Man,"Oxford/AstraZeneca, Pfizer/BioNTech",https://covid19.gov.im/general-information/covid-19-vaccination-statistics/,
2021-03-03,23429,15719,7710,Isle of Man,"Oxford/AstraZeneca, Pfizer/BioNTech",https://covid19.gov.im/general-information/covid-19-vaccination-statistics/,
2021-03-04,23438,15727,7711,Isle of Man,"Oxford/AstraZeneca, Pfizer/BioNTech",https://covid19.gov.im/general-information/covid-19-vaccination-statistics/,
2021-03-05,23883,15792,8091,Isle of Man,"Oxford/AstraZeneca, Pfizer/BioNTech",https://covid19.gov.im/general-information/covid-19-vaccination-statistics/,
2021-03-06,24309,15824,8485,Isle of Man,"Oxford/AstraZeneca, Pfizer/BioNTech",https://covid19.gov.im/general-information/covid-19-vaccination-statistics/,
2021-03-07,24798,15832,8966,Isle of Man,"Oxford/AstraZeneca, Pfizer/BioNTech",https://covid19.gov.im/general-information/covid-19-vaccination-statistics/,
2021-03-08,25086,15833,9253,Isle of Man,"Oxford/AstraZeneca, Pfizer/BioNTech",https://covid19.gov.im/general-information/covid-19-vaccination-statistics/,
2021-03-09,26172,16910,9262,Isle of Man,"Oxford/AstraZeneca, Pfizer/BioNTech",https://covid19.gov.im/general-information/covid-19-vaccination-statistics/,
2021-03-10,27326,18043,9283,Isle of Man,"Oxford/AstraZeneca, Pfizer/BioNTech",https://covid19.gov.im/general-information/covid-19-vaccination-statistics/,
2021-03-11,28431,19138,9293,Isle of Man,"Oxford/AstraZeneca, Pfizer/BioNTech",https://covid19.gov.im/general-information/covid-19-vaccination-statistics/,
2021-03-12,29794,19885,9909,Isle of Man,"Oxford/AstraZeneca, Pfizer/BioNTech",https://covid19.gov.im/general-information/covid-19-vaccination-statistics/,
2021-03-13,31026,19926,11100,Isle of Man,"Oxford/AstraZeneca, Pfizer/BioNTech",https://covid19.gov.im/general-information/covid-19-vaccination-statistics/,
2021-03-14,32027,20690,11337,Isle of Man,"Oxford/AstraZeneca, Pfizer/BioNTech",https://covid19.gov.im/general-information/covid-19-vaccination-statistics/,
2021-03-15,32742,21405,11337,Isle of Man,"Oxford/AstraZeneca, Pfizer/BioNTech",https://covid19.gov.im/general-information/covid-19-vaccination-statistics/,
2021-03-16,33335,21995,11340,Isle of Man,"Oxford/AstraZeneca, Pfizer/BioNTech",https://covid19.gov.im/general-information/covid-19-vaccination-statistics/,
2021-03-18,33336,21996,11340,Isle of Man,"Oxford/AstraZeneca, Pfizer/BioNTech",https://covid19.gov.im/general-information/covid-19-vaccination-statistics/,
2021-03-27,47294,32286,15008,Isle of Man,"Oxford/AstraZeneca, Pfizer/BioNTech",https://www.facebook.com/iomgovernment/photos/a.201016003920310/722610151760890,
2021-03-30,49787,34480,15307,Isle of Man,"Oxford/AstraZeneca, Pfizer/BioNTech",https://covid19.gov.im/general-information/covid-19-vaccination-statistics/,
2021-03-31,50426,35115,15311,Isle of Man,"Oxford/AstraZeneca, Pfizer/BioNTech",https://covid19.gov.im/general-information/covid-19-vaccination-statistics/,
2021-04-01,51602,36290,15312,Isle of Man,"Oxford/AstraZeneca, Pfizer/BioNTech",https://covid19.gov.im/general-information/covid-19-vaccination-statistics/,
2021-04-02,52831,37491,15340,Isle of Man,"Oxford/AstraZeneca, Pfizer/BioNTech",https://covid19.gov.im/general-information/covid-19-vaccination-statistics/,
2021-04-03,54075,38727,15348,Isle of Man,"Oxford/AstraZeneca, Pfizer/BioNTech",https://covid19.gov.im/general-information/covid-19-vaccination-statistics/,
2021-04-04,54480,39132,15348,Isle of Man,"Oxford/AstraZeneca, Pfizer/BioNTech",https://covid19.gov.im/general-information/covid-19-vaccination-statistics/,
2021-04-05,54923,39575,15348,Isle of Man,"Oxford/AstraZeneca, Pfizer/BioNTech",https://covid19.gov.im/general-information/covid-19-vaccination-statistics/,
2021-04-06,56040,40692,15348,Isle of Man,"Oxford/AstraZeneca, Pfizer/BioNTech",https://covid19.gov.im/general-information/covid-19-vaccination-statistics/,
2021-04-07,57234,41846,15388,Isle of Man,"Oxford/AstraZeneca, Pfizer/BioNTech",https://covid19.gov.im/general-information/covid-19-vaccination-statistics/,
2021-04-08,58497,43094,15403,Isle of Man,"Oxford/AstraZeneca, Pfizer/BioNTech",https://covid19.gov.im/general-information/covid-19-vaccination-statistics/,
2021-04-09,59758,44343,15415,Isle of Man,"Oxford/AstraZeneca, Pfizer/BioNTech",https://covid19.gov.im/general-information/covid-19-vaccination-statistics/,
2021-04-10,60889,45462,15427,Isle of Man,"Oxford/AstraZeneca, Pfizer/BioNTech",https://covid19.gov.im/general-information/covid-19-vaccination-statistics/,
2021-04-11,61296,45855,15441,Isle of Man,"Oxford/AstraZeneca, Pfizer/BioNTech",https://covid19.gov.im/general-information/covid-19-vaccination-statistics/,
2021-04-12,61699,46245,15454,Isle of Man,"Oxford/AstraZeneca, Pfizer/BioNTech",https://covid19.gov.im/general-information/covid-19-vaccination-statistics/,
2021-04-13,62899,47438,15461,Isle of Man,"Oxford/AstraZeneca, Pfizer/BioNTech",https://covid19.gov.im/general-information/covid-19-vaccination-statistics/,
2021-04-14,63488,48021,15467,Isle of Man,"Oxford/AstraZeneca, Pfizer/BioNTech",https://covid19.gov.im/general-information/covid-19-vaccination-statistics/,
2021-04-15,63674,48205,15469,Isle of Man,"Oxford/AstraZeneca, Pfizer/BioNTech",https://covid19.gov.im/general-information/covid-19-vaccination-statistics/,
2021-04-16,64099,48625,15474,Isle of Man,"Oxford/AstraZeneca, Pfizer/BioNTech",https://covid19.gov.im/general-information/covid-19-vaccination-statistics/,
2021-04-17,64481,49004,15477,Isle of Man,"Oxford/AstraZeneca, Pfizer/BioNTech",https://covid19.gov.im/general-information/covid-19-vaccination-statistics/,
2021-04-18,65085,49608,15477,Isle of Man,"Oxford/AstraZeneca, Pfizer/BioNTech",https://covid19.gov.im/general-information/covid-19-vaccination-statistics/,
2021-04-19,65675,50191,15484,Isle of Man,"Oxford/AstraZeneca, Pfizer/BioNTech",https://covid19.gov.im/general-information/covid-19-vaccination-statistics/,
2021-04-20,66414,50923,15491,Isle of Man,"Oxford/AstraZeneca, Pfizer/BioNTech",https://covid19.gov.im/general-information/covid-19-vaccination-statistics/,
2021-04-21,67082,51585,15497,Isle of Man,"Oxford/AstraZeneca, Pfizer/BioNTech",https://covid19.gov.im/general-information/covid-19-vaccination-statistics/,
2021-04-22,67915,52407,15508,Isle of Man,"Oxford/AstraZeneca, Pfizer/BioNTech",https://covid19.gov.im/general-information/covid-19-vaccination-statistics/,
2021-04-23,68442,52864,15578,Isle of Man,"Oxford/AstraZeneca, Pfizer/BioNTech",https://covid19.gov.im/general-information/covid-19-vaccination-statistics/,
2021-04-25,69658,54002,15656,Isle of Man,"Oxford/AstraZeneca, Pfizer/BioNTech",https://covid19.gov.im/general-information/covid-19-vaccination-statistics/,
2021-04-26,70249,54555,15694,Isle of Man,"Oxford/AstraZeneca, Pfizer/BioNTech",https://covid19.gov.im/general-information/covid-19-vaccination-statistics/,
2021-04-27,70810,55110,15700,Isle of Man,"Oxford/AstraZeneca, Pfizer/BioNTech",https://covid19.gov.im/general-information/covid-19-vaccination-statistics/,
2021-04-28,71703,55945,15758,Isle of Man,"Oxford/AstraZeneca, Pfizer/BioNTech",https://covid19.gov.im/general-information/covid-19-vaccination-statistics/,
2021-04-29,72617,56844,15773,Isle of Man,"Oxford/AstraZeneca, Pfizer/BioNTech",https://covid19.gov.im/general-information/covid-19-vaccination-statistics/,
2021-05-01,72626,56849,15777,Isle of Man,"Oxford/AstraZeneca, Pfizer/BioNTech",https://covid19.gov.im/general-information/covid-19-vaccination-statistics/,
2021-05-03,72673,56896,15777,Isle of Man,"Oxford/AstraZeneca, Pfizer/BioNTech",https://covid19.gov.im/general-information/covid-19-vaccination-statistics/,
2021-05-04,73471,57681,15790,Isle of Man,"Oxford/AstraZeneca, Pfizer/BioNTech",https://covid19.gov.im/general-information/covid-19-vaccination-statistics/,
2021-05-06,75013,59217,15796,Isle of Man,"Oxford/AstraZeneca, Pfizer/BioNTech",https://covid19.gov.im/general-information/covid-19-vaccination-statistics/,
2021-05-08,75037,59238,15799,Isle of Man,"Oxford/AstraZeneca, Pfizer/BioNTech",https://covid19.gov.im/general-information/covid-19-vaccination-statistics/,
2021-05-09,75783,59932,15851,Isle of Man,"Oxford/AstraZeneca, Pfizer/BioNTech",https://covid19.gov.im/general-information/covid-19-vaccination-statistics/,
2021-05-11,76403,60512,15891,Isle of Man,"Oxford/AstraZeneca, Pfizer/BioNTech",https://covid19.gov.im/general-information/covid-19-vaccination-statistics/,
2021-05-12,76977,61081,15896,Isle of Man,"Oxford/AstraZeneca, Pfizer/BioNTech",https://covid19.gov.im/general-information/covid-19-vaccination-statistics/,
2021-05-18,78417,61120,17297,Isle of Man,"Oxford/AstraZeneca, Pfizer/BioNTech",https://covid19.gov.im/general-information/covid-19-vaccination-statistics/,
2021-05-19,79300,61145,18155,Isle of Man,"Oxford/AstraZeneca, Pfizer/BioNTech",https://covid19.gov.im/general-information/covid-19-vaccination-statistics/,
2021-05-20,80356,61170,19186,Isle of Man,"Oxford/AstraZeneca, Pfizer/BioNTech",https://covid19.gov.im/general-information/covid-19-vaccination-statistics/,
2021-05-21,81423,61184,20239,Isle of Man,"Oxford/AstraZeneca, Pfizer/BioNTech",https://covid19.gov.im/general-information/covid-19-vaccination-statistics/,
2021-05-22,81855,61195,20660,Isle of Man,"Oxford/AstraZeneca, Pfizer/BioNTech",https://covid19.gov.im/general-information/covid-19-vaccination-statistics/,
2021-05-23,83163,61214,21949,Isle of Man,"Oxford/AstraZeneca, Pfizer/BioNTech",https://covid19.gov.im/general-information/covid-19-vaccination-statistics/,
2021-05-24,83831,61243,22588,Isle of Man,"Oxford/AstraZeneca, Pfizer/BioNTech",https://covid19.gov.im/general-information/covid-19-vaccination-statistics/,
2021-05-25,85971,61271,24700,Isle of Man,"Oxford/AstraZeneca, Pfizer/BioNTech",https://covid19.gov.im/general-information/covid-19-vaccination-statistics/,
2021-05-26,86707,61282,25425,Isle of Man,"Oxford/AstraZeneca, Pfizer/BioNTech",https://covid19.gov.im/general-information/covid-19-vaccination-statistics/,
2021-05-27,87476,61306,26170,Isle of Man,"Oxford/AstraZeneca, Pfizer/BioNTech",https://covid19.gov.im/general-information/covid-19-vaccination-statistics/,
2021-05-28,89077,61312,27765,Isle of Man,"Oxford/AstraZeneca, Pfizer/BioNTech",https://covid19.gov.im/general-information/covid-19-vaccination-statistics/,
2021-05-29,89507,61315,28192,Isle of Man,"Oxford/AstraZeneca, Pfizer/BioNTech",https://covid19.gov.im/general-information/covid-19-vaccination-statistics/,
2021-06-03,89727,61315,28412,Isle of Man,"Moderna, Oxford/AstraZeneca, Pfizer/BioNTech",https://covid19.gov.im/general-information/covid-19-vaccination-statistics/,
2021-06-09,89784,61317,28467,Isle of Man,"Moderna, Oxford/AstraZeneca, Pfizer/BioNTech",https://covid19.gov.im/general-information/covid-19-vaccination-statistics/,
2021-06-14,90677,62162,28515,Isle of Man,"Moderna, Oxford/AstraZeneca, Pfizer/BioNTech",https://covid19.gov.im/general-information/covid-19-vaccination-statistics/,
2021-06-15,90991,62400,28591,Isle of Man,"Moderna, Oxford/AstraZeneca, Pfizer/BioNTech",https://covid19.gov.im/general-information/covid-19-vaccination-statistics/,
2021-06-16,91896,62407,29489,Isle of Man,"Moderna, Oxford/AstraZeneca, Pfizer/BioNTech",https://covid19.gov.im/general-information/covid-19-vaccination-statistics/,
2021-06-17,93033,,,Isle of Man,"Moderna, Oxford/AstraZeneca, Pfizer/BioNTech",https://covid19.gov.im/general-information/covid-19-vaccination-statistics/,
2021-06-19,94630,,,Isle of Man,"Moderna, Oxford/AstraZeneca, Pfizer/BioNTech",https://covid19.gov.im/general-information/covid-19-vaccination-statistics/,
2021-06-20,95763,62417,33346,Isle of Man,"Moderna, Oxford/AstraZeneca, Pfizer/BioNTech",https://covid19.gov.im/general-information/covid-19-vaccination-statistics/,
2021-06-22,97379,62418,34961,Isle of Man,"Moderna, Oxford/AstraZeneca, Pfizer/BioNTech",https://covid19.gov.im/general-information/covid-19-vaccination-statistics/,
2021-06-23,98546,62420,36126,Isle of Man,"Moderna, Oxford/AstraZeneca, Pfizer/BioNTech",https://covid19.gov.im/general-information/covid-19-vaccination-statistics/,
2021-06-24,99842,62509,37333,Isle of Man,"Moderna, Oxford/AstraZeneca, Pfizer/BioNTech",https://covid19.gov.im/general-information/covid-19-vaccination-statistics/,
2021-06-25,100971,62522,38449,Isle of Man,"Moderna, Oxford/AstraZeneca, Pfizer/BioNTech",https://covid19.gov.im/general-information/covid-19-vaccination-statistics/,
2021-06-28,104254,63236,41018,Isle of Man,"Moderna, Oxford/AstraZeneca, Pfizer/BioNTech",https://covid19.gov.im/general-information/covid-19-vaccination-statistics/,
2021-06-29,104999,63241,41758,Isle of Man,"Moderna, Oxford/AstraZeneca, Pfizer/BioNTech",https://covid19.gov.im/general-information/covid-19-vaccination-statistics/,
2021-07-01,107331,63245,44086,Isle of Man,"Moderna, Oxford/AstraZeneca, Pfizer/BioNTech",https://covid19.gov.im/general-information/covid-19-vaccination-statistics/,
2021-07-02,108637,63247,45390,Isle of Man,"Moderna, Oxford/AstraZeneca, Pfizer/BioNTech",https://covid19.gov.im/general-information/covid-19-vaccination-statistics/,
2021-07-03,109025,63247,45778,Isle of Man,"Moderna, Oxford/AstraZeneca, Pfizer/BioNTech",https://covid19.gov.im/general-information/covid-19-vaccination-statistics/,
2021-07-04,109354,63249,46105,Isle of Man,"Moderna, Oxford/AstraZeneca, Pfizer/BioNTech",https://covid19.gov.im/general-information/covid-19-vaccination-statistics/,
2021-07-05,110561,63249,47312,Isle of Man,"Moderna, Oxford/AstraZeneca, Pfizer/BioNTech",https://covid19.gov.im/general-information/covid-19-vaccination-statistics/,
2021-07-06,111316,63621,47695,Isle of Man,"Moderna, Oxford/AstraZeneca, Pfizer/BioNTech",https://covid19.gov.im/general-information/covid-19-vaccination-statistics/,
2021-07-07,112086,63984,48102,Isle of Man,"Moderna, Oxford/AstraZeneca, Pfizer/BioNTech",https://covid19.gov.im/general-information/covid-19-vaccination-statistics/,
2021-07-08,112670,64150,48520,Isle of Man,"Moderna, Oxford/AstraZeneca, Pfizer/BioNTech",https://covid19.gov.im/general-information/covid-19-vaccination-statistics/,
2021-07-09,113007,64151,48856,Isle of Man,"Moderna, Oxford/AstraZeneca, Pfizer/BioNTech",https://covid19.gov.im/general-information/covid-19-vaccination-statistics/,
2021-07-10,113598,64151,49447,Isle of Man,"Moderna, Oxford/AstraZeneca, Pfizer/BioNTech",https://covid19.gov.im/general-information/covid-19-vaccination-statistics/,
2021-07-11,114190,64153,50037,Isle of Man,"Moderna, Oxford/AstraZeneca, Pfizer/BioNTech",https://covid19.gov.im/general-information/covid-19-vaccination-statistics/,
2021-07-12,114938,64160,50778,Isle of Man,"Moderna, Oxford/AstraZeneca, Pfizer/BioNTech",https://covid19.gov.im/general-information/covid-19-vaccination-statistics/,
2021-07-13,115567,64161,51406,Isle of Man,"Moderna, Oxford/AstraZeneca, Pfizer/BioNTech",https://covid19.gov.im/general-information/covid-19-vaccination-statistics/,
2021-07-14,116594,64222,52372,Isle of Man,"Moderna, Oxford/AstraZeneca, Pfizer/BioNTech",https://covid19.gov.im/general-information/covid-19-vaccination-statistics/,
2021-07-15,117677,64400,53277,Isle of Man,"Moderna, Oxford/AstraZeneca, Pfizer/BioNTech",https://covid19.gov.im/general-information/covid-19-vaccination-statistics/,
2021-07-18,118490,64403,54087,Isle of Man,"Moderna, Oxford/AstraZeneca, Pfizer/BioNTech",https://covid19.gov.im/general-information/covid-19-vaccination-statistics/,
2021-07-19,120027,64407,55620,Isle of Man,"Moderna, Oxford/AstraZeneca, Pfizer/BioNTech",https://covid19.gov.im/general-information/covid-19-vaccination-statistics/,
2021-07-20,120042,64408,55634,Isle of Man,"Moderna, Oxford/AstraZeneca, Pfizer/BioNTech",https://covid19.gov.im/general-information/covid-19-vaccination-statistics/,
2021-07-21,121030,64441,56589,Isle of Man,"Moderna, Oxford/AstraZeneca, Pfizer/BioNTech",https://covid19.gov.im/general-information/covid-19-vaccination-statistics/,
2021-07-25,121047,64447,56600,Isle of Man,"Moderna, Oxford/AstraZeneca, Pfizer/BioNTech",https://covid19.gov.im/general-information/covid-19-vaccination-statistics/,
2021-07-26,121819,64629,57190,Isle of Man,"Moderna, Oxford/AstraZeneca, Pfizer/BioNTech",https://covid19.gov.im/general-information/covid-19-vaccination-statistics/,
2021-07-27,122556,64756,57800,Isle of Man,"Moderna, Oxford/AstraZeneca, Pfizer/BioNTech",https://covid19.gov.im/general-information/covid-19-vaccination-statistics/,
2021-07-28,123254,64871,58383,Isle of Man,"Moderna, Oxford/AstraZeneca, Pfizer/BioNTech",https://covid19.gov.im/general-information/covid-19-vaccination-statistics/,
2021-07-30,123420,64872,58548,Isle of Man,"Moderna, Oxford/AstraZeneca, Pfizer/BioNTech",https://covid19.gov.im/general-information/covid-19-vaccination-statistics/,
2021-07-31,123947,64872,59075,Isle of Man,"Moderna, Oxford/AstraZeneca, Pfizer/BioNTech",https://covid19.gov.im/general-information/covid-19-vaccination-statistics/,
2021-08-02,124375,64877,59498,Isle of Man,"Moderna, Oxford/AstraZeneca, Pfizer/BioNTech",https://covid19.gov.im/general-information/covid-19-vaccination-statistics/,
2021-08-03,124807,64944,59863,Isle of Man,"Moderna, Oxford/AstraZeneca, Pfizer/BioNTech",https://covid19.gov.im/general-information/covid-19-vaccination-statistics/,
2021-08-11,125593,65030,60563,Isle of Man,"Moderna, Oxford/AstraZeneca, Pfizer/BioNTech",https://covid19.gov.im/general-information/covid-19-vaccination-statistics/,
2021-08-16,125602,65033,60569,Isle of Man,"Moderna, Oxford/AstraZeneca, Pfizer/BioNTech",https://covid19.gov.im/general-information/covid-19-vaccination-statistics/,
2021-08-17,125632,65034,60598,Isle of Man,"Moderna, Oxford/AstraZeneca, Pfizer/BioNTech",https://covid19.gov.im/general-information/covid-19-vaccination-statistics/,
2021-08-20,125652,65041,60611,Isle of Man,"Moderna, Oxford/AstraZeneca, Pfizer/BioNTech",https://covid19.gov.im/general-information/covid-19-vaccination-statistics/,
2021-08-21,125989,,,Isle of Man,"Moderna, Oxford/AstraZeneca, Pfizer/BioNTech",https://covid19.gov.im/general-information/covid-19-vaccination-statistics/,
2021-08-23,126002,,,Isle of Man,"Moderna, Oxford/AstraZeneca, Pfizer/BioNTech",https://covid19.gov.im/general-information/covid-19-vaccination-statistics/,
2021-08-24,126781,,,Isle of Man,"Moderna, Oxford/AstraZeneca, Pfizer/BioNTech",https://covid19.gov.im/general-information/covid-19-vaccination-statistics/,
2021-08-29,126931,65116,61815,Isle of Man,"Moderna, Oxford/AstraZeneca, Pfizer/BioNTech",https://covid19.gov.im/general-information/covid-19-vaccination-statistics/,
2021-08-31,127589,65118,62471,Isle of Man,"Moderna, Oxford/AstraZeneca, Pfizer/BioNTech",https://covid19.gov.im/general-information/covid-19-vaccination-statistics/,
2021-09-01,127749,65120,62629,Isle of Man,"Moderna, Oxford/AstraZeneca, Pfizer/BioNTech",https://covid19.gov.im/general-information/covid-19-vaccination-statistics/,
2021-09-05,127865,65234,62631,Isle of Man,"Moderna, Oxford/AstraZeneca, Pfizer/BioNTech",https://covid19.gov.im/general-information/covid-19-vaccination-statistics/,
2021-09-06,128307,65288,63019,Isle of Man,"Moderna, Oxford/AstraZeneca, Pfizer/BioNTech",https://covid19.gov.im/general-information/covid-19-vaccination-statistics/,
2021-09-08,128384,65296,63088,Isle of Man,"Moderna, Oxford/AstraZeneca, Pfizer/BioNTech",https://covid19.gov.im/general-information/covid-19-vaccination-statistics/,
2021-09-09,128522,65303,63219,Isle of Man,"Moderna, Oxford/AstraZeneca, Pfizer/BioNTech",https://covid19.gov.im/general-information/covid-19-vaccination-statistics/,
2021-09-10,128603,65373,63230,Isle of Man,"Moderna, Oxford/AstraZeneca, Pfizer/BioNTech",https://covid19.gov.im/general-information/covid-19-vaccination-statistics/,
2021-09-13,128702,65424,63278,Isle of Man,"Moderna, Oxford/AstraZeneca, Pfizer/BioNTech",https://covid19.gov.im/general-information/covid-19-vaccination-statistics/,
2021-09-16,128915,65430,63485,Isle of Man,"Moderna, Oxford/AstraZeneca, Pfizer/BioNTech",https://covid19.gov.im/general-information/covid-19-vaccination-statistics/,
2021-09-21,129296,65457,63839,Isle of Man,"Moderna, Oxford/AstraZeneca, Pfizer/BioNTech",https://covid19.gov.im/general-information/covid-19-vaccination-statistics/,
2021-09-24,129302,65461,63841,Isle of Man,"Moderna, Oxford/AstraZeneca, Pfizer/BioNTech",https://covid19.gov.im/general-information/covid-19-vaccination-statistics/,
2021-09-28,129319,65461,63858,Isle of Man,"Moderna, Oxford/AstraZeneca, Pfizer/BioNTech",https://covid19.gov.im/general-information/covid-19-vaccination-statistics/,
2021-10-01,129395,65471,63924,Isle of Man,"Moderna, Oxford/AstraZeneca, Pfizer/BioNTech",https://covid19.gov.im/general-information/covid-19-vaccination-statistics/,
2021-10-02,129399,65474,63925,Isle of Man,"Moderna, Oxford/AstraZeneca, Pfizer/BioNTech",https://covid19.gov.im/general-information/covid-19-vaccination-statistics/,
2021-10-03,129400,65475,63925,Isle of Man,"Moderna, Oxford/AstraZeneca, Pfizer/BioNTech",https://covid19.gov.im/general-information/covid-19-vaccination-statistics/,
2021-10-04,129479,65477,64002,Isle of Man,"Moderna, Oxford/AstraZeneca, Pfizer/BioNTech",https://covid19.gov.im/general-information/covid-19-vaccination-statistics/,
2021-10-05,129480,65478,64002,Isle of Man,"Moderna, Oxford/AstraZeneca, Pfizer/BioNTech",https://covid19.gov.im/general-information/covid-19-vaccination-statistics/,
2021-10-06,129481,65479,64002,Isle of Man,"Moderna, Oxford/AstraZeneca, Pfizer/BioNTech",https://covid19.gov.im/general-information/covid-19-vaccination-statistics/,
2021-10-09,129489,65485,64004,Isle of Man,"Moderna, Oxford/AstraZeneca, Pfizer/BioNTech",https://covid19.gov.im/general-information/covid-19-vaccination-statistics/,
2021-10-10,129494,65485,,Isle of Man,"Moderna, Oxford/AstraZeneca, Pfizer/BioNTech",https://covid19.gov.im/general-information/covid-19-vaccination-statistics/,
2021-10-12,129495,65488,64007,Isle of Man,"Moderna, Oxford/AstraZeneca, Pfizer/BioNTech",https://covid19.gov.im/general-information/covid-19-vaccination-statistics/,
2021-10-13,129510,65495,64015,Isle of Man,"Moderna, Oxford/AstraZeneca, Pfizer/BioNTech",https://covid19.gov.im/general-information/covid-19-vaccination-statistics/,
2021-10-14,129525,65504,64021,Isle of Man,"Moderna, Oxford/AstraZeneca, Pfizer/BioNTech",https://covid19.gov.im/general-information/covid-19-vaccination-statistics/,
2021-10-19,131535,67328,64207,Isle of Man,"Moderna, Oxford/AstraZeneca, Pfizer/BioNTech",https://covid19.gov.im/general-information/covid-19-vaccination-statistics/,
2021-10-21,131628,67353,64275,Isle of Man,"Moderna, Oxford/AstraZeneca, Pfizer/BioNTech",https://covid19.gov.im/general-information/covid-19-vaccination-statistics/,
2021-10-25,131770,67434,64336,Isle of Man,"Moderna, Oxford/AstraZeneca, Pfizer/BioNTech",https://covid19.gov.im/general-information/covid-19-vaccination-statistics/,
2021-10-29,132279,67868,64411,Isle of Man,"Moderna, Oxford/AstraZeneca, Pfizer/BioNTech",https://covid19.gov.im/general-information/covid-19-vaccination-statistics/,
2021-10-30,132309,67873,64436,Isle of Man,"Moderna, Oxford/AstraZeneca, Pfizer/BioNTech",https://covid19.gov.im/general-information/covid-19-vaccination-statistics/,
2021-11-01,132421,,,Isle of Man,"Moderna, Oxford/AstraZeneca, Pfizer/BioNTech",https://covid19.gov.im/general-information/covid-19-vaccination-statistics/,
2021-11-02,132426,67894,64532,Isle of Man,"Moderna, Oxford/AstraZeneca, Pfizer/BioNTech",https://covid19.gov.im/general-information/covid-19-vaccination-statistics/,
2021-11-05,132518,67902,64616,Isle of Man,"Moderna, Oxford/AstraZeneca, Pfizer/BioNTech",https://covid19.gov.im/general-information/covid-19-vaccination-statistics/,
