date,total_vaccinations,people_vaccinated,people_fully_vaccinated,total_boosters,location,source_url,vaccine
2020-12-19,64,63,1,0,Israel,https://datadashboard.health.gov.il/COVID-19/general,Pfizer/BioNTech
2020-12-20,7446,7445,1,0,Israel,https://datadashboard.health.gov.il/COVID-19/general,Pfizer/BioNTech
2020-12-21,32349,32348,1,0,Israel,https://datadashboard.health.gov.il/COVID-19/general,Pfizer/BioNTech
2020-12-22,76981,76980,1,0,Israel,https://datadashboard.health.gov.il/COVID-19/general,Pfizer/BioNTech
2020-12-23,139860,139859,1,0,Israel,https://datadashboard.health.gov.il/COVID-19/general,Pfizer/BioNTech
2020-12-24,213242,213241,1,0,Israel,https://datadashboard.health.gov.il/COVID-19/general,Pfizer/BioNTech
2020-12-25,251724,251723,1,0,Israel,https://datadashboard.health.gov.il/COVID-19/general,Pfizer/BioNTech
2020-12-26,284323,284322,1,0,Israel,https://datadashboard.health.gov.il/COVID-19/general,Pfizer/BioNTech
2020-12-27,388800,388799,1,0,Israel,https://datadashboard.health.gov.il/COVID-19/general,Pfizer/BioNTech
2020-12-28,523732,523731,1,0,Israel,https://datadashboard.health.gov.il/COVID-19/general,Pfizer/BioNTech
2020-12-29,679903,679902,1,0,Israel,https://datadashboard.health.gov.il/COVID-19/general,Pfizer/BioNTech
2020-12-30,832883,832882,1,0,Israel,https://datadashboard.health.gov.il/COVID-19/general,Pfizer/BioNTech
2020-12-31,991306,991305,1,0,Israel,https://datadashboard.health.gov.il/COVID-19/general,Pfizer/BioNTech
2021-01-01,1062644,1062643,1,0,Israel,https://datadashboard.health.gov.il/COVID-19/general,Pfizer/BioNTech
2021-01-02,1134321,1134320,1,0,Israel,https://datadashboard.health.gov.il/COVID-19/general,Pfizer/BioNTech
2021-01-03,1283929,1283928,1,0,Israel,https://datadashboard.health.gov.il/COVID-19/general,Pfizer/BioNTech
2021-01-04,1435980,1435978,2,0,Israel,https://datadashboard.health.gov.il/COVID-19/general,Pfizer/BioNTech
2021-01-05,1561029,1561027,2,0,Israel,https://datadashboard.health.gov.il/COVID-19/general,Pfizer/BioNTech
2021-01-06,1664251,1664248,3,0,Israel,https://datadashboard.health.gov.il/COVID-19/general,Pfizer/BioNTech
2021-01-07,1780214,1780206,8,0,Israel,https://datadashboard.health.gov.il/COVID-19/general,"Moderna, Pfizer/BioNTech"
2021-01-08,1846610,1846599,11,0,Israel,https://datadashboard.health.gov.il/COVID-19/general,"Moderna, Pfizer/BioNTech"
2021-01-09,1891126,1891092,34,0,Israel,https://datadashboard.health.gov.il/COVID-19/general,"Moderna, Pfizer/BioNTech"
2021-01-10,1934699,1928675,6024,0,Israel,https://datadashboard.health.gov.il/COVID-19/general,"Moderna, Pfizer/BioNTech"
2021-01-11,1975036,1949764,25272,0,Israel,https://datadashboard.health.gov.il/COVID-19/general,"Moderna, Pfizer/BioNTech"
2021-01-12,2034669,1973748,60921,0,Israel,https://datadashboard.health.gov.il/COVID-19/general,"Moderna, Pfizer/BioNTech"
2021-01-13,2143497,2025728,117769,0,Israel,https://datadashboard.health.gov.il/COVID-19/general,"Moderna, Pfizer/BioNTech"
2021-01-14,2268683,2082110,186573,0,Israel,https://datadashboard.health.gov.il/COVID-19/general,"Moderna, Pfizer/BioNTech"
2021-01-15,2335276,2112797,222479,0,Israel,https://datadashboard.health.gov.il/COVID-19/general,"Moderna, Pfizer/BioNTech"
2021-01-16,2390685,2142209,248476,0,Israel,https://datadashboard.health.gov.il/COVID-19/general,"Moderna, Pfizer/BioNTech"
2021-01-17,2543568,2210553,333015,0,Israel,https://datadashboard.health.gov.il/COVID-19/general,"Moderna, Pfizer/BioNTech"
2021-01-18,2733562,2280200,453362,0,Israel,https://datadashboard.health.gov.il/COVID-19/general,"Moderna, Pfizer/BioNTech"
2021-01-19,2944008,2352931,591077,0,Israel,https://datadashboard.health.gov.il/COVID-19/general,"Moderna, Pfizer/BioNTech"
2021-01-20,3164343,2429644,734699,0,Israel,https://datadashboard.health.gov.il/COVID-19/general,"Moderna, Pfizer/BioNTech"
2021-01-21,3398421,2499459,898962,0,Israel,https://datadashboard.health.gov.il/COVID-19/general,"Moderna, Pfizer/BioNTech"
2021-01-22,3507259,2537258,970001,0,Israel,https://datadashboard.health.gov.il/COVID-19/general,"Moderna, Pfizer/BioNTech"
2021-01-23,3600686,2577159,1023527,0,Israel,https://datadashboard.health.gov.il/COVID-19/general,"Moderna, Pfizer/BioNTech"
2021-01-24,3810254,2646166,1164088,0,Israel,https://datadashboard.health.gov.il/COVID-19/general,"Moderna, Pfizer/BioNTech"
2021-01-25,4030423,2726962,1303461,0,Israel,https://datadashboard.health.gov.il/COVID-19/general,"Moderna, Pfizer/BioNTech"
2021-01-26,4235292,2805548,1429744,0,Israel,https://datadashboard.health.gov.il/COVID-19/general,"Moderna, Pfizer/BioNTech"
2021-01-27,4437997,2883348,1554649,0,Israel,https://datadashboard.health.gov.il/COVID-19/general,"Moderna, Pfizer/BioNTech"
2021-01-28,4647903,2962772,1685131,0,Israel,https://datadashboard.health.gov.il/COVID-19/general,"Moderna, Pfizer/BioNTech"
2021-01-29,4749204,2999353,1749851,0,Israel,https://datadashboard.health.gov.il/COVID-19/general,"Moderna, Pfizer/BioNTech"
2021-01-30,4826250,3033693,1792557,0,Israel,https://datadashboard.health.gov.il/COVID-19/general,"Moderna, Pfizer/BioNTech"
2021-01-31,4958907,3106931,1851976,0,Israel,https://datadashboard.health.gov.il/COVID-19/general,"Moderna, Pfizer/BioNTech"
2021-02-01,5076578,3189325,1887253,0,Israel,https://datadashboard.health.gov.il/COVID-19/general,"Moderna, Pfizer/BioNTech"
2021-02-02,5177532,3259275,1918257,0,Israel,https://datadashboard.health.gov.il/COVID-19/general,"Moderna, Pfizer/BioNTech"
2021-02-03,5289033,3319436,1969597,0,Israel,https://datadashboard.health.gov.il/COVID-19/general,"Moderna, Pfizer/BioNTech"
2021-02-04,5419535,3391930,2027605,0,Israel,https://datadashboard.health.gov.il/COVID-19/general,"Moderna, Pfizer/BioNTech"
2021-02-05,5482098,3425774,2056324,0,Israel,https://datadashboard.health.gov.il/COVID-19/general,"Moderna, Pfizer/BioNTech"
2021-02-06,5525846,3447339,2078507,0,Israel,https://datadashboard.health.gov.il/COVID-19/general,"Moderna, Pfizer/BioNTech"
2021-02-07,5648490,3501349,2147141,0,Israel,https://datadashboard.health.gov.il/COVID-19/general,"Moderna, Pfizer/BioNTech"
2021-02-08,5772364,3559894,2212470,0,Israel,https://datadashboard.health.gov.il/COVID-19/general,"Moderna, Pfizer/BioNTech"
2021-02-09,5906034,3626126,2279908,0,Israel,https://datadashboard.health.gov.il/COVID-19/general,"Moderna, Pfizer/BioNTech"
2021-02-10,6048601,3696548,2352053,0,Israel,https://datadashboard.health.gov.il/COVID-19/general,"Moderna, Pfizer/BioNTech"
2021-02-11,6201588,3777570,2424018,0,Israel,https://datadashboard.health.gov.il/COVID-19/general,"Moderna, Pfizer/BioNTech"
2021-02-12,6278085,3816569,2461516,0,Israel,https://datadashboard.health.gov.il/COVID-19/general,"Moderna, Pfizer/BioNTech"
2021-02-13,6335862,3843963,2491899,0,Israel,https://datadashboard.health.gov.il/COVID-19/general,"Moderna, Pfizer/BioNTech"
2021-02-14,6479631,3918766,2560865,0,Israel,https://datadashboard.health.gov.il/COVID-19/general,"Moderna, Pfizer/BioNTech"
2021-02-15,6636627,4000171,2636456,0,Israel,https://datadashboard.health.gov.il/COVID-19/general,"Moderna, Pfizer/BioNTech"
2021-02-16,6798112,4083496,2714616,0,Israel,https://datadashboard.health.gov.il/COVID-19/general,"Moderna, Pfizer/BioNTech"
2021-02-17,6935473,4145365,2790108,0,Israel,https://datadashboard.health.gov.il/COVID-19/general,"Moderna, Pfizer/BioNTech"
2021-02-18,7084136,4214406,2869730,0,Israel,https://datadashboard.health.gov.il/COVID-19/general,"Moderna, Pfizer/BioNTech"
2021-02-19,7161781,4253991,2907790,0,Israel,https://datadashboard.health.gov.il/COVID-19/general,"Moderna, Pfizer/BioNTech"
2021-02-20,7222064,4285589,2936475,0,Israel,https://datadashboard.health.gov.il/COVID-19/general,"Moderna, Pfizer/BioNTech"
2021-02-21,7379751,4364930,3014821,0,Israel,https://datadashboard.health.gov.il/COVID-19/general,"Moderna, Pfizer/BioNTech"
2021-02-22,7545185,4449874,3095311,0,Israel,https://datadashboard.health.gov.il/COVID-19/general,"Moderna, Pfizer/BioNTech"
2021-02-23,7692747,4527089,3165658,0,Israel,https://datadashboard.health.gov.il/COVID-19/general,"Moderna, Pfizer/BioNTech"
2021-02-24,7816690,4588044,3228646,0,Israel,https://datadashboard.health.gov.il/COVID-19/general,"Moderna, Pfizer/BioNTech"
2021-02-25,7932970,4639648,3293322,0,Israel,https://datadashboard.health.gov.il/COVID-19/general,"Moderna, Pfizer/BioNTech"
2021-02-26,7990731,4665460,3325271,0,Israel,https://datadashboard.health.gov.il/COVID-19/general,"Moderna, Pfizer/BioNTech"
2021-02-27,8030180,4683745,3346435,0,Israel,https://datadashboard.health.gov.il/COVID-19/general,"Moderna, Pfizer/BioNTech"
2021-02-28,8126218,4723975,3402243,0,Israel,https://datadashboard.health.gov.il/COVID-19/general,"Moderna, Pfizer/BioNTech"
2021-03-01,8233129,4769548,3463581,0,Israel,https://datadashboard.health.gov.il/COVID-19/general,"Moderna, Pfizer/BioNTech"
2021-03-02,8338847,4810604,3528243,0,Israel,https://datadashboard.health.gov.il/COVID-19/general,"Moderna, Pfizer/BioNTech"
2021-03-03,8447392,4852486,3594906,0,Israel,https://datadashboard.health.gov.il/COVID-19/general,"Moderna, Pfizer/BioNTech"
2021-03-04,8565921,4892030,3673891,0,Israel,https://datadashboard.health.gov.il/COVID-19/general,"Moderna, Pfizer/BioNTech"
2021-03-05,8623505,4909243,3714262,0,Israel,https://datadashboard.health.gov.il/COVID-19/general,"Moderna, Pfizer/BioNTech"
2021-03-06,8659419,4919858,3739561,0,Israel,https://datadashboard.health.gov.il/COVID-19/general,"Moderna, Pfizer/BioNTech"
2021-03-07,8763203,4950888,3812315,0,Israel,https://datadashboard.health.gov.il/COVID-19/general,"Moderna, Pfizer/BioNTech"
2021-03-08,8863614,4978120,3885494,0,Israel,https://datadashboard.health.gov.il/COVID-19/general,"Moderna, Pfizer/BioNTech"
2021-03-09,8966729,5004725,3962004,0,Israel,https://datadashboard.health.gov.il/COVID-19/general,"Moderna, Pfizer/BioNTech"
2021-03-10,9048499,5027920,4020579,0,Israel,https://datadashboard.health.gov.il/COVID-19/general,"Moderna, Pfizer/BioNTech"
2021-03-11,9140596,5051051,4089545,0,Israel,https://datadashboard.health.gov.il/COVID-19/general,"Moderna, Pfizer/BioNTech"
2021-03-12,9193076,5062200,4130876,0,Israel,https://datadashboard.health.gov.il/COVID-19/general,"Moderna, Pfizer/BioNTech"
2021-03-13,9226144,5070074,4156070,0,Israel,https://datadashboard.health.gov.il/COVID-19/general,"Moderna, Pfizer/BioNTech"
2021-03-14,9320875,5090939,4229936,0,Israel,https://datadashboard.health.gov.il/COVID-19/general,"Moderna, Pfizer/BioNTech"
2021-03-15,9419014,5110921,4308093,0,Israel,https://datadashboard.health.gov.il/COVID-19/general,"Moderna, Pfizer/BioNTech"
2021-03-16,9509011,5129527,4379484,0,Israel,https://datadashboard.health.gov.il/COVID-19/general,"Moderna, Pfizer/BioNTech"
2021-03-17,9585500,5147091,4438409,0,Israel,https://datadashboard.health.gov.il/COVID-19/general,"Moderna, Pfizer/BioNTech"
2021-03-18,9659419,5162982,4496437,0,Israel,https://datadashboard.health.gov.il/COVID-19/general,"Moderna, Pfizer/BioNTech"
2021-03-19,9694123,5169782,4524341,0,Israel,https://datadashboard.health.gov.il/COVID-19/general,"Moderna, Pfizer/BioNTech"
2021-03-20,9714525,5174925,4539600,0,Israel,https://datadashboard.health.gov.il/COVID-19/general,"Moderna, Pfizer/BioNTech"
2021-03-21,9768023,5188001,4580022,0,Israel,https://datadashboard.health.gov.il/COVID-19/general,"Moderna, Pfizer/BioNTech"
2021-03-22,9821872,5201419,4620453,0,Israel,https://datadashboard.health.gov.il/COVID-19/general,"Moderna, Pfizer/BioNTech"
2021-03-23,9831746,5204090,4627656,0,Israel,https://datadashboard.health.gov.il/COVID-19/general,"Moderna, Pfizer/BioNTech"
2021-03-24,9889035,5214943,4674092,0,Israel,https://datadashboard.health.gov.il/COVID-19/general,"Moderna, Pfizer/BioNTech"
2021-03-25,9934459,5225042,4709417,0,Israel,https://datadashboard.health.gov.il/COVID-19/general,"Moderna, Pfizer/BioNTech"
2021-03-26,9951763,5229091,4722672,0,Israel,https://datadashboard.health.gov.il/COVID-19/general,"Moderna, Pfizer/BioNTech"
2021-03-27,9957705,5230813,4726892,0,Israel,https://datadashboard.health.gov.il/COVID-19/general,"Moderna, Pfizer/BioNTech"
2021-03-28,9964328,5232868,4731460,0,Israel,https://datadashboard.health.gov.il/COVID-19/general,"Moderna, Pfizer/BioNTech"
2021-03-29,10001058,5239669,4761389,0,Israel,https://datadashboard.health.gov.il/COVID-19/general,"Moderna, Pfizer/BioNTech"
2021-03-30,10031091,5247385,4783706,0,Israel,https://datadashboard.health.gov.il/COVID-19/general,"Moderna, Pfizer/BioNTech"
2021-03-31,10058445,5255391,4803054,0,Israel,https://datadashboard.health.gov.il/COVID-19/general,"Moderna, Pfizer/BioNTech"
2021-04-01,10085014,5263396,4821618,0,Israel,https://datadashboard.health.gov.il/COVID-19/general,"Moderna, Pfizer/BioNTech"
2021-04-02,10095868,5266213,4829655,0,Israel,https://datadashboard.health.gov.il/COVID-19/general,"Moderna, Pfizer/BioNTech"
2021-04-03,10100133,5267570,4832563,0,Israel,https://datadashboard.health.gov.il/COVID-19/general,"Moderna, Pfizer/BioNTech"
2021-04-04,10132461,5277129,4855332,0,Israel,https://datadashboard.health.gov.il/COVID-19/general,"Moderna, Pfizer/BioNTech"
2021-04-05,10163825,5287341,4876484,0,Israel,https://datadashboard.health.gov.il/COVID-19/general,"Moderna, Pfizer/BioNTech"
2021-04-06,10189292,5296178,4893114,0,Israel,https://datadashboard.health.gov.il/COVID-19/general,"Moderna, Pfizer/BioNTech"
2021-04-07,10213191,5304910,4908281,0,Israel,https://datadashboard.health.gov.il/COVID-19/general,"Moderna, Pfizer/BioNTech"
2021-04-08,10239263,5314121,4925142,0,Israel,https://datadashboard.health.gov.il/COVID-19/general,"Moderna, Pfizer/BioNTech"
2021-04-09,10248797,5317545,4931252,0,Israel,https://datadashboard.health.gov.il/COVID-19/general,"Moderna, Pfizer/BioNTech"
2021-04-10,10253783,5319072,4934711,0,Israel,https://datadashboard.health.gov.il/COVID-19/general,"Moderna, Pfizer/BioNTech"
2021-04-11,10276864,5327998,4948866,0,Israel,https://datadashboard.health.gov.il/COVID-19/general,"Moderna, Pfizer/BioNTech"
2021-04-12,10298702,5336743,4961959,0,Israel,https://datadashboard.health.gov.il/COVID-19/general,"Moderna, Pfizer/BioNTech"
2021-04-13,10309193,5342394,4966799,0,Israel,https://datadashboard.health.gov.il/COVID-19/general,"Moderna, Pfizer/BioNTech"
2021-04-14,10317823,5345857,4971966,0,Israel,https://datadashboard.health.gov.il/COVID-19/general,"Moderna, Pfizer/BioNTech"
2021-04-15,10318782,5346344,4972438,0,Israel,https://datadashboard.health.gov.il/COVID-19/general,"Moderna, Pfizer/BioNTech"
2021-04-16,10328539,5349583,4978956,0,Israel,https://datadashboard.health.gov.il/COVID-19/general,"Moderna, Pfizer/BioNTech"
2021-04-17,10331224,5350337,4980887,0,Israel,https://datadashboard.health.gov.il/COVID-19/general,"Moderna, Pfizer/BioNTech"
2021-04-18,10345591,5357324,4988267,0,Israel,https://datadashboard.health.gov.il/COVID-19/general,"Moderna, Pfizer/BioNTech"
2021-04-19,10358845,5363567,4995278,0,Israel,https://datadashboard.health.gov.il/COVID-19/general,"Moderna, Pfizer/BioNTech"
2021-04-20,10371689,5369661,5002028,0,Israel,https://datadashboard.health.gov.il/COVID-19/general,"Moderna, Pfizer/BioNTech"
2021-04-21,10384827,5375838,5008989,0,Israel,https://datadashboard.health.gov.il/COVID-19/general,"Moderna, Pfizer/BioNTech"
2021-04-22,10398144,5381624,5016520,0,Israel,https://datadashboard.health.gov.il/COVID-19/general,"Moderna, Pfizer/BioNTech"
2021-04-23,10404028,5384233,5019795,0,Israel,https://datadashboard.health.gov.il/COVID-19/general,"Moderna, Pfizer/BioNTech"
2021-04-24,10405949,5384923,5021026,0,Israel,https://datadashboard.health.gov.il/COVID-19/general,"Moderna, Pfizer/BioNTech"
2021-04-25,10417525,5389650,5027875,0,Israel,https://datadashboard.health.gov.il/COVID-19/general,"Moderna, Pfizer/BioNTech"
2021-04-26,10430642,5395001,5035641,0,Israel,https://datadashboard.health.gov.il/COVID-19/general,"Moderna, Pfizer/BioNTech"
2021-04-27,10441486,5399370,5042116,0,Israel,https://datadashboard.health.gov.il/COVID-19/general,"Moderna, Pfizer/BioNTech"
2021-04-28,10452981,5403706,5049275,0,Israel,https://datadashboard.health.gov.il/COVID-19/general,"Moderna, Pfizer/BioNTech"
2021-04-29,10464344,5407922,5056422,0,Israel,https://datadashboard.health.gov.il/COVID-19/general,"Moderna, Pfizer/BioNTech"
2021-04-30,10469176,5409696,5059480,0,Israel,https://datadashboard.health.gov.il/COVID-19/general,"Moderna, Pfizer/BioNTech"
2021-05-01,10470403,5410087,5060316,0,Israel,https://datadashboard.health.gov.il/COVID-19/general,"Moderna, Pfizer/BioNTech"
2021-05-02,10479563,5413252,5066311,0,Israel,https://datadashboard.health.gov.il/COVID-19/general,"Moderna, Pfizer/BioNTech"
2021-05-03,10488651,5416669,5071982,0,Israel,https://datadashboard.health.gov.il/COVID-19/general,"Moderna, Pfizer/BioNTech"
2021-05-04,10496639,5420083,5076556,0,Israel,https://datadashboard.health.gov.il/COVID-19/general,"Moderna, Pfizer/BioNTech"
2021-05-05,10503692,5423223,5080469,0,Israel,https://datadashboard.health.gov.il/COVID-19/general,"Moderna, Pfizer/BioNTech"
2021-05-06,10510123,5426692,5083431,0,Israel,https://datadashboard.health.gov.il/COVID-19/general,"Moderna, Pfizer/BioNTech"
2021-05-07,10514145,5428377,5085768,0,Israel,https://datadashboard.health.gov.il/COVID-19/general,"Moderna, Pfizer/BioNTech"
2021-05-08,10514766,5428559,5086207,0,Israel,https://datadashboard.health.gov.il/COVID-19/general,"Moderna, Pfizer/BioNTech"
2021-05-09,10522184,5431325,5090859,0,Israel,https://datadashboard.health.gov.il/COVID-19/general,"Moderna, Pfizer/BioNTech"
2021-05-10,10529520,5434104,5095416,0,Israel,https://datadashboard.health.gov.il/COVID-19/general,"Moderna, Pfizer/BioNTech"
2021-05-11,10535653,5436554,5099099,0,Israel,https://datadashboard.health.gov.il/COVID-19/general,"Moderna, Pfizer/BioNTech"
2021-05-12,10540639,5438400,5102239,0,Israel,https://datadashboard.health.gov.il/COVID-19/general,"Moderna, Pfizer/BioNTech"
2021-05-13,10546001,5440242,5105759,0,Israel,https://datadashboard.health.gov.il/COVID-19/general,"Moderna, Pfizer/BioNTech"
2021-05-14,10548158,5441039,5107119,0,Israel,https://datadashboard.health.gov.il/COVID-19/general,"Moderna, Pfizer/BioNTech"
2021-05-15,10548493,5441185,5107308,0,Israel,https://datadashboard.health.gov.il/COVID-19/general,"Moderna, Pfizer/BioNTech"
2021-05-16,10550082,5441625,5108457,0,Israel,https://datadashboard.health.gov.il/COVID-19/general,"Moderna, Pfizer/BioNTech"
2021-05-17,10551047,5441824,5109223,0,Israel,https://datadashboard.health.gov.il/COVID-19/general,"Moderna, Pfizer/BioNTech"
2021-05-18,10557706,5443657,5114049,0,Israel,https://datadashboard.health.gov.il/COVID-19/general,"Moderna, Pfizer/BioNTech"
2021-05-19,10564663,5445712,5118951,0,Israel,https://datadashboard.health.gov.il/COVID-19/general,"Moderna, Pfizer/BioNTech"
2021-05-20,10570546,5447847,5122699,0,Israel,https://datadashboard.health.gov.il/COVID-19/general,"Moderna, Pfizer/BioNTech"
2021-05-21,10572837,5448880,5123957,0,Israel,https://datadashboard.health.gov.il/COVID-19/general,"Moderna, Pfizer/BioNTech"
2021-05-22,10573313,5449029,5124284,0,Israel,https://datadashboard.health.gov.il/COVID-19/general,"Moderna, Pfizer/BioNTech"
2021-05-23,10578662,5451234,5127428,0,Israel,https://datadashboard.health.gov.il/COVID-19/general,"Moderna, Pfizer/BioNTech"
2021-05-24,10584140,5453225,5130915,0,Israel,https://datadashboard.health.gov.il/COVID-19/general,"Moderna, Pfizer/BioNTech"
2021-05-25,10588273,5454893,5133380,0,Israel,https://datadashboard.health.gov.il/COVID-19/general,"Moderna, Pfizer/BioNTech"
2021-05-26,10591885,5456144,5135741,0,Israel,https://datadashboard.health.gov.il/COVID-19/general,"Moderna, Pfizer/BioNTech"
2021-05-27,10596554,5457824,5138730,0,Israel,https://datadashboard.health.gov.il/COVID-19/general,"Moderna, Pfizer/BioNTech"
2021-05-28,10598466,5458466,5140000,0,Israel,https://datadashboard.health.gov.il/COVID-19/general,"Moderna, Pfizer/BioNTech"
2021-05-29,10598743,5458575,5140168,0,Israel,https://datadashboard.health.gov.il/COVID-19/general,"Moderna, Pfizer/BioNTech"
2021-05-30,10602154,5460130,5142024,0,Israel,https://datadashboard.health.gov.il/COVID-19/general,"Moderna, Pfizer/BioNTech"
2021-05-31,10605729,5461715,5144014,0,Israel,https://datadashboard.health.gov.il/COVID-19/general,"Moderna, Pfizer/BioNTech"
2021-06-01,10608656,5462921,5145735,0,Israel,https://datadashboard.health.gov.il/COVID-19/general,"Moderna, Pfizer/BioNTech"
2021-06-02,10611467,5464255,5147212,0,Israel,https://datadashboard.health.gov.il/COVID-19/general,"Moderna, Pfizer/BioNTech"
2021-06-03,10614318,5465787,5148531,0,Israel,https://datadashboard.health.gov.il/COVID-19/general,"Moderna, Pfizer/BioNTech"
2021-06-04,10615842,5466728,5149114,0,Israel,https://datadashboard.health.gov.il/COVID-19/general,"Moderna, Pfizer/BioNTech"
2021-06-05,10616033,5466844,5149189,0,Israel,https://datadashboard.health.gov.il/COVID-19/general,"Moderna, Pfizer/BioNTech"
2021-06-06,10621129,5471050,5150079,0,Israel,https://datadashboard.health.gov.il/COVID-19/general,"Moderna, Pfizer/BioNTech"
2021-06-07,10626071,5475307,5150764,0,Israel,https://datadashboard.health.gov.il/COVID-19/general,"Moderna, Pfizer/BioNTech"
2021-06-08,10630718,5478909,5151809,0,Israel,https://datadashboard.health.gov.il/COVID-19/general,"Moderna, Pfizer/BioNTech"
2021-06-09,10635355,5482377,5152978,0,Israel,https://datadashboard.health.gov.il/COVID-19/general,"Moderna, Pfizer/BioNTech"
2021-06-10,10639707,5485579,5154128,0,Israel,https://datadashboard.health.gov.il/COVID-19/general,"Moderna, Pfizer/BioNTech"
2021-06-11,10641391,5486839,5154552,0,Israel,https://datadashboard.health.gov.il/COVID-19/general,"Moderna, Pfizer/BioNTech"
2021-06-12,10641631,5486985,5154646,0,Israel,https://datadashboard.health.gov.il/COVID-19/general,"Moderna, Pfizer/BioNTech"
2021-06-13,10645859,5490038,5155821,0,Israel,https://datadashboard.health.gov.il/COVID-19/general,"Moderna, Pfizer/BioNTech"
2021-06-14,10650172,5492954,5157218,0,Israel,https://datadashboard.health.gov.il/COVID-19/general,"Moderna, Pfizer/BioNTech"
2021-06-15,10654384,5495948,5158436,0,Israel,https://datadashboard.health.gov.il/COVID-19/general,"Moderna, Pfizer/BioNTech"
2021-06-16,10657840,5498547,5159293,0,Israel,https://datadashboard.health.gov.il/COVID-19/general,"Moderna, Pfizer/BioNTech"
2021-06-17,10661472,5501129,5160343,0,Israel,https://datadashboard.health.gov.il/COVID-19/general,"Moderna, Pfizer/BioNTech"
2021-06-18,10662968,5502263,5160705,0,Israel,https://datadashboard.health.gov.il/COVID-19/general,"Moderna, Pfizer/BioNTech"
2021-06-19,10663195,5502411,5160784,0,Israel,https://datadashboard.health.gov.il/COVID-19/general,"Moderna, Pfizer/BioNTech"
2021-06-20,10667675,5505658,5162017,0,Israel,https://datadashboard.health.gov.il/COVID-19/general,"Moderna, Pfizer/BioNTech"
2021-06-21,10673842,5510742,5163100,0,Israel,https://datadashboard.health.gov.il/COVID-19/general,"Moderna, Pfizer/BioNTech"
2021-06-22,10681573,5517518,5164055,0,Israel,https://datadashboard.health.gov.il/COVID-19/general,"Moderna, Pfizer/BioNTech"
2021-06-23,10693288,5528086,5165202,0,Israel,https://datadashboard.health.gov.il/COVID-19/general,"Moderna, Pfizer/BioNTech"
2021-06-24,10706494,5539960,5166534,0,Israel,https://datadashboard.health.gov.il/COVID-19/general,"Moderna, Pfizer/BioNTech"
2021-06-25,10714237,5546910,5167327,0,Israel,https://datadashboard.health.gov.il/COVID-19/general,"Moderna, Pfizer/BioNTech"
2021-06-26,10716556,5549107,5167449,0,Israel,https://datadashboard.health.gov.il/COVID-19/general,"Moderna, Pfizer/BioNTech"
2021-06-27,10733458,5562650,5170808,0,Israel,https://datadashboard.health.gov.il/COVID-19/general,"Moderna, Pfizer/BioNTech"
2021-06-28,10751362,5577017,5174345,0,Israel,https://datadashboard.health.gov.il/COVID-19/general,"Moderna, Pfizer/BioNTech"
2021-06-29,10771493,5593572,5177921,0,Israel,https://datadashboard.health.gov.il/COVID-19/general,"Moderna, Pfizer/BioNTech"
2021-06-30,10791030,5609882,5181148,0,Israel,https://datadashboard.health.gov.il/COVID-19/general,"Moderna, Pfizer/BioNTech"
2021-07-01,10810944,5626555,5184381,8,Israel,https://datadashboard.health.gov.il/COVID-19/general,"Moderna, Pfizer/BioNTech"
2021-07-02,10822079,5636253,5185818,8,Israel,https://datadashboard.health.gov.il/COVID-19/general,"Moderna, Pfizer/BioNTech"
2021-07-03,10824926,5638855,5186063,8,Israel,https://datadashboard.health.gov.il/COVID-19/general,"Moderna, Pfizer/BioNTech"
2021-07-04,10845685,5656524,5189153,8,Israel,https://datadashboard.health.gov.il/COVID-19/general,"Moderna, Pfizer/BioNTech"
2021-07-05,10866311,5674251,5192049,11,Israel,https://datadashboard.health.gov.il/COVID-19/general,"Moderna, Pfizer/BioNTech"
2021-07-06,10887305,5691992,5195297,16,Israel,https://datadashboard.health.gov.il/COVID-19/general,"Moderna, Pfizer/BioNTech"
2021-07-07,10905231,5707369,5197836,26,Israel,https://datadashboard.health.gov.il/COVID-19/general,"Moderna, Pfizer/BioNTech"
2021-07-08,10924405,5723826,5200542,37,Israel,https://datadashboard.health.gov.il/COVID-19/general,"Moderna, Pfizer/BioNTech"
2021-07-09,10936785,5734861,5201887,37,Israel,https://datadashboard.health.gov.il/COVID-19/general,"Moderna, Pfizer/BioNTech"
2021-07-10,10942002,5739766,5202197,39,Israel,https://datadashboard.health.gov.il/COVID-19/general,"Moderna, Pfizer/BioNTech"
2021-07-11,10946177,5741163,5204974,40,Israel,https://datadashboard.health.gov.il/COVID-19/general,"Moderna, Pfizer/BioNTech"
2021-07-12,10952084,5743492,5208508,84,Israel,https://datadashboard.health.gov.il/COVID-19/general,"Moderna, Pfizer/BioNTech"
2021-07-13,10960360,5746349,5213810,201,Israel,https://datadashboard.health.gov.il/COVID-19/general,"Moderna, Pfizer/BioNTech"
2021-07-14,10970793,5748974,5221180,639,Israel,https://datadashboard.health.gov.il/COVID-19/general,"Moderna, Pfizer/BioNTech"
2021-07-15,10983143,5751842,5230293,1008,Israel,https://datadashboard.health.gov.il/COVID-19/general,"Moderna, Pfizer/BioNTech"
2021-07-16,10990121,5753004,5236047,1070,Israel,https://datadashboard.health.gov.il/COVID-19/general,"Moderna, Pfizer/BioNTech"
2021-07-17,10991736,5753305,5237356,1075,Israel,https://datadashboard.health.gov.il/COVID-19/general,"Moderna, Pfizer/BioNTech"
2021-07-18,11003670,5755314,5247048,1308,Israel,https://datadashboard.health.gov.il/COVID-19/general,"Moderna, Pfizer/BioNTech"
2021-07-19,11018398,5758418,5258219,1761,Israel,https://datadashboard.health.gov.il/COVID-19/general,"Moderna, Pfizer/BioNTech"
2021-07-20,11033081,5760974,5269981,2126,Israel,https://datadashboard.health.gov.il/COVID-19/general,"Moderna, Pfizer/BioNTech"
2021-07-21,11047373,5763249,5281680,2444,Israel,https://datadashboard.health.gov.il/COVID-19/general,"Moderna, Pfizer/BioNTech"
2021-07-22,11063652,5766049,5294776,2827,Israel,https://datadashboard.health.gov.il/COVID-19/general,"Moderna, Pfizer/BioNTech"
2021-07-23,11073749,5767982,5302844,2923,Israel,https://datadashboard.health.gov.il/COVID-19/general,"Moderna, Pfizer/BioNTech"
2021-07-24,11075728,5768558,5304241,2929,Israel,https://datadashboard.health.gov.il/COVID-19/general,"Moderna, Pfizer/BioNTech"
2021-07-25,11095699,5772910,5319643,3146,Israel,https://datadashboard.health.gov.il/COVID-19/general,"Moderna, Pfizer/BioNTech"
2021-07-26,11114428,5777965,5332999,3464,Israel,https://datadashboard.health.gov.il/COVID-19/general,"Moderna, Pfizer/BioNTech"
2021-07-27,11133632,5783362,5346399,3871,Israel,https://datadashboard.health.gov.il/COVID-19/general,"Moderna, Pfizer/BioNTech"
2021-07-28,11150184,5787263,5358597,4324,Israel,https://datadashboard.health.gov.il/COVID-19/general,"Moderna, Pfizer/BioNTech"
2021-07-29,11169262,5791837,5372586,4839,Israel,https://datadashboard.health.gov.il/COVID-19/general,"Moderna, Pfizer/BioNTech"
2021-07-30,11186624,5794387,5383291,8946,Israel,https://datadashboard.health.gov.il/COVID-19/general,"Moderna, Pfizer/BioNTech"
2021-07-31,11197614,5795751,5386771,15092,Israel,https://datadashboard.health.gov.il/COVID-19/general,"Moderna, Pfizer/BioNTech"
2021-08-01,11234952,5798776,5390060,46116,Israel,https://datadashboard.health.gov.il/COVID-19/general,"Moderna, Pfizer/BioNTech"
2021-08-02,11299487,5801815,5393097,104575,Israel,https://datadashboard.health.gov.il/COVID-19/general,"Moderna, Pfizer/BioNTech"
2021-08-03,11384866,5805115,5396268,183483,Israel,https://datadashboard.health.gov.il/COVID-19/general,"Moderna, Pfizer/BioNTech"
2021-08-04,11472116,5808573,5399363,264180,Israel,https://datadashboard.health.gov.il/COVID-19/general,"Moderna, Pfizer/BioNTech"
2021-08-05,11568373,5812998,5402819,352556,Israel,https://datadashboard.health.gov.il/COVID-19/general,"Moderna, Pfizer/BioNTech"
2021-08-06,11617147,5815358,5404528,397261,Israel,https://datadashboard.health.gov.il/COVID-19/general,"Moderna, Pfizer/BioNTech"
2021-08-07,11646052,5816340,5405136,424576,Israel,https://datadashboard.health.gov.il/COVID-19/general,"Moderna, Pfizer/BioNTech"
2021-08-08,11734050,5821324,5408147,504579,Israel,https://datadashboard.health.gov.il/COVID-19/general,"Moderna, Pfizer/BioNTech"
2021-08-09,11818683,5826618,5411069,580996,Israel,https://datadashboard.health.gov.il/COVID-19/general,"Moderna, Pfizer/BioNTech"
2021-08-10,11902596,5832136,5414135,656325,Israel,https://datadashboard.health.gov.il/COVID-19/general,"Moderna, Pfizer/BioNTech"
2021-08-11,11973604,5837759,5416961,718884,Israel,https://datadashboard.health.gov.il/COVID-19/general,"Moderna, Pfizer/BioNTech"
2021-08-12,12043168,5844745,5420155,778268,Israel,https://datadashboard.health.gov.il/COVID-19/general,"Moderna, Pfizer/BioNTech"
2021-08-13,12092691,5848497,5422110,822084,Israel,https://datadashboard.health.gov.il/COVID-19/general,"Moderna, Pfizer/BioNTech"
2021-08-14,12140117,5850729,5422875,866513,Israel,https://datadashboard.health.gov.il/COVID-19/general,"Moderna, Pfizer/BioNTech"
2021-08-15,12249592,5857893,5427332,964367,Israel,https://datadashboard.health.gov.il/COVID-19/general,"Moderna, Pfizer/BioNTech"
2021-08-16,12350541,5864859,5431951,1053731,Israel,https://datadashboard.health.gov.il/COVID-19/general,"Moderna, Pfizer/BioNTech"
2021-08-17,12446268,5872417,5436977,1136874,Israel,https://datadashboard.health.gov.il/COVID-19/general,"Moderna, Pfizer/BioNTech"
2021-08-18,12528503,5881038,5441479,1205986,Israel,https://datadashboard.health.gov.il/COVID-19/general,"Moderna, Pfizer/BioNTech"
2021-08-19,12609488,5891084,5446604,1271800,Israel,https://datadashboard.health.gov.il/COVID-19/general,"Moderna, Pfizer/BioNTech"
2021-08-20,12677241,5895804,5449310,1332127,Israel,https://datadashboard.health.gov.il/COVID-19/general,"Moderna, Pfizer/BioNTech"
2021-08-21,12732875,5899299,5450808,1382768,Israel,https://datadashboard.health.gov.il/COVID-19/general,"Moderna, Pfizer/BioNTech"
2021-08-22,12852431,5909189,5455571,1487671,Israel,https://datadashboard.health.gov.il/COVID-19/general,"Moderna, Pfizer/BioNTech"
2021-08-23,12961482,5920177,5459901,1581404,Israel,https://datadashboard.health.gov.il/COVID-19/general,"Moderna, Pfizer/BioNTech"
2021-08-24,13076074,5931984,5464511,1679579,Israel,https://datadashboard.health.gov.il/COVID-19/general,"Moderna, Pfizer/BioNTech"
2021-08-25,13189370,5941714,5468880,1778776,Israel,https://datadashboard.health.gov.il/COVID-19/general,"Moderna, Pfizer/BioNTech"
2021-08-26,13305376,5951873,5473840,1879663,Israel,https://datadashboard.health.gov.il/COVID-19/general,"Moderna, Pfizer/BioNTech"
2021-08-27,13368931,5956184,5476527,1936220,Israel,https://datadashboard.health.gov.il/COVID-19/general,"Moderna, Pfizer/BioNTech"
2021-08-28,13407505,5959885,5477954,1969666,Israel,https://datadashboard.health.gov.il/COVID-19/general,"Moderna, Pfizer/BioNTech"
2021-08-29,13503100,5970291,5483840,2048969,Israel,https://datadashboard.health.gov.il/COVID-19/general,"Moderna, Pfizer/BioNTech"
2021-08-30,13638081,5982693,5490752,2164636,Israel,https://datadashboard.health.gov.il/COVID-19/general,"Moderna, Pfizer/BioNTech"
2021-08-31,13771167,5994853,5497165,2279149,Israel,https://datadashboard.health.gov.il/COVID-19/general,"Moderna, Pfizer/BioNTech"
2021-09-01,13898195,6003958,5503076,2391161,Israel,https://datadashboard.health.gov.il/COVID-19/general,"Moderna, Pfizer/BioNTech"
2021-09-02,14025291,6012816,5510151,2502324,Israel,https://datadashboard.health.gov.il/COVID-19/general,"Moderna, Pfizer/BioNTech"
2021-09-03,14091773,6016541,5514162,2561070,Israel,https://datadashboard.health.gov.il/COVID-19/general,"Moderna, Pfizer/BioNTech"
2021-09-04,14126292,6019220,5516124,2590948,Israel,https://datadashboard.health.gov.il/COVID-19/general,"Moderna, Pfizer/BioNTech"
2021-09-05,14212877,6026314,5522532,2664031,Israel,https://datadashboard.health.gov.il/COVID-19/general,"Moderna, Pfizer/BioNTech"
2021-09-06,14241022,6029125,5525150,2686747,Israel,https://datadashboard.health.gov.il/COVID-19/general,"Moderna, Pfizer/BioNTech"
2021-09-07,14248336,6030298,5525945,2692093,Israel,https://datadashboard.health.gov.il/COVID-19/general,"Moderna, Pfizer/BioNTech"
2021-09-08,14257378,6031657,5527059,2698662,Israel,https://datadashboard.health.gov.il/COVID-19/general,"Moderna, Pfizer/BioNTech"
2021-09-09,14350567,6038809,5539520,2772238,Israel,https://datadashboard.health.gov.il/COVID-19/general,"Moderna, Pfizer/BioNTech"
2021-09-10,14396535,6042046,5544445,2810044,Israel,https://datadashboard.health.gov.il/COVID-19/general,"Moderna, Pfizer/BioNTech"
2021-09-11,14415842,6044158,5546890,2824794,Israel,https://datadashboard.health.gov.il/COVID-19/general,"Moderna, Pfizer/BioNTech"
2021-09-12,14484482,6050330,5555416,2878736,Israel,https://datadashboard.health.gov.il/COVID-19/general,"Moderna, Pfizer/BioNTech"
2021-09-13,14546058,6056032,5563569,2926457,Israel,https://datadashboard.health.gov.il/COVID-19/general,"Moderna, Pfizer/BioNTech"
2021-09-14,14607056,6061019,5570909,2975128,Israel,https://datadashboard.health.gov.il/COVID-19/general,"Moderna, Pfizer/BioNTech"
2021-09-15,14628042,6062744,5573558,2991740,Israel,https://datadashboard.health.gov.il/COVID-19/general,"Moderna, Pfizer/BioNTech"
2021-09-16,14630556,6063058,5574044,2993454,Israel,https://datadashboard.health.gov.il/COVID-19/general,"Moderna, Pfizer/BioNTech"
2021-09-17,14683950,6066747,5580978,3036225,Israel,https://datadashboard.health.gov.il/COVID-19/general,"Moderna, Pfizer/BioNTech"
2021-09-18,14701840,6068995,5583874,3048971,Israel,https://datadashboard.health.gov.il/COVID-19/general,"Moderna, Pfizer/BioNTech"
2021-09-19,14762678,6075010,5594543,3093125,Israel,https://datadashboard.health.gov.il/COVID-19/general,"Moderna, Pfizer/BioNTech"
2021-09-20,14787092,6078238,5599123,3109731,Israel,https://datadashboard.health.gov.il/COVID-19/general,"Moderna, Pfizer/BioNTech"
2021-09-21,14793798,6079544,5601115,3113139,Israel,https://datadashboard.health.gov.il/COVID-19/general,"Moderna, Pfizer/BioNTech"
2021-09-22,14830196,6083818,5608305,3138073,Israel,https://datadashboard.health.gov.il/COVID-19/general,"Moderna, Pfizer/BioNTech"
2021-09-23,14868123,6088226,5614138,3165759,Israel,https://datadashboard.health.gov.il/COVID-19/general,"Moderna, Pfizer/BioNTech"
2021-09-24,14903037,6091413,5618246,3193378,Israel,https://datadashboard.health.gov.il/COVID-19/general,"Moderna, Pfizer/BioNTech"
2021-09-25,14917701,6093490,5620461,3203750,Israel,https://datadashboard.health.gov.il/COVID-19/general,"Moderna, Pfizer/BioNTech"
2021-09-26,14965429,6099150,5626392,3239887,Israel,https://datadashboard.health.gov.il/COVID-19/general,"Moderna, Pfizer/BioNTech"
2021-09-27,15004840,6103843,5630782,3270215,Israel,https://datadashboard.health.gov.il/COVID-19/general,"Moderna, Pfizer/BioNTech"
2021-09-28,15013600,6105293,5631928,3276379,Israel,https://datadashboard.health.gov.il/COVID-19/general,"Moderna, Pfizer/BioNTech"
2021-09-29,15091697,6115000,5640215,3336482,Israel,https://datadashboard.health.gov.il/COVID-19/general,"Moderna, Pfizer/BioNTech"
2021-09-30,15190652,6126075,5648695,3415882,Israel,https://datadashboard.health.gov.il/COVID-19/general,"Moderna, Pfizer/BioNTech"
2021-10-01,15245913,6131221,5652475,3462217,Israel,https://datadashboard.health.gov.il/COVID-19/general,"Moderna, Pfizer/BioNTech"
2021-10-02,15273217,6134094,5654566,3484557,Israel,https://datadashboard.health.gov.il/COVID-19/general,"Moderna, Pfizer/BioNTech"
2021-10-03,15362720,6145856,5661792,3555072,Israel,https://datadashboard.health.gov.il/COVID-19/general,"Moderna, Pfizer/BioNTech"
2021-10-04,15431459,6156210,5668485,3606764,Israel,https://datadashboard.health.gov.il/COVID-19/general,"Moderna, Pfizer/BioNTech"
2021-10-05,15485445,6164686,5673724,3647035,Israel,https://datadashboard.health.gov.il/COVID-19/general,"Moderna, Pfizer/BioNTech"
2021-10-06,15531025,6172328,5677820,3680877,Israel,https://datadashboard.health.gov.il/COVID-19/general,"Moderna, Pfizer/BioNTech"
2021-10-07,15575767,6179291,5681771,3714705,Israel,https://datadashboard.health.gov.il/COVID-19/general,"Moderna, Pfizer/BioNTech"
2021-10-08,15600516,6182393,5684336,3733787,Israel,https://datadashboard.health.gov.il/COVID-19/general,"Moderna, Pfizer/BioNTech"
2021-10-09,15610623,6183727,5685733,3741163,Israel,https://datadashboard.health.gov.il/COVID-19/general,"Moderna, Pfizer/BioNTech"
2021-10-10,15640389,6188414,5689429,3762546,Israel,https://datadashboard.health.gov.il/COVID-19/general,"Moderna, Pfizer/BioNTech"
2021-10-11,15664622,6192661,5692298,3779663,Israel,https://datadashboard.health.gov.il/COVID-19/general,"Moderna, Pfizer/BioNTech"
2021-10-12,15686771,6196652,5695250,3794869,Israel,https://datadashboard.health.gov.il/COVID-19/general,"Moderna, Pfizer/BioNTech"
2021-10-13,15706092,6200173,5697648,3808271,Israel,https://datadashboard.health.gov.il/COVID-19/general,"Moderna, Pfizer/BioNTech"
2021-10-14,15728988,6204072,5700271,3824645,Israel,https://datadashboard.health.gov.il/COVID-19/general,"Moderna, Pfizer/BioNTech"
2021-10-15,15741181,6205759,5701897,3833525,Israel,https://datadashboard.health.gov.il/COVID-19/general,"Moderna, Pfizer/BioNTech"
2021-10-16,15746806,6206497,5702811,3837498,Israel,https://datadashboard.health.gov.il/COVID-19/general,"Moderna, Pfizer/BioNTech"
2021-10-17,15765119,6209648,5705302,3850169,Israel,https://datadashboard.health.gov.il/COVID-19/general,"Moderna, Pfizer/BioNTech"
2021-10-18,15779122,6212115,5706922,3860085,Israel,https://datadashboard.health.gov.il/COVID-19/general,"Moderna, Pfizer/BioNTech"
2021-10-19,15791917,6214500,5708145,3869272,Israel,https://datadashboard.health.gov.il/COVID-19/general,"Moderna, Pfizer/BioNTech"
2021-10-20,15806535,6216959,5710383,3879193,Israel,https://datadashboard.health.gov.il/COVID-19/general,"Moderna, Pfizer/BioNTech"
2021-10-21,15824589,6220022,5713406,3891161,Israel,https://datadashboard.health.gov.il/COVID-19/general,"Moderna, Pfizer/BioNTech"
2021-10-22,15832889,6221294,5714781,3896814,Israel,https://datadashboard.health.gov.il/COVID-19/general,"Moderna, Pfizer/BioNTech"
2021-10-23,15837176,6221845,5716011,3899320,Israel,https://datadashboard.health.gov.il/COVID-19/general,"Moderna, Pfizer/BioNTech"
2021-10-24,15852088,6224392,5718638,3909058,Israel,https://datadashboard.health.gov.il/COVID-19/general,"Moderna, Pfizer/BioNTech"
2021-10-25,15865719,6227033,5721316,3917370,Israel,https://datadashboard.health.gov.il/COVID-19/general,"Moderna, Pfizer/BioNTech"
2021-10-26,15878446,6229431,5723303,3925712,Israel,https://datadashboard.health.gov.il/COVID-19/general,"Moderna, Pfizer/BioNTech"
2021-10-27,15891020,6231775,5725797,3933448,Israel,https://datadashboard.health.gov.il/COVID-19/general,"Moderna, Pfizer/BioNTech"
2021-10-28,15904688,6234289,5728490,3941909,Israel,https://datadashboard.health.gov.il/COVID-19/general,"Moderna, Pfizer/BioNTech"
2021-10-29,15910629,6235160,5729573,3945896,Israel,https://datadashboard.health.gov.il/COVID-19/general,"Moderna, Pfizer/BioNTech"
2021-10-30,15913117,6235505,5730069,3947543,Israel,https://datadashboard.health.gov.il/COVID-19/general,"Moderna, Pfizer/BioNTech"
2021-10-31,15925987,6237828,5732517,3955642,Israel,https://datadashboard.health.gov.il/COVID-19/general,"Moderna, Pfizer/BioNTech"
2021-11-01,15936056,6239561,5734565,3961930,Israel,https://datadashboard.health.gov.il/COVID-19/general,"Moderna, Pfizer/BioNTech"
2021-11-02,15946142,6241601,5736532,3968009,Israel,https://datadashboard.health.gov.il/COVID-19/general,"Moderna, Pfizer/BioNTech"
2021-11-03,15955071,6243378,5738359,3973334,Israel,https://datadashboard.health.gov.il/COVID-19/general,"Moderna, Pfizer/BioNTech"
2021-11-04,15959974,6244454,5739700,3975820,Israel,https://datadashboard.health.gov.il/COVID-19/general,"Moderna, Pfizer/BioNTech"
2021-11-05,15960125,6244512,5739719,3975894,Israel,https://datadashboard.health.gov.il/COVID-19/general,"Moderna, Pfizer/BioNTech"
