date,total_vaccinations,people_vaccinated,people_fully_vaccinated,total_boosters,location,source_url,vaccine
2020-12-27,7336,7336,0,0,Italy,https://raw.githubusercontent.com/italia/covid19-opendata-vaccini/master/dati/somministrazioni-vaccini-latest.csv,Pfizer/BioNTech
2020-12-28,8837,8837,0,0,Italy,https://raw.githubusercontent.com/italia/covid19-opendata-vaccini/master/dati/somministrazioni-vaccini-latest.csv,"Moderna, Pfizer/BioNTech"
2020-12-29,9930,9930,0,0,Italy,https://raw.githubusercontent.com/italia/covid19-opendata-vaccini/master/dati/somministrazioni-vaccini-latest.csv,"Moderna, Pfizer/BioNTech"
2020-12-30,14774,14774,0,0,Italy,https://raw.githubusercontent.com/italia/covid19-opendata-vaccini/master/dati/somministrazioni-vaccini-latest.csv,"Moderna, Pfizer/BioNTech"
2020-12-31,40636,40636,0,0,Italy,https://raw.githubusercontent.com/italia/covid19-opendata-vaccini/master/dati/somministrazioni-vaccini-latest.csv,"Moderna, Pfizer/BioNTech"
2021-01-01,51888,51888,0,0,Italy,https://raw.githubusercontent.com/italia/covid19-opendata-vaccini/master/dati/somministrazioni-vaccini-latest.csv,"Moderna, Pfizer/BioNTech"
2021-01-02,91024,91024,0,0,Italy,https://raw.githubusercontent.com/italia/covid19-opendata-vaccini/master/dati/somministrazioni-vaccini-latest.csv,"Moderna, Pfizer/BioNTech"
2021-01-03,126929,126929,0,0,Italy,https://raw.githubusercontent.com/italia/covid19-opendata-vaccini/master/dati/somministrazioni-vaccini-latest.csv,"Moderna, Pfizer/BioNTech"
2021-01-04,197061,197061,9,0,Italy,https://raw.githubusercontent.com/italia/covid19-opendata-vaccini/master/dati/somministrazioni-vaccini-latest.csv,"Johnson&Johnson, Moderna, Pfizer/BioNTech"
2021-01-05,278135,278135,11,0,Italy,https://raw.githubusercontent.com/italia/covid19-opendata-vaccini/master/dati/somministrazioni-vaccini-latest.csv,"Johnson&Johnson, Moderna, Pfizer/BioNTech"
2021-01-06,344220,344220,12,0,Italy,https://raw.githubusercontent.com/italia/covid19-opendata-vaccini/master/dati/somministrazioni-vaccini-latest.csv,"Johnson&Johnson, Moderna, Pfizer/BioNTech"
2021-01-07,437819,437819,14,0,Italy,https://raw.githubusercontent.com/italia/covid19-opendata-vaccini/master/dati/somministrazioni-vaccini-latest.csv,"Johnson&Johnson, Moderna, Pfizer/BioNTech"
2021-01-08,535074,535074,14,0,Italy,https://raw.githubusercontent.com/italia/covid19-opendata-vaccini/master/dati/somministrazioni-vaccini-latest.csv,"Johnson&Johnson, Moderna, Pfizer/BioNTech"
2021-01-09,623635,623635,14,0,Italy,https://raw.githubusercontent.com/italia/covid19-opendata-vaccini/master/dati/somministrazioni-vaccini-latest.csv,"Johnson&Johnson, Moderna, Pfizer/BioNTech"
2021-01-10,684729,684729,14,0,Italy,https://raw.githubusercontent.com/italia/covid19-opendata-vaccini/master/dati/somministrazioni-vaccini-latest.csv,"Johnson&Johnson, Moderna, Pfizer/BioNTech"
2021-01-11,767088,767088,14,0,Italy,https://raw.githubusercontent.com/italia/covid19-opendata-vaccini/master/dati/somministrazioni-vaccini-latest.csv,"Johnson&Johnson, Moderna, Pfizer/BioNTech"
2021-01-12,850502,850502,14,0,Italy,https://raw.githubusercontent.com/italia/covid19-opendata-vaccini/master/dati/somministrazioni-vaccini-latest.csv,"Johnson&Johnson, Moderna, Pfizer/BioNTech"
2021-01-13,946429,946429,14,0,Italy,https://raw.githubusercontent.com/italia/covid19-opendata-vaccini/master/dati/somministrazioni-vaccini-latest.csv,"Johnson&Johnson, Moderna, Pfizer/BioNTech"
2021-01-14,1041513,1041513,14,0,Italy,https://raw.githubusercontent.com/italia/covid19-opendata-vaccini/master/dati/somministrazioni-vaccini-latest.csv,"Johnson&Johnson, Moderna, Pfizer/BioNTech"
2021-01-15,1132482,1132482,14,0,Italy,https://raw.githubusercontent.com/italia/covid19-opendata-vaccini/master/dati/somministrazioni-vaccini-latest.csv,"Johnson&Johnson, Moderna, Pfizer/BioNTech"
2021-01-16,1198280,1198280,14,0,Italy,https://raw.githubusercontent.com/italia/covid19-opendata-vaccini/master/dati/somministrazioni-vaccini-latest.csv,"Johnson&Johnson, Moderna, Pfizer/BioNTech"
2021-01-17,1235815,1232829,3000,0,Italy,https://raw.githubusercontent.com/italia/covid19-opendata-vaccini/master/dati/somministrazioni-vaccini-latest.csv,"Johnson&Johnson, Moderna, Pfizer/BioNTech"
2021-01-18,1280365,1272290,8089,0,Italy,https://raw.githubusercontent.com/italia/covid19-opendata-vaccini/master/dati/somministrazioni-vaccini-latest.csv,"Johnson&Johnson, Moderna, Oxford/AstraZeneca, Pfizer/BioNTech"
2021-01-19,1313854,1303999,9869,0,Italy,https://raw.githubusercontent.com/italia/covid19-opendata-vaccini/master/dati/somministrazioni-vaccini-latest.csv,"Johnson&Johnson, Moderna, Oxford/AstraZeneca, Pfizer/BioNTech"
2021-01-20,1345264,1330818,14460,0,Italy,https://raw.githubusercontent.com/italia/covid19-opendata-vaccini/master/dati/somministrazioni-vaccini-latest.csv,"Johnson&Johnson, Moderna, Oxford/AstraZeneca, Pfizer/BioNTech"
2021-01-21,1381676,1347324,34366,0,Italy,https://raw.githubusercontent.com/italia/covid19-opendata-vaccini/master/dati/somministrazioni-vaccini-latest.csv,"Johnson&Johnson, Moderna, Oxford/AstraZeneca, Pfizer/BioNTech"
2021-01-22,1408956,1360478,48492,0,Italy,https://raw.githubusercontent.com/italia/covid19-opendata-vaccini/master/dati/somministrazioni-vaccini-latest.csv,"Johnson&Johnson, Moderna, Oxford/AstraZeneca, Pfizer/BioNTech"
2021-01-23,1448259,1366498,81775,0,Italy,https://raw.githubusercontent.com/italia/covid19-opendata-vaccini/master/dati/somministrazioni-vaccini-latest.csv,"Johnson&Johnson, Moderna, Oxford/AstraZeneca, Pfizer/BioNTech"
2021-01-24,1482256,1369731,112539,0,Italy,https://raw.githubusercontent.com/italia/covid19-opendata-vaccini/master/dati/somministrazioni-vaccini-latest.csv,"Johnson&Johnson, Moderna, Oxford/AstraZeneca, Pfizer/BioNTech"
2021-01-25,1551787,1374617,177184,0,Italy,https://raw.githubusercontent.com/italia/covid19-opendata-vaccini/master/dati/somministrazioni-vaccini-latest.csv,"Johnson&Johnson, Moderna, Oxford/AstraZeneca, Pfizer/BioNTech"
2021-01-26,1632572,1378958,253628,0,Italy,https://raw.githubusercontent.com/italia/covid19-opendata-vaccini/master/dati/somministrazioni-vaccini-latest.csv,"Johnson&Johnson, Moderna, Oxford/AstraZeneca, Pfizer/BioNTech"
2021-01-27,1703725,1385304,318435,0,Italy,https://raw.githubusercontent.com/italia/covid19-opendata-vaccini/master/dati/somministrazioni-vaccini-latest.csv,"Johnson&Johnson, Moderna, Oxford/AstraZeneca, Pfizer/BioNTech"
2021-01-28,1797806,1390186,407634,0,Italy,https://raw.githubusercontent.com/italia/covid19-opendata-vaccini/master/dati/somministrazioni-vaccini-latest.csv,"Johnson&Johnson, Moderna, Oxford/AstraZeneca, Pfizer/BioNTech"
2021-01-29,1896728,1395172,501570,0,Italy,https://raw.githubusercontent.com/italia/covid19-opendata-vaccini/master/dati/somministrazioni-vaccini-latest.csv,"Johnson&Johnson, Moderna, Oxford/AstraZeneca, Pfizer/BioNTech"
2021-01-30,1987361,1399342,588033,0,Italy,https://raw.githubusercontent.com/italia/covid19-opendata-vaccini/master/dati/somministrazioni-vaccini-latest.csv,"Johnson&Johnson, Moderna, Oxford/AstraZeneca, Pfizer/BioNTech"
2021-01-31,2047242,1401972,645284,0,Italy,https://raw.githubusercontent.com/italia/covid19-opendata-vaccini/master/dati/somministrazioni-vaccini-latest.csv,"Johnson&Johnson, Moderna, Oxford/AstraZeneca, Pfizer/BioNTech"
2021-02-01,2133266,1406289,726991,0,Italy,https://raw.githubusercontent.com/italia/covid19-opendata-vaccini/master/dati/somministrazioni-vaccini-latest.csv,"Johnson&Johnson, Moderna, Oxford/AstraZeneca, Pfizer/BioNTech"
2021-02-02,2221710,1412740,808985,0,Italy,https://raw.githubusercontent.com/italia/covid19-opendata-vaccini/master/dati/somministrazioni-vaccini-latest.csv,"Johnson&Johnson, Moderna, Oxford/AstraZeneca, Pfizer/BioNTech"
2021-02-03,2321821,1421831,900005,0,Italy,https://raw.githubusercontent.com/italia/covid19-opendata-vaccini/master/dati/somministrazioni-vaccini-latest.csv,"Johnson&Johnson, Moderna, Oxford/AstraZeneca, Pfizer/BioNTech"
2021-02-04,2430484,1435410,995093,0,Italy,https://raw.githubusercontent.com/italia/covid19-opendata-vaccini/master/dati/somministrazioni-vaccini-latest.csv,"Johnson&Johnson, Moderna, Oxford/AstraZeneca, Pfizer/BioNTech"
2021-02-05,2538387,1453369,1085037,0,Italy,https://raw.githubusercontent.com/italia/covid19-opendata-vaccini/master/dati/somministrazioni-vaccini-latest.csv,"Johnson&Johnson, Moderna, Oxford/AstraZeneca, Pfizer/BioNTech"
2021-02-06,2616388,1468058,1148350,0,Italy,https://raw.githubusercontent.com/italia/covid19-opendata-vaccini/master/dati/somministrazioni-vaccini-latest.csv,"Johnson&Johnson, Moderna, Oxford/AstraZeneca, Pfizer/BioNTech"
2021-02-07,2658706,1477587,1181139,0,Italy,https://raw.githubusercontent.com/italia/covid19-opendata-vaccini/master/dati/somministrazioni-vaccini-latest.csv,"Johnson&Johnson, Moderna, Oxford/AstraZeneca, Pfizer/BioNTech"
2021-02-08,2725778,1504493,1221307,0,Italy,https://raw.githubusercontent.com/italia/covid19-opendata-vaccini/master/dati/somministrazioni-vaccini-latest.csv,"Johnson&Johnson, Moderna, Oxford/AstraZeneca, Pfizer/BioNTech"
2021-02-09,2792964,1539106,1253880,0,Italy,https://raw.githubusercontent.com/italia/covid19-opendata-vaccini/master/dati/somministrazioni-vaccini-latest.csv,"Johnson&Johnson, Moderna, Oxford/AstraZeneca, Pfizer/BioNTech"
2021-02-10,2866193,1584273,1281942,0,Italy,https://raw.githubusercontent.com/italia/covid19-opendata-vaccini/master/dati/somministrazioni-vaccini-latest.csv,"Johnson&Johnson, Moderna, Oxford/AstraZeneca, Pfizer/BioNTech"
2021-02-11,2941406,1639693,1301735,0,Italy,https://raw.githubusercontent.com/italia/covid19-opendata-vaccini/master/dati/somministrazioni-vaccini-latest.csv,"Johnson&Johnson, Moderna, Oxford/AstraZeneca, Pfizer/BioNTech"
2021-02-12,3015910,1698725,1317207,0,Italy,https://raw.githubusercontent.com/italia/covid19-opendata-vaccini/master/dati/somministrazioni-vaccini-latest.csv,"Johnson&Johnson, Moderna, Oxford/AstraZeneca, Pfizer/BioNTech"
2021-02-13,3068790,1744845,1323967,0,Italy,https://raw.githubusercontent.com/italia/covid19-opendata-vaccini/master/dati/somministrazioni-vaccini-latest.csv,"Johnson&Johnson, Moderna, Oxford/AstraZeneca, Pfizer/BioNTech"
2021-02-14,3098800,1772259,1326563,0,Italy,https://raw.githubusercontent.com/italia/covid19-opendata-vaccini/master/dati/somministrazioni-vaccini-latest.csv,"Johnson&Johnson, Moderna, Oxford/AstraZeneca, Pfizer/BioNTech"
2021-02-15,3161853,1829231,1332644,0,Italy,https://raw.githubusercontent.com/italia/covid19-opendata-vaccini/master/dati/somministrazioni-vaccini-latest.csv,"Johnson&Johnson, Moderna, Oxford/AstraZeneca, Pfizer/BioNTech"
2021-02-16,3233300,1894457,1338865,0,Italy,https://raw.githubusercontent.com/italia/covid19-opendata-vaccini/master/dati/somministrazioni-vaccini-latest.csv,"Johnson&Johnson, Moderna, Oxford/AstraZeneca, Pfizer/BioNTech"
2021-02-17,3314004,1965551,1348475,0,Italy,https://raw.githubusercontent.com/italia/covid19-opendata-vaccini/master/dati/somministrazioni-vaccini-latest.csv,"Johnson&Johnson, Moderna, Oxford/AstraZeneca, Pfizer/BioNTech"
2021-02-18,3404539,2047990,1356571,0,Italy,https://raw.githubusercontent.com/italia/covid19-opendata-vaccini/master/dati/somministrazioni-vaccini-latest.csv,"Johnson&Johnson, Moderna, Oxford/AstraZeneca, Pfizer/BioNTech"
2021-02-19,3498037,2134763,1363296,0,Italy,https://raw.githubusercontent.com/italia/covid19-opendata-vaccini/master/dati/somministrazioni-vaccini-latest.csv,"Johnson&Johnson, Moderna, Oxford/AstraZeneca, Pfizer/BioNTech"
2021-02-20,3576538,2208767,1367793,0,Italy,https://raw.githubusercontent.com/italia/covid19-opendata-vaccini/master/dati/somministrazioni-vaccini-latest.csv,"Johnson&Johnson, Moderna, Oxford/AstraZeneca, Pfizer/BioNTech"
2021-02-21,3627741,2257732,1370031,0,Italy,https://raw.githubusercontent.com/italia/covid19-opendata-vaccini/master/dati/somministrazioni-vaccini-latest.csv,"Johnson&Johnson, Moderna, Oxford/AstraZeneca, Pfizer/BioNTech"
2021-02-22,3733812,2358436,1375398,0,Italy,https://raw.githubusercontent.com/italia/covid19-opendata-vaccini/master/dati/somministrazioni-vaccini-latest.csv,"Johnson&Johnson, Moderna, Oxford/AstraZeneca, Pfizer/BioNTech"
2021-02-23,3840754,2459917,1380859,0,Italy,https://raw.githubusercontent.com/italia/covid19-opendata-vaccini/master/dati/somministrazioni-vaccini-latest.csv,"Johnson&Johnson, Moderna, Oxford/AstraZeneca, Pfizer/BioNTech"
2021-02-24,3963337,2574379,1388980,0,Italy,https://raw.githubusercontent.com/italia/covid19-opendata-vaccini/master/dati/somministrazioni-vaccini-latest.csv,"Johnson&Johnson, Moderna, Oxford/AstraZeneca, Pfizer/BioNTech"
2021-02-25,4092236,2690994,1401264,0,Italy,https://raw.githubusercontent.com/italia/covid19-opendata-vaccini/master/dati/somministrazioni-vaccini-latest.csv,"Johnson&Johnson, Moderna, Oxford/AstraZeneca, Pfizer/BioNTech"
2021-02-26,4231214,2814653,1416583,0,Italy,https://raw.githubusercontent.com/italia/covid19-opendata-vaccini/master/dati/somministrazioni-vaccini-latest.csv,"Johnson&Johnson, Moderna, Oxford/AstraZeneca, Pfizer/BioNTech"
2021-02-27,4358218,2929722,1428518,0,Italy,https://raw.githubusercontent.com/italia/covid19-opendata-vaccini/master/dati/somministrazioni-vaccini-latest.csv,"Johnson&Johnson, Moderna, Oxford/AstraZeneca, Pfizer/BioNTech"
2021-02-28,4436620,2999920,1436722,0,Italy,https://raw.githubusercontent.com/italia/covid19-opendata-vaccini/master/dati/somministrazioni-vaccini-latest.csv,"Johnson&Johnson, Moderna, Oxford/AstraZeneca, Pfizer/BioNTech"
2021-03-01,4572686,3111508,1461201,0,Italy,https://raw.githubusercontent.com/italia/covid19-opendata-vaccini/master/dati/somministrazioni-vaccini-latest.csv,"Johnson&Johnson, Moderna, Oxford/AstraZeneca, Pfizer/BioNTech"
2021-03-02,4735119,3243093,1492049,0,Italy,https://raw.githubusercontent.com/italia/covid19-opendata-vaccini/master/dati/somministrazioni-vaccini-latest.csv,"Johnson&Johnson, Moderna, Oxford/AstraZeneca, Pfizer/BioNTech"
2021-03-03,4922972,3388724,1534271,0,Italy,https://raw.githubusercontent.com/italia/covid19-opendata-vaccini/master/dati/somministrazioni-vaccini-latest.csv,"Johnson&Johnson, Moderna, Oxford/AstraZeneca, Pfizer/BioNTech"
2021-03-04,5121637,3540088,1581572,0,Italy,https://raw.githubusercontent.com/italia/covid19-opendata-vaccini/master/dati/somministrazioni-vaccini-latest.csv,"Johnson&Johnson, Moderna, Oxford/AstraZeneca, Pfizer/BioNTech"
2021-03-05,5328402,3694350,1634075,0,Italy,https://raw.githubusercontent.com/italia/covid19-opendata-vaccini/master/dati/somministrazioni-vaccini-latest.csv,"Johnson&Johnson, Moderna, Oxford/AstraZeneca, Pfizer/BioNTech"
2021-03-06,5506872,3833615,1673281,0,Italy,https://raw.githubusercontent.com/italia/covid19-opendata-vaccini/master/dati/somministrazioni-vaccini-latest.csv,"Johnson&Johnson, Moderna, Oxford/AstraZeneca, Pfizer/BioNTech"
2021-03-07,5609975,3916279,1693720,0,Italy,https://raw.githubusercontent.com/italia/covid19-opendata-vaccini/master/dati/somministrazioni-vaccini-latest.csv,"Johnson&Johnson, Moderna, Oxford/AstraZeneca, Pfizer/BioNTech"
2021-03-08,5792179,4051006,1741202,0,Italy,https://raw.githubusercontent.com/italia/covid19-opendata-vaccini/master/dati/somministrazioni-vaccini-latest.csv,"Johnson&Johnson, Moderna, Oxford/AstraZeneca, Pfizer/BioNTech"
2021-03-09,5988132,4197500,1790661,0,Italy,https://raw.githubusercontent.com/italia/covid19-opendata-vaccini/master/dati/somministrazioni-vaccini-latest.csv,"Johnson&Johnson, Moderna, Oxford/AstraZeneca, Pfizer/BioNTech"
2021-03-10,6204598,4358937,1845691,0,Italy,https://raw.githubusercontent.com/italia/covid19-opendata-vaccini/master/dati/somministrazioni-vaccini-latest.csv,"Johnson&Johnson, Moderna, Oxford/AstraZeneca, Pfizer/BioNTech"
2021-03-11,6429717,4524219,1905531,0,Italy,https://raw.githubusercontent.com/italia/covid19-opendata-vaccini/master/dati/somministrazioni-vaccini-latest.csv,"Johnson&Johnson, Moderna, Oxford/AstraZeneca, Pfizer/BioNTech"
2021-03-12,6642891,4676273,1966656,0,Italy,https://raw.githubusercontent.com/italia/covid19-opendata-vaccini/master/dati/somministrazioni-vaccini-latest.csv,"Johnson&Johnson, Moderna, Oxford/AstraZeneca, Pfizer/BioNTech"
2021-03-13,6820383,4805271,2015153,0,Italy,https://raw.githubusercontent.com/italia/covid19-opendata-vaccini/master/dati/somministrazioni-vaccini-latest.csv,"Johnson&Johnson, Moderna, Oxford/AstraZeneca, Pfizer/BioNTech"
2021-03-14,6926368,4877887,2048523,0,Italy,https://raw.githubusercontent.com/italia/covid19-opendata-vaccini/master/dati/somministrazioni-vaccini-latest.csv,"Johnson&Johnson, Moderna, Oxford/AstraZeneca, Pfizer/BioNTech"
2021-03-15,7101985,4983011,2119021,0,Italy,https://raw.githubusercontent.com/italia/covid19-opendata-vaccini/master/dati/somministrazioni-vaccini-latest.csv,"Johnson&Johnson, Moderna, Oxford/AstraZeneca, Pfizer/BioNTech"
2021-03-16,7242798,5051142,2191713,0,Italy,https://raw.githubusercontent.com/italia/covid19-opendata-vaccini/master/dati/somministrazioni-vaccini-latest.csv,"Johnson&Johnson, Moderna, Oxford/AstraZeneca, Pfizer/BioNTech"
2021-03-17,7409026,5136097,2272996,0,Italy,https://raw.githubusercontent.com/italia/covid19-opendata-vaccini/master/dati/somministrazioni-vaccini-latest.csv,"Johnson&Johnson, Moderna, Oxford/AstraZeneca, Pfizer/BioNTech"
2021-03-18,7573140,5220521,2352694,0,Italy,https://raw.githubusercontent.com/italia/covid19-opendata-vaccini/master/dati/somministrazioni-vaccini-latest.csv,"Johnson&Johnson, Moderna, Oxford/AstraZeneca, Pfizer/BioNTech"
2021-03-19,7749697,5318225,2431554,0,Italy,https://raw.githubusercontent.com/italia/covid19-opendata-vaccini/master/dati/somministrazioni-vaccini-latest.csv,"Johnson&Johnson, Moderna, Oxford/AstraZeneca, Pfizer/BioNTech"
2021-03-20,7925938,5432298,2493726,0,Italy,https://raw.githubusercontent.com/italia/covid19-opendata-vaccini/master/dati/somministrazioni-vaccini-latest.csv,"Johnson&Johnson, Moderna, Oxford/AstraZeneca, Pfizer/BioNTech"
2021-03-21,8056632,5517721,2539000,0,Italy,https://raw.githubusercontent.com/italia/covid19-opendata-vaccini/master/dati/somministrazioni-vaccini-latest.csv,"Johnson&Johnson, Moderna, Oxford/AstraZeneca, Pfizer/BioNTech"
2021-03-22,8253261,5648277,2605073,0,Italy,https://raw.githubusercontent.com/italia/covid19-opendata-vaccini/master/dati/somministrazioni-vaccini-latest.csv,"Johnson&Johnson, Moderna, Oxford/AstraZeneca, Pfizer/BioNTech"
2021-03-23,8480256,5803711,2676637,0,Italy,https://raw.githubusercontent.com/italia/covid19-opendata-vaccini/master/dati/somministrazioni-vaccini-latest.csv,"Johnson&Johnson, Moderna, Oxford/AstraZeneca, Pfizer/BioNTech"
2021-03-24,8738499,5975694,2762898,0,Italy,https://raw.githubusercontent.com/italia/covid19-opendata-vaccini/master/dati/somministrazioni-vaccini-latest.csv,"Johnson&Johnson, Moderna, Oxford/AstraZeneca, Pfizer/BioNTech"
2021-03-25,9010169,6162935,2847328,0,Italy,https://raw.githubusercontent.com/italia/covid19-opendata-vaccini/master/dati/somministrazioni-vaccini-latest.csv,"Johnson&Johnson, Moderna, Oxford/AstraZeneca, Pfizer/BioNTech"
2021-03-26,9282637,6357077,2925658,0,Italy,https://raw.githubusercontent.com/italia/covid19-opendata-vaccini/master/dati/somministrazioni-vaccini-latest.csv,"Johnson&Johnson, Moderna, Oxford/AstraZeneca, Pfizer/BioNTech"
2021-03-27,9524223,6531385,2992940,0,Italy,https://raw.githubusercontent.com/italia/covid19-opendata-vaccini/master/dati/somministrazioni-vaccini-latest.csv,"Johnson&Johnson, Moderna, Oxford/AstraZeneca, Pfizer/BioNTech"
2021-03-28,9688123,6654448,3033778,0,Italy,https://raw.githubusercontent.com/italia/covid19-opendata-vaccini/master/dati/somministrazioni-vaccini-latest.csv,"Johnson&Johnson, Moderna, Oxford/AstraZeneca, Pfizer/BioNTech"
2021-03-29,9932398,6832438,3100063,0,Italy,https://raw.githubusercontent.com/italia/covid19-opendata-vaccini/master/dati/somministrazioni-vaccini-latest.csv,"Johnson&Johnson, Moderna, Oxford/AstraZeneca, Pfizer/BioNTech"
2021-03-30,10203182,7026814,3176474,0,Italy,https://raw.githubusercontent.com/italia/covid19-opendata-vaccini/master/dati/somministrazioni-vaccini-latest.csv,"Johnson&Johnson, Moderna, Oxford/AstraZeneca, Pfizer/BioNTech"
2021-03-31,10510639,7243245,3267521,0,Italy,https://raw.githubusercontent.com/italia/covid19-opendata-vaccini/master/dati/somministrazioni-vaccini-latest.csv,"Johnson&Johnson, Moderna, Oxford/AstraZeneca, Pfizer/BioNTech"
2021-04-01,10799367,7441488,3358010,0,Italy,https://raw.githubusercontent.com/italia/covid19-opendata-vaccini/master/dati/somministrazioni-vaccini-latest.csv,"Johnson&Johnson, Moderna, Oxford/AstraZeneca, Pfizer/BioNTech"
2021-04-02,11083016,7645902,3437245,0,Italy,https://raw.githubusercontent.com/italia/covid19-opendata-vaccini/master/dati/somministrazioni-vaccini-latest.csv,"Johnson&Johnson, Moderna, Oxford/AstraZeneca, Pfizer/BioNTech"
2021-04-03,11313879,7815884,3498129,0,Italy,https://raw.githubusercontent.com/italia/covid19-opendata-vaccini/master/dati/somministrazioni-vaccini-latest.csv,"Johnson&Johnson, Moderna, Oxford/AstraZeneca, Pfizer/BioNTech"
2021-04-04,11410159,7891775,3518518,0,Italy,https://raw.githubusercontent.com/italia/covid19-opendata-vaccini/master/dati/somministrazioni-vaccini-latest.csv,"Johnson&Johnson, Moderna, Oxford/AstraZeneca, Pfizer/BioNTech"
2021-04-05,11581580,8025210,3556509,0,Italy,https://raw.githubusercontent.com/italia/covid19-opendata-vaccini/master/dati/somministrazioni-vaccini-latest.csv,"Johnson&Johnson, Moderna, Oxford/AstraZeneca, Pfizer/BioNTech"
2021-04-06,11868504,8235901,3632785,0,Italy,https://raw.githubusercontent.com/italia/covid19-opendata-vaccini/master/dati/somministrazioni-vaccini-latest.csv,"Johnson&Johnson, Moderna, Oxford/AstraZeneca, Pfizer/BioNTech"
2021-04-07,12203525,8480938,3722772,0,Italy,https://raw.githubusercontent.com/italia/covid19-opendata-vaccini/master/dati/somministrazioni-vaccini-latest.csv,"Johnson&Johnson, Moderna, Oxford/AstraZeneca, Pfizer/BioNTech"
2021-04-08,12543566,8731789,3811964,0,Italy,https://raw.githubusercontent.com/italia/covid19-opendata-vaccini/master/dati/somministrazioni-vaccini-latest.csv,"Johnson&Johnson, Moderna, Oxford/AstraZeneca, Pfizer/BioNTech"
2021-04-09,12880224,8986331,3894094,0,Italy,https://raw.githubusercontent.com/italia/covid19-opendata-vaccini/master/dati/somministrazioni-vaccini-latest.csv,"Johnson&Johnson, Moderna, Oxford/AstraZeneca, Pfizer/BioNTech"
2021-04-10,13202197,9239543,3962857,0,Italy,https://raw.githubusercontent.com/italia/covid19-opendata-vaccini/master/dati/somministrazioni-vaccini-latest.csv,"Johnson&Johnson, Moderna, Oxford/AstraZeneca, Pfizer/BioNTech"
2021-04-11,13404704,9400702,4004209,0,Italy,https://raw.githubusercontent.com/italia/covid19-opendata-vaccini/master/dati/somministrazioni-vaccini-latest.csv,"Johnson&Johnson, Moderna, Oxford/AstraZeneca, Pfizer/BioNTech"
2021-04-12,13672865,9606354,4066726,0,Italy,https://raw.githubusercontent.com/italia/covid19-opendata-vaccini/master/dati/somministrazioni-vaccini-latest.csv,"Johnson&Johnson, Moderna, Oxford/AstraZeneca, Pfizer/BioNTech"
2021-04-13,13963266,9829158,4134325,0,Italy,https://raw.githubusercontent.com/italia/covid19-opendata-vaccini/master/dati/somministrazioni-vaccini-latest.csv,"Johnson&Johnson, Moderna, Oxford/AstraZeneca, Pfizer/BioNTech"
2021-04-14,14285656,10071481,4214394,0,Italy,https://raw.githubusercontent.com/italia/covid19-opendata-vaccini/master/dati/somministrazioni-vaccini-latest.csv,"Johnson&Johnson, Moderna, Oxford/AstraZeneca, Pfizer/BioNTech"
2021-04-15,14638643,10325376,4313486,0,Italy,https://raw.githubusercontent.com/italia/covid19-opendata-vaccini/master/dati/somministrazioni-vaccini-latest.csv,"Johnson&Johnson, Moderna, Oxford/AstraZeneca, Pfizer/BioNTech"
2021-04-16,15020059,10607086,4413194,0,Italy,https://raw.githubusercontent.com/italia/covid19-opendata-vaccini/master/dati/somministrazioni-vaccini-latest.csv,"Johnson&Johnson, Moderna, Oxford/AstraZeneca, Pfizer/BioNTech"
2021-04-17,15381089,10883760,4497550,0,Italy,https://raw.githubusercontent.com/italia/covid19-opendata-vaccini/master/dati/somministrazioni-vaccini-latest.csv,"Johnson&Johnson, Moderna, Oxford/AstraZeneca, Pfizer/BioNTech"
2021-04-18,15623903,11072143,4551982,0,Italy,https://raw.githubusercontent.com/italia/covid19-opendata-vaccini/master/dati/somministrazioni-vaccini-latest.csv,"Johnson&Johnson, Moderna, Oxford/AstraZeneca, Pfizer/BioNTech"
2021-04-19,15935701,11296067,4639858,0,Italy,https://raw.githubusercontent.com/italia/covid19-opendata-vaccini/master/dati/somministrazioni-vaccini-latest.csv,"Johnson&Johnson, Moderna, Oxford/AstraZeneca, Pfizer/BioNTech"
2021-04-20,16270465,11533024,4737666,0,Italy,https://raw.githubusercontent.com/italia/covid19-opendata-vaccini/master/dati/somministrazioni-vaccini-latest.csv,"Johnson&Johnson, Moderna, Oxford/AstraZeneca, Pfizer/BioNTech"
2021-04-21,16644794,11788134,4856888,0,Italy,https://raw.githubusercontent.com/italia/covid19-opendata-vaccini/master/dati/somministrazioni-vaccini-latest.csv,"Johnson&Johnson, Moderna, Oxford/AstraZeneca, Pfizer/BioNTech"
2021-04-22,17045342,12052748,4993113,0,Italy,https://raw.githubusercontent.com/italia/covid19-opendata-vaccini/master/dati/somministrazioni-vaccini-latest.csv,"Johnson&Johnson, Moderna, Oxford/AstraZeneca, Pfizer/BioNTech"
2021-04-23,17451990,12328786,5124268,0,Italy,https://raw.githubusercontent.com/italia/covid19-opendata-vaccini/master/dati/somministrazioni-vaccini-latest.csv,"Johnson&Johnson, Moderna, Oxford/AstraZeneca, Pfizer/BioNTech"
2021-04-24,17840077,12602293,5241884,0,Italy,https://raw.githubusercontent.com/italia/covid19-opendata-vaccini/master/dati/somministrazioni-vaccini-latest.csv,"Johnson&Johnson, Moderna, Oxford/AstraZeneca, Pfizer/BioNTech"
2021-04-25,18108404,12823483,5297773,0,Italy,https://raw.githubusercontent.com/italia/covid19-opendata-vaccini/master/dati/somministrazioni-vaccini-latest.csv,"Johnson&Johnson, Moderna, Oxford/AstraZeneca, Pfizer/BioNTech"
2021-04-26,18453930,13086959,5389184,0,Italy,https://raw.githubusercontent.com/italia/covid19-opendata-vaccini/master/dati/somministrazioni-vaccini-latest.csv,"Johnson&Johnson, Moderna, Oxford/AstraZeneca, Pfizer/BioNTech"
2021-04-27,18828611,13350085,5510563,0,Italy,https://raw.githubusercontent.com/italia/covid19-opendata-vaccini/master/dati/somministrazioni-vaccini-latest.csv,"Johnson&Johnson, Moderna, Oxford/AstraZeneca, Pfizer/BioNTech"
2021-04-28,19238965,13620611,5659336,0,Italy,https://raw.githubusercontent.com/italia/covid19-opendata-vaccini/master/dati/somministrazioni-vaccini-latest.csv,"Johnson&Johnson, Moderna, Oxford/AstraZeneca, Pfizer/BioNTech"
2021-04-29,19770372,13977294,5844177,0,Italy,https://raw.githubusercontent.com/italia/covid19-opendata-vaccini/master/dati/somministrazioni-vaccini-latest.csv,"Johnson&Johnson, Moderna, Oxford/AstraZeneca, Pfizer/BioNTech"
2021-04-30,20300362,14317263,6048818,0,Italy,https://raw.githubusercontent.com/italia/covid19-opendata-vaccini/master/dati/somministrazioni-vaccini-latest.csv,"Johnson&Johnson, Moderna, Oxford/AstraZeneca, Pfizer/BioNTech"
2021-05-01,20734662,14602027,6216200,0,Italy,https://raw.githubusercontent.com/italia/covid19-opendata-vaccini/master/dati/somministrazioni-vaccini-latest.csv,"Johnson&Johnson, Moderna, Oxford/AstraZeneca, Pfizer/BioNTech"
2021-05-02,21105507,14855006,6345650,0,Italy,https://raw.githubusercontent.com/italia/covid19-opendata-vaccini/master/dati/somministrazioni-vaccini-latest.csv,"Johnson&Johnson, Moderna, Oxford/AstraZeneca, Pfizer/BioNTech"
2021-05-03,21519341,15146835,6479527,0,Italy,https://raw.githubusercontent.com/italia/covid19-opendata-vaccini/master/dati/somministrazioni-vaccini-latest.csv,"Johnson&Johnson, Moderna, Oxford/AstraZeneca, Pfizer/BioNTech"
2021-05-04,21972831,15462692,6629294,0,Italy,https://raw.githubusercontent.com/italia/covid19-opendata-vaccini/master/dati/somministrazioni-vaccini-latest.csv,"Johnson&Johnson, Moderna, Oxford/AstraZeneca, Pfizer/BioNTech"
2021-05-05,22459842,15803579,6789751,0,Italy,https://raw.githubusercontent.com/italia/covid19-opendata-vaccini/master/dati/somministrazioni-vaccini-latest.csv,"Johnson&Johnson, Moderna, Oxford/AstraZeneca, Pfizer/BioNTech"
2021-05-06,22981925,16151933,6976490,0,Italy,https://raw.githubusercontent.com/italia/covid19-opendata-vaccini/master/dati/somministrazioni-vaccini-latest.csv,"Johnson&Johnson, Moderna, Oxford/AstraZeneca, Pfizer/BioNTech"
2021-05-07,23528115,16508560,7178583,0,Italy,https://raw.githubusercontent.com/italia/covid19-opendata-vaccini/master/dati/somministrazioni-vaccini-latest.csv,"Johnson&Johnson, Moderna, Oxford/AstraZeneca, Pfizer/BioNTech"
2021-05-08,24042751,16835976,7383011,0,Italy,https://raw.githubusercontent.com/italia/covid19-opendata-vaccini/master/dati/somministrazioni-vaccini-latest.csv,"Johnson&Johnson, Moderna, Oxford/AstraZeneca, Pfizer/BioNTech"
2021-05-09,24427076,17092925,7519422,0,Italy,https://raw.githubusercontent.com/italia/covid19-opendata-vaccini/master/dati/somministrazioni-vaccini-latest.csv,"Johnson&Johnson, Moderna, Oxford/AstraZeneca, Pfizer/BioNTech"
2021-05-10,24869298,17386750,7675933,0,Italy,https://raw.githubusercontent.com/italia/covid19-opendata-vaccini/master/dati/somministrazioni-vaccini-latest.csv,"Johnson&Johnson, Moderna, Oxford/AstraZeneca, Pfizer/BioNTech"
2021-05-11,25327831,17689414,7841869,0,Italy,https://raw.githubusercontent.com/italia/covid19-opendata-vaccini/master/dati/somministrazioni-vaccini-latest.csv,"Johnson&Johnson, Moderna, Oxford/AstraZeneca, Pfizer/BioNTech"
2021-05-12,25813614,18015364,8010661,0,Italy,https://raw.githubusercontent.com/italia/covid19-opendata-vaccini/master/dati/somministrazioni-vaccini-latest.csv,"Johnson&Johnson, Moderna, Oxford/AstraZeneca, Pfizer/BioNTech"
2021-05-13,26343875,18361627,8202902,0,Italy,https://raw.githubusercontent.com/italia/covid19-opendata-vaccini/master/dati/somministrazioni-vaccini-latest.csv,"Johnson&Johnson, Moderna, Oxford/AstraZeneca, Pfizer/BioNTech"
2021-05-14,26899970,18714324,8414461,0,Italy,https://raw.githubusercontent.com/italia/covid19-opendata-vaccini/master/dati/somministrazioni-vaccini-latest.csv,"Johnson&Johnson, Moderna, Oxford/AstraZeneca, Pfizer/BioNTech"
2021-05-15,27445731,19077977,8614523,0,Italy,https://raw.githubusercontent.com/italia/covid19-opendata-vaccini/master/dati/somministrazioni-vaccini-latest.csv,"Johnson&Johnson, Moderna, Oxford/AstraZeneca, Pfizer/BioNTech"
2021-05-16,27856282,19351191,8768105,0,Italy,https://raw.githubusercontent.com/italia/covid19-opendata-vaccini/master/dati/somministrazioni-vaccini-latest.csv,"Johnson&Johnson, Moderna, Oxford/AstraZeneca, Pfizer/BioNTech"
2021-05-17,28324363,19624537,8980841,0,Italy,https://raw.githubusercontent.com/italia/covid19-opendata-vaccini/master/dati/somministrazioni-vaccini-latest.csv,"Johnson&Johnson, Moderna, Oxford/AstraZeneca, Pfizer/BioNTech"
2021-05-18,28794802,19906828,9187176,0,Italy,https://raw.githubusercontent.com/italia/covid19-opendata-vaccini/master/dati/somministrazioni-vaccini-latest.csv,"Johnson&Johnson, Moderna, Oxford/AstraZeneca, Pfizer/BioNTech"
2021-05-19,29283049,20213837,9386859,0,Italy,https://raw.githubusercontent.com/italia/covid19-opendata-vaccini/master/dati/somministrazioni-vaccini-latest.csv,"Johnson&Johnson, Moderna, Oxford/AstraZeneca, Pfizer/BioNTech"
2021-05-20,29837879,20525693,9649895,0,Italy,https://raw.githubusercontent.com/italia/covid19-opendata-vaccini/master/dati/somministrazioni-vaccini-latest.csv,"Johnson&Johnson, Moderna, Oxford/AstraZeneca, Pfizer/BioNTech"
2021-05-21,30410614,20854896,9912093,0,Italy,https://raw.githubusercontent.com/italia/covid19-opendata-vaccini/master/dati/somministrazioni-vaccini-latest.csv,"Johnson&Johnson, Moderna, Oxford/AstraZeneca, Pfizer/BioNTech"
2021-05-22,30934080,21177999,10150818,0,Italy,https://raw.githubusercontent.com/italia/covid19-opendata-vaccini/master/dati/somministrazioni-vaccini-latest.csv,"Johnson&Johnson, Moderna, Oxford/AstraZeneca, Pfizer/BioNTech"
2021-05-23,31342227,21429754,10343194,0,Italy,https://raw.githubusercontent.com/italia/covid19-opendata-vaccini/master/dati/somministrazioni-vaccini-latest.csv,"Johnson&Johnson, Moderna, Oxford/AstraZeneca, Pfizer/BioNTech"
2021-05-24,31807394,21705085,10565541,0,Italy,https://raw.githubusercontent.com/italia/covid19-opendata-vaccini/master/dati/somministrazioni-vaccini-latest.csv,"Johnson&Johnson, Moderna, Oxford/AstraZeneca, Pfizer/BioNTech"
2021-05-25,32287693,21975524,10804810,0,Italy,https://raw.githubusercontent.com/italia/covid19-opendata-vaccini/master/dati/somministrazioni-vaccini-latest.csv,"Johnson&Johnson, Moderna, Oxford/AstraZeneca, Pfizer/BioNTech"
2021-05-26,32816115,22264437,11075413,0,Italy,https://raw.githubusercontent.com/italia/covid19-opendata-vaccini/master/dati/somministrazioni-vaccini-latest.csv,"Johnson&Johnson, Moderna, Oxford/AstraZeneca, Pfizer/BioNTech"
2021-05-27,33407345,22574338,11378833,0,Italy,https://raw.githubusercontent.com/italia/covid19-opendata-vaccini/master/dati/somministrazioni-vaccini-latest.csv,"Johnson&Johnson, Moderna, Oxford/AstraZeneca, Pfizer/BioNTech"
2021-05-28,34002916,22899082,11670166,0,Italy,https://raw.githubusercontent.com/italia/covid19-opendata-vaccini/master/dati/somministrazioni-vaccini-latest.csv,"Johnson&Johnson, Moderna, Oxford/AstraZeneca, Pfizer/BioNTech"
2021-05-29,34528304,23219727,11893983,0,Italy,https://raw.githubusercontent.com/italia/covid19-opendata-vaccini/master/dati/somministrazioni-vaccini-latest.csv,"Johnson&Johnson, Moderna, Oxford/AstraZeneca, Pfizer/BioNTech"
2021-05-30,34931018,23476047,12059276,0,Italy,https://raw.githubusercontent.com/italia/covid19-opendata-vaccini/master/dati/somministrazioni-vaccini-latest.csv,"Johnson&Johnson, Moderna, Oxford/AstraZeneca, Pfizer/BioNTech"
2021-05-31,35411521,23803788,12268577,0,Italy,https://raw.githubusercontent.com/italia/covid19-opendata-vaccini/master/dati/somministrazioni-vaccini-latest.csv,"Johnson&Johnson, Moderna, Oxford/AstraZeneca, Pfizer/BioNTech"
2021-06-01,35880781,24138987,12469853,0,Italy,https://raw.githubusercontent.com/italia/covid19-opendata-vaccini/master/dati/somministrazioni-vaccini-latest.csv,"Johnson&Johnson, Moderna, Oxford/AstraZeneca, Pfizer/BioNTech"
2021-06-02,36293354,24480323,12579010,0,Italy,https://raw.githubusercontent.com/italia/covid19-opendata-vaccini/master/dati/somministrazioni-vaccini-latest.csv,"Johnson&Johnson, Moderna, Oxford/AstraZeneca, Pfizer/BioNTech"
2021-06-03,36891535,24947191,12748249,0,Italy,https://raw.githubusercontent.com/italia/covid19-opendata-vaccini/master/dati/somministrazioni-vaccini-latest.csv,"Johnson&Johnson, Moderna, Oxford/AstraZeneca, Pfizer/BioNTech"
2021-06-04,37524984,25454932,12921928,0,Italy,https://raw.githubusercontent.com/italia/covid19-opendata-vaccini/master/dati/somministrazioni-vaccini-latest.csv,"Johnson&Johnson, Moderna, Oxford/AstraZeneca, Pfizer/BioNTech"
2021-06-05,38144192,25956037,13097357,0,Italy,https://raw.githubusercontent.com/italia/covid19-opendata-vaccini/master/dati/somministrazioni-vaccini-latest.csv,"Johnson&Johnson, Moderna, Oxford/AstraZeneca, Pfizer/BioNTech"
2021-06-06,38656986,26387109,13228171,0,Italy,https://raw.githubusercontent.com/italia/covid19-opendata-vaccini/master/dati/somministrazioni-vaccini-latest.csv,"Johnson&Johnson, Moderna, Oxford/AstraZeneca, Pfizer/BioNTech"
2021-06-07,39228741,26845014,13379388,0,Italy,https://raw.githubusercontent.com/italia/covid19-opendata-vaccini/master/dati/somministrazioni-vaccini-latest.csv,"Johnson&Johnson, Moderna, Oxford/AstraZeneca, Pfizer/BioNTech"
2021-06-08,39811593,27308266,13539971,0,Italy,https://raw.githubusercontent.com/italia/covid19-opendata-vaccini/master/dati/somministrazioni-vaccini-latest.csv,"Johnson&Johnson, Moderna, Oxford/AstraZeneca, Pfizer/BioNTech"
2021-06-09,40406491,27781497,13700115,0,Italy,https://raw.githubusercontent.com/italia/covid19-opendata-vaccini/master/dati/somministrazioni-vaccini-latest.csv,"Johnson&Johnson, Moderna, Oxford/AstraZeneca, Pfizer/BioNTech"
2021-06-10,41041089,28287688,13861458,0,Italy,https://raw.githubusercontent.com/italia/covid19-opendata-vaccini/master/dati/somministrazioni-vaccini-latest.csv,"Johnson&Johnson, Moderna, Oxford/AstraZeneca, Pfizer/BioNTech"
2021-06-11,41664728,28777945,14018857,0,Italy,https://raw.githubusercontent.com/italia/covid19-opendata-vaccini/master/dati/somministrazioni-vaccini-latest.csv,"Johnson&Johnson, Moderna, Oxford/AstraZeneca, Pfizer/BioNTech"
2021-06-12,42231718,29242763,14136229,0,Italy,https://raw.githubusercontent.com/italia/covid19-opendata-vaccini/master/dati/somministrazioni-vaccini-latest.csv,"Johnson&Johnson, Moderna, Oxford/AstraZeneca, Pfizer/BioNTech"
2021-06-13,42667638,29601868,14218782,0,Italy,https://raw.githubusercontent.com/italia/covid19-opendata-vaccini/master/dati/somministrazioni-vaccini-latest.csv,"Johnson&Johnson, Moderna, Oxford/AstraZeneca, Pfizer/BioNTech"
2021-06-14,43201823,29936806,14424898,0,Italy,https://raw.githubusercontent.com/italia/covid19-opendata-vaccini/master/dati/somministrazioni-vaccini-latest.csv,"Johnson&Johnson, Moderna, Oxford/AstraZeneca, Pfizer/BioNTech"
2021-06-15,43738881,30261084,14644794,0,Italy,https://raw.githubusercontent.com/italia/covid19-opendata-vaccini/master/dati/somministrazioni-vaccini-latest.csv,"Johnson&Johnson, Moderna, Oxford/AstraZeneca, Pfizer/BioNTech"
2021-06-16,44297261,30583193,14889099,0,Italy,https://raw.githubusercontent.com/italia/covid19-opendata-vaccini/master/dati/somministrazioni-vaccini-latest.csv,"Johnson&Johnson, Moderna, Oxford/AstraZeneca, Pfizer/BioNTech"
2021-06-17,44902706,30903737,15181944,0,Italy,https://raw.githubusercontent.com/italia/covid19-opendata-vaccini/master/dati/somministrazioni-vaccini-latest.csv,"Johnson&Johnson, Moderna, Oxford/AstraZeneca, Pfizer/BioNTech"
2021-06-18,45512774,31222905,15478799,0,Italy,https://raw.githubusercontent.com/italia/covid19-opendata-vaccini/master/dati/somministrazioni-vaccini-latest.csv,"Johnson&Johnson, Moderna, Oxford/AstraZeneca, Pfizer/BioNTech"
2021-06-19,46072220,31519966,15745688,0,Italy,https://raw.githubusercontent.com/italia/covid19-opendata-vaccini/master/dati/somministrazioni-vaccini-latest.csv,"Johnson&Johnson, Moderna, Oxford/AstraZeneca, Pfizer/BioNTech"
2021-06-20,46510191,31746241,15959944,0,Italy,https://raw.githubusercontent.com/italia/covid19-opendata-vaccini/master/dati/somministrazioni-vaccini-latest.csv,"Johnson&Johnson, Moderna, Oxford/AstraZeneca, Pfizer/BioNTech"
2021-06-21,47069354,32030929,16239286,0,Italy,https://raw.githubusercontent.com/italia/covid19-opendata-vaccini/master/dati/somministrazioni-vaccini-latest.csv,"Johnson&Johnson, Moderna, Oxford/AstraZeneca, Pfizer/BioNTech"
2021-06-22,47641483,32321110,16526439,0,Italy,https://raw.githubusercontent.com/italia/covid19-opendata-vaccini/master/dati/somministrazioni-vaccini-latest.csv,"Johnson&Johnson, Moderna, Oxford/AstraZeneca, Pfizer/BioNTech"
2021-06-23,48210390,32601891,16820235,0,Italy,https://raw.githubusercontent.com/italia/covid19-opendata-vaccini/master/dati/somministrazioni-vaccini-latest.csv,"Johnson&Johnson, Moderna, Oxford/AstraZeneca, Pfizer/BioNTech"
2021-06-24,48822632,32897177,17142669,0,Italy,https://raw.githubusercontent.com/italia/covid19-opendata-vaccini/master/dati/somministrazioni-vaccini-latest.csv,"Johnson&Johnson, Moderna, Oxford/AstraZeneca, Pfizer/BioNTech"
2021-06-25,49440620,33181497,17481400,0,Italy,https://raw.githubusercontent.com/italia/covid19-opendata-vaccini/master/dati/somministrazioni-vaccini-latest.csv,"Johnson&Johnson, Moderna, Oxford/AstraZeneca, Pfizer/BioNTech"
2021-06-26,49996183,33449497,17772552,0,Italy,https://raw.githubusercontent.com/italia/covid19-opendata-vaccini/master/dati/somministrazioni-vaccini-latest.csv,"Johnson&Johnson, Moderna, Oxford/AstraZeneca, Pfizer/BioNTech"
2021-06-27,50428118,33663443,17993822,0,Italy,https://raw.githubusercontent.com/italia/covid19-opendata-vaccini/master/dati/somministrazioni-vaccini-latest.csv,"Johnson&Johnson, Moderna, Oxford/AstraZeneca, Pfizer/BioNTech"
2021-06-28,50988057,33930280,18290944,0,Italy,https://raw.githubusercontent.com/italia/covid19-opendata-vaccini/master/dati/somministrazioni-vaccini-latest.csv,"Johnson&Johnson, Moderna, Oxford/AstraZeneca, Pfizer/BioNTech"
2021-06-29,51551852,34178107,18610594,0,Italy,https://raw.githubusercontent.com/italia/covid19-opendata-vaccini/master/dati/somministrazioni-vaccini-latest.csv,"Johnson&Johnson, Moderna, Oxford/AstraZeneca, Pfizer/BioNTech"
2021-06-30,52125768,34424996,18942419,0,Italy,https://raw.githubusercontent.com/italia/covid19-opendata-vaccini/master/dati/somministrazioni-vaccini-latest.csv,"Johnson&Johnson, Moderna, Oxford/AstraZeneca, Pfizer/BioNTech"
2021-07-01,52695326,34647183,19294862,0,Italy,https://raw.githubusercontent.com/italia/covid19-opendata-vaccini/master/dati/somministrazioni-vaccini-latest.csv,"Johnson&Johnson, Moderna, Oxford/AstraZeneca, Pfizer/BioNTech"
2021-07-02,53251269,34848622,19653556,0,Italy,https://raw.githubusercontent.com/italia/covid19-opendata-vaccini/master/dati/somministrazioni-vaccini-latest.csv,"Johnson&Johnson, Moderna, Oxford/AstraZeneca, Pfizer/BioNTech"
2021-07-03,53778714,35015460,20016889,0,Italy,https://raw.githubusercontent.com/italia/covid19-opendata-vaccini/master/dati/somministrazioni-vaccini-latest.csv,"Johnson&Johnson, Moderna, Oxford/AstraZeneca, Pfizer/BioNTech"
2021-07-04,54193470,35156020,20293571,0,Italy,https://raw.githubusercontent.com/italia/covid19-opendata-vaccini/master/dati/somministrazioni-vaccini-latest.csv,"Johnson&Johnson, Moderna, Oxford/AstraZeneca, Pfizer/BioNTech"
2021-07-05,54734371,35325942,20668772,0,Italy,https://raw.githubusercontent.com/italia/covid19-opendata-vaccini/master/dati/somministrazioni-vaccini-latest.csv,"Johnson&Johnson, Moderna, Oxford/AstraZeneca, Pfizer/BioNTech"
2021-07-06,55273122,35491418,21046096,0,Italy,https://raw.githubusercontent.com/italia/covid19-opendata-vaccini/master/dati/somministrazioni-vaccini-latest.csv,"Johnson&Johnson, Moderna, Oxford/AstraZeneca, Pfizer/BioNTech"
2021-07-07,55821877,35639189,21450356,0,Italy,https://raw.githubusercontent.com/italia/covid19-opendata-vaccini/master/dati/somministrazioni-vaccini-latest.csv,"Johnson&Johnson, Moderna, Oxford/AstraZeneca, Pfizer/BioNTech"
2021-07-08,56407871,35755369,21923441,0,Italy,https://raw.githubusercontent.com/italia/covid19-opendata-vaccini/master/dati/somministrazioni-vaccini-latest.csv,"Johnson&Johnson, Moderna, Oxford/AstraZeneca, Pfizer/BioNTech"
2021-07-09,57006976,35865517,22415382,0,Italy,https://raw.githubusercontent.com/italia/covid19-opendata-vaccini/master/dati/somministrazioni-vaccini-latest.csv,"Johnson&Johnson, Moderna, Oxford/AstraZeneca, Pfizer/BioNTech"
2021-07-10,57576284,35967452,22884680,0,Italy,https://raw.githubusercontent.com/italia/covid19-opendata-vaccini/master/dati/somministrazioni-vaccini-latest.csv,"Johnson&Johnson, Moderna, Oxford/AstraZeneca, Pfizer/BioNTech"
2021-07-11,57987691,36026801,23238567,0,Italy,https://raw.githubusercontent.com/italia/covid19-opendata-vaccini/master/dati/somministrazioni-vaccini-latest.csv,"Johnson&Johnson, Moderna, Oxford/AstraZeneca, Pfizer/BioNTech"
2021-07-12,58555009,36117736,23718347,0,Italy,https://raw.githubusercontent.com/italia/covid19-opendata-vaccini/master/dati/somministrazioni-vaccini-latest.csv,"Johnson&Johnson, Moderna, Oxford/AstraZeneca, Pfizer/BioNTech"
2021-07-13,59126917,36206798,24204249,0,Italy,https://raw.githubusercontent.com/italia/covid19-opendata-vaccini/master/dati/somministrazioni-vaccini-latest.csv,"Johnson&Johnson, Moderna, Oxford/AstraZeneca, Pfizer/BioNTech"
2021-07-14,59694568,36304976,24677681,0,Italy,https://raw.githubusercontent.com/italia/covid19-opendata-vaccini/master/dati/somministrazioni-vaccini-latest.csv,"Johnson&Johnson, Moderna, Oxford/AstraZeneca, Pfizer/BioNTech"
2021-07-15,60309265,36407678,25193706,0,Italy,https://raw.githubusercontent.com/italia/covid19-opendata-vaccini/master/dati/somministrazioni-vaccini-latest.csv,"Johnson&Johnson, Moderna, Oxford/AstraZeneca, Pfizer/BioNTech"
2021-07-16,60905869,36504872,25696640,0,Italy,https://raw.githubusercontent.com/italia/covid19-opendata-vaccini/master/dati/somministrazioni-vaccini-latest.csv,"Johnson&Johnson, Moderna, Oxford/AstraZeneca, Pfizer/BioNTech"
2021-07-17,61444052,36586818,26155214,0,Italy,https://raw.githubusercontent.com/italia/covid19-opendata-vaccini/master/dati/somministrazioni-vaccini-latest.csv,"Johnson&Johnson, Moderna, Oxford/AstraZeneca, Pfizer/BioNTech"
2021-07-18,61889145,36673643,26514973,0,Italy,https://raw.githubusercontent.com/italia/covid19-opendata-vaccini/master/dati/somministrazioni-vaccini-latest.csv,"Johnson&Johnson, Moderna, Oxford/AstraZeneca, Pfizer/BioNTech"
2021-07-19,62464181,36796087,26970748,0,Italy,https://raw.githubusercontent.com/italia/covid19-opendata-vaccini/master/dati/somministrazioni-vaccini-latest.csv,"Johnson&Johnson, Moderna, Oxford/AstraZeneca, Pfizer/BioNTech"
2021-07-20,63031989,36917102,27421042,0,Italy,https://raw.githubusercontent.com/italia/covid19-opendata-vaccini/master/dati/somministrazioni-vaccini-latest.csv,"Johnson&Johnson, Moderna, Oxford/AstraZeneca, Pfizer/BioNTech"
2021-07-21,63616576,37052663,27875233,0,Italy,https://raw.githubusercontent.com/italia/covid19-opendata-vaccini/master/dati/somministrazioni-vaccini-latest.csv,"Johnson&Johnson, Moderna, Oxford/AstraZeneca, Pfizer/BioNTech"
2021-07-22,64223642,37198802,28340723,0,Italy,https://raw.githubusercontent.com/italia/covid19-opendata-vaccini/master/dati/somministrazioni-vaccini-latest.csv,"Johnson&Johnson, Moderna, Oxford/AstraZeneca, Pfizer/BioNTech"
2021-07-23,64811560,37360443,28771547,0,Italy,https://raw.githubusercontent.com/italia/covid19-opendata-vaccini/master/dati/somministrazioni-vaccini-latest.csv,"Johnson&Johnson, Moderna, Oxford/AstraZeneca, Pfizer/BioNTech"
2021-07-24,65306713,37480870,29150749,0,Italy,https://raw.githubusercontent.com/italia/covid19-opendata-vaccini/master/dati/somministrazioni-vaccini-latest.csv,"Johnson&Johnson, Moderna, Oxford/AstraZeneca, Pfizer/BioNTech"
2021-07-25,65670006,37563918,29433771,0,Italy,https://raw.githubusercontent.com/italia/covid19-opendata-vaccini/master/dati/somministrazioni-vaccini-latest.csv,"Johnson&Johnson, Moderna, Oxford/AstraZeneca, Pfizer/BioNTech"
2021-07-26,66235213,37711560,29856593,0,Italy,https://raw.githubusercontent.com/italia/covid19-opendata-vaccini/master/dati/somministrazioni-vaccini-latest.csv,"Johnson&Johnson, Moderna, Oxford/AstraZeneca, Pfizer/BioNTech"
2021-07-27,66808896,37859100,30288851,0,Italy,https://raw.githubusercontent.com/italia/covid19-opendata-vaccini/master/dati/somministrazioni-vaccini-latest.csv,"Johnson&Johnson, Moderna, Oxford/AstraZeneca, Pfizer/BioNTech"
2021-07-28,67348363,38023659,30670570,0,Italy,https://raw.githubusercontent.com/italia/covid19-opendata-vaccini/master/dati/somministrazioni-vaccini-latest.csv,"Johnson&Johnson, Moderna, Oxford/AstraZeneca, Pfizer/BioNTech"
2021-07-29,67888401,38207365,31032726,0,Italy,https://raw.githubusercontent.com/italia/covid19-opendata-vaccini/master/dati/somministrazioni-vaccini-latest.csv,"Johnson&Johnson, Moderna, Oxford/AstraZeneca, Pfizer/BioNTech"
2021-07-30,68404378,38398444,31363572,0,Italy,https://raw.githubusercontent.com/italia/covid19-opendata-vaccini/master/dati/somministrazioni-vaccini-latest.csv,"Johnson&Johnson, Moderna, Oxford/AstraZeneca, Pfizer/BioNTech"
2021-07-31,68836962,38556431,31642370,0,Italy,https://raw.githubusercontent.com/italia/covid19-opendata-vaccini/master/dati/somministrazioni-vaccini-latest.csv,"Johnson&Johnson, Moderna, Oxford/AstraZeneca, Pfizer/BioNTech"
2021-08-01,69132995,38670041,31827154,0,Italy,https://raw.githubusercontent.com/italia/covid19-opendata-vaccini/master/dati/somministrazioni-vaccini-latest.csv,"Johnson&Johnson, Moderna, Oxford/AstraZeneca, Pfizer/BioNTech"
2021-08-02,69611027,38826544,32153038,0,Italy,https://raw.githubusercontent.com/italia/covid19-opendata-vaccini/master/dati/somministrazioni-vaccini-latest.csv,"Johnson&Johnson, Moderna, Oxford/AstraZeneca, Pfizer/BioNTech"
2021-08-03,70079895,38984631,32467808,0,Italy,https://raw.githubusercontent.com/italia/covid19-opendata-vaccini/master/dati/somministrazioni-vaccini-latest.csv,"Johnson&Johnson, Moderna, Oxford/AstraZeneca, Pfizer/BioNTech"
2021-08-04,70557955,39165094,32769054,0,Italy,https://raw.githubusercontent.com/italia/covid19-opendata-vaccini/master/dati/somministrazioni-vaccini-latest.csv,"Johnson&Johnson, Moderna, Oxford/AstraZeneca, Pfizer/BioNTech"
2021-08-05,71019951,39347662,33051978,0,Italy,https://raw.githubusercontent.com/italia/covid19-opendata-vaccini/master/dati/somministrazioni-vaccini-latest.csv,"Johnson&Johnson, Moderna, Oxford/AstraZeneca, Pfizer/BioNTech"
2021-08-06,71459416,39541808,33301451,0,Italy,https://raw.githubusercontent.com/italia/covid19-opendata-vaccini/master/dati/somministrazioni-vaccini-latest.csv,"Johnson&Johnson, Moderna, Oxford/AstraZeneca, Pfizer/BioNTech"
2021-08-07,71804733,39699142,33492521,0,Italy,https://raw.githubusercontent.com/italia/covid19-opendata-vaccini/master/dati/somministrazioni-vaccini-latest.csv,"Johnson&Johnson, Moderna, Oxford/AstraZeneca, Pfizer/BioNTech"
2021-08-08,72064318,39812313,33640496,0,Italy,https://raw.githubusercontent.com/italia/covid19-opendata-vaccini/master/dati/somministrazioni-vaccini-latest.csv,"Johnson&Johnson, Moderna, Oxford/AstraZeneca, Pfizer/BioNTech"
2021-08-09,72471764,39999500,33864253,0,Italy,https://raw.githubusercontent.com/italia/covid19-opendata-vaccini/master/dati/somministrazioni-vaccini-latest.csv,"Johnson&Johnson, Moderna, Oxford/AstraZeneca, Pfizer/BioNTech"
2021-08-10,72849249,40186035,34058773,0,Italy,https://raw.githubusercontent.com/italia/covid19-opendata-vaccini/master/dati/somministrazioni-vaccini-latest.csv,"Johnson&Johnson, Moderna, Oxford/AstraZeneca, Pfizer/BioNTech"
2021-08-11,73208150,40365438,34242315,0,Italy,https://raw.githubusercontent.com/italia/covid19-opendata-vaccini/master/dati/somministrazioni-vaccini-latest.csv,"Johnson&Johnson, Moderna, Oxford/AstraZeneca, Pfizer/BioNTech"
2021-08-12,73547015,40551053,34399171,0,Italy,https://raw.githubusercontent.com/italia/covid19-opendata-vaccini/master/dati/somministrazioni-vaccini-latest.csv,"Johnson&Johnson, Moderna, Oxford/AstraZeneca, Pfizer/BioNTech"
2021-08-13,73843653,40711080,34538601,0,Italy,https://raw.githubusercontent.com/italia/covid19-opendata-vaccini/master/dati/somministrazioni-vaccini-latest.csv,"Johnson&Johnson, Moderna, Oxford/AstraZeneca, Pfizer/BioNTech"
2021-08-14,73972256,40778094,34601214,0,Italy,https://raw.githubusercontent.com/italia/covid19-opendata-vaccini/master/dati/somministrazioni-vaccini-latest.csv,"Johnson&Johnson, Moderna, Oxford/AstraZeneca, Pfizer/BioNTech"
2021-08-15,74025055,40806461,34626163,0,Italy,https://raw.githubusercontent.com/italia/covid19-opendata-vaccini/master/dati/somministrazioni-vaccini-latest.csv,"Johnson&Johnson, Moderna, Oxford/AstraZeneca, Pfizer/BioNTech"
2021-08-16,74260029,40936481,34733144,0,Italy,https://raw.githubusercontent.com/italia/covid19-opendata-vaccini/master/dati/somministrazioni-vaccini-latest.csv,"Johnson&Johnson, Moderna, Oxford/AstraZeneca, Pfizer/BioNTech"
2021-08-17,74511085,41069529,34854414,0,Italy,https://raw.githubusercontent.com/italia/covid19-opendata-vaccini/master/dati/somministrazioni-vaccini-latest.csv,"Johnson&Johnson, Moderna, Oxford/AstraZeneca, Pfizer/BioNTech"
2021-08-18,74770720,41212754,34974374,0,Italy,https://raw.githubusercontent.com/italia/covid19-opendata-vaccini/master/dati/somministrazioni-vaccini-latest.csv,"Johnson&Johnson, Moderna, Oxford/AstraZeneca, Pfizer/BioNTech"
2021-08-19,75013169,41341572,35091214,0,Italy,https://raw.githubusercontent.com/italia/covid19-opendata-vaccini/master/dati/somministrazioni-vaccini-latest.csv,"Johnson&Johnson, Moderna, Oxford/AstraZeneca, Pfizer/BioNTech"
2021-08-20,75244048,41459079,35206732,0,Italy,https://raw.githubusercontent.com/italia/covid19-opendata-vaccini/master/dati/somministrazioni-vaccini-latest.csv,"Johnson&Johnson, Moderna, Oxford/AstraZeneca, Pfizer/BioNTech"
2021-08-21,75400380,41539061,35284557,0,Italy,https://raw.githubusercontent.com/italia/covid19-opendata-vaccini/master/dati/somministrazioni-vaccini-latest.csv,"Johnson&Johnson, Moderna, Oxford/AstraZeneca, Pfizer/BioNTech"
2021-08-22,75513553,41588735,35349627,0,Italy,https://raw.githubusercontent.com/italia/covid19-opendata-vaccini/master/dati/somministrazioni-vaccini-latest.csv,"Johnson&Johnson, Moderna, Oxford/AstraZeneca, Pfizer/BioNTech"
2021-08-23,75824097,41738350,35514218,0,Italy,https://raw.githubusercontent.com/italia/covid19-opendata-vaccini/master/dati/somministrazioni-vaccini-latest.csv,"Johnson&Johnson, Moderna, Oxford/AstraZeneca, Pfizer/BioNTech"
2021-08-24,76105042,41876616,35659589,0,Italy,https://raw.githubusercontent.com/italia/covid19-opendata-vaccini/master/dati/somministrazioni-vaccini-latest.csv,"Johnson&Johnson, Moderna, Oxford/AstraZeneca, Pfizer/BioNTech"
2021-08-25,76400057,42008674,35825537,0,Italy,https://raw.githubusercontent.com/italia/covid19-opendata-vaccini/master/dati/somministrazioni-vaccini-latest.csv,"Johnson&Johnson, Moderna, Oxford/AstraZeneca, Pfizer/BioNTech"
2021-08-26,76682035,42131637,35987308,0,Italy,https://raw.githubusercontent.com/italia/covid19-opendata-vaccini/master/dati/somministrazioni-vaccini-latest.csv,"Johnson&Johnson, Moderna, Oxford/AstraZeneca, Pfizer/BioNTech"
2021-08-27,76972529,42248696,36163031,0,Italy,https://raw.githubusercontent.com/italia/covid19-opendata-vaccini/master/dati/somministrazioni-vaccini-latest.csv,"Johnson&Johnson, Moderna, Oxford/AstraZeneca, Pfizer/BioNTech"
2021-08-28,77199688,42345086,36295268,0,Italy,https://raw.githubusercontent.com/italia/covid19-opendata-vaccini/master/dati/somministrazioni-vaccini-latest.csv,"Johnson&Johnson, Moderna, Oxford/AstraZeneca, Pfizer/BioNTech"
2021-08-29,77360655,42413253,36388943,0,Italy,https://raw.githubusercontent.com/italia/covid19-opendata-vaccini/master/dati/somministrazioni-vaccini-latest.csv,"Johnson&Johnson, Moderna, Oxford/AstraZeneca, Pfizer/BioNTech"
2021-08-30,77711138,42570740,36584304,0,Italy,https://raw.githubusercontent.com/italia/covid19-opendata-vaccini/master/dati/somministrazioni-vaccini-latest.csv,"Johnson&Johnson, Moderna, Oxford/AstraZeneca, Pfizer/BioNTech"
2021-08-31,78035281,42715081,36766379,0,Italy,https://raw.githubusercontent.com/italia/covid19-opendata-vaccini/master/dati/somministrazioni-vaccini-latest.csv,"Johnson&Johnson, Moderna, Oxford/AstraZeneca, Pfizer/BioNTech"
2021-09-01,78349312,42850540,36946801,2,Italy,https://raw.githubusercontent.com/italia/covid19-opendata-vaccini/master/dati/somministrazioni-vaccini-latest.csv,"Johnson&Johnson, Moderna, Oxford/AstraZeneca, Pfizer/BioNTech"
2021-09-02,78647839,42972215,37126075,3,Italy,https://raw.githubusercontent.com/italia/covid19-opendata-vaccini/master/dati/somministrazioni-vaccini-latest.csv,"Johnson&Johnson, Moderna, Oxford/AstraZeneca, Pfizer/BioNTech"
2021-09-03,78943839,43089129,37306867,4,Italy,https://raw.githubusercontent.com/italia/covid19-opendata-vaccini/master/dati/somministrazioni-vaccini-latest.csv,"Johnson&Johnson, Moderna, Oxford/AstraZeneca, Pfizer/BioNTech"
2021-09-04,79164608,43188877,37428989,5,Italy,https://raw.githubusercontent.com/italia/covid19-opendata-vaccini/master/dati/somministrazioni-vaccini-latest.csv,"Johnson&Johnson, Moderna, Oxford/AstraZeneca, Pfizer/BioNTech"
2021-09-05,79307758,43249948,37511681,5,Italy,https://raw.githubusercontent.com/italia/covid19-opendata-vaccini/master/dati/somministrazioni-vaccini-latest.csv,"Johnson&Johnson, Moderna, Oxford/AstraZeneca, Pfizer/BioNTech"
2021-09-06,79597370,43357650,37694987,8,Italy,https://raw.githubusercontent.com/italia/covid19-opendata-vaccini/master/dati/somministrazioni-vaccini-latest.csv,"Johnson&Johnson, Moderna, Oxford/AstraZeneca, Pfizer/BioNTech"
2021-09-07,79879876,43454915,37881569,9,Italy,https://raw.githubusercontent.com/italia/covid19-opendata-vaccini/master/dati/somministrazioni-vaccini-latest.csv,"Johnson&Johnson, Moderna, Oxford/AstraZeneca, Pfizer/BioNTech"
2021-09-08,80151335,43549236,38060260,11,Italy,https://raw.githubusercontent.com/italia/covid19-opendata-vaccini/master/dati/somministrazioni-vaccini-latest.csv,"Johnson&Johnson, Moderna, Oxford/AstraZeneca, Pfizer/BioNTech"
2021-09-09,80429544,43636397,38252764,13,Italy,https://raw.githubusercontent.com/italia/covid19-opendata-vaccini/master/dati/somministrazioni-vaccini-latest.csv,"Johnson&Johnson, Moderna, Oxford/AstraZeneca, Pfizer/BioNTech"
2021-09-10,80703142,43722282,38441510,14,Italy,https://raw.githubusercontent.com/italia/covid19-opendata-vaccini/master/dati/somministrazioni-vaccini-latest.csv,"Johnson&Johnson, Moderna, Oxford/AstraZeneca, Pfizer/BioNTech"
2021-09-11,80908171,43794556,38575168,16,Italy,https://raw.githubusercontent.com/italia/covid19-opendata-vaccini/master/dati/somministrazioni-vaccini-latest.csv,"Johnson&Johnson, Moderna, Oxford/AstraZeneca, Pfizer/BioNTech"
2021-09-12,81040266,43842434,38659889,18,Italy,https://raw.githubusercontent.com/italia/covid19-opendata-vaccini/master/dati/somministrazioni-vaccini-latest.csv,"Johnson&Johnson, Moderna, Oxford/AstraZeneca, Pfizer/BioNTech"
2021-09-13,81296631,43915783,38843686,21,Italy,https://raw.githubusercontent.com/italia/covid19-opendata-vaccini/master/dati/somministrazioni-vaccini-latest.csv,"Johnson&Johnson, Moderna, Oxford/AstraZeneca, Pfizer/BioNTech"
2021-09-14,81535769,43985776,39013664,49,Italy,https://raw.githubusercontent.com/italia/covid19-opendata-vaccini/master/dati/somministrazioni-vaccini-latest.csv,"Johnson&Johnson, Moderna, Oxford/AstraZeneca, Pfizer/BioNTech"
2021-09-15,81759384,44054307,39169634,54,Italy,https://raw.githubusercontent.com/italia/covid19-opendata-vaccini/master/dati/somministrazioni-vaccini-latest.csv,"Johnson&Johnson, Moderna, Oxford/AstraZeneca, Pfizer/BioNTech"
2021-09-16,81975338,44117064,39323638,242,Italy,https://raw.githubusercontent.com/italia/covid19-opendata-vaccini/master/dati/somministrazioni-vaccini-latest.csv,"Johnson&Johnson, Moderna, Oxford/AstraZeneca, Pfizer/BioNTech"
2021-09-17,82193553,44192371,39466839,727,Italy,https://raw.githubusercontent.com/italia/covid19-opendata-vaccini/master/dati/somministrazioni-vaccini-latest.csv,"Johnson&Johnson, Moderna, Oxford/AstraZeneca, Pfizer/BioNTech"
2021-09-18,82400430,44279322,39587462,1031,Italy,https://raw.githubusercontent.com/italia/covid19-opendata-vaccini/master/dati/somministrazioni-vaccini-latest.csv,"Johnson&Johnson, Moderna, Oxford/AstraZeneca, Pfizer/BioNTech"
2021-09-19,82531150,44333743,39664045,1273,Italy,https://raw.githubusercontent.com/italia/covid19-opendata-vaccini/master/dati/somministrazioni-vaccini-latest.csv,"Johnson&Johnson, Moderna, Oxford/AstraZeneca, Pfizer/BioNTech"
2021-09-20,82797297,44419443,39837393,9301,Italy,https://raw.githubusercontent.com/italia/covid19-opendata-vaccini/master/dati/somministrazioni-vaccini-latest.csv,"Johnson&Johnson, Moderna, Oxford/AstraZeneca, Pfizer/BioNTech"
2021-09-21,83052838,44508223,39997466,17124,Italy,https://raw.githubusercontent.com/italia/covid19-opendata-vaccini/master/dati/somministrazioni-vaccini-latest.csv,"Johnson&Johnson, Moderna, Oxford/AstraZeneca, Pfizer/BioNTech"
2021-09-22,83304174,44599778,40149640,25651,Italy,https://raw.githubusercontent.com/italia/covid19-opendata-vaccini/master/dati/somministrazioni-vaccini-latest.csv,"Johnson&Johnson, Moderna, Oxford/AstraZeneca, Pfizer/BioNTech"
2021-09-23,83533478,44690772,40280724,34070,Italy,https://raw.githubusercontent.com/italia/covid19-opendata-vaccini/master/dati/somministrazioni-vaccini-latest.csv,"Johnson&Johnson, Moderna, Oxford/AstraZeneca, Pfizer/BioNTech"
2021-09-24,83768141,44785243,40413972,42060,Italy,https://raw.githubusercontent.com/italia/covid19-opendata-vaccini/master/dati/somministrazioni-vaccini-latest.csv,"Johnson&Johnson, Moderna, Oxford/AstraZeneca, Pfizer/BioNTech"
2021-09-25,83972752,44873026,40526864,47063,Italy,https://raw.githubusercontent.com/italia/covid19-opendata-vaccini/master/dati/somministrazioni-vaccini-latest.csv,"Johnson&Johnson, Moderna, Oxford/AstraZeneca, Pfizer/BioNTech"
2021-09-26,84099869,44929110,40594640,51038,Italy,https://raw.githubusercontent.com/italia/covid19-opendata-vaccini/master/dati/somministrazioni-vaccini-latest.csv,"Johnson&Johnson, Moderna, Oxford/AstraZeneca, Pfizer/BioNTech"
2021-09-27,84321425,45013313,40723932,60179,Italy,https://raw.githubusercontent.com/italia/covid19-opendata-vaccini/master/dati/somministrazioni-vaccini-latest.csv,"Johnson&Johnson, Moderna, Oxford/AstraZeneca, Pfizer/BioNTech"
2021-09-28,84523230,45094429,40835000,70679,Italy,https://raw.githubusercontent.com/italia/covid19-opendata-vaccini/master/dati/somministrazioni-vaccini-latest.csv,"Johnson&Johnson, Moderna, Oxford/AstraZeneca, Pfizer/BioNTech"
2021-09-29,84720111,45174844,40941231,81672,Italy,https://raw.githubusercontent.com/italia/covid19-opendata-vaccini/master/dati/somministrazioni-vaccini-latest.csv,"Johnson&Johnson, Moderna, Oxford/AstraZeneca, Pfizer/BioNTech"
2021-09-30,84923541,45262305,41044701,95584,Italy,https://raw.githubusercontent.com/italia/covid19-opendata-vaccini/master/dati/somministrazioni-vaccini-latest.csv,"Johnson&Johnson, Moderna, Oxford/AstraZeneca, Pfizer/BioNTech"
2021-10-01,85099471,45331057,41134422,113581,Italy,https://raw.githubusercontent.com/italia/covid19-opendata-vaccini/master/dati/somministrazioni-vaccini-latest.csv,"Johnson&Johnson, Moderna, Oxford/AstraZeneca, Pfizer/BioNTech"
2021-10-02,85249367,45394349,41208195,126927,Italy,https://raw.githubusercontent.com/italia/covid19-opendata-vaccini/master/dati/somministrazioni-vaccini-latest.csv,"Johnson&Johnson, Moderna, Oxford/AstraZeneca, Pfizer/BioNTech"
2021-10-03,85334941,45427815,41253331,134176,Italy,https://raw.githubusercontent.com/italia/covid19-opendata-vaccini/master/dati/somministrazioni-vaccini-latest.csv,"Johnson&Johnson, Moderna, Oxford/AstraZeneca, Pfizer/BioNTech"
2021-10-04,85508410,45485487,41337355,166409,Italy,https://raw.githubusercontent.com/italia/covid19-opendata-vaccini/master/dati/somministrazioni-vaccini-latest.csv,"Johnson&Johnson, Moderna, Oxford/AstraZeneca, Pfizer/BioNTech"
2021-10-05,85672668,45542485,41413425,198120,Italy,https://raw.githubusercontent.com/italia/covid19-opendata-vaccini/master/dati/somministrazioni-vaccini-latest.csv,"Johnson&Johnson, Moderna, Oxford/AstraZeneca, Pfizer/BioNTech"
2021-10-06,85830154,45600792,41481204,230046,Italy,https://raw.githubusercontent.com/italia/covid19-opendata-vaccini/master/dati/somministrazioni-vaccini-latest.csv,"Johnson&Johnson, Moderna, Oxford/AstraZeneca, Pfizer/BioNTech"
2021-10-07,85989652,45661331,41548220,262575,Italy,https://raw.githubusercontent.com/italia/covid19-opendata-vaccini/master/dati/somministrazioni-vaccini-latest.csv,"Johnson&Johnson, Moderna, Oxford/AstraZeneca, Pfizer/BioNTech"
2021-10-08,86161207,45726034,41623899,294417,Italy,https://raw.githubusercontent.com/italia/covid19-opendata-vaccini/master/dati/somministrazioni-vaccini-latest.csv,"Johnson&Johnson, Moderna, Oxford/AstraZeneca, Pfizer/BioNTech"
2021-10-09,86308769,45781522,41695247,315790,Italy,https://raw.githubusercontent.com/italia/covid19-opendata-vaccini/master/dati/somministrazioni-vaccini-latest.csv,"Johnson&Johnson, Moderna, Oxford/AstraZeneca, Pfizer/BioNTech"
2021-10-10,86393654,45810045,41738772,328982,Italy,https://raw.githubusercontent.com/italia/covid19-opendata-vaccini/master/dati/somministrazioni-vaccini-latest.csv,"Johnson&Johnson, Moderna, Oxford/AstraZeneca, Pfizer/BioNTech"
2021-10-11,86575562,45869764,41821904,368494,Italy,https://raw.githubusercontent.com/italia/covid19-opendata-vaccini/master/dati/somministrazioni-vaccini-latest.csv,"Johnson&Johnson, Moderna, Oxford/AstraZeneca, Pfizer/BioNTech"
2021-10-12,86763595,45933391,41902244,413268,Italy,https://raw.githubusercontent.com/italia/covid19-opendata-vaccini/master/dati/somministrazioni-vaccini-latest.csv,"Johnson&Johnson, Moderna, Oxford/AstraZeneca, Pfizer/BioNTech"
2021-10-13,86966747,46003534,41987500,461741,Italy,https://raw.githubusercontent.com/italia/covid19-opendata-vaccini/master/dati/somministrazioni-vaccini-latest.csv,"Johnson&Johnson, Moderna, Oxford/AstraZeneca, Pfizer/BioNTech"
2021-10-14,87189502,46085062,42074326,516954,Italy,https://raw.githubusercontent.com/italia/covid19-opendata-vaccini/master/dati/somministrazioni-vaccini-latest.csv,"Johnson&Johnson, Moderna, Oxford/AstraZeneca, Pfizer/BioNTech"
2021-10-15,87406490,46161731,42163093,569218,Italy,https://raw.githubusercontent.com/italia/covid19-opendata-vaccini/master/dati/somministrazioni-vaccini-latest.csv,"Johnson&Johnson, Moderna, Oxford/AstraZeneca, Pfizer/BioNTech"
2021-10-16,87576346,46218807,42241421,604307,Italy,https://raw.githubusercontent.com/italia/covid19-opendata-vaccini/master/dati/somministrazioni-vaccini-latest.csv,"Johnson&Johnson, Moderna, Oxford/AstraZeneca, Pfizer/BioNTech"
2021-10-17,87679591,46250380,42290638,627164,Italy,https://raw.githubusercontent.com/italia/covid19-opendata-vaccini/master/dati/somministrazioni-vaccini-latest.csv,"Johnson&Johnson, Moderna, Oxford/AstraZeneca, Pfizer/BioNTech"
2021-10-18,87874164,46302339,42377609,683149,Italy,https://raw.githubusercontent.com/italia/covid19-opendata-vaccini/master/dati/somministrazioni-vaccini-latest.csv,"Johnson&Johnson, Moderna, Oxford/AstraZeneca, Pfizer/BioNTech"
2021-10-19,88056554,46344867,42453105,747891,Italy,https://raw.githubusercontent.com/italia/covid19-opendata-vaccini/master/dati/somministrazioni-vaccini-latest.csv,"Johnson&Johnson, Moderna, Oxford/AstraZeneca, Pfizer/BioNTech"
2021-10-20,88241974,46383584,42525671,822304,Italy,https://raw.githubusercontent.com/italia/covid19-opendata-vaccini/master/dati/somministrazioni-vaccini-latest.csv,"Johnson&Johnson, Moderna, Oxford/AstraZeneca, Pfizer/BioNTech"
2021-10-21,88430409,46419155,42601268,899898,Italy,https://raw.githubusercontent.com/italia/covid19-opendata-vaccini/master/dati/somministrazioni-vaccini-latest.csv,"Johnson&Johnson, Moderna, Oxford/AstraZeneca, Pfizer/BioNTech"
2021-10-22,88608013,46453180,42672642,972588,Italy,https://raw.githubusercontent.com/italia/covid19-opendata-vaccini/master/dati/somministrazioni-vaccini-latest.csv,"Johnson&Johnson, Moderna, Oxford/AstraZeneca, Pfizer/BioNTech"
2021-10-23,88739799,46477313,42731283,1021808,Italy,https://raw.githubusercontent.com/italia/covid19-opendata-vaccini/master/dati/somministrazioni-vaccini-latest.csv,"Johnson&Johnson, Moderna, Oxford/AstraZeneca, Pfizer/BioNTech"
2021-10-24,88806239,46489603,42763844,1043559,Italy,https://raw.githubusercontent.com/italia/covid19-opendata-vaccini/master/dati/somministrazioni-vaccini-latest.csv,"Johnson&Johnson, Moderna, Oxford/AstraZeneca, Pfizer/BioNTech"
2021-10-25,88973399,46516357,42827223,1120798,Italy,https://raw.githubusercontent.com/italia/covid19-opendata-vaccini/master/dati/somministrazioni-vaccini-latest.csv,"Johnson&Johnson, Moderna, Oxford/AstraZeneca, Pfizer/BioNTech"
2021-10-26,89141187,46540542,42884714,1207120,Italy,https://raw.githubusercontent.com/italia/covid19-opendata-vaccini/master/dati/somministrazioni-vaccini-latest.csv,"Johnson&Johnson, Moderna, Oxford/AstraZeneca, Pfizer/BioNTech"
2021-10-27,89320556,46564323,42942645,1304930,Italy,https://raw.githubusercontent.com/italia/covid19-opendata-vaccini/master/dati/somministrazioni-vaccini-latest.csv,"Johnson&Johnson, Moderna, Oxford/AstraZeneca, Pfizer/BioNTech"
2021-10-28,89511726,46587185,43004279,1411733,Italy,https://raw.githubusercontent.com/italia/covid19-opendata-vaccini/master/dati/somministrazioni-vaccini-latest.csv,"Johnson&Johnson, Moderna, Oxford/AstraZeneca, Pfizer/BioNTech"
2021-10-29,89690753,46608224,43066089,1508030,Italy,https://raw.githubusercontent.com/italia/covid19-opendata-vaccini/master/dati/somministrazioni-vaccini-latest.csv,"Johnson&Johnson, Moderna, Oxford/AstraZeneca, Pfizer/BioNTech"
2021-10-30,89822309,46626026,43116170,1571812,Italy,https://raw.githubusercontent.com/italia/covid19-opendata-vaccini/master/dati/somministrazioni-vaccini-latest.csv,"Johnson&Johnson, Moderna, Oxford/AstraZeneca, Pfizer/BioNTech"
2021-10-31,89882045,46634544,43141249,1597999,Italy,https://raw.githubusercontent.com/italia/covid19-opendata-vaccini/master/dati/somministrazioni-vaccini-latest.csv,"Johnson&Johnson, Moderna, Oxford/AstraZeneca, Pfizer/BioNTech"
2021-11-01,89933707,46640744,43160404,1624330,Italy,https://raw.githubusercontent.com/italia/covid19-opendata-vaccini/master/dati/somministrazioni-vaccini-latest.csv,"Johnson&Johnson, Moderna, Oxford/AstraZeneca, Pfizer/BioNTech"
2021-11-02,90097538,46659034,43223893,1706459,Italy,https://raw.githubusercontent.com/italia/covid19-opendata-vaccini/master/dati/somministrazioni-vaccini-latest.csv,"Johnson&Johnson, Moderna, Oxford/AstraZeneca, Pfizer/BioNTech"
2021-11-03,90285395,46677830,43285438,1814077,Italy,https://raw.githubusercontent.com/italia/covid19-opendata-vaccini/master/dati/somministrazioni-vaccini-latest.csv,"Johnson&Johnson, Moderna, Oxford/AstraZeneca, Pfizer/BioNTech"
2021-11-04,90479785,46697230,43346118,1928463,Italy,https://raw.githubusercontent.com/italia/covid19-opendata-vaccini/master/dati/somministrazioni-vaccini-latest.csv,"Johnson&Johnson, Moderna, Oxford/AstraZeneca, Pfizer/BioNTech"
2021-11-05,90679491,46716787,43410380,2044546,Italy,https://raw.githubusercontent.com/italia/covid19-opendata-vaccini/master/dati/somministrazioni-vaccini-latest.csv,"Johnson&Johnson, Moderna, Oxford/AstraZeneca, Pfizer/BioNTech"
