location,date,vaccine,source_url,total_vaccinations,people_vaccinated,people_fully_vaccinated,total_boosters
Jersey,2021-03-14,"Oxford/AstraZeneca, Pfizer/BioNTech",https://www.gov.je/Datasets/ListOpenData?ListName=COVID19Weekly&clean=true,45758,40137,5621,
Jersey,2021-03-21,"Oxford/AstraZeneca, Pfizer/BioNTech",https://www.gov.je/Datasets/ListOpenData?ListName=COVID19Weekly&clean=true,52265,43136,9129,
Jersey,2021-03-28,"Oxford/AstraZeneca, Pfizer/BioNTech",https://www.gov.je/Datasets/ListOpenData?ListName=COVID19Weekly&clean=true,59132,44318,14814,
Jersey,2021-04-04,"Oxford/AstraZeneca, Pfizer/BioNTech",https://www.gov.je/Datasets/ListOpenData?ListName=COVID19Weekly&clean=true,67760,44981,22779,
Jersey,2021-04-11,"Moderna, Oxford/AstraZeneca, Pfizer/BioNTech",https://www.gov.je/Datasets/ListOpenData?ListName=COVID19Weekly&clean=true,70859,45585,25274,
Jersey,2021-04-18,"Moderna, Oxford/AstraZeneca, Pfizer/BioNTech",https://www.gov.je/Datasets/ListOpenData?ListName=COVID19Weekly&clean=true,77185,49413,27772,
Jersey,2021-04-25,"Moderna, Oxford/AstraZeneca, Pfizer/BioNTech",https://www.gov.je/Datasets/ListOpenData?ListName=COVID19Weekly&clean=true,82738,52405,30333,
Jersey,2021-05-02,"Moderna, Oxford/AstraZeneca, Pfizer/BioNTech",https://www.gov.je/Datasets/ListOpenData?ListName=COVID19Weekly&clean=true,88404,52891,35513,
Jersey,2021-05-12,"Moderna, Oxford/AstraZeneca, Pfizer/BioNTech",https://www.gov.je/Datasets/ListOpenData?ListName=COVID19Weekly&clean=true,94574,55684,38890,
Jersey,2021-05-16,"Moderna, Oxford/AstraZeneca, Pfizer/BioNTech",https://www.gov.je/Datasets/ListOpenData?ListName=COVID19Weekly&clean=true,97366,57124,40242,
Jersey,2021-05-19,"Moderna, Oxford/AstraZeneca, Pfizer/BioNTech",https://www.gov.je/Datasets/ListOpenData?ListName=COVID19Weekly&clean=true,99736,59281,40455,
Jersey,2021-05-23,"Moderna, Oxford/AstraZeneca, Pfizer/BioNTech",https://www.gov.je/Datasets/ListOpenData?ListName=COVID19Weekly&clean=true,103044,59388,43656,
Jersey,2021-05-26,"Moderna, Oxford/AstraZeneca, Pfizer/BioNTech",https://www.gov.je/Datasets/ListOpenData?ListName=COVID19Weekly&clean=true,105714,60116,45598,
Jersey,2021-05-30,"Moderna, Oxford/AstraZeneca, Pfizer/BioNTech",https://www.gov.je/Datasets/ListOpenData?ListName=COVID19Weekly&clean=true,108577,60961,47616,
Jersey,2021-06-02,"Moderna, Oxford/AstraZeneca, Pfizer/BioNTech",https://www.gov.je/Datasets/ListOpenData?ListName=COVID19Weekly&clean=true,110975,61284,49691,
Jersey,2021-06-06,"Moderna, Oxford/AstraZeneca, Pfizer/BioNTech",https://www.gov.je/Datasets/ListOpenData?ListName=COVID19Weekly&clean=true,113192,63340,49852,
Jersey,2021-06-09,"Moderna, Oxford/AstraZeneca, Pfizer/BioNTech",https://www.gov.je/Datasets/ListOpenData?ListName=COVID19Weekly&clean=true,114615,64541,50074,
Jersey,2021-06-13,"Moderna, Oxford/AstraZeneca, Pfizer/BioNTech",https://www.gov.je/Datasets/ListOpenData?ListName=COVID19Weekly&clean=true,116607,65146,51461,
Jersey,2021-06-16,"Moderna, Oxford/AstraZeneca, Pfizer/BioNTech",https://www.gov.je/Datasets/ListOpenData?ListName=COVID19Weekly&clean=true,118216,66606,51610,
Jersey,2021-06-20,"Moderna, Oxford/AstraZeneca, Pfizer/BioNTech",https://www.gov.je/Datasets/ListOpenData?ListName=COVID19Weekly&clean=true,119975,68210,51765,
Jersey,2021-06-23,"Moderna, Oxford/AstraZeneca, Pfizer/BioNTech",https://www.gov.je/Datasets/ListOpenData?ListName=COVID19Weekly&clean=true,121209,69246,51963,
Jersey,2021-06-27,"Moderna, Oxford/AstraZeneca, Pfizer/BioNTech",https://www.gov.je/Datasets/ListOpenData?ListName=COVID19Weekly&clean=true,122930,70335,52595,
Jersey,2021-07-04,"Moderna, Oxford/AstraZeneca, Pfizer/BioNTech",https://www.gov.je/Datasets/ListOpenData?ListName=COVID19Weekly&clean=true,126554,71444,55110,
Jersey,2021-07-07,"Moderna, Oxford/AstraZeneca, Pfizer/BioNTech",https://www.gov.je/Datasets/ListOpenData?ListName=COVID19Weekly&clean=true,128652,71671,56981,
Jersey,2021-07-11,"Moderna, Oxford/AstraZeneca, Pfizer/BioNTech",https://www.gov.je/Datasets/ListOpenData?ListName=COVID19Weekly&clean=true,130793,72369,58424,
Jersey,2021-07-14,"Moderna, Oxford/AstraZeneca, Pfizer/BioNTech",https://www.gov.je/Datasets/ListOpenData?ListName=COVID19Weekly&clean=true,132739,72703,60036,
Jersey,2021-07-18,"Moderna, Oxford/AstraZeneca, Pfizer/BioNTech",https://www.gov.je/Datasets/ListOpenData?ListName=COVID19Weekly&clean=true,135379,73170,62209,
Jersey,2021-07-21,"Moderna, Oxford/AstraZeneca, Pfizer/BioNTech",https://www.gov.je/Datasets/ListOpenData?ListName=COVID19Weekly&clean=true,137530,73568,63962,
Jersey,2021-07-25,"Moderna, Oxford/AstraZeneca, Pfizer/BioNTech",https://www.gov.je/Datasets/ListOpenData?ListName=COVID19Weekly&clean=true,140245,73964,66281,
Jersey,2021-07-28,"Moderna, Oxford/AstraZeneca, Pfizer/BioNTech",https://www.gov.je/Datasets/ListOpenData?ListName=COVID19Weekly&clean=true,142066,74267,67799,
Jersey,2021-08-01,"Moderna, Oxford/AstraZeneca, Pfizer/BioNTech",https://www.gov.je/Datasets/ListOpenData?ListName=COVID19Weekly&clean=true,143244,74511,68733,
Jersey,2021-08-04,"Moderna, Oxford/AstraZeneca, Pfizer/BioNTech",https://www.gov.je/Datasets/ListOpenData?ListName=COVID19Weekly&clean=true,144126,74710,69416,
Jersey,2021-08-08,"Moderna, Oxford/AstraZeneca, Pfizer/BioNTech",https://www.gov.je/Datasets/ListOpenData?ListName=COVID19Weekly&clean=true,144896,74899,69997,
Jersey,2021-08-11,"Moderna, Oxford/AstraZeneca, Pfizer/BioNTech",https://www.gov.je/Datasets/ListOpenData?ListName=COVID19Weekly&clean=true,145657,75249,70408,
Jersey,2021-08-15,"Moderna, Oxford/AstraZeneca, Pfizer/BioNTech",https://www.gov.je/Datasets/ListOpenData?ListName=COVID19Weekly&clean=true,146439,75506,70933,
Jersey,2021-08-18,"Moderna, Oxford/AstraZeneca, Pfizer/BioNTech",https://www.gov.je/Datasets/ListOpenData?ListName=COVID19Weekly&clean=true,146855,75674,71181,
Jersey,2021-08-22,"Moderna, Oxford/AstraZeneca, Pfizer/BioNTech",https://www.gov.je/Datasets/ListOpenData?ListName=COVID19Weekly&clean=true,147643,75860,71783,
Jersey,2021-08-29,"Moderna, Oxford/AstraZeneca, Pfizer/BioNTech",https://www.gov.je/Datasets/ListOpenData?ListName=COVID19Weekly&clean=true,148729,76256,72473,
Jersey,2021-09-01,"Moderna, Oxford/AstraZeneca, Pfizer/BioNTech",https://www.gov.je/Datasets/ListOpenData?ListName=COVID19Weekly&clean=true,149353,76478,72875,
Jersey,2021-09-05,"Moderna, Oxford/AstraZeneca, Pfizer/BioNTech",https://www.gov.je/Datasets/ListOpenData?ListName=COVID19Weekly&clean=true,149748,76630,73118,
Jersey,2021-09-08,"Moderna, Oxford/AstraZeneca, Pfizer/BioNTech",https://www.gov.je/Datasets/ListOpenData?ListName=COVID19Weekly&clean=true,150070,76723,73347,
Jersey,2021-09-12,"Moderna, Oxford/AstraZeneca, Pfizer/BioNTech",https://www.gov.je/Datasets/ListOpenData?ListName=COVID19Weekly&clean=true,150379,76818,73561,
Jersey,2021-09-15,"Moderna, Oxford/AstraZeneca, Pfizer/BioNTech",https://www.gov.je/Datasets/ListOpenData?ListName=COVID19Weekly&clean=true,150652,76918,73734,
Jersey,2021-09-19,"Moderna, Oxford/AstraZeneca, Pfizer/BioNTech",https://www.gov.je/Datasets/ListOpenData?ListName=COVID19Weekly&clean=true,150891,76998,73893,
Jersey,2021-09-22,"Moderna, Oxford/AstraZeneca, Pfizer/BioNTech",https://www.gov.je/Datasets/ListOpenData?ListName=COVID19Weekly&clean=true,151059,77089,73970,
Jersey,2021-09-26,"Moderna, Oxford/AstraZeneca, Pfizer/BioNTech",https://www.gov.je/Datasets/ListOpenData?ListName=COVID19Weekly&clean=true,153196,77168,74026,
Jersey,2021-09-29,"Moderna, Oxford/AstraZeneca, Pfizer/BioNTech",https://www.gov.je/Datasets/ListOpenData?ListName=COVID19Weekly&clean=true,154921,77423,74080,
Jersey,2021-10-03,"Moderna, Oxford/AstraZeneca, Pfizer/BioNTech",https://www.gov.je/Datasets/ListOpenData?ListName=COVID19Weekly&clean=true,157280,77796,74147,
Jersey,2021-10-06,"Moderna, Oxford/AstraZeneca, Pfizer/BioNTech",https://www.gov.je/Datasets/ListOpenData?ListName=COVID19Weekly&clean=true,159090,77925,74198,
Jersey,2021-10-13,"Moderna, Oxford/AstraZeneca, Pfizer/BioNTech",https://www.gov.je/Datasets/ListOpenData?ListName=COVID19Weekly&clean=true,162928,78261,74327,
Jersey,2021-10-17,"Moderna, Oxford/AstraZeneca, Pfizer/BioNTech",https://www.gov.je/Datasets/ListOpenData?ListName=COVID19Weekly&clean=true,165076,78415,74390,
Jersey,2021-10-20,"Moderna, Oxford/AstraZeneca, Pfizer/BioNTech",https://www.gov.je/Datasets/ListOpenData?ListName=COVID19Weekly&clean=true,166909,78537,74457,
Jersey,2021-10-24,"Moderna, Oxford/AstraZeneca, Pfizer/BioNTech",https://www.gov.je/Datasets/ListOpenData?ListName=COVID19Weekly&clean=true,169124,78701,74525,
Jersey,2021-10-27,"Moderna, Oxford/AstraZeneca, Pfizer/BioNTech",https://www.gov.je/Datasets/ListOpenData?ListName=COVID19Weekly&clean=true,170775,78809,74589,
Jersey,2021-10-31,"Moderna, Oxford/AstraZeneca, Pfizer/BioNTech",https://www.gov.je/Datasets/ListOpenData?ListName=COVID19Weekly&clean=true,172720,78947,74651,
