date,people_vaccinated,people_fully_vaccinated,total_vaccinations,location,source_url,vaccine,total_boosters
2021-06-01,0,,0,Kiribati,https://stats.pacificdata.org/vis?tm=covid&pg=0&df[ds]=SPC2&df[id]=DF_COVID_VACCINATION&df[ag]=SPC&df[vs]=1.0,Oxford/AstraZeneca,
2021-08-09,13970,0,13970,Kiribati,https://stats.pacificdata.org/vis?tm=covid&pg=0&df[ds]=SPC2&df[id]=DF_COVID_VACCINATION&df[ag]=SPC&df[vs]=1.0,Oxford/AstraZeneca,
2021-09-07,13970,6903,20873,Kiribati,https://stats.pacificdata.org/vis?tm=covid&pg=0&df[ds]=SPC2&df[id]=DF_COVID_VACCINATION&df[ag]=SPC&df[vs]=1.0,Oxford/AstraZeneca,
2021-09-14,24429,6903,31332,Kiribati,https://stats.pacificdata.org/vis?tm=covid&pg=0&df[ds]=SPC2&df[id]=DF_COVID_VACCINATION&df[ag]=SPC&df[vs]=1.0,Oxford/AstraZeneca,
2021-09-28,29429,6903,36332,Kiribati,https://stats.pacificdata.org/vis?tm=covid&pg=0&df[ds]=SPC2&df[id]=DF_COVID_VACCINATION&df[ag]=SPC&df[vs]=1.0,Oxford/AstraZeneca,
2021-10-05,37643,7759,45402,Kiribati,https://stats.pacificdata.org/vis?tm=covid&pg=0&df[ds]=SPC2&df[id]=DF_COVID_VACCINATION&df[ag]=SPC&df[vs]=1.0,Oxford/AstraZeneca,
2021-10-12,43044,8384,51428,Kiribati,https://stats.pacificdata.org/vis?tm=covid&pg=0&df[ds]=SPC2&df[id]=DF_COVID_VACCINATION&df[ag]=SPC&df[vs]=1.0,Oxford/AstraZeneca,
2021-10-25,54026,11253,65279,Kiribati,https://stats.pacificdata.org/vis?tm=covid&pg=0&df[ds]=SPC2&df[id]=DF_COVID_VACCINATION&df[ag]=SPC&df[vs]=1.0,Oxford/AstraZeneca,
