location,date,vaccine,source_url,total_vaccinations,people_vaccinated,people_fully_vaccinated,total_boosters
Kuwait,2020-12-28,Pfizer/BioNTech,https://alqabas.com/article/5828928-2500-شخص-حصلوا-على-لقاح-كورونا-في-يومين?id=5828928,2500,,,
Kuwait,2021-01-26,Pfizer/BioNTech,https://gulfnews.com/world/gulf/kuwait/covid-19-35000-vaccinated-in-kuwait-in-one-month-1.76746518,35000,,,
Kuwait,2021-02-15,Pfizer/BioNTech,https://news.kuwaittimes.net/website/compliance-or-lockdown-virus-here-to-stay-till-judgment-day/,175000,137000,38000,
Kuwait,2021-03-08,Pfizer/BioNTech,https://twitter.com/KUWAIT_MOH/status/1368961318095626243,360000,322000,38000,
Kuwait,2021-03-22,Pfizer/BioNTech,https://twitter.com/Almajlliss/status/1374039548192247808,538000,500000,38000,
Kuwait,2021-03-29,Pfizer/BioNTech,https://twitter.com/drayalsanad/status/1376585974948499459,604861,,38000,
Kuwait,2021-04-18,Pfizer/BioNTech,https://gulfnews.com/world/gulf/kuwait/covid-19-882000-people-get-vaccine-in-kuwait-1.78587417,860000,822000,38000,
Kuwait,2021-04-25,Pfizer/BioNTech,https://news.kuwaittimes.net/website/one-million-vaccine-doses-given-in-kuwait/,1000000,,,
Kuwait,2021-05-04,Pfizer/BioNTech,https://twitter.com/alqabas/status/1389614756483510276,1367000,,,
Kuwait,2021-05-06,Pfizer/BioNTech,https://twitter.com/aljarida/status/1390363657381494784,1440000,,,
Kuwait,2021-05-16,Pfizer/BioNTech,https://www.aljarida.com/articles/1621187972024941600/,1820000,,,
Kuwait,2021-07-03,Pfizer/BioNTech,https://twitter.com/KUWAIT_MOH/status/1411777117713543173,2375455,1452148,923307,
Kuwait,2021-08-14,Pfizer/BioNTech,https://twitter.com/KUWAIT_MOH/status/1426546539279929347,,2668082,,
