location,date,vaccine,source_url,total_vaccinations,people_vaccinated,people_fully_vaccinated,total_boosters
Latvia,2020-12-04,Moderna,https://data.gov.lv/dati/eng/dataset/covid19-vakcinacijas,1,1,0,
Latvia,2020-12-07,Pfizer/BioNTech,https://data.gov.lv/dati/eng/dataset/covid19-vakcinacijas,2,2,0,
Latvia,2020-12-09,Pfizer/BioNTech,https://data.gov.lv/dati/eng/dataset/covid19-vakcinacijas,3,3,0,
Latvia,2020-12-15,Pfizer/BioNTech,https://data.gov.lv/dati/eng/dataset/covid19-vakcinacijas,4,4,0,
Latvia,2020-12-16,Pfizer/BioNTech,https://data.gov.lv/dati/eng/dataset/covid19-vakcinacijas,5,5,0,
Latvia,2020-12-17,Pfizer/BioNTech,https://data.gov.lv/dati/eng/dataset/covid19-vakcinacijas,6,6,0,
Latvia,2020-12-18,Pfizer/BioNTech,https://data.gov.lv/dati/eng/dataset/covid19-vakcinacijas,10,10,0,
Latvia,2020-12-20,"Moderna, Pfizer/BioNTech",https://data.gov.lv/dati/eng/dataset/covid19-vakcinacijas,14,14,0,
Latvia,2020-12-21,Pfizer/BioNTech,https://data.gov.lv/dati/eng/dataset/covid19-vakcinacijas,18,18,0,
Latvia,2020-12-22,Pfizer/BioNTech,https://data.gov.lv/dati/eng/dataset/covid19-vakcinacijas,23,23,0,
Latvia,2020-12-23,Pfizer/BioNTech,https://data.gov.lv/dati/eng/dataset/covid19-vakcinacijas,27,27,0,
Latvia,2020-12-24,Pfizer/BioNTech,https://data.gov.lv/dati/eng/dataset/covid19-vakcinacijas,30,30,0,
Latvia,2020-12-26,Pfizer/BioNTech,https://data.gov.lv/dati/eng/dataset/covid19-vakcinacijas,33,33,0,
Latvia,2020-12-27,Pfizer/BioNTech,https://data.gov.lv/dati/eng/dataset/covid19-vakcinacijas,38,38,0,
Latvia,2020-12-28,Pfizer/BioNTech,https://data.gov.lv/dati/eng/dataset/covid19-vakcinacijas,644,644,0,
Latvia,2020-12-29,"Moderna, Pfizer/BioNTech",https://data.gov.lv/dati/eng/dataset/covid19-vakcinacijas,1523,1523,0,
Latvia,2020-12-30,Pfizer/BioNTech,https://data.gov.lv/dati/eng/dataset/covid19-vakcinacijas,2324,2324,0,
Latvia,2020-12-31,"Moderna, Pfizer/BioNTech",https://data.gov.lv/dati/eng/dataset/covid19-vakcinacijas,2331,2331,0,
Latvia,2021-01-01,"Johnson&Johnson, Pfizer/BioNTech",https://data.gov.lv/dati/eng/dataset/covid19-vakcinacijas,2339,2338,1,
Latvia,2021-01-02,Pfizer/BioNTech,https://data.gov.lv/dati/eng/dataset/covid19-vakcinacijas,2341,2340,1,
Latvia,2021-01-03,Pfizer/BioNTech,https://data.gov.lv/dati/eng/dataset/covid19-vakcinacijas,2345,2344,1,
Latvia,2021-01-04,"Johnson&Johnson, Moderna, Pfizer/BioNTech",https://data.gov.lv/dati/eng/dataset/covid19-vakcinacijas,3053,3052,2,
Latvia,2021-01-05,Pfizer/BioNTech,https://data.gov.lv/dati/eng/dataset/covid19-vakcinacijas,3950,3949,2,
Latvia,2021-01-06,"Moderna, Pfizer/BioNTech",https://data.gov.lv/dati/eng/dataset/covid19-vakcinacijas,4734,4730,5,
Latvia,2021-01-07,Pfizer/BioNTech,https://data.gov.lv/dati/eng/dataset/covid19-vakcinacijas,5547,5543,5,
Latvia,2021-01-08,Pfizer/BioNTech,https://data.gov.lv/dati/eng/dataset/covid19-vakcinacijas,6467,6459,9,
Latvia,2021-01-09,"Moderna, Oxford/AstraZeneca, Pfizer/BioNTech",https://data.gov.lv/dati/eng/dataset/covid19-vakcinacijas,6779,6771,9,
Latvia,2021-01-10,Pfizer/BioNTech,https://data.gov.lv/dati/eng/dataset/covid19-vakcinacijas,7116,7107,10,
Latvia,2021-01-11,"Moderna, Pfizer/BioNTech",https://data.gov.lv/dati/eng/dataset/covid19-vakcinacijas,8493,8484,10,
Latvia,2021-01-12,"Moderna, Oxford/AstraZeneca, Pfizer/BioNTech",https://data.gov.lv/dati/eng/dataset/covid19-vakcinacijas,10133,10121,13,
Latvia,2021-01-13,"Moderna, Pfizer/BioNTech",https://data.gov.lv/dati/eng/dataset/covid19-vakcinacijas,11657,11639,19,
Latvia,2021-01-14,"Moderna, Oxford/AstraZeneca, Pfizer/BioNTech",https://data.gov.lv/dati/eng/dataset/covid19-vakcinacijas,13502,13480,23,
Latvia,2021-01-15,"Moderna, Pfizer/BioNTech, Sinopharm/Beijing",https://data.gov.lv/dati/eng/dataset/covid19-vakcinacijas,15383,15361,23,
Latvia,2021-01-16,"Moderna, Oxford/AstraZeneca, Pfizer/BioNTech",https://data.gov.lv/dati/eng/dataset/covid19-vakcinacijas,16059,16036,24,
Latvia,2021-01-17,"Oxford/AstraZeneca, Pfizer/BioNTech",https://data.gov.lv/dati/eng/dataset/covid19-vakcinacijas,16186,16158,29,
Latvia,2021-01-18,"Moderna, Oxford/AstraZeneca, Pfizer/BioNTech",https://data.gov.lv/dati/eng/dataset/covid19-vakcinacijas,17047,16436,612,
Latvia,2021-01-19,"Moderna, Oxford/AstraZeneca, Pfizer/BioNTech",https://data.gov.lv/dati/eng/dataset/covid19-vakcinacijas,17936,16516,1421,
Latvia,2021-01-20,"Moderna, Oxford/AstraZeneca, Pfizer/BioNTech",https://data.gov.lv/dati/eng/dataset/covid19-vakcinacijas,18727,16546,2182,
Latvia,2021-01-21,"Moderna, Pfizer/BioNTech",https://data.gov.lv/dati/eng/dataset/covid19-vakcinacijas,19023,16821,2203,
Latvia,2021-01-22,"Moderna, Pfizer/BioNTech, Sinopharm/Beijing",https://data.gov.lv/dati/eng/dataset/covid19-vakcinacijas,19255,17030,2226,
Latvia,2021-01-23,"Moderna, Oxford/AstraZeneca, Pfizer/BioNTech",https://data.gov.lv/dati/eng/dataset/covid19-vakcinacijas,19391,17164,2228,
Latvia,2021-01-24,Pfizer/BioNTech,https://data.gov.lv/dati/eng/dataset/covid19-vakcinacijas,19396,17164,2233,
Latvia,2021-01-25,"Moderna, Oxford/AstraZeneca, Pfizer/BioNTech, Sinopharm/Beijing",https://data.gov.lv/dati/eng/dataset/covid19-vakcinacijas,20078,17193,2886,
Latvia,2021-01-26,"Moderna, Oxford/AstraZeneca, Pfizer/BioNTech",https://data.gov.lv/dati/eng/dataset/covid19-vakcinacijas,20950,17235,3716,
Latvia,2021-01-27,"Moderna, Oxford/AstraZeneca, Pfizer/BioNTech",https://data.gov.lv/dati/eng/dataset/covid19-vakcinacijas,21786,17321,4466,
Latvia,2021-01-28,"Johnson&Johnson, Moderna, Oxford/AstraZeneca, Pfizer/BioNTech",https://data.gov.lv/dati/eng/dataset/covid19-vakcinacijas,22582,17360,5224,
Latvia,2021-01-29,"Moderna, Oxford/AstraZeneca, Pfizer/BioNTech",https://data.gov.lv/dati/eng/dataset/covid19-vakcinacijas,23551,17416,6137,
Latvia,2021-01-30,"Moderna, Oxford/AstraZeneca, Pfizer/BioNTech",https://data.gov.lv/dati/eng/dataset/covid19-vakcinacijas,23872,17429,6445,
Latvia,2021-01-31,"Moderna, Oxford/AstraZeneca, Pfizer/BioNTech",https://data.gov.lv/dati/eng/dataset/covid19-vakcinacijas,24222,17441,6783,
Latvia,2021-02-01,"Moderna, Oxford/AstraZeneca, Pfizer/BioNTech",https://data.gov.lv/dati/eng/dataset/covid19-vakcinacijas,25419,17462,7959,
Latvia,2021-02-02,"Moderna, Oxford/AstraZeneca, Pfizer/BioNTech",https://data.gov.lv/dati/eng/dataset/covid19-vakcinacijas,27249,17610,9641,
Latvia,2021-02-03,"Moderna, Pfizer/BioNTech",https://data.gov.lv/dati/eng/dataset/covid19-vakcinacijas,28886,17865,11023,
Latvia,2021-02-04,"Moderna, Pfizer/BioNTech",https://data.gov.lv/dati/eng/dataset/covid19-vakcinacijas,30403,18012,12393,
Latvia,2021-02-05,"Moderna, Oxford/AstraZeneca, Pfizer/BioNTech, Sinopharm/Beijing",https://data.gov.lv/dati/eng/dataset/covid19-vakcinacijas,32080,18180,13902,
Latvia,2021-02-06,"Moderna, Oxford/AstraZeneca, Pfizer/BioNTech",https://data.gov.lv/dati/eng/dataset/covid19-vakcinacijas,32659,18197,14464,
Latvia,2021-02-07,"Johnson&Johnson, Oxford/AstraZeneca, Pfizer/BioNTech",https://data.gov.lv/dati/eng/dataset/covid19-vakcinacijas,32792,18206,14589,
Latvia,2021-02-08,"Moderna, Oxford/AstraZeneca, Pfizer/BioNTech",https://data.gov.lv/dati/eng/dataset/covid19-vakcinacijas,33214,18469,14748,
Latvia,2021-02-09,"Moderna, Oxford/AstraZeneca, Pfizer/BioNTech",https://data.gov.lv/dati/eng/dataset/covid19-vakcinacijas,33408,18614,14797,
Latvia,2021-02-10,"Moderna, Oxford/AstraZeneca, Pfizer/BioNTech",https://data.gov.lv/dati/eng/dataset/covid19-vakcinacijas,34062,19061,15004,
Latvia,2021-02-11,"Moderna, Oxford/AstraZeneca, Pfizer/BioNTech",https://data.gov.lv/dati/eng/dataset/covid19-vakcinacijas,35870,20176,15697,
Latvia,2021-02-12,"Moderna, Oxford/AstraZeneca, Pfizer/BioNTech",https://data.gov.lv/dati/eng/dataset/covid19-vakcinacijas,37626,21368,16261,
Latvia,2021-02-13,"Moderna, Oxford/AstraZeneca, Pfizer/BioNTech",https://data.gov.lv/dati/eng/dataset/covid19-vakcinacijas,38035,21598,16440,
Latvia,2021-02-14,"Johnson&Johnson, Moderna, Oxford/AstraZeneca, Pfizer/BioNTech, Sinopharm/Beijing",https://data.gov.lv/dati/eng/dataset/covid19-vakcinacijas,38066,21607,16463,
Latvia,2021-02-15,"Moderna, Oxford/AstraZeneca, Pfizer/BioNTech, Sinopharm/Beijing",https://data.gov.lv/dati/eng/dataset/covid19-vakcinacijas,38954,22338,16620,
Latvia,2021-02-16,"Moderna, Oxford/AstraZeneca, Pfizer/BioNTech",https://data.gov.lv/dati/eng/dataset/covid19-vakcinacijas,40361,23664,16701,
Latvia,2021-02-17,"Moderna, Oxford/AstraZeneca, Pfizer/BioNTech",https://data.gov.lv/dati/eng/dataset/covid19-vakcinacijas,42385,25503,16886,
Latvia,2021-02-18,"Moderna, Oxford/AstraZeneca, Pfizer/BioNTech",https://data.gov.lv/dati/eng/dataset/covid19-vakcinacijas,43952,27010,16946,
Latvia,2021-02-19,"Moderna, Oxford/AstraZeneca, Pfizer/BioNTech",https://data.gov.lv/dati/eng/dataset/covid19-vakcinacijas,45341,28338,17007,
Latvia,2021-02-20,"Moderna, Oxford/AstraZeneca, Pfizer/BioNTech",https://data.gov.lv/dati/eng/dataset/covid19-vakcinacijas,46101,29076,17029,
Latvia,2021-02-21,"Moderna, Oxford/AstraZeneca, Pfizer/BioNTech, Sinovac",https://data.gov.lv/dati/eng/dataset/covid19-vakcinacijas,46920,29892,17032,
Latvia,2021-02-22,"Moderna, Oxford/AstraZeneca, Pfizer/BioNTech, Sinopharm/Beijing",https://data.gov.lv/dati/eng/dataset/covid19-vakcinacijas,48720,31656,17068,
Latvia,2021-02-23,"Moderna, Oxford/AstraZeneca, Pfizer/BioNTech",https://data.gov.lv/dati/eng/dataset/covid19-vakcinacijas,51142,34040,17106,
Latvia,2021-02-24,"Moderna, Oxford/AstraZeneca, Pfizer/BioNTech",https://data.gov.lv/dati/eng/dataset/covid19-vakcinacijas,55483,38343,17144,
Latvia,2021-02-25,"Moderna, Oxford/AstraZeneca, Pfizer/BioNTech",https://data.gov.lv/dati/eng/dataset/covid19-vakcinacijas,59699,42511,17192,
Latvia,2021-02-26,"Moderna, Oxford/AstraZeneca, Pfizer/BioNTech",https://data.gov.lv/dati/eng/dataset/covid19-vakcinacijas,63109,45831,17282,
Latvia,2021-02-27,"Moderna, Oxford/AstraZeneca, Pfizer/BioNTech",https://data.gov.lv/dati/eng/dataset/covid19-vakcinacijas,63714,46425,17293,
Latvia,2021-02-28,"Moderna, Oxford/AstraZeneca, Pfizer/BioNTech",https://data.gov.lv/dati/eng/dataset/covid19-vakcinacijas,63855,46562,17297,
Latvia,2021-03-01,"Moderna, Oxford/AstraZeneca, Pfizer/BioNTech",https://data.gov.lv/dati/eng/dataset/covid19-vakcinacijas,65650,48125,17529,
Latvia,2021-03-02,"Moderna, Oxford/AstraZeneca, Pfizer/BioNTech",https://data.gov.lv/dati/eng/dataset/covid19-vakcinacijas,67864,50031,17837,
Latvia,2021-03-03,"Moderna, Oxford/AstraZeneca, Pfizer/BioNTech",https://data.gov.lv/dati/eng/dataset/covid19-vakcinacijas,72057,54022,18039,
Latvia,2021-03-04,"Moderna, Oxford/AstraZeneca, Pfizer/BioNTech",https://data.gov.lv/dati/eng/dataset/covid19-vakcinacijas,78163,60004,18163,
Latvia,2021-03-05,"Johnson&Johnson, Moderna, Oxford/AstraZeneca, Pfizer/BioNTech",https://data.gov.lv/dati/eng/dataset/covid19-vakcinacijas,83074,64775,18304,
Latvia,2021-03-06,"Moderna, Oxford/AstraZeneca, Pfizer/BioNTech",https://data.gov.lv/dati/eng/dataset/covid19-vakcinacijas,83881,65576,18310,
Latvia,2021-03-07,"Johnson&Johnson, Oxford/AstraZeneca, Pfizer/BioNTech",https://data.gov.lv/dati/eng/dataset/covid19-vakcinacijas,83977,65664,18319,
Latvia,2021-03-08,"Johnson&Johnson, Moderna, Oxford/AstraZeneca, Pfizer/BioNTech",https://data.gov.lv/dati/eng/dataset/covid19-vakcinacijas,85717,67361,18363,
Latvia,2021-03-09,"Moderna, Oxford/AstraZeneca, Pfizer/BioNTech",https://data.gov.lv/dati/eng/dataset/covid19-vakcinacijas,88115,69730,18392,
Latvia,2021-03-10,"Moderna, Oxford/AstraZeneca, Pfizer/BioNTech",https://data.gov.lv/dati/eng/dataset/covid19-vakcinacijas,90657,72229,18435,
Latvia,2021-03-11,"Moderna, Oxford/AstraZeneca, Pfizer/BioNTech",https://data.gov.lv/dati/eng/dataset/covid19-vakcinacijas,93382,74938,18451,
Latvia,2021-03-12,"Moderna, Oxford/AstraZeneca, Pfizer/BioNTech",https://data.gov.lv/dati/eng/dataset/covid19-vakcinacijas,98454,79996,18465,
Latvia,2021-03-13,"Moderna, Oxford/AstraZeneca, Pfizer/BioNTech",https://data.gov.lv/dati/eng/dataset/covid19-vakcinacijas,99400,80938,18469,
Latvia,2021-03-14,"Johnson&Johnson, Moderna, Oxford/AstraZeneca, Pfizer/BioNTech, Sinovac",https://data.gov.lv/dati/eng/dataset/covid19-vakcinacijas,99481,81015,18474,
Latvia,2021-03-15,"Moderna, Oxford/AstraZeneca, Pfizer/BioNTech, Sinopharm/Beijing",https://data.gov.lv/dati/eng/dataset/covid19-vakcinacijas,103311,84771,18548,
Latvia,2021-03-16,"Johnson&Johnson, Moderna, Oxford/AstraZeneca, Pfizer/BioNTech",https://data.gov.lv/dati/eng/dataset/covid19-vakcinacijas,103534,84860,18684,
Latvia,2021-03-17,"Moderna, Oxford/AstraZeneca, Pfizer/BioNTech",https://data.gov.lv/dati/eng/dataset/covid19-vakcinacijas,103733,84948,18795,
Latvia,2021-03-18,"Johnson&Johnson, Moderna, Oxford/AstraZeneca, Pfizer/BioNTech, Sinopharm/Beijing",https://data.gov.lv/dati/eng/dataset/covid19-vakcinacijas,104039,84988,19062,
Latvia,2021-03-19,"Moderna, Oxford/AstraZeneca, Pfizer/BioNTech",https://data.gov.lv/dati/eng/dataset/covid19-vakcinacijas,104822,85478,19355,
Latvia,2021-03-20,"Moderna, Oxford/AstraZeneca, Pfizer/BioNTech",https://data.gov.lv/dati/eng/dataset/covid19-vakcinacijas,105254,85908,19357,
Latvia,2021-03-21,"Moderna, Oxford/AstraZeneca, Pfizer/BioNTech, Sinopharm/Beijing",https://data.gov.lv/dati/eng/dataset/covid19-vakcinacijas,105299,85947,19363,
Latvia,2021-03-22,"Johnson&Johnson, Moderna, Oxford/AstraZeneca, Pfizer/BioNTech",https://data.gov.lv/dati/eng/dataset/covid19-vakcinacijas,108047,88459,19601,
Latvia,2021-03-23,"Johnson&Johnson, Moderna, Oxford/AstraZeneca, Pfizer/BioNTech",https://data.gov.lv/dati/eng/dataset/covid19-vakcinacijas,113700,93719,19995,
Latvia,2021-03-24,"Moderna, Oxford/AstraZeneca, Pfizer/BioNTech",https://data.gov.lv/dati/eng/dataset/covid19-vakcinacijas,119980,99308,20686,
Latvia,2021-03-25,"Moderna, Oxford/AstraZeneca, Pfizer/BioNTech",https://data.gov.lv/dati/eng/dataset/covid19-vakcinacijas,125460,104103,21371,
Latvia,2021-03-26,"Moderna, Oxford/AstraZeneca, Pfizer/BioNTech",https://data.gov.lv/dati/eng/dataset/covid19-vakcinacijas,129532,107476,22070,
Latvia,2021-03-27,"Moderna, Oxford/AstraZeneca, Pfizer/BioNTech",https://data.gov.lv/dati/eng/dataset/covid19-vakcinacijas,130139,107746,22407,
Latvia,2021-03-28,"Moderna, Oxford/AstraZeneca, Pfizer/BioNTech",https://data.gov.lv/dati/eng/dataset/covid19-vakcinacijas,130182,107785,22411,
Latvia,2021-03-29,"Moderna, Oxford/AstraZeneca, Pfizer/BioNTech, Sinopharm/Beijing",https://data.gov.lv/dati/eng/dataset/covid19-vakcinacijas,132342,109535,22821,
Latvia,2021-03-30,"Johnson&Johnson, Moderna, Oxford/AstraZeneca, Pfizer/BioNTech, Sinopharm/Beijing",https://data.gov.lv/dati/eng/dataset/covid19-vakcinacijas,137446,113912,23550,
Latvia,2021-03-31,"Moderna, Oxford/AstraZeneca, Pfizer/BioNTech",https://data.gov.lv/dati/eng/dataset/covid19-vakcinacijas,143308,118535,24789,
Latvia,2021-04-01,"Johnson&Johnson, Moderna, Oxford/AstraZeneca, Pfizer/BioNTech",https://data.gov.lv/dati/eng/dataset/covid19-vakcinacijas,147539,122032,25526,
Latvia,2021-04-02,"Johnson&Johnson, Moderna, Oxford/AstraZeneca, Pfizer/BioNTech, Sinopharm/Beijing",https://data.gov.lv/dati/eng/dataset/covid19-vakcinacijas,148137,122626,25531,
Latvia,2021-04-03,"Johnson&Johnson, Moderna, Oxford/AstraZeneca, Pfizer/BioNTech, Sinovac",https://data.gov.lv/dati/eng/dataset/covid19-vakcinacijas,151551,125964,25609,
Latvia,2021-04-04,"Moderna, Oxford/AstraZeneca, Pfizer/BioNTech",https://data.gov.lv/dati/eng/dataset/covid19-vakcinacijas,153189,127602,25609,
Latvia,2021-04-05,"Johnson&Johnson, Moderna, Oxford/AstraZeneca, Pfizer/BioNTech",https://data.gov.lv/dati/eng/dataset/covid19-vakcinacijas,156075,130483,25615,
Latvia,2021-04-06,"Johnson&Johnson, Moderna, Oxford/AstraZeneca, Pfizer/BioNTech",https://data.gov.lv/dati/eng/dataset/covid19-vakcinacijas,161537,135433,26128,
Latvia,2021-04-07,"Johnson&Johnson, Moderna, Oxford/AstraZeneca, Pfizer/BioNTech",https://data.gov.lv/dati/eng/dataset/covid19-vakcinacijas,170866,144274,26626,
Latvia,2021-04-08,"Johnson&Johnson, Moderna, Oxford/AstraZeneca, Pfizer/BioNTech",https://data.gov.lv/dati/eng/dataset/covid19-vakcinacijas,178006,151129,26916,
Latvia,2021-04-09,"Johnson&Johnson, Moderna, Oxford/AstraZeneca, Pfizer/BioNTech",https://data.gov.lv/dati/eng/dataset/covid19-vakcinacijas,182973,155897,27122,
Latvia,2021-04-10,"Moderna, Oxford/AstraZeneca, Pfizer/BioNTech",https://data.gov.lv/dati/eng/dataset/covid19-vakcinacijas,184692,157522,27216,
Latvia,2021-04-11,"Johnson&Johnson, Moderna, Oxford/AstraZeneca, Pfizer/BioNTech, Sinopharm/Beijing",https://data.gov.lv/dati/eng/dataset/covid19-vakcinacijas,184800,157623,27225,
Latvia,2021-04-12,"Moderna, Oxford/AstraZeneca, Pfizer/BioNTech, Sinovac",https://data.gov.lv/dati/eng/dataset/covid19-vakcinacijas,187267,160021,27294,
Latvia,2021-04-13,"Johnson&Johnson, Moderna, Oxford/AstraZeneca, Pfizer/BioNTech",https://data.gov.lv/dati/eng/dataset/covid19-vakcinacijas,191041,163720,27370,
Latvia,2021-04-14,"Moderna, Oxford/AstraZeneca, Pfizer/BioNTech",https://data.gov.lv/dati/eng/dataset/covid19-vakcinacijas,197418,169844,27623,
Latvia,2021-04-15,"Moderna, Oxford/AstraZeneca, Pfizer/BioNTech",https://data.gov.lv/dati/eng/dataset/covid19-vakcinacijas,203419,175156,28312,
Latvia,2021-04-16,"Moderna, Oxford/AstraZeneca, Pfizer/BioNTech",https://data.gov.lv/dati/eng/dataset/covid19-vakcinacijas,212590,183612,29027,
Latvia,2021-04-17,"Moderna, Oxford/AstraZeneca, Pfizer/BioNTech",https://data.gov.lv/dati/eng/dataset/covid19-vakcinacijas,218877,189782,29144,
Latvia,2021-04-18,"Johnson&Johnson, Moderna, Oxford/AstraZeneca, Pfizer/BioNTech, Sinopharm/Beijing, Sinovac",https://data.gov.lv/dati/eng/dataset/covid19-vakcinacijas,219818,190716,29152,
Latvia,2021-04-19,"Moderna, Oxford/AstraZeneca, Pfizer/BioNTech",https://data.gov.lv/dati/eng/dataset/covid19-vakcinacijas,223848,194037,29861,
Latvia,2021-04-20,"Moderna, Oxford/AstraZeneca, Pfizer/BioNTech",https://data.gov.lv/dati/eng/dataset/covid19-vakcinacijas,231290,199501,31839,
Latvia,2021-04-21,"Johnson&Johnson, Moderna, Oxford/AstraZeneca, Pfizer/BioNTech",https://data.gov.lv/dati/eng/dataset/covid19-vakcinacijas,241546,206736,34861,
Latvia,2021-04-22,"Moderna, Oxford/AstraZeneca, Pfizer/BioNTech, Sinovac",https://data.gov.lv/dati/eng/dataset/covid19-vakcinacijas,251459,214149,37361,
Latvia,2021-04-23,"Moderna, Oxford/AstraZeneca, Pfizer/BioNTech",https://data.gov.lv/dati/eng/dataset/covid19-vakcinacijas,262307,222941,39417,
Latvia,2021-04-24,"Moderna, Oxford/AstraZeneca, Pfizer/BioNTech",https://data.gov.lv/dati/eng/dataset/covid19-vakcinacijas,268544,228503,40092,
Latvia,2021-04-25,"Moderna, Oxford/AstraZeneca, Pfizer/BioNTech",https://data.gov.lv/dati/eng/dataset/covid19-vakcinacijas,269950,229869,40132,
Latvia,2021-04-26,"Moderna, Oxford/AstraZeneca, Pfizer/BioNTech",https://data.gov.lv/dati/eng/dataset/covid19-vakcinacijas,274565,232553,42063,
Latvia,2021-04-27,"Johnson&Johnson, Moderna, Oxford/AstraZeneca, Pfizer/BioNTech, Sinopharm/Beijing",https://data.gov.lv/dati/eng/dataset/covid19-vakcinacijas,282123,237269,44980,
Latvia,2021-04-28,"Johnson&Johnson, Moderna, Oxford/AstraZeneca, Pfizer/BioNTech, Sinopharm/Beijing",https://data.gov.lv/dati/eng/dataset/covid19-vakcinacijas,296909,248469,48678,
Latvia,2021-04-29,"Johnson&Johnson, Moderna, Oxford/AstraZeneca, Pfizer/BioNTech",https://data.gov.lv/dati/eng/dataset/covid19-vakcinacijas,311345,258862,52770,
Latvia,2021-04-30,"Johnson&Johnson, Moderna, Oxford/AstraZeneca, Pfizer/BioNTech",https://data.gov.lv/dati/eng/dataset/covid19-vakcinacijas,322930,267856,55443,
Latvia,2021-05-01,"Johnson&Johnson, Moderna, Oxford/AstraZeneca, Pfizer/BioNTech, Sinopharm/Beijing",https://data.gov.lv/dati/eng/dataset/covid19-vakcinacijas,329800,274208,55963,
Latvia,2021-05-02,"Johnson&Johnson, Moderna, Oxford/AstraZeneca, Pfizer/BioNTech, Sinopharm/Beijing",https://data.gov.lv/dati/eng/dataset/covid19-vakcinacijas,331420,275797,56005,
Latvia,2021-05-03,"Johnson&Johnson, Moderna, Oxford/AstraZeneca, Pfizer/BioNTech",https://data.gov.lv/dati/eng/dataset/covid19-vakcinacijas,334407,277861,56929,
Latvia,2021-05-04,"Johnson&Johnson, Moderna, Oxford/AstraZeneca, Pfizer/BioNTech",https://data.gov.lv/dati/eng/dataset/covid19-vakcinacijas,343251,286546,57092,
Latvia,2021-05-05,"Johnson&Johnson, Moderna, Oxford/AstraZeneca, Pfizer/BioNTech",https://data.gov.lv/dati/eng/dataset/covid19-vakcinacijas,360021,296157,64385,
Latvia,2021-05-06,"Johnson&Johnson, Moderna, Oxford/AstraZeneca, Pfizer/BioNTech",https://data.gov.lv/dati/eng/dataset/covid19-vakcinacijas,381744,309739,72694,
Latvia,2021-05-07,"Johnson&Johnson, Moderna, Oxford/AstraZeneca, Pfizer/BioNTech",https://data.gov.lv/dati/eng/dataset/covid19-vakcinacijas,401802,321592,81066,
Latvia,2021-05-08,"Johnson&Johnson, Moderna, Oxford/AstraZeneca, Pfizer/BioNTech",https://data.gov.lv/dati/eng/dataset/covid19-vakcinacijas,414134,331640,83398,
Latvia,2021-05-09,"Johnson&Johnson, Moderna, Oxford/AstraZeneca, Pfizer/BioNTech",https://data.gov.lv/dati/eng/dataset/covid19-vakcinacijas,415776,332981,83781,
Latvia,2021-05-10,"Johnson&Johnson, Moderna, Oxford/AstraZeneca, Pfizer/BioNTech, Sinovac",https://data.gov.lv/dati/eng/dataset/covid19-vakcinacijas,425294,338016,88391,
Latvia,2021-05-11,"Johnson&Johnson, Moderna, Oxford/AstraZeneca, Pfizer/BioNTech",https://data.gov.lv/dati/eng/dataset/covid19-vakcinacijas,443335,350894,93834,
Latvia,2021-05-12,"Johnson&Johnson, Moderna, Oxford/AstraZeneca, Pfizer/BioNTech",https://data.gov.lv/dati/eng/dataset/covid19-vakcinacijas,465990,366714,101072,
Latvia,2021-05-13,"Johnson&Johnson, Moderna, Oxford/AstraZeneca, Pfizer/BioNTech",https://data.gov.lv/dati/eng/dataset/covid19-vakcinacijas,488188,381793,108590,
Latvia,2021-05-14,"Johnson&Johnson, Moderna, Oxford/AstraZeneca, Pfizer/BioNTech",https://data.gov.lv/dati/eng/dataset/covid19-vakcinacijas,509805,393635,118928,
Latvia,2021-05-15,"Johnson&Johnson, Moderna, Oxford/AstraZeneca, Pfizer/BioNTech",https://data.gov.lv/dati/eng/dataset/covid19-vakcinacijas,523155,401409,124597,
Latvia,2021-05-16,"Johnson&Johnson, Moderna, Oxford/AstraZeneca, Pfizer/BioNTech",https://data.gov.lv/dati/eng/dataset/covid19-vakcinacijas,528216,405455,125633,
Latvia,2021-05-17,"Johnson&Johnson, Moderna, Oxford/AstraZeneca, Pfizer/BioNTech",https://data.gov.lv/dati/eng/dataset/covid19-vakcinacijas,540066,412689,130629,
Latvia,2021-05-18,"Johnson&Johnson, Moderna, Oxford/AstraZeneca, Pfizer/BioNTech, Sinopharm/Beijing",https://data.gov.lv/dati/eng/dataset/covid19-vakcinacijas,557080,423296,137974,
Latvia,2021-05-19,"Johnson&Johnson, Moderna, Oxford/AstraZeneca, Pfizer/BioNTech",https://data.gov.lv/dati/eng/dataset/covid19-vakcinacijas,579650,432785,152331,
Latvia,2021-05-20,"Johnson&Johnson, Moderna, Oxford/AstraZeneca, Pfizer/BioNTech",https://data.gov.lv/dati/eng/dataset/covid19-vakcinacijas,600685,440669,166779,
Latvia,2021-05-21,"Johnson&Johnson, Moderna, Oxford/AstraZeneca, Pfizer/BioNTech",https://data.gov.lv/dati/eng/dataset/covid19-vakcinacijas,621143,451088,178774,
Latvia,2021-05-22,"Johnson&Johnson, Moderna, Oxford/AstraZeneca, Pfizer/BioNTech",https://data.gov.lv/dati/eng/dataset/covid19-vakcinacijas,633580,456803,186601,
Latvia,2021-05-23,"Johnson&Johnson, Moderna, Oxford/AstraZeneca, Pfizer/BioNTech, Sinovac",https://data.gov.lv/dati/eng/dataset/covid19-vakcinacijas,636439,457884,188593,
Latvia,2021-05-24,"Johnson&Johnson, Moderna, Oxford/AstraZeneca, Pfizer/BioNTech",https://data.gov.lv/dati/eng/dataset/covid19-vakcinacijas,648520,464159,195496,
Latvia,2021-05-25,"Johnson&Johnson, Moderna, Oxford/AstraZeneca, Pfizer/BioNTech",https://data.gov.lv/dati/eng/dataset/covid19-vakcinacijas,669127,471114,210269,
Latvia,2021-05-26,"Johnson&Johnson, Moderna, Oxford/AstraZeneca, Pfizer/BioNTech",https://data.gov.lv/dati/eng/dataset/covid19-vakcinacijas,691107,479058,225324,
Latvia,2021-05-27,"Johnson&Johnson, Moderna, Oxford/AstraZeneca, Pfizer/BioNTech",https://data.gov.lv/dati/eng/dataset/covid19-vakcinacijas,713093,484785,242510,
Latvia,2021-05-28,"Johnson&Johnson, Moderna, Oxford/AstraZeneca, Pfizer/BioNTech",https://data.gov.lv/dati/eng/dataset/covid19-vakcinacijas,737907,495317,258224,
Latvia,2021-05-29,"Johnson&Johnson, Moderna, Oxford/AstraZeneca, Pfizer/BioNTech",https://data.gov.lv/dati/eng/dataset/covid19-vakcinacijas,749817,500444,266658,
Latvia,2021-05-30,"Johnson&Johnson, Moderna, Oxford/AstraZeneca, Pfizer/BioNTech",https://data.gov.lv/dati/eng/dataset/covid19-vakcinacijas,753977,503198,268801,
Latvia,2021-05-31,"Johnson&Johnson, Moderna, Oxford/AstraZeneca, Pfizer/BioNTech",https://data.gov.lv/dati/eng/dataset/covid19-vakcinacijas,767042,509248,276876,
Latvia,2021-06-01,"Johnson&Johnson, Moderna, Oxford/AstraZeneca, Pfizer/BioNTech",https://data.gov.lv/dati/eng/dataset/covid19-vakcinacijas,788376,516384,292026,
Latvia,2021-06-02,"Johnson&Johnson, Moderna, Oxford/AstraZeneca, Pfizer/BioNTech",https://data.gov.lv/dati/eng/dataset/covid19-vakcinacijas,810422,521143,310772,
Latvia,2021-06-03,"Johnson&Johnson, Moderna, Oxford/AstraZeneca, Pfizer/BioNTech",https://data.gov.lv/dati/eng/dataset/covid19-vakcinacijas,832359,525742,329192,
Latvia,2021-06-04,"Johnson&Johnson, Moderna, Oxford/AstraZeneca, Pfizer/BioNTech",https://data.gov.lv/dati/eng/dataset/covid19-vakcinacijas,852374,532652,344111,
Latvia,2021-06-05,"Johnson&Johnson, Moderna, Oxford/AstraZeneca, Pfizer/BioNTech",https://data.gov.lv/dati/eng/dataset/covid19-vakcinacijas,863661,536077,353012,
Latvia,2021-06-06,"Johnson&Johnson, Moderna, Oxford/AstraZeneca, Pfizer/BioNTech",https://data.gov.lv/dati/eng/dataset/covid19-vakcinacijas,868901,537491,357919,
Latvia,2021-06-07,"Johnson&Johnson, Moderna, Oxford/AstraZeneca, Pfizer/BioNTech",https://data.gov.lv/dati/eng/dataset/covid19-vakcinacijas,883779,543503,367827,
Latvia,2021-06-08,"Johnson&Johnson, Moderna, Oxford/AstraZeneca, Pfizer/BioNTech, Sinopharm/Beijing",https://data.gov.lv/dati/eng/dataset/covid19-vakcinacijas,901915,548959,381918,
Latvia,2021-06-09,"Johnson&Johnson, Moderna, Oxford/AstraZeneca, Pfizer/BioNTech",https://data.gov.lv/dati/eng/dataset/covid19-vakcinacijas,920299,555202,395275,
Latvia,2021-06-10,"Johnson&Johnson, Moderna, Oxford/AstraZeneca, Pfizer/BioNTech",https://data.gov.lv/dati/eng/dataset/covid19-vakcinacijas,937343,561265,407857,
Latvia,2021-06-11,"Johnson&Johnson, Moderna, Oxford/AstraZeneca, Pfizer/BioNTech",https://data.gov.lv/dati/eng/dataset/covid19-vakcinacijas,954729,567093,420976,
Latvia,2021-06-12,"Johnson&Johnson, Moderna, Oxford/AstraZeneca, Pfizer/BioNTech, Sinopharm/Beijing",https://data.gov.lv/dati/eng/dataset/covid19-vakcinacijas,963021,571514,426148,
Latvia,2021-06-13,"Johnson&Johnson, Moderna, Oxford/AstraZeneca, Pfizer/BioNTech",https://data.gov.lv/dati/eng/dataset/covid19-vakcinacijas,964676,572804,426976,
Latvia,2021-06-14,"Johnson&Johnson, Moderna, Oxford/AstraZeneca, Pfizer/BioNTech",https://data.gov.lv/dati/eng/dataset/covid19-vakcinacijas,975080,576424,434657,
Latvia,2021-06-15,"Johnson&Johnson, Moderna, Oxford/AstraZeneca, Pfizer/BioNTech",https://data.gov.lv/dati/eng/dataset/covid19-vakcinacijas,988090,580938,444823,
Latvia,2021-06-16,"Johnson&Johnson, Moderna, Oxford/AstraZeneca, Pfizer/BioNTech",https://data.gov.lv/dati/eng/dataset/covid19-vakcinacijas,1004044,586613,456702,
Latvia,2021-06-17,"Johnson&Johnson, Moderna, Oxford/AstraZeneca, Pfizer/BioNTech",https://data.gov.lv/dati/eng/dataset/covid19-vakcinacijas,1017360,592172,466119,
Latvia,2021-06-18,"Johnson&Johnson, Moderna, Oxford/AstraZeneca, Pfizer/BioNTech",https://data.gov.lv/dati/eng/dataset/covid19-vakcinacijas,1034725,597892,479776,
Latvia,2021-06-19,"Johnson&Johnson, Moderna, Oxford/AstraZeneca, Pfizer/BioNTech",https://data.gov.lv/dati/eng/dataset/covid19-vakcinacijas,1043244,601450,486228,
Latvia,2021-06-20,"Johnson&Johnson, Moderna, Oxford/AstraZeneca, Pfizer/BioNTech",https://data.gov.lv/dati/eng/dataset/covid19-vakcinacijas,1046747,602481,489361,
Latvia,2021-06-21,"Johnson&Johnson, Moderna, Oxford/AstraZeneca, Pfizer/BioNTech",https://data.gov.lv/dati/eng/dataset/covid19-vakcinacijas,1059300,606095,499823,
Latvia,2021-06-22,"Johnson&Johnson, Moderna, Oxford/AstraZeneca, Pfizer/BioNTech",https://data.gov.lv/dati/eng/dataset/covid19-vakcinacijas,1069701,609103,508512,
Latvia,2021-06-23,"Johnson&Johnson, Moderna, Oxford/AstraZeneca, Pfizer/BioNTech",https://data.gov.lv/dati/eng/dataset/covid19-vakcinacijas,1070080,609356,508766,
Latvia,2021-06-24,"Johnson&Johnson, Moderna, Oxford/AstraZeneca, Pfizer/BioNTech",https://data.gov.lv/dati/eng/dataset/covid19-vakcinacijas,1070202,609407,508851,
Latvia,2021-06-25,"Johnson&Johnson, Moderna, Oxford/AstraZeneca, Pfizer/BioNTech",https://data.gov.lv/dati/eng/dataset/covid19-vakcinacijas,1073241,610213,511412,
Latvia,2021-06-26,"Johnson&Johnson, Moderna, Oxford/AstraZeneca, Pfizer/BioNTech",https://data.gov.lv/dati/eng/dataset/covid19-vakcinacijas,1076487,611488,513994,
Latvia,2021-06-27,"Johnson&Johnson, Moderna, Oxford/AstraZeneca, Pfizer/BioNTech",https://data.gov.lv/dati/eng/dataset/covid19-vakcinacijas,1078798,612202,516062,
Latvia,2021-06-28,"Johnson&Johnson, Moderna, Oxford/AstraZeneca, Pfizer/BioNTech",https://data.gov.lv/dati/eng/dataset/covid19-vakcinacijas,1094351,615532,529599,
Latvia,2021-06-29,"Johnson&Johnson, Moderna, Oxford/AstraZeneca, Pfizer/BioNTech",https://data.gov.lv/dati/eng/dataset/covid19-vakcinacijas,1108834,620603,540873,
Latvia,2021-06-30,"Johnson&Johnson, Moderna, Oxford/AstraZeneca, Pfizer/BioNTech",https://data.gov.lv/dati/eng/dataset/covid19-vakcinacijas,1123594,625529,552636,
Latvia,2021-07-01,"Johnson&Johnson, Moderna, Oxford/AstraZeneca, Pfizer/BioNTech",https://data.gov.lv/dati/eng/dataset/covid19-vakcinacijas,1135418,630295,561363,
Latvia,2021-07-02,"Johnson&Johnson, Moderna, Oxford/AstraZeneca, Pfizer/BioNTech",https://data.gov.lv/dati/eng/dataset/covid19-vakcinacijas,1147882,635419,570676,
Latvia,2021-07-03,"Johnson&Johnson, Moderna, Oxford/AstraZeneca, Pfizer/BioNTech",https://data.gov.lv/dati/eng/dataset/covid19-vakcinacijas,1156538,638596,577745,
Latvia,2021-07-04,"Johnson&Johnson, Moderna, Oxford/AstraZeneca, Pfizer/BioNTech",https://data.gov.lv/dati/eng/dataset/covid19-vakcinacijas,1158774,640014,579396,
Latvia,2021-07-05,"Johnson&Johnson, Moderna, Oxford/AstraZeneca, Pfizer/BioNTech",https://data.gov.lv/dati/eng/dataset/covid19-vakcinacijas,1166527,644109,584599,
Latvia,2021-07-06,"Johnson&Johnson, Moderna, Oxford/AstraZeneca, Pfizer/BioNTech",https://data.gov.lv/dati/eng/dataset/covid19-vakcinacijas,1175446,648907,590775,
Latvia,2021-07-07,"Johnson&Johnson, Moderna, Oxford/AstraZeneca, Pfizer/BioNTech",https://data.gov.lv/dati/eng/dataset/covid19-vakcinacijas,1185652,654315,598124,
Latvia,2021-07-08,"Johnson&Johnson, Moderna, Oxford/AstraZeneca, Pfizer/BioNTech",https://data.gov.lv/dati/eng/dataset/covid19-vakcinacijas,1194367,658773,604374,
Latvia,2021-07-09,"Johnson&Johnson, Moderna, Oxford/AstraZeneca, Pfizer/BioNTech",https://data.gov.lv/dati/eng/dataset/covid19-vakcinacijas,1205711,664118,612908,
Latvia,2021-07-10,"Johnson&Johnson, Moderna, Oxford/AstraZeneca, Pfizer/BioNTech",https://data.gov.lv/dati/eng/dataset/covid19-vakcinacijas,1213763,667037,619674,
Latvia,2021-07-11,"Johnson&Johnson, Moderna, Oxford/AstraZeneca, Pfizer/BioNTech",https://data.gov.lv/dati/eng/dataset/covid19-vakcinacijas,1215840,668476,621231,
Latvia,2021-07-12,"Johnson&Johnson, Moderna, Oxford/AstraZeneca, Pfizer/BioNTech, Sinopharm/Beijing",https://data.gov.lv/dati/eng/dataset/covid19-vakcinacijas,1222349,672054,625830,
Latvia,2021-07-13,"Johnson&Johnson, Moderna, Oxford/AstraZeneca, Pfizer/BioNTech",https://data.gov.lv/dati/eng/dataset/covid19-vakcinacijas,1229032,676531,630174,
Latvia,2021-07-14,"Johnson&Johnson, Moderna, Oxford/AstraZeneca, Pfizer/BioNTech",https://data.gov.lv/dati/eng/dataset/covid19-vakcinacijas,1234953,681385,633575,
Latvia,2021-07-15,"Johnson&Johnson, Moderna, Oxford/AstraZeneca, Pfizer/BioNTech",https://data.gov.lv/dati/eng/dataset/covid19-vakcinacijas,1239782,685346,636133,
Latvia,2021-07-16,"Johnson&Johnson, Moderna, Oxford/AstraZeneca, Pfizer/BioNTech",https://data.gov.lv/dati/eng/dataset/covid19-vakcinacijas,1245492,689980,639160,
Latvia,2021-07-17,"Johnson&Johnson, Moderna, Oxford/AstraZeneca, Pfizer/BioNTech",https://data.gov.lv/dati/eng/dataset/covid19-vakcinacijas,1249162,692960,641434,
Latvia,2021-07-18,"Johnson&Johnson, Moderna, Oxford/AstraZeneca, Pfizer/BioNTech",https://data.gov.lv/dati/eng/dataset/covid19-vakcinacijas,1250439,693856,642233,
Latvia,2021-07-19,"Johnson&Johnson, Moderna, Oxford/AstraZeneca, Pfizer/BioNTech",https://data.gov.lv/dati/eng/dataset/covid19-vakcinacijas,1255557,696963,645437,
Latvia,2021-07-20,"Johnson&Johnson, Moderna, Oxford/AstraZeneca, Pfizer/BioNTech, Sinopharm/Beijing",https://data.gov.lv/dati/eng/dataset/covid19-vakcinacijas,1262382,700963,649533,
Latvia,2021-07-21,"Johnson&Johnson, Moderna, Oxford/AstraZeneca, Pfizer/BioNTech",https://data.gov.lv/dati/eng/dataset/covid19-vakcinacijas,1269793,705336,654014,
Latvia,2021-07-22,"Johnson&Johnson, Moderna, Oxford/AstraZeneca, Pfizer/BioNTech",https://data.gov.lv/dati/eng/dataset/covid19-vakcinacijas,1276368,708996,658164,
Latvia,2021-07-23,"Johnson&Johnson, Moderna, Oxford/AstraZeneca, Pfizer/BioNTech",https://data.gov.lv/dati/eng/dataset/covid19-vakcinacijas,1282681,712663,661793,
Latvia,2021-07-24,"Johnson&Johnson, Moderna, Oxford/AstraZeneca, Pfizer/BioNTech",https://data.gov.lv/dati/eng/dataset/covid19-vakcinacijas,1287434,715794,664479,
Latvia,2021-07-25,"Johnson&Johnson, Moderna, Oxford/AstraZeneca, Pfizer/BioNTech",https://data.gov.lv/dati/eng/dataset/covid19-vakcinacijas,1288811,716580,665330,
Latvia,2021-07-26,"Johnson&Johnson, Moderna, Oxford/AstraZeneca, Pfizer/BioNTech",https://data.gov.lv/dati/eng/dataset/covid19-vakcinacijas,1294537,719463,668805,
Latvia,2021-07-27,"Johnson&Johnson, Moderna, Oxford/AstraZeneca, Pfizer/BioNTech",https://data.gov.lv/dati/eng/dataset/covid19-vakcinacijas,1300827,722904,672257,
Latvia,2021-07-28,"Johnson&Johnson, Moderna, Oxford/AstraZeneca, Pfizer/BioNTech",https://data.gov.lv/dati/eng/dataset/covid19-vakcinacijas,1307802,726582,676167,
Latvia,2021-07-29,"Johnson&Johnson, Moderna, Oxford/AstraZeneca, Pfizer/BioNTech",https://data.gov.lv/dati/eng/dataset/covid19-vakcinacijas,1313343,729807,679113,
Latvia,2021-07-30,"Johnson&Johnson, Moderna, Oxford/AstraZeneca, Pfizer/BioNTech",https://data.gov.lv/dati/eng/dataset/covid19-vakcinacijas,1320271,733601,682799,
Latvia,2021-07-31,"Johnson&Johnson, Moderna, Oxford/AstraZeneca, Pfizer/BioNTech",https://data.gov.lv/dati/eng/dataset/covid19-vakcinacijas,1324129,736137,684785,
Latvia,2021-08-01,"Johnson&Johnson, Moderna, Oxford/AstraZeneca, Pfizer/BioNTech",https://data.gov.lv/dati/eng/dataset/covid19-vakcinacijas,1325558,737074,685607,
Latvia,2021-08-02,"Johnson&Johnson, Moderna, Oxford/AstraZeneca, Pfizer/BioNTech",https://data.gov.lv/dati/eng/dataset/covid19-vakcinacijas,1330445,740048,688182,
Latvia,2021-08-03,"Johnson&Johnson, Moderna, Oxford/AstraZeneca, Pfizer/BioNTech",https://data.gov.lv/dati/eng/dataset/covid19-vakcinacijas,1336828,743729,691801,
Latvia,2021-08-04,"Johnson&Johnson, Moderna, Oxford/AstraZeneca, Pfizer/BioNTech",https://data.gov.lv/dati/eng/dataset/covid19-vakcinacijas,1343382,747727,695181,
Latvia,2021-08-05,"Johnson&Johnson, Moderna, Oxford/AstraZeneca, Pfizer/BioNTech",https://data.gov.lv/dati/eng/dataset/covid19-vakcinacijas,1348617,750919,697727,
Latvia,2021-08-06,"Johnson&Johnson, Moderna, Oxford/AstraZeneca, Pfizer/BioNTech",https://data.gov.lv/dati/eng/dataset/covid19-vakcinacijas,1355194,754915,701134,
Latvia,2021-08-07,"Johnson&Johnson, Moderna, Oxford/AstraZeneca, Pfizer/BioNTech",https://data.gov.lv/dati/eng/dataset/covid19-vakcinacijas,1359349,757775,703775,
Latvia,2021-08-08,"Johnson&Johnson, Moderna, Oxford/AstraZeneca, Pfizer/BioNTech",https://data.gov.lv/dati/eng/dataset/covid19-vakcinacijas,1360465,758551,704412,
Latvia,2021-08-09,"Johnson&Johnson, Moderna, Oxford/AstraZeneca, Pfizer/BioNTech",https://data.gov.lv/dati/eng/dataset/covid19-vakcinacijas,1365238,761288,706738,
Latvia,2021-08-10,"Johnson&Johnson, Moderna, Oxford/AstraZeneca, Pfizer/BioNTech",https://data.gov.lv/dati/eng/dataset/covid19-vakcinacijas,1371237,764627,709884,
Latvia,2021-08-11,"Johnson&Johnson, Moderna, Oxford/AstraZeneca, Pfizer/BioNTech",https://data.gov.lv/dati/eng/dataset/covid19-vakcinacijas,1378781,769280,713375,
Latvia,2021-08-12,"Johnson&Johnson, Moderna, Oxford/AstraZeneca, Pfizer/BioNTech",https://data.gov.lv/dati/eng/dataset/covid19-vakcinacijas,1384111,772413,715870,
Latvia,2021-08-13,"Johnson&Johnson, Moderna, Oxford/AstraZeneca, Pfizer/BioNTech",https://data.gov.lv/dati/eng/dataset/covid19-vakcinacijas,1390680,776443,718849,
Latvia,2021-08-14,"Johnson&Johnson, Moderna, Oxford/AstraZeneca, Pfizer/BioNTech",https://data.gov.lv/dati/eng/dataset/covid19-vakcinacijas,1394590,778782,720734,
Latvia,2021-08-15,"Johnson&Johnson, Moderna, Oxford/AstraZeneca, Pfizer/BioNTech",https://data.gov.lv/dati/eng/dataset/covid19-vakcinacijas,1395859,779473,721402,
Latvia,2021-08-16,"Johnson&Johnson, Moderna, Oxford/AstraZeneca, Pfizer/BioNTech",https://data.gov.lv/dati/eng/dataset/covid19-vakcinacijas,1400654,782096,723788,
Latvia,2021-08-17,"Johnson&Johnson, Moderna, Oxford/AstraZeneca, Pfizer/BioNTech",https://data.gov.lv/dati/eng/dataset/covid19-vakcinacijas,1406690,785259,726966,
Latvia,2021-08-18,"Johnson&Johnson, Moderna, Oxford/AstraZeneca, Pfizer/BioNTech",https://data.gov.lv/dati/eng/dataset/covid19-vakcinacijas,1414078,789818,730417,
Latvia,2021-08-19,"Johnson&Johnson, Moderna, Oxford/AstraZeneca, Pfizer/BioNTech",https://data.gov.lv/dati/eng/dataset/covid19-vakcinacijas,1419771,793121,733224,
Latvia,2021-08-20,"Johnson&Johnson, Moderna, Oxford/AstraZeneca, Pfizer/BioNTech",https://data.gov.lv/dati/eng/dataset/covid19-vakcinacijas,1426832,797168,736773,
Latvia,2021-08-21,"Johnson&Johnson, Moderna, Oxford/AstraZeneca, Pfizer/BioNTech",https://data.gov.lv/dati/eng/dataset/covid19-vakcinacijas,1430591,799331,738664,
Latvia,2021-08-22,"Johnson&Johnson, Moderna, Oxford/AstraZeneca, Pfizer/BioNTech",https://data.gov.lv/dati/eng/dataset/covid19-vakcinacijas,1431884,800081,739268,
Latvia,2021-08-23,"Johnson&Johnson, Moderna, Oxford/AstraZeneca, Pfizer/BioNTech",https://data.gov.lv/dati/eng/dataset/covid19-vakcinacijas,1437162,802952,741991,
Latvia,2021-08-24,"Johnson&Johnson, Moderna, Oxford/AstraZeneca, Pfizer/BioNTech, Sinopharm/Beijing",https://data.gov.lv/dati/eng/dataset/covid19-vakcinacijas,1443293,806570,744947,
Latvia,2021-08-25,"Johnson&Johnson, Moderna, Oxford/AstraZeneca, Pfizer/BioNTech",https://data.gov.lv/dati/eng/dataset/covid19-vakcinacijas,1450086,810218,748427,
Latvia,2021-08-26,"Johnson&Johnson, Moderna, Oxford/AstraZeneca, Pfizer/BioNTech",https://data.gov.lv/dati/eng/dataset/covid19-vakcinacijas,1455638,813343,751113,
Latvia,2021-08-27,"Johnson&Johnson, Moderna, Oxford/AstraZeneca, Pfizer/BioNTech",https://data.gov.lv/dati/eng/dataset/covid19-vakcinacijas,1462934,817621,754659,
Latvia,2021-08-28,"Johnson&Johnson, Moderna, Oxford/AstraZeneca, Pfizer/BioNTech",https://data.gov.lv/dati/eng/dataset/covid19-vakcinacijas,1466390,819640,756205,
Latvia,2021-08-29,"Johnson&Johnson, Moderna, Oxford/AstraZeneca, Pfizer/BioNTech",https://data.gov.lv/dati/eng/dataset/covid19-vakcinacijas,1467548,820329,756694,
Latvia,2021-08-30,"Johnson&Johnson, Moderna, Oxford/AstraZeneca, Pfizer/BioNTech",https://data.gov.lv/dati/eng/dataset/covid19-vakcinacijas,1473409,823450,759772,
Latvia,2021-08-31,"Johnson&Johnson, Moderna, Oxford/AstraZeneca, Pfizer/BioNTech",https://data.gov.lv/dati/eng/dataset/covid19-vakcinacijas,1479597,826989,762715,
Latvia,2021-09-01,"Johnson&Johnson, Moderna, Oxford/AstraZeneca, Pfizer/BioNTech",https://data.gov.lv/dati/eng/dataset/covid19-vakcinacijas,1485365,829632,765997,
Latvia,2021-09-02,"Johnson&Johnson, Moderna, Oxford/AstraZeneca, Pfizer/BioNTech",https://data.gov.lv/dati/eng/dataset/covid19-vakcinacijas,1490765,832501,768759,
Latvia,2021-09-03,"Johnson&Johnson, Moderna, Oxford/AstraZeneca, Pfizer/BioNTech",https://data.gov.lv/dati/eng/dataset/covid19-vakcinacijas,1497277,835669,772260,
Latvia,2021-09-04,"Johnson&Johnson, Moderna, Oxford/AstraZeneca, Pfizer/BioNTech",https://data.gov.lv/dati/eng/dataset/covid19-vakcinacijas,1500843,837257,774284,
Latvia,2021-09-05,"Johnson&Johnson, Moderna, Oxford/AstraZeneca, Pfizer/BioNTech",https://data.gov.lv/dati/eng/dataset/covid19-vakcinacijas,1501855,837789,774769,
Latvia,2021-09-06,"Johnson&Johnson, Moderna, Oxford/AstraZeneca, Pfizer/BioNTech",https://data.gov.lv/dati/eng/dataset/covid19-vakcinacijas,1506238,840002,777005,
Latvia,2021-09-07,"Johnson&Johnson, Moderna, Oxford/AstraZeneca, Pfizer/BioNTech",https://data.gov.lv/dati/eng/dataset/covid19-vakcinacijas,1511292,842771,779391,
Latvia,2021-09-08,"Johnson&Johnson, Moderna, Oxford/AstraZeneca, Pfizer/BioNTech",https://data.gov.lv/dati/eng/dataset/covid19-vakcinacijas,1518288,846051,783259,
Latvia,2021-09-09,"Johnson&Johnson, Moderna, Oxford/AstraZeneca, Pfizer/BioNTech",https://data.gov.lv/dati/eng/dataset/covid19-vakcinacijas,1524094,849053,786235,
Latvia,2021-09-10,"Johnson&Johnson, Moderna, Oxford/AstraZeneca, Pfizer/BioNTech",https://data.gov.lv/dati/eng/dataset/covid19-vakcinacijas,1530748,852440,789733,
Latvia,2021-09-11,"Johnson&Johnson, Moderna, Oxford/AstraZeneca, Pfizer/BioNTech",https://data.gov.lv/dati/eng/dataset/covid19-vakcinacijas,1533654,853868,791235,
Latvia,2021-09-12,"Johnson&Johnson, Moderna, Oxford/AstraZeneca, Pfizer/BioNTech",https://data.gov.lv/dati/eng/dataset/covid19-vakcinacijas,1534690,854471,791676,
Latvia,2021-09-13,"Johnson&Johnson, Moderna, Oxford/AstraZeneca, Pfizer/BioNTech",https://data.gov.lv/dati/eng/dataset/covid19-vakcinacijas,1539375,856489,794415,
Latvia,2021-09-14,"Johnson&Johnson, Moderna, Oxford/AstraZeneca, Pfizer/BioNTech",https://data.gov.lv/dati/eng/dataset/covid19-vakcinacijas,1544568,859038,797141,
Latvia,2021-09-15,"Johnson&Johnson, Moderna, Oxford/AstraZeneca, Pfizer/BioNTech",https://data.gov.lv/dati/eng/dataset/covid19-vakcinacijas,1550682,861945,800466,
Latvia,2021-09-16,"Johnson&Johnson, Moderna, Oxford/AstraZeneca, Pfizer/BioNTech",https://data.gov.lv/dati/eng/dataset/covid19-vakcinacijas,1556479,864913,803588,
Latvia,2021-09-17,"Johnson&Johnson, Moderna, Oxford/AstraZeneca, Pfizer/BioNTech",https://data.gov.lv/dati/eng/dataset/covid19-vakcinacijas,1563822,868655,807900,
Latvia,2021-09-18,"Johnson&Johnson, Moderna, Oxford/AstraZeneca, Pfizer/BioNTech",https://data.gov.lv/dati/eng/dataset/covid19-vakcinacijas,1568070,871221,810670,
Latvia,2021-09-19,"Johnson&Johnson, Moderna, Oxford/AstraZeneca, Pfizer/BioNTech",https://data.gov.lv/dati/eng/dataset/covid19-vakcinacijas,1569131,871688,811345,
Latvia,2021-09-20,"Johnson&Johnson, Moderna, Oxford/AstraZeneca, Pfizer/BioNTech",https://data.gov.lv/dati/eng/dataset/covid19-vakcinacijas,1574194,874084,814438,
Latvia,2021-09-21,"Johnson&Johnson, Moderna, Oxford/AstraZeneca, Pfizer/BioNTech",https://data.gov.lv/dati/eng/dataset/covid19-vakcinacijas,1580559,877260,818298,
Latvia,2021-09-22,"Johnson&Johnson, Moderna, Oxford/AstraZeneca, Pfizer/BioNTech",https://data.gov.lv/dati/eng/dataset/covid19-vakcinacijas,1587135,881289,821589,
Latvia,2021-09-23,"Johnson&Johnson, Moderna, Oxford/AstraZeneca, Pfizer/BioNTech",https://data.gov.lv/dati/eng/dataset/covid19-vakcinacijas,1594117,885747,825968,
Latvia,2021-09-24,"Johnson&Johnson, Moderna, Oxford/AstraZeneca, Pfizer/BioNTech",https://data.gov.lv/dati/eng/dataset/covid19-vakcinacijas,1603193,891855,832068,
Latvia,2021-09-25,"Johnson&Johnson, Moderna, Oxford/AstraZeneca, Pfizer/BioNTech",https://data.gov.lv/dati/eng/dataset/covid19-vakcinacijas,1609208,896277,836460,
Latvia,2021-09-26,"Johnson&Johnson, Moderna, Oxford/AstraZeneca, Pfizer/BioNTech",https://data.gov.lv/dati/eng/dataset/covid19-vakcinacijas,1610889,897380,837635,
Latvia,2021-09-27,"Johnson&Johnson, Moderna, Oxford/AstraZeneca, Pfizer/BioNTech",https://data.gov.lv/dati/eng/dataset/covid19-vakcinacijas,1617377,901671,841972,
Latvia,2021-09-28,"Johnson&Johnson, Moderna, Oxford/AstraZeneca, Pfizer/BioNTech",https://data.gov.lv/dati/eng/dataset/covid19-vakcinacijas,1623931,905846,846397,
Latvia,2021-09-29,"Johnson&Johnson, Moderna, Oxford/AstraZeneca, Pfizer/BioNTech",https://data.gov.lv/dati/eng/dataset/covid19-vakcinacijas,1631896,910890,851668,
Latvia,2021-09-30,"Johnson&Johnson, Moderna, Oxford/AstraZeneca, Pfizer/BioNTech",https://data.gov.lv/dati/eng/dataset/covid19-vakcinacijas,1640075,916381,857502,
Latvia,2021-10-01,"Johnson&Johnson, Moderna, Oxford/AstraZeneca, Pfizer/BioNTech",https://data.gov.lv/dati/eng/dataset/covid19-vakcinacijas,1648828,922124,863573,
Latvia,2021-10-02,"Johnson&Johnson, Moderna, Oxford/AstraZeneca, Pfizer/BioNTech",https://data.gov.lv/dati/eng/dataset/covid19-vakcinacijas,1653512,925515,866760,
Latvia,2021-10-03,"Johnson&Johnson, Moderna, Pfizer/BioNTech",https://data.gov.lv/dati/eng/dataset/covid19-vakcinacijas,1655580,927031,868166,
Latvia,2021-10-04,"Johnson&Johnson, Moderna, Pfizer/BioNTech",https://data.gov.lv/dati/eng/dataset/covid19-vakcinacijas,1661254,930742,871893,
Latvia,2021-10-05,"Johnson&Johnson, Moderna, Pfizer/BioNTech",https://data.gov.lv/dati/eng/dataset/covid19-vakcinacijas,1668458,935481,876494,
Latvia,2021-10-06,"Johnson&Johnson, Moderna, Pfizer/BioNTech",https://data.gov.lv/dati/eng/dataset/covid19-vakcinacijas,1676605,940908,881500,
Latvia,2021-10-07,"Johnson&Johnson, Moderna, Oxford/AstraZeneca, Pfizer/BioNTech",https://data.gov.lv/dati/eng/dataset/covid19-vakcinacijas,1684037,945988,885924,
Latvia,2021-10-08,"Johnson&Johnson, Moderna, Oxford/AstraZeneca, Pfizer/BioNTech",https://data.gov.lv/dati/eng/dataset/covid19-vakcinacijas,1694629,953536,892029,
Latvia,2021-10-09,"Johnson&Johnson, Moderna, Oxford/AstraZeneca, Pfizer/BioNTech",https://data.gov.lv/dati/eng/dataset/covid19-vakcinacijas,1702618,960059,896897,
Latvia,2021-10-10,"Johnson&Johnson, Moderna, Pfizer/BioNTech",https://data.gov.lv/dati/eng/dataset/covid19-vakcinacijas,1706046,962960,898841,
Latvia,2021-10-11,"Johnson&Johnson, Moderna, Oxford/AstraZeneca, Pfizer/BioNTech",https://data.gov.lv/dati/eng/dataset/covid19-vakcinacijas,1714936,970060,903649,
Latvia,2021-10-12,"Johnson&Johnson, Moderna, Oxford/AstraZeneca, Pfizer/BioNTech",https://data.gov.lv/dati/eng/dataset/covid19-vakcinacijas,1726512,979404,909584,
Latvia,2021-10-13,"Johnson&Johnson, Moderna, Oxford/AstraZeneca, Pfizer/BioNTech",https://data.gov.lv/dati/eng/dataset/covid19-vakcinacijas,1740490,990266,916521,
Latvia,2021-10-14,"Johnson&Johnson, Moderna, Oxford/AstraZeneca, Pfizer/BioNTech",https://data.gov.lv/dati/eng/dataset/covid19-vakcinacijas,1754286,1001514,923547,
Latvia,2021-10-15,"Johnson&Johnson, Moderna, Oxford/AstraZeneca, Pfizer/BioNTech",https://data.gov.lv/dati/eng/dataset/covid19-vakcinacijas,1771519,1016080,931958,
Latvia,2021-10-16,"Johnson&Johnson, Moderna, Oxford/AstraZeneca, Pfizer/BioNTech",https://data.gov.lv/dati/eng/dataset/covid19-vakcinacijas,1784041,1027083,938226,
Latvia,2021-10-17,"Johnson&Johnson, Moderna, Oxford/AstraZeneca, Pfizer/BioNTech",https://data.gov.lv/dati/eng/dataset/covid19-vakcinacijas,1788974,1031566,940245,
Latvia,2021-10-18,"Johnson&Johnson, Moderna, Oxford/AstraZeneca, Pfizer/BioNTech",https://data.gov.lv/dati/eng/dataset/covid19-vakcinacijas,1801774,1042263,946063,
Latvia,2021-10-19,"Johnson&Johnson, Moderna, Oxford/AstraZeneca, Pfizer/BioNTech",https://data.gov.lv/dati/eng/dataset/covid19-vakcinacijas,1815549,1054047,951818,
Latvia,2021-10-20,"Johnson&Johnson, Moderna, Pfizer/BioNTech",https://data.gov.lv/dati/eng/dataset/covid19-vakcinacijas,1829984,1065955,957743,
Latvia,2021-10-21,"Johnson&Johnson, Moderna, Pfizer/BioNTech",https://data.gov.lv/dati/eng/dataset/covid19-vakcinacijas,1845134,1078839,964610,
Latvia,2021-10-22,"Johnson&Johnson, Moderna, Pfizer/BioNTech",https://data.gov.lv/dati/eng/dataset/covid19-vakcinacijas,1861295,1092483,971992,
Latvia,2021-10-23,"Johnson&Johnson, Moderna, Oxford/AstraZeneca, Pfizer/BioNTech",https://data.gov.lv/dati/eng/dataset/covid19-vakcinacijas,1871325,1101054,976857,
Latvia,2021-10-24,"Johnson&Johnson, Moderna, Oxford/AstraZeneca, Pfizer/BioNTech",https://data.gov.lv/dati/eng/dataset/covid19-vakcinacijas,1874362,1103627,978321,
Latvia,2021-10-25,"Johnson&Johnson, Moderna, Oxford/AstraZeneca, Pfizer/BioNTech",https://data.gov.lv/dati/eng/dataset/covid19-vakcinacijas,1885409,1112785,983583,
Latvia,2021-10-26,"Johnson&Johnson, Moderna, Oxford/AstraZeneca, Pfizer/BioNTech",https://data.gov.lv/dati/eng/dataset/covid19-vakcinacijas,1897564,1122746,989102,
Latvia,2021-10-27,"Johnson&Johnson, Moderna, Oxford/AstraZeneca, Pfizer/BioNTech",https://data.gov.lv/dati/eng/dataset/covid19-vakcinacijas,1910800,1133367,995049,
Latvia,2021-10-28,"Johnson&Johnson, Moderna, Oxford/AstraZeneca, Pfizer/BioNTech",https://data.gov.lv/dati/eng/dataset/covid19-vakcinacijas,1923601,1143383,1001154,
Latvia,2021-10-29,"Johnson&Johnson, Moderna, Oxford/AstraZeneca, Pfizer/BioNTech",https://data.gov.lv/dati/eng/dataset/covid19-vakcinacijas,1938006,1153993,1008526,
Latvia,2021-10-30,"Johnson&Johnson, Moderna, Oxford/AstraZeneca, Pfizer/BioNTech",https://data.gov.lv/dati/eng/dataset/covid19-vakcinacijas,1946786,1160067,1013780,
Latvia,2021-10-31,"Johnson&Johnson, Moderna, Pfizer/BioNTech",https://data.gov.lv/dati/eng/dataset/covid19-vakcinacijas,1949580,1161788,1015572,
Latvia,2021-11-01,"Johnson&Johnson, Moderna, Oxford/AstraZeneca, Pfizer/BioNTech",https://data.gov.lv/dati/eng/dataset/covid19-vakcinacijas,1959657,1168170,1021509,
Latvia,2021-11-02,"Johnson&Johnson, Moderna, Oxford/AstraZeneca, Pfizer/BioNTech",https://data.gov.lv/dati/eng/dataset/covid19-vakcinacijas,1971813,1175261,1028811,
Latvia,2021-11-03,"Johnson&Johnson, Moderna, Oxford/AstraZeneca, Pfizer/BioNTech",https://data.gov.lv/dati/eng/dataset/covid19-vakcinacijas,1985061,1182862,1036777,
Latvia,2021-11-04,"Johnson&Johnson, Moderna, Pfizer/BioNTech",https://data.gov.lv/dati/eng/dataset/covid19-vakcinacijas,1996631,1189166,1044079,
Latvia,2021-11-05,"Johnson&Johnson, Moderna, Oxford/AstraZeneca, Pfizer/BioNTech",https://data.gov.lv/dati/eng/dataset/covid19-vakcinacijas,2007688,1194322,1051600,
