location,date,vaccine,total_vaccinations,source_url,people_vaccinated,people_fully_vaccinated,total_boosters
Lebanon,2021-02-13,Pfizer/BioNTech,0,https://www.reuters.com/article/us-health-coronavirus-lebanon-vaccine-idUSKBN2AE08B,,,
Lebanon,2021-02-14,Pfizer/BioNTech,48,https://impact.cib.gov.lb/home/dashboard/vaccine,,,
Lebanon,2021-02-15,Pfizer/BioNTech,1280,https://impact.cib.gov.lb/home/dashboard/vaccine,,,
Lebanon,2021-02-16,Pfizer/BioNTech,3266,https://impact.cib.gov.lb/home/dashboard/vaccine,,,
Lebanon,2021-02-17,Pfizer/BioNTech,5932,https://impact.cib.gov.lb/home/dashboard/vaccine,,,
Lebanon,2021-02-18,Pfizer/BioNTech,9605,https://impact.cib.gov.lb/home/dashboard/vaccine,,,
Lebanon,2021-02-19,Pfizer/BioNTech,13329,https://impact.cib.gov.lb/home/dashboard/vaccine,,,
Lebanon,2021-02-20,Pfizer/BioNTech,13329,https://impact.cib.gov.lb/home/dashboard/vaccine,,,
Lebanon,2021-02-21,Pfizer/BioNTech,13329,https://impact.cib.gov.lb/home/dashboard/vaccine,,,
Lebanon,2021-02-22,Pfizer/BioNTech,18031,https://impact.cib.gov.lb/home/dashboard/vaccine,,,
Lebanon,2021-02-23,Pfizer/BioNTech,21575,https://impact.cib.gov.lb/home/dashboard/vaccine,,,
Lebanon,2021-02-24,Pfizer/BioNTech,25393,https://impact.cib.gov.lb/home/dashboard/vaccine,,,
Lebanon,2021-02-25,Pfizer/BioNTech,29820,https://impact.cib.gov.lb/home/dashboard/vaccine,,,
Lebanon,2021-02-26,Pfizer/BioNTech,34991,https://impact.cib.gov.lb/home/dashboard/vaccine,,,
Lebanon,2021-02-27,Pfizer/BioNTech,34991,https://impact.cib.gov.lb/home/dashboard/vaccine,,,
Lebanon,2021-02-28,Pfizer/BioNTech,40593,https://impact.cib.gov.lb/home/dashboard/vaccine,,,
Lebanon,2021-03-01,Pfizer/BioNTech,45859,https://impact.cib.gov.lb/home/dashboard/vaccine,,,
Lebanon,2021-03-02,Pfizer/BioNTech,47625,https://impact.cib.gov.lb/home/dashboard/vaccine,,,
Lebanon,2021-03-03,Pfizer/BioNTech,54585,https://impact.cib.gov.lb/home/dashboard/vaccine,,,
Lebanon,2021-03-04,Pfizer/BioNTech,57474,https://impact.cib.gov.lb/home/dashboard/vaccine,,,
Lebanon,2021-03-05,Pfizer/BioNTech,60538,https://impact.cib.gov.lb/home/dashboard/vaccine,,,
Lebanon,2021-03-06,Pfizer/BioNTech,60740,https://impact.cib.gov.lb/home/dashboard/vaccine,,,
Lebanon,2021-03-07,Pfizer/BioNTech,61330,https://impact.cib.gov.lb/home/dashboard/vaccine,,,
Lebanon,2021-03-08,Pfizer/BioNTech,64007,https://impact.cib.gov.lb/home/dashboard/vaccine,,,
Lebanon,2021-03-09,Pfizer/BioNTech,64974,https://impact.cib.gov.lb/home/dashboard/vaccine,,,
Lebanon,2021-03-10,Pfizer/BioNTech,87216,https://impact.cib.gov.lb/home/dashboard/vaccine,75341,11875,
Lebanon,2021-03-11,Pfizer/BioNTech,91967,https://impact.cib.gov.lb/home/dashboard/vaccine,76883,15084,
Lebanon,2021-03-12,Pfizer/BioNTech,95888,https://impact.cib.gov.lb/home/dashboard/vaccine,78177,17711,
Lebanon,2021-03-15,Pfizer/BioNTech,104725,https://impact.cib.gov.lb/home/dashboard/vaccine,81802,22923,
Lebanon,2021-03-16,Pfizer/BioNTech,115164,https://impact.cib.gov.lb/home/dashboard/vaccine,86098,29066,
Lebanon,2021-03-17,Pfizer/BioNTech,120890,https://impact.cib.gov.lb/home/dashboard/vaccine,88219,32671,
Lebanon,2021-03-18,Pfizer/BioNTech,129487,https://impact.cib.gov.lb/home/dashboard/vaccine,90974,38513,
Lebanon,2021-03-19,Pfizer/BioNTech,135277,https://impact.cib.gov.lb/home/dashboard/vaccine,92573,42704,
Lebanon,2021-03-20,Pfizer/BioNTech,135349,https://impact.cib.gov.lb/home/dashboard/vaccine,92597,42752,
Lebanon,2021-03-21,Pfizer/BioNTech,138420,https://impact.cib.gov.lb/home/dashboard/vaccine,93801,44619,
Lebanon,2021-03-22,Pfizer/BioNTech,148119,https://impact.cib.gov.lb/home/dashboard/vaccine,98022,50097,
Lebanon,2021-03-23,Pfizer/BioNTech,158018,https://impact.cib.gov.lb/home/dashboard/vaccine,102363,55655,
Lebanon,2021-03-24,Pfizer/BioNTech,166015,https://impact.cib.gov.lb/home/dashboard/vaccine,105534,60481,
Lebanon,2021-03-25,Pfizer/BioNTech,174031,https://impact.cib.gov.lb/home/dashboard/vaccine,108630,65401,
Lebanon,2021-03-26,Pfizer/BioNTech,180074,https://impact.cib.gov.lb/home/dashboard/vaccine,111019,69055,
Lebanon,2021-03-27,Pfizer/BioNTech,181127,https://impact.cib.gov.lb/home/dashboard/vaccine,111517,69610,
Lebanon,2021-03-28,Pfizer/BioNTech,186712,https://impact.cib.gov.lb/home/dashboard/vaccine,114730,71982,
Lebanon,2021-03-29,Pfizer/BioNTech,193903,https://impact.cib.gov.lb/home/dashboard/vaccine,118998,74905,
Lebanon,2021-03-30,Pfizer/BioNTech,207647,https://impact.cib.gov.lb/home/dashboard/vaccine,127913,79734,
Lebanon,2021-03-31,Pfizer/BioNTech,216286,https://impact.cib.gov.lb/home/dashboard/vaccine,133294,82992,
Lebanon,2021-04-01,Pfizer/BioNTech,222332,https://impact.cib.gov.lb/home/dashboard/vaccine,136761,85571,
Lebanon,2021-04-02,Pfizer/BioNTech,225708,https://impact.cib.gov.lb/home/dashboard/vaccine,138558,87150,
Lebanon,2021-04-03,Pfizer/BioNTech,225842,https://impact.cib.gov.lb/home/dashboard/vaccine,138610,87232,
Lebanon,2021-04-04,Pfizer/BioNTech,228050,https://impact.cib.gov.lb/home/dashboard/vaccine,139855,88195,
Lebanon,2021-04-05,Pfizer/BioNTech,235303,https://impact.cib.gov.lb/home/dashboard/vaccine,144264,91039,
Lebanon,2021-04-06,Pfizer/BioNTech,244772,https://impact.cib.gov.lb/home/dashboard/vaccine,150660,94112,
Lebanon,2021-04-07,Pfizer/BioNTech,259153,https://impact.cib.gov.lb/home/dashboard/vaccine,161164,97989,
Lebanon,2021-04-08,Pfizer/BioNTech,268578,https://impact.cib.gov.lb/home/dashboard/vaccine,167957,100621,
Lebanon,2021-04-09,Pfizer/BioNTech,272379,https://impact.cib.gov.lb/home/dashboard/vaccine,170506,101873,
Lebanon,2021-04-10,"Oxford/AstraZeneca, Pfizer/BioNTech, Sinopharm/Beijing, Sputnik V",273587,https://impact.cib.gov.lb/home/dashboard/vaccine,170571,103016,
Lebanon,2021-04-12,"Oxford/AstraZeneca, Pfizer/BioNTech, Sinopharm/Beijing, Sputnik V",285966,https://impact.cib.gov.lb/home/dashboard/vaccine,178155,107811,
Lebanon,2021-04-13,"Oxford/AstraZeneca, Pfizer/BioNTech, Sinopharm/Beijing, Sputnik V",296165,https://impact.cib.gov.lb/home/dashboard/vaccine,184109,112056,
Lebanon,2021-04-14,"Oxford/AstraZeneca, Pfizer/BioNTech, Sinopharm/Beijing, Sputnik V",296168,https://impact.cib.gov.lb/home/dashboard/vaccine,184111,112057,
Lebanon,2021-04-15,"Oxford/AstraZeneca, Pfizer/BioNTech, Sinopharm/Beijing, Sputnik V",320623,https://impact.cib.gov.lb/home/dashboard/vaccine,198763,121860,
Lebanon,2021-04-16,"Oxford/AstraZeneca, Pfizer/BioNTech, Sinopharm/Beijing, Sputnik V",322647,https://impact.cib.gov.lb/home/dashboard/vaccine,199999,122648,
Lebanon,2021-04-17,"Oxford/AstraZeneca, Pfizer/BioNTech, Sinopharm/Beijing, Sputnik V",322768,https://impact.cib.gov.lb/home/dashboard/vaccine,200111,122657,
Lebanon,2021-04-18,"Oxford/AstraZeneca, Pfizer/BioNTech, Sinopharm/Beijing, Sputnik V",329452,https://impact.cib.gov.lb/home/dashboard/vaccine,204564,124888,
Lebanon,2021-04-19,"Oxford/AstraZeneca, Pfizer/BioNTech, Sinopharm/Beijing, Sputnik V",343286,https://impact.cib.gov.lb/home/dashboard/vaccine,213168,130118,
Lebanon,2021-04-20,"Oxford/AstraZeneca, Pfizer/BioNTech, Sinopharm/Beijing, Sputnik V",351792,https://impact.cib.gov.lb/home/dashboard/vaccine,217778,134014,
Lebanon,2021-04-24,"Oxford/AstraZeneca, Pfizer/BioNTech, Sinopharm/Beijing, Sputnik V",408532,https://impact.cib.gov.lb/home/dashboard/vaccine,267582,140950,
Lebanon,2021-04-25,"Oxford/AstraZeneca, Pfizer/BioNTech, Sinopharm/Beijing, Sputnik V",415562,https://impact.cib.gov.lb/home/dashboard/vaccine,271335,144227,
Lebanon,2021-04-26,"Oxford/AstraZeneca, Pfizer/BioNTech, Sinopharm/Beijing, Sputnik V",421905,https://impact.cib.gov.lb/home/dashboard/vaccine,274263,147642,
Lebanon,2021-04-27,"Oxford/AstraZeneca, Pfizer/BioNTech, Sinopharm/Beijing, Sputnik V",438268,https://impact.cib.gov.lb/home/dashboard/vaccine,282456,155812,
Lebanon,2021-04-28,"Oxford/AstraZeneca, Pfizer/BioNTech, Sinopharm/Beijing, Sputnik V",455275,https://impact.cib.gov.lb/home/dashboard/vaccine,290216,165059,
Lebanon,2021-04-29,"Oxford/AstraZeneca, Pfizer/BioNTech, Sinopharm/Beijing, Sputnik V",461160,https://impact.cib.gov.lb/home/dashboard/vaccine,293030,168130,
Lebanon,2021-04-30,"Oxford/AstraZeneca, Pfizer/BioNTech, Sinopharm/Beijing, Sputnik V",461726,https://impact.cib.gov.lb/home/dashboard/vaccine,293260,168466,
Lebanon,2021-05-01,"Oxford/AstraZeneca, Pfizer/BioNTech, Sinopharm/Beijing, Sputnik V",461758,https://impact.cib.gov.lb/home/dashboard/vaccine,293277,168481,
Lebanon,2021-05-02,"Oxford/AstraZeneca, Pfizer/BioNTech, Sinopharm/Beijing, Sputnik V",465909,https://impact.cib.gov.lb/home/dashboard/vaccine,294945,170964,
Lebanon,2021-05-03,"Oxford/AstraZeneca, Pfizer/BioNTech, Sinopharm/Beijing, Sputnik V",473740,https://impact.cib.gov.lb/home/dashboard/vaccine,298835,174905,
Lebanon,2021-05-04,"Oxford/AstraZeneca, Pfizer/BioNTech, Sinopharm/Beijing, Sputnik V",487974,https://impact.cib.gov.lb/home/dashboard/vaccine,307573,180401,
Lebanon,2021-05-05,"Oxford/AstraZeneca, Pfizer/BioNTech, Sinopharm/Beijing, Sputnik V",500984,https://impact.cib.gov.lb/home/dashboard/vaccine,317612,183372,
Lebanon,2021-05-06,"Oxford/AstraZeneca, Pfizer/BioNTech, Sinopharm/Beijing, Sputnik V",509705,https://impact.cib.gov.lb/home/dashboard/vaccine,325383,184322,
Lebanon,2021-05-14,"Oxford/AstraZeneca, Pfizer/BioNTech, Sinopharm/Beijing, Sputnik V",581068,https://impact.cib.gov.lb/home/dashboard/vaccine,377044,204024,
Lebanon,2021-05-15,"Oxford/AstraZeneca, Pfizer/BioNTech, Sinopharm/Beijing, Sputnik V",581518,https://impact.cib.gov.lb/home/dashboard/vaccine,377487,204031,
Lebanon,2021-05-16,"Oxford/AstraZeneca, Pfizer/BioNTech, Sinopharm/Beijing, Sputnik V",586734,https://impact.cib.gov.lb/home/dashboard/vaccine,382219,204515,
Lebanon,2021-05-17,"Oxford/AstraZeneca, Pfizer/BioNTech, Sinopharm/Beijing, Sputnik V",606994,https://impact.cib.gov.lb/home/dashboard/vaccine,399742,207252,
Lebanon,2021-05-18,"Oxford/AstraZeneca, Pfizer/BioNTech, Sinopharm/Beijing, Sputnik V",618414,https://impact.cib.gov.lb/home/dashboard/vaccine,410328,208086,
Lebanon,2021-05-19,"Oxford/AstraZeneca, Pfizer/BioNTech, Sinopharm/Beijing, Sputnik V",631679,https://impact.cib.gov.lb/home/dashboard/vaccine,421523,210156,
Lebanon,2021-05-20,"Oxford/AstraZeneca, Pfizer/BioNTech, Sinopharm/Beijing, Sputnik V",651850,https://impact.cib.gov.lb/home/dashboard/vaccine,436484,215366,
Lebanon,2021-05-21,"Oxford/AstraZeneca, Pfizer/BioNTech, Sinopharm/Beijing, Sputnik V",661049,https://impact.cib.gov.lb/home/dashboard/vaccine,443737,217312,
Lebanon,2021-05-22,"Oxford/AstraZeneca, Pfizer/BioNTech, Sinopharm/Beijing, Sputnik V",661609,https://impact.cib.gov.lb/home/dashboard/vaccine,444282,217327,
Lebanon,2021-05-23,"Oxford/AstraZeneca, Pfizer/BioNTech, Sinopharm/Beijing, Sputnik V",664814,https://impact.cib.gov.lb/home/dashboard/vaccine,446633,218181,
Lebanon,2021-05-24,"Oxford/AstraZeneca, Pfizer/BioNTech, Sinopharm/Beijing, Sputnik V",678178,https://impact.cib.gov.lb/home/dashboard/vaccine,455766,222412,
Lebanon,2021-05-25,"Oxford/AstraZeneca, Pfizer/BioNTech, Sinopharm/Beijing, Sputnik V",682096,https://impact.cib.gov.lb/home/dashboard/vaccine,458915,223181,
Lebanon,2021-05-26,"Oxford/AstraZeneca, Pfizer/BioNTech, Sinopharm/Beijing, Sputnik V",715286,https://impact.cib.gov.lb/home/dashboard/vaccine,479863,235423,
Lebanon,2021-05-27,"Oxford/AstraZeneca, Pfizer/BioNTech, Sinopharm/Beijing, Sputnik V",725333,https://impact.cib.gov.lb/home/dashboard/vaccine,486638,238695,
Lebanon,2021-05-28,"Oxford/AstraZeneca, Pfizer/BioNTech, Sinopharm/Beijing, Sputnik V",737328,https://impact.cib.gov.lb/home/dashboard/vaccine,496596,240732,
Lebanon,2021-05-29,"Oxford/AstraZeneca, Pfizer/BioNTech, Sinopharm/Beijing, Sputnik V",742365,https://impact.cib.gov.lb/home/dashboard/vaccine,501061,241304,
Lebanon,2021-05-30,"Oxford/AstraZeneca, Pfizer/BioNTech, Sinopharm/Beijing, Sputnik V",752172,https://impact.cib.gov.lb/home/dashboard/vaccine,507853,244319,
Lebanon,2021-05-31,"Oxford/AstraZeneca, Pfizer/BioNTech, Sinopharm/Beijing, Sputnik V",774435,https://impact.cib.gov.lb/home/dashboard/vaccine,521645,252790,
Lebanon,2021-06-01,"Oxford/AstraZeneca, Pfizer/BioNTech, Sinopharm/Beijing, Sputnik V",800140,https://impact.cib.gov.lb/home/dashboard/vaccine,535694,264446,
Lebanon,2021-06-02,"Oxford/AstraZeneca, Pfizer/BioNTech, Sinopharm/Beijing, Sputnik V",819518,https://impact.cib.gov.lb/home/dashboard/vaccine,546388,273130,
Lebanon,2021-06-03,"Oxford/AstraZeneca, Pfizer/BioNTech, Sinopharm/Beijing, Sputnik V",848020,https://impact.cib.gov.lb/home/dashboard/vaccine,563270,284750,
Lebanon,2021-06-04,"Oxford/AstraZeneca, Pfizer/BioNTech, Sinopharm/Beijing, Sputnik V",849471,https://impact.cib.gov.lb/home/dashboard/vaccine,564476,284995,
Lebanon,2021-06-05,"Oxford/AstraZeneca, Pfizer/BioNTech, Sinopharm/Beijing, Sputnik V",852090,https://impact.cib.gov.lb/home/dashboard/vaccine,566738,285352,
Lebanon,2021-06-06,"Oxford/AstraZeneca, Pfizer/BioNTech, Sinopharm/Beijing, Sputnik V",863134,https://impact.cib.gov.lb/home/dashboard/vaccine,574301,288833,
Lebanon,2021-06-07,"Oxford/AstraZeneca, Pfizer/BioNTech, Sinopharm/Beijing, Sputnik V",886996,https://impact.cib.gov.lb/home/dashboard/vaccine,589810,297186,
Lebanon,2021-06-08,"Oxford/AstraZeneca, Pfizer/BioNTech, Sinopharm/Beijing, Sputnik V",907418,https://impact.cib.gov.lb/home/dashboard/vaccine,602419,304999,
Lebanon,2021-06-09,"Oxford/AstraZeneca, Pfizer/BioNTech, Sinopharm/Beijing, Sputnik V",928148,https://impact.cib.gov.lb/home/dashboard/vaccine,617035,311113,
Lebanon,2021-06-10,"Oxford/AstraZeneca, Pfizer/BioNTech, Sinopharm/Beijing, Sputnik V",948962,https://impact.cib.gov.lb/home/dashboard/vaccine,633877,315085,
Lebanon,2021-06-11,"Oxford/AstraZeneca, Pfizer/BioNTech, Sinopharm/Beijing, Sputnik V",963223,https://impact.cib.gov.lb/home/dashboard/vaccine,646546,316677,
Lebanon,2021-06-12,"Oxford/AstraZeneca, Pfizer/BioNTech, Sinopharm/Beijing, Sputnik V",985318,https://impact.cib.gov.lb/home/dashboard/vaccine,668318,317000,
Lebanon,2021-06-13,"Oxford/AstraZeneca, Pfizer/BioNTech, Sinopharm/Beijing, Sputnik V",1010867,https://impact.cib.gov.lb/home/dashboard/vaccine,689509,321358,
Lebanon,2021-06-14,"Oxford/AstraZeneca, Pfizer/BioNTech, Sinopharm/Beijing, Sputnik V",1031639,https://impact.cib.gov.lb/home/dashboard/vaccine,701602,330037,
Lebanon,2021-06-15,"Oxford/AstraZeneca, Pfizer/BioNTech, Sinopharm/Beijing, Sputnik V",1058472,https://impact.cib.gov.lb/home/dashboard/vaccine,716565,341907,
Lebanon,2021-06-16,"Oxford/AstraZeneca, Pfizer/BioNTech, Sinopharm/Beijing, Sputnik V",1061450,https://impact.cib.gov.lb/home/dashboard/vaccine,718199,343251,
Lebanon,2021-06-17,"Oxford/AstraZeneca, Pfizer/BioNTech, Sinopharm/Beijing, Sputnik V",1111588,https://impact.cib.gov.lb/home/dashboard/vaccine,747426,364162,
Lebanon,2021-06-18,"Oxford/AstraZeneca, Pfizer/BioNTech, Sinopharm/Beijing, Sputnik V",1126981,https://impact.cib.gov.lb/home/dashboard/vaccine,758974,368007,
Lebanon,2021-06-19,"Oxford/AstraZeneca, Pfizer/BioNTech, Sinopharm/Beijing, Sputnik V",1128719,https://impact.cib.gov.lb/home/dashboard/vaccine,760592,368127,
Lebanon,2021-06-20,"Oxford/AstraZeneca, Pfizer/BioNTech, Sinopharm/Beijing, Sputnik V",1130669,https://impact.cib.gov.lb/home/dashboard/vaccine,761818,368851,
Lebanon,2021-06-23,"Oxford/AstraZeneca, Pfizer/BioNTech, Sinopharm/Beijing, Sputnik V",1175505,https://impact.cib.gov.lb/home/dashboard/vaccine,794834,380671,
Lebanon,2021-06-24,"Oxford/AstraZeneca, Pfizer/BioNTech, Sinopharm/Beijing, Sputnik V",1195748,https://impact.cib.gov.lb/home/dashboard/vaccine,809864,385884,
Lebanon,2021-06-25,"Oxford/AstraZeneca, Pfizer/BioNTech, Sinopharm/Beijing, Sputnik V",1243726,https://impact.cib.gov.lb/home/dashboard/vaccine,846312,397414,
Lebanon,2021-06-26,"Oxford/AstraZeneca, Pfizer/BioNTech, Sinopharm/Beijing, Sputnik V",1247265,https://impact.cib.gov.lb/home/dashboard/vaccine,849525,397740,
Lebanon,2021-06-27,"Oxford/AstraZeneca, Pfizer/BioNTech, Sinopharm/Beijing, Sputnik V",1253918,https://impact.cib.gov.lb/home/dashboard/vaccine,852887,401031,
Lebanon,2021-06-28,"Oxford/AstraZeneca, Pfizer/BioNTech, Sinopharm/Beijing, Sputnik V",1285387,https://impact.cib.gov.lb/home/dashboard/vaccine,870901,414486,
Lebanon,2021-06-29,"Oxford/AstraZeneca, Pfizer/BioNTech, Sinopharm/Beijing, Sputnik V",1312854,https://impact.cib.gov.lb/home/dashboard/vaccine,886953,425901,
Lebanon,2021-06-30,"Oxford/AstraZeneca, Pfizer/BioNTech, Sinopharm/Beijing, Sputnik V",1349156,https://impact.cib.gov.lb/home/dashboard/vaccine,909523,439633,
Lebanon,2021-07-01,"Oxford/AstraZeneca, Pfizer/BioNTech, Sinopharm/Beijing, Sputnik V",1359215,https://impact.cib.gov.lb/home/dashboard/vaccine,914967,444248,
Lebanon,2021-07-02,"Oxford/AstraZeneca, Pfizer/BioNTech, Sinopharm/Beijing, Sputnik V",1376600,https://impact.cib.gov.lb/home/dashboard/vaccine,925393,451207,
Lebanon,2021-07-03,"Oxford/AstraZeneca, Pfizer/BioNTech, Sinopharm/Beijing, Sputnik V",1378232,https://impact.cib.gov.lb/home/dashboard/vaccine,926962,451270,
Lebanon,2021-07-04,"Oxford/AstraZeneca, Pfizer/BioNTech, Sinopharm/Beijing, Sputnik V",1379853,https://impact.cib.gov.lb/home/dashboard/vaccine,928112,451741,
Lebanon,2021-07-05,"Oxford/AstraZeneca, Pfizer/BioNTech, Sinopharm/Beijing, Sputnik V",1391249,https://impact.cib.gov.lb/home/dashboard/vaccine,936652,454597,
Lebanon,2021-07-06,"Oxford/AstraZeneca, Pfizer/BioNTech, Sinopharm/Beijing, Sputnik V",1410729,https://impact.cib.gov.lb/home/dashboard/vaccine,947181,463548,
Lebanon,2021-07-07,"Oxford/AstraZeneca, Pfizer/BioNTech, Sinopharm/Beijing, Sputnik V",1479710,https://impact.cib.gov.lb/home/dashboard/vaccine,976771,502939,
Lebanon,2021-07-08,"Oxford/AstraZeneca, Pfizer/BioNTech, Sinopharm/Beijing, Sputnik V",1518261,https://impact.cib.gov.lb/home/dashboard/vaccine,993893,524368,
Lebanon,2021-07-09,"Oxford/AstraZeneca, Pfizer/BioNTech, Sinopharm/Beijing, Sputnik V",1534259,https://impact.cib.gov.lb/home/dashboard/vaccine,1003157,531102,
Lebanon,2021-07-10,"Oxford/AstraZeneca, Pfizer/BioNTech, Sinopharm/Beijing, Sputnik V",1536617,https://impact.cib.gov.lb/home/dashboard/vaccine,1004731,531886,
Lebanon,2021-07-11,"Oxford/AstraZeneca, Pfizer/BioNTech, Sinopharm/Beijing, Sputnik V",1541843,https://impact.cib.gov.lb/home/dashboard/vaccine,1007250,534593,
Lebanon,2021-07-12,"Oxford/AstraZeneca, Pfizer/BioNTech, Sinopharm/Beijing, Sputnik V",1565593,https://impact.cib.gov.lb/home/dashboard/vaccine,1017413,548180,
Lebanon,2021-07-13,"Oxford/AstraZeneca, Pfizer/BioNTech, Sinopharm/Beijing, Sputnik V",1634510,https://impact.cib.gov.lb/home/dashboard/vaccine,1035976,598534,
Lebanon,2021-07-14,"Oxford/AstraZeneca, Pfizer/BioNTech, Sinopharm/Beijing, Sputnik V",1666942,https://impact.cib.gov.lb/home/dashboard/vaccine,1043698,623244,
Lebanon,2021-07-15,"Oxford/AstraZeneca, Pfizer/BioNTech, Sinopharm/Beijing, Sputnik V",1696233,https://impact.cib.gov.lb/home/dashboard/vaccine,1049566,646667,
Lebanon,2021-07-16,"Oxford/AstraZeneca, Pfizer/BioNTech, Sinopharm/Beijing, Sputnik V",1698262,https://impact.cib.gov.lb/home/dashboard/vaccine,1049953,648309,
Lebanon,2021-07-17,"Oxford/AstraZeneca, Pfizer/BioNTech, Sinopharm/Beijing, Sputnik V",1700044,https://impact.cib.gov.lb/home/dashboard/vaccine,1050264,649780,
Lebanon,2021-07-18,"Oxford/AstraZeneca, Pfizer/BioNTech, Sinopharm/Beijing, Sputnik V",1700905,https://impact.cib.gov.lb/home/dashboard/vaccine,1050411,650494,
Lebanon,2021-07-19,"Oxford/AstraZeneca, Pfizer/BioNTech, Sinopharm/Beijing, Sputnik V",1726157,https://impact.cib.gov.lb/home/dashboard/vaccine,1059349,666808,
Lebanon,2021-07-20,"Oxford/AstraZeneca, Pfizer/BioNTech, Sinopharm/Beijing, Sputnik V",1728455,https://impact.cib.gov.lb/home/dashboard/vaccine,1059942,668513,
Lebanon,2021-07-21,"Oxford/AstraZeneca, Pfizer/BioNTech, Sinopharm/Beijing, Sputnik V",1747519,https://impact.cib.gov.lb/home/dashboard/vaccine,1062845,684674,
Lebanon,2021-07-22,"Oxford/AstraZeneca, Pfizer/BioNTech, Sinopharm/Beijing, Sputnik V",1781582,https://impact.cib.gov.lb/home/dashboard/vaccine,1070745,710837,
Lebanon,2021-07-23,"Oxford/AstraZeneca, Pfizer/BioNTech, Sinopharm/Beijing, Sputnik V",1782367,https://impact.cib.gov.lb/home/dashboard/vaccine,1071033,711334,
Lebanon,2021-07-24,"Oxford/AstraZeneca, Pfizer/BioNTech, Sinopharm/Beijing, Sputnik V",1786506,https://impact.cib.gov.lb/home/dashboard/vaccine,1072498,714008,
Lebanon,2021-07-25,"Oxford/AstraZeneca, Pfizer/BioNTech, Sinopharm/Beijing, Sputnik V",1807133,https://impact.cib.gov.lb/home/dashboard/vaccine,1077758,729375,
Lebanon,2021-07-26,"Oxford/AstraZeneca, Pfizer/BioNTech, Sinopharm/Beijing, Sputnik V",1838151,https://impact.cib.gov.lb/home/dashboard/vaccine,1084513,753638,
Lebanon,2021-07-27,"Oxford/AstraZeneca, Pfizer/BioNTech, Sinopharm/Beijing, Sputnik V",1873116,https://impact.cib.gov.lb/home/dashboard/vaccine,1092004,781112,
Lebanon,2021-07-28,"Oxford/AstraZeneca, Pfizer/BioNTech, Sinopharm/Beijing, Sputnik V",1900910,https://impact.cib.gov.lb/home/dashboard/vaccine,1098232,802678,
Lebanon,2021-07-29,"Oxford/AstraZeneca, Pfizer/BioNTech, Sinopharm/Beijing, Sputnik V",1927411,https://impact.cib.gov.lb/home/dashboard/vaccine,1105750,821661,
Lebanon,2021-07-30,"Oxford/AstraZeneca, Pfizer/BioNTech, Sinopharm/Beijing, Sputnik V",1944927,https://impact.cib.gov.lb/home/dashboard/vaccine,1112396,832531,
Lebanon,2021-07-31,"Oxford/AstraZeneca, Pfizer/BioNTech, Sinopharm/Beijing, Sputnik V",1946891,https://impact.cib.gov.lb/home/dashboard/vaccine,1113441,833450,
Lebanon,2021-08-01,"Oxford/AstraZeneca, Pfizer/BioNTech, Sinopharm/Beijing, Sputnik V",1949258,https://impact.cib.gov.lb/home/dashboard/vaccine,1114578,834680,
Lebanon,2021-08-02,"Oxford/AstraZeneca, Pfizer/BioNTech, Sinopharm/Beijing, Sputnik V",1982156,https://impact.cib.gov.lb/home/dashboard/vaccine,1127622,854534,
Lebanon,2021-08-03,"Oxford/AstraZeneca, Pfizer/BioNTech, Sinopharm/Beijing, Sputnik V",2016950,https://impact.cib.gov.lb/home/dashboard/vaccine,1140969,875981,
Lebanon,2021-08-04,"Oxford/AstraZeneca, Pfizer/BioNTech, Sinopharm/Beijing, Sputnik V",2026590,https://impact.cib.gov.lb/home/dashboard/vaccine,1144668,881922,
Lebanon,2021-08-05,"Oxford/AstraZeneca, Pfizer/BioNTech, Sinopharm/Beijing, Sputnik V",2052789,https://impact.cib.gov.lb/home/dashboard/vaccine,1154170,898619,
Lebanon,2021-08-06,"Oxford/AstraZeneca, Pfizer/BioNTech, Sinopharm/Beijing, Sputnik V",2077350,https://impact.cib.gov.lb/home/dashboard/vaccine,1163468,913882,
Lebanon,2021-08-07,"Oxford/AstraZeneca, Pfizer/BioNTech, Sinopharm/Beijing, Sputnik V",2082489,https://impact.cib.gov.lb/home/dashboard/vaccine,1166408,916081,
Lebanon,2021-08-08,"Oxford/AstraZeneca, Pfizer/BioNTech, Sinopharm/Beijing, Sputnik V",2085102,https://impact.cib.gov.lb/home/dashboard/vaccine,1167764,917338,
Lebanon,2021-08-09,"Oxford/AstraZeneca, Pfizer/BioNTech, Sinopharm/Beijing, Sputnik V",2102529,https://impact.cib.gov.lb/home/dashboard/vaccine,1177369,925160,
Lebanon,2021-08-10,"Oxford/AstraZeneca, Pfizer/BioNTech, Sinopharm/Beijing, Sputnik V",2140422,https://impact.cib.gov.lb/home/dashboard/vaccine,1195843,944579,
Lebanon,2021-08-11,"Oxford/AstraZeneca, Pfizer/BioNTech, Sinopharm/Beijing, Sputnik V",2165637,https://impact.cib.gov.lb/home/dashboard/vaccine,1207245,958392,
Lebanon,2021-08-12,"Oxford/AstraZeneca, Pfizer/BioNTech, Sinopharm/Beijing, Sputnik V",2177491,https://impact.cib.gov.lb/home/dashboard/vaccine,1212455,965036,
Lebanon,2021-08-13,"Oxford/AstraZeneca, Pfizer/BioNTech, Sinopharm/Beijing, Sputnik V",2190858,https://impact.cib.gov.lb/home/dashboard/vaccine,1219190,971668,
Lebanon,2021-08-14,"Oxford/AstraZeneca, Pfizer/BioNTech, Sinopharm/Beijing, Sputnik V",2192119,https://impact.cib.gov.lb/home/dashboard/vaccine,1220046,972073,
Lebanon,2021-08-15,"Oxford/AstraZeneca, Pfizer/BioNTech, Sinopharm/Beijing, Sputnik V",2203682,https://impact.cib.gov.lb/home/dashboard/vaccine,1225483,978199,
Lebanon,2021-08-16,"Oxford/AstraZeneca, Pfizer/BioNTech, Sinopharm/Beijing, Sputnik V",2221656,https://impact.cib.gov.lb/home/dashboard/vaccine,1234040,987616,
Lebanon,2021-08-17,"Oxford/AstraZeneca, Pfizer/BioNTech, Sinopharm/Beijing, Sputnik V",2243764,https://impact.cib.gov.lb/home/dashboard/vaccine,1246189,997575,
Lebanon,2021-08-18,"Oxford/AstraZeneca, Pfizer/BioNTech, Sinopharm/Beijing, Sputnik V",2257960,https://impact.cib.gov.lb/home/dashboard/vaccine,1254059,1003901,
Lebanon,2021-08-19,"Oxford/AstraZeneca, Pfizer/BioNTech, Sinopharm/Beijing, Sputnik V",2275129,https://impact.cib.gov.lb/home/dashboard/vaccine,1262162,1012967,
Lebanon,2021-08-20,"Oxford/AstraZeneca, Pfizer/BioNTech, Sinopharm/Beijing, Sputnik V",2286622,https://impact.cib.gov.lb/home/dashboard/vaccine,1267899,1018723,
Lebanon,2021-08-23,"Oxford/AstraZeneca, Pfizer/BioNTech, Sinopharm/Beijing, Sputnik V",2319224,https://impact.cib.gov.lb/home/dashboard/vaccine,1285408,1033816,
Lebanon,2021-08-24,"Oxford/AstraZeneca, Pfizer/BioNTech, Sinopharm/Beijing, Sputnik V",2347754,https://impact.cib.gov.lb/home/dashboard/vaccine,1302092,1045662,
Lebanon,2021-08-25,"Oxford/AstraZeneca, Pfizer/BioNTech, Sinopharm/Beijing, Sputnik V",2361702,https://impact.cib.gov.lb/home/dashboard/vaccine,1311269,1050433,
Lebanon,2021-08-26,"Oxford/AstraZeneca, Pfizer/BioNTech, Sinopharm/Beijing, Sputnik V",2385796,https://impact.cib.gov.lb/home/dashboard/vaccine,1325693,1060103,
Lebanon,2021-08-27,"Oxford/AstraZeneca, Pfizer/BioNTech, Sinopharm/Beijing, Sputnik V",2399837,https://impact.cib.gov.lb/home/dashboard/vaccine,1334413,1065424,
Lebanon,2021-08-28,"Oxford/AstraZeneca, Pfizer/BioNTech, Sinopharm/Beijing, Sputnik V",2401065,https://impact.cib.gov.lb/home/dashboard/vaccine,1335375,1065690,
Lebanon,2021-08-29,"Oxford/AstraZeneca, Pfizer/BioNTech, Sinopharm/Beijing, Sputnik V",2422511,https://impact.cib.gov.lb/home/dashboard/vaccine,1346202,1076309,
Lebanon,2021-08-30,"Oxford/AstraZeneca, Pfizer/BioNTech, Sinopharm/Beijing, Sputnik V",2435581,https://impact.cib.gov.lb/home/dashboard/vaccine,1353031,1082550,
Lebanon,2021-08-31,"Oxford/AstraZeneca, Pfizer/BioNTech, Sinopharm/Beijing, Sputnik V",2457930,https://impact.cib.gov.lb/home/dashboard/vaccine,1367317,1090613,
Lebanon,2021-09-01,"Oxford/AstraZeneca, Pfizer/BioNTech, Sinopharm/Beijing, Sputnik V",2476019,https://impact.cib.gov.lb/home/dashboard/vaccine,1376615,1099404,
Lebanon,2021-09-02,"Oxford/AstraZeneca, Pfizer/BioNTech, Sinopharm/Beijing, Sputnik V",2494566,https://impact.cib.gov.lb/home/dashboard/vaccine,1386363,1108203,
Lebanon,2021-09-03,"Oxford/AstraZeneca, Pfizer/BioNTech, Sinopharm/Beijing, Sputnik V",2497206,https://impact.cib.gov.lb/home/dashboard/vaccine,1388124,1109082,
Lebanon,2021-09-04,"Oxford/AstraZeneca, Pfizer/BioNTech, Sinopharm/Beijing, Sputnik V",2499578,https://impact.cib.gov.lb/home/dashboard/vaccine,1389689,1109889,
Lebanon,2021-09-05,"Oxford/AstraZeneca, Pfizer/BioNTech, Sinopharm/Beijing, Sputnik V",2505347,https://impact.cib.gov.lb/home/dashboard/vaccine,1393246,1112101,
Lebanon,2021-09-06,"Oxford/AstraZeneca, Pfizer/BioNTech, Sinopharm/Beijing, Sputnik V",2535444,https://impact.cib.gov.lb/home/dashboard/vaccine,1407930,1127514,
Lebanon,2021-09-07,"Oxford/AstraZeneca, Pfizer/BioNTech, Sinopharm/Beijing, Sputnik V",2544815,https://impact.cib.gov.lb/home/dashboard/vaccine,1412410,1132405,
Lebanon,2021-09-08,"Oxford/AstraZeneca, Pfizer/BioNTech, Sinopharm/Beijing, Sputnik V",2571182,https://impact.cib.gov.lb/home/dashboard/vaccine,1426561,1144621,
Lebanon,2021-09-09,"Oxford/AstraZeneca, Pfizer/BioNTech, Sinopharm/Beijing, Sputnik V",2584540,https://impact.cib.gov.lb/home/dashboard/vaccine,1433885,1150655,
Lebanon,2021-09-10,"Oxford/AstraZeneca, Pfizer/BioNTech, Sinopharm/Beijing, Sputnik V",2598655,https://impact.cib.gov.lb/home/dashboard/vaccine,1441739,1156916,
Lebanon,2021-09-11,"Oxford/AstraZeneca, Pfizer/BioNTech, Sinopharm/Beijing, Sputnik V",2600550,https://impact.cib.gov.lb/home/dashboard/vaccine,1443056,1157494,
Lebanon,2021-09-12,"Oxford/AstraZeneca, Pfizer/BioNTech, Sinopharm/Beijing, Sputnik V",2622677,https://impact.cib.gov.lb/home/dashboard/vaccine,1455792,1166885,
Lebanon,2021-09-13,"Oxford/AstraZeneca, Pfizer/BioNTech, Sinopharm/Beijing, Sputnik V",2628922,https://impact.cib.gov.lb/home/dashboard/vaccine,1458845,1170077,
Lebanon,2021-09-14,"Oxford/AstraZeneca, Pfizer/BioNTech, Sinopharm/Beijing, Sputnik V",2637227,https://impact.cib.gov.lb/home/dashboard/vaccine,1463082,1174145,
Lebanon,2021-09-15,"Oxford/AstraZeneca, Pfizer/BioNTech, Sinopharm/Beijing, Sputnik V",2683827,https://impact.cib.gov.lb/home/dashboard/vaccine,1488940,1194887,
Lebanon,2021-09-16,"Oxford/AstraZeneca, Pfizer/BioNTech, Sinopharm/Beijing, Sputnik V",2690346,https://impact.cib.gov.lb/home/dashboard/vaccine,1492383,1197963,
Lebanon,2021-09-17,"Oxford/AstraZeneca, Pfizer/BioNTech, Sinopharm/Beijing, Sputnik V",2704423,https://impact.cib.gov.lb/home/dashboard/vaccine,1499846,1204577,
Lebanon,2021-09-18,"Oxford/AstraZeneca, Pfizer/BioNTech, Sinopharm/Beijing, Sputnik V",2705953,https://impact.cib.gov.lb/home/dashboard/vaccine,1500527,1205426,
Lebanon,2021-09-19,"Oxford/AstraZeneca, Pfizer/BioNTech, Sinopharm/Beijing, Sputnik V",2717164,https://impact.cib.gov.lb/home/dashboard/vaccine,1506291,1210873,
Lebanon,2021-09-20,"Oxford/AstraZeneca, Pfizer/BioNTech, Sinopharm/Beijing, Sputnik V",2739627,https://impact.cib.gov.lb/home/dashboard/vaccine,1516847,1222780,
Lebanon,2021-09-21,"Oxford/AstraZeneca, Pfizer/BioNTech, Sinopharm/Beijing, Sputnik V",2769635,https://impact.cib.gov.lb/home/dashboard/vaccine,1530587,1239048,
Lebanon,2021-09-22,"Oxford/AstraZeneca, Pfizer/BioNTech, Sinopharm/Beijing, Sputnik V",2779029,https://impact.cib.gov.lb/home/dashboard/vaccine,1535076,1243953,
Lebanon,2021-09-23,"Oxford/AstraZeneca, Pfizer/BioNTech, Sinopharm/Beijing, Sputnik V",2806591,https://impact.cib.gov.lb/home/dashboard/vaccine,1548877,1257714,
Lebanon,2021-09-24,"Oxford/AstraZeneca, Pfizer/BioNTech, Sinopharm/Beijing, Sputnik V",2809035,https://impact.cib.gov.lb/home/dashboard/vaccine,1550115,1258920,
Lebanon,2021-09-25,"Oxford/AstraZeneca, Pfizer/BioNTech, Sinopharm/Beijing, Sputnik V",2810023,https://impact.cib.gov.lb/home/dashboard/vaccine,1550755,1259268,
Lebanon,2021-09-26,"Oxford/AstraZeneca, Pfizer/BioNTech, Sinopharm/Beijing, Sputnik V",2816322,https://impact.cib.gov.lb/home/dashboard/vaccine,1553625,1262697,
Lebanon,2021-09-27,"Oxford/AstraZeneca, Pfizer/BioNTech, Sinopharm/Beijing, Sputnik V",2833803,https://impact.cib.gov.lb/home/dashboard/vaccine,1564226,1269577,
Lebanon,2021-09-28,"Oxford/AstraZeneca, Pfizer/BioNTech, Sinopharm/Beijing, Sputnik V",2872484,https://impact.cib.gov.lb/home/dashboard/vaccine,1586647,1285837,
Lebanon,2021-09-29,"Oxford/AstraZeneca, Pfizer/BioNTech, Sinopharm/Beijing, Sputnik V",2893789,https://impact.cib.gov.lb/home/dashboard/vaccine,1598253,1295536,
Lebanon,2021-09-30,"Oxford/AstraZeneca, Pfizer/BioNTech, Sinopharm/Beijing, Sputnik V",2914325,https://impact.cib.gov.lb/home/dashboard/vaccine,1609654,1304671,
Lebanon,2021-10-01,"Oxford/AstraZeneca, Pfizer/BioNTech, Sinopharm/Beijing, Sputnik V",2924037,https://impact.cib.gov.lb/home/dashboard/vaccine,1615320,1308717,
Lebanon,2021-10-02,"Oxford/AstraZeneca, Pfizer/BioNTech, Sinopharm/Beijing, Sputnik V",2925182,https://impact.cib.gov.lb/home/dashboard/vaccine,1616092,1309090,
Lebanon,2021-10-03,"Oxford/AstraZeneca, Pfizer/BioNTech, Sinopharm/Beijing, Sputnik V",2934734,https://impact.cib.gov.lb/home/dashboard/vaccine,1620958,1313776,
Lebanon,2021-10-04,"Oxford/AstraZeneca, Pfizer/BioNTech, Sinopharm/Beijing, Sputnik V",2953914,https://impact.cib.gov.lb/home/dashboard/vaccine,1630985,1322929,
Lebanon,2021-10-05,"Oxford/AstraZeneca, Pfizer/BioNTech, Sinopharm/Beijing, Sputnik V",2964270,https://impact.cib.gov.lb/home/dashboard/vaccine,1636549,1327721,
Lebanon,2021-10-06,"Oxford/AstraZeneca, Pfizer/BioNTech, Sinopharm/Beijing, Sputnik V",2969106,https://impact.cib.gov.lb/home/dashboard/vaccine,1638475,1330631,
Lebanon,2021-10-07,"Oxford/AstraZeneca, Pfizer/BioNTech, Sinopharm/Beijing, Sputnik V",3005025,https://impact.cib.gov.lb/home/dashboard/vaccine,1654653,1350372,
Lebanon,2021-10-08,"Oxford/AstraZeneca, Pfizer/BioNTech, Sinopharm/Beijing, Sputnik V",3019021,https://impact.cib.gov.lb/home/dashboard/vaccine,1660463,1358558,
Lebanon,2021-10-09,"Oxford/AstraZeneca, Pfizer/BioNTech, Sinopharm/Beijing, Sputnik V",3020555,https://impact.cib.gov.lb/home/dashboard/vaccine,1661293,1359262,
Lebanon,2021-10-10,"Oxford/AstraZeneca, Pfizer/BioNTech, Sinopharm/Beijing, Sputnik V",3026121,https://impact.cib.gov.lb/home/dashboard/vaccine,1663481,1362640,
Lebanon,2021-10-11,"Oxford/AstraZeneca, Pfizer/BioNTech, Sinopharm/Beijing, Sputnik V",3028487,https://impact.cib.gov.lb/home/dashboard/vaccine,1664450,1364037,
Lebanon,2021-10-12,"Oxford/AstraZeneca, Pfizer/BioNTech, Sinopharm/Beijing, Sputnik V",3034963,https://impact.cib.gov.lb/home/dashboard/vaccine,1666521,1368442,
Lebanon,2021-10-13,"Oxford/AstraZeneca, Pfizer/BioNTech, Sinopharm/Beijing, Sputnik V",3081683,https://impact.cib.gov.lb/home/dashboard/vaccine,1685481,1396202,
Lebanon,2021-10-14,"Oxford/AstraZeneca, Pfizer/BioNTech, Sinopharm/Beijing, Sputnik V",3096416,https://impact.cib.gov.lb/home/dashboard/vaccine,1691332,1405084,
Lebanon,2021-10-15,"Oxford/AstraZeneca, Pfizer/BioNTech, Sinopharm/Beijing, Sputnik V",3107850,https://impact.cib.gov.lb/home/dashboard/vaccine,1696183,1411667,
Lebanon,2021-10-16,"Oxford/AstraZeneca, Pfizer/BioNTech, Sinopharm/Beijing, Sputnik V",3108316,https://impact.cib.gov.lb/home/dashboard/vaccine,1696421,1411895,
Lebanon,2021-10-17,"Oxford/AstraZeneca, Pfizer/BioNTech, Sinopharm/Beijing, Sputnik V",3108749,https://impact.cib.gov.lb/home/dashboard/vaccine,1696621,1412128,
Lebanon,2021-10-18,"Oxford/AstraZeneca, Pfizer/BioNTech, Sinopharm/Beijing, Sputnik V",3111519,https://impact.cib.gov.lb/home/dashboard/vaccine,1697675,1413844,
Lebanon,2021-10-19,"Oxford/AstraZeneca, Pfizer/BioNTech, Sinopharm/Beijing, Sputnik V",3153936,https://impact.cib.gov.lb/home/dashboard/vaccine,1714159,1439777,
Lebanon,2021-10-20,"Oxford/AstraZeneca, Pfizer/BioNTech, Sinopharm/Beijing, Sputnik V",3161543,https://impact.cib.gov.lb/home/dashboard/vaccine,1717237,1444306,
Lebanon,2021-10-21,"Oxford/AstraZeneca, Pfizer/BioNTech, Sinopharm/Beijing, Sputnik V",3178646,https://impact.cib.gov.lb/home/dashboard/vaccine,1724039,1454607,
Lebanon,2021-10-22,"Oxford/AstraZeneca, Pfizer/BioNTech, Sinopharm/Beijing, Sputnik V",3188804,https://impact.cib.gov.lb/home/dashboard/vaccine,1727706,1461098,
Lebanon,2021-10-23,"Oxford/AstraZeneca, Pfizer/BioNTech, Sinopharm/Beijing, Sputnik V",3189569,https://impact.cib.gov.lb/home/dashboard/vaccine,1728122,1461447,
Lebanon,2021-10-24,"Oxford/AstraZeneca, Pfizer/BioNTech, Sinopharm/Beijing, Sputnik V",3189658,https://impact.cib.gov.lb/home/dashboard/vaccine,1728149,1461509,
Lebanon,2021-10-26,"Oxford/AstraZeneca, Pfizer/BioNTech, Sinopharm/Beijing, Sputnik V",3246635,https://impact.cib.gov.lb/home/dashboard/vaccine,1748963,1497672,
Lebanon,2021-10-28,"Oxford/AstraZeneca, Pfizer/BioNTech, Sinopharm/Beijing, Sputnik V",3293076,https://impact.cib.gov.lb/home/dashboard/vaccine,1765154,1521801,
Lebanon,2021-11-01,"Oxford/AstraZeneca, Pfizer/BioNTech, Sinopharm/Beijing, Sputnik V",3313283,https://impact.cib.gov.lb/home/dashboard/vaccine,1778651,1534632,
Lebanon,2021-11-02,"Oxford/AstraZeneca, Pfizer/BioNTech, Sinopharm/Beijing, Sputnik V",3329568,https://impact.cib.gov.lb/home/dashboard/vaccine,1785791,1543777,
Lebanon,2021-11-03,"Oxford/AstraZeneca, Pfizer/BioNTech, Sinopharm/Beijing, Sputnik V",3342977,https://impact.cib.gov.lb/home/dashboard/vaccine,1791509,1551468,
Lebanon,2021-11-04,"Oxford/AstraZeneca, Pfizer/BioNTech, Sinopharm/Beijing, Sputnik V",3352269,https://impact.cib.gov.lb/home/dashboard/vaccine,1795891,1556378,
Lebanon,2021-11-05,"Oxford/AstraZeneca, Pfizer/BioNTech, Sinopharm/Beijing, Sputnik V",3368642,https://impact.cib.gov.lb/home/dashboard/vaccine,1803297,1565345,
