location,date,vaccine,source_url,total_vaccinations,people_vaccinated,people_fully_vaccinated,total_boosters
Liechtenstein,2020-12-21,Pfizer/BioNTech,https://opendata.swiss/en/dataset/covid-19-schweiz?detGeo=FL,0,0,0,
Liechtenstein,2020-12-22,Pfizer/BioNTech,https://opendata.swiss/en/dataset/covid-19-schweiz?detGeo=FL,0,0,0,
Liechtenstein,2020-12-23,Pfizer/BioNTech,https://opendata.swiss/en/dataset/covid-19-schweiz?detGeo=FL,0,0,0,
Liechtenstein,2020-12-24,Pfizer/BioNTech,https://opendata.swiss/en/dataset/covid-19-schweiz?detGeo=FL,0,0,0,
Liechtenstein,2020-12-25,Pfizer/BioNTech,https://opendata.swiss/en/dataset/covid-19-schweiz?detGeo=FL,0,0,0,
Liechtenstein,2020-12-26,Pfizer/BioNTech,https://opendata.swiss/en/dataset/covid-19-schweiz?detGeo=FL,0,0,0,
Liechtenstein,2020-12-27,Pfizer/BioNTech,https://opendata.swiss/en/dataset/covid-19-schweiz?detGeo=FL,0,0,0,
Liechtenstein,2020-12-28,Pfizer/BioNTech,https://opendata.swiss/en/dataset/covid-19-schweiz?detGeo=FL,0,0,0,
Liechtenstein,2020-12-29,Pfizer/BioNTech,https://opendata.swiss/en/dataset/covid-19-schweiz?detGeo=FL,0,0,0,
Liechtenstein,2020-12-30,Pfizer/BioNTech,https://opendata.swiss/en/dataset/covid-19-schweiz?detGeo=FL,0,0,0,
Liechtenstein,2020-12-31,Pfizer/BioNTech,https://opendata.swiss/en/dataset/covid-19-schweiz?detGeo=FL,0,0,0,
Liechtenstein,2021-01-01,Pfizer/BioNTech,https://opendata.swiss/en/dataset/covid-19-schweiz?detGeo=FL,0,0,0,
Liechtenstein,2021-01-02,Pfizer/BioNTech,https://opendata.swiss/en/dataset/covid-19-schweiz?detGeo=FL,0,0,0,
Liechtenstein,2021-01-03,Pfizer/BioNTech,https://opendata.swiss/en/dataset/covid-19-schweiz?detGeo=FL,0,0,0,
Liechtenstein,2021-01-04,Pfizer/BioNTech,https://opendata.swiss/en/dataset/covid-19-schweiz?detGeo=FL,2,2,0,
Liechtenstein,2021-01-05,Pfizer/BioNTech,https://opendata.swiss/en/dataset/covid-19-schweiz?detGeo=FL,2,2,0,
Liechtenstein,2021-01-06,Pfizer/BioNTech,https://opendata.swiss/en/dataset/covid-19-schweiz?detGeo=FL,5,5,0,
Liechtenstein,2021-01-07,Pfizer/BioNTech,https://opendata.swiss/en/dataset/covid-19-schweiz?detGeo=FL,6,6,0,
Liechtenstein,2021-01-08,Pfizer/BioNTech,https://opendata.swiss/en/dataset/covid-19-schweiz?detGeo=FL,6,6,0,
Liechtenstein,2021-01-09,Pfizer/BioNTech,https://opendata.swiss/en/dataset/covid-19-schweiz?detGeo=FL,6,6,0,
Liechtenstein,2021-01-10,Pfizer/BioNTech,https://opendata.swiss/en/dataset/covid-19-schweiz?detGeo=FL,6,6,0,
Liechtenstein,2021-01-11,Pfizer/BioNTech,https://opendata.swiss/en/dataset/covid-19-schweiz?detGeo=FL,7,7,0,
Liechtenstein,2021-01-12,Pfizer/BioNTech,https://opendata.swiss/en/dataset/covid-19-schweiz?detGeo=FL,17,17,0,
Liechtenstein,2021-01-13,Pfizer/BioNTech,https://opendata.swiss/en/dataset/covid-19-schweiz?detGeo=FL,17,17,0,
Liechtenstein,2021-01-14,Pfizer/BioNTech,https://opendata.swiss/en/dataset/covid-19-schweiz?detGeo=FL,24,24,0,
Liechtenstein,2021-01-15,Pfizer/BioNTech,https://opendata.swiss/en/dataset/covid-19-schweiz?detGeo=FL,44,44,0,
Liechtenstein,2021-01-16,Pfizer/BioNTech,https://opendata.swiss/en/dataset/covid-19-schweiz?detGeo=FL,46,46,0,
Liechtenstein,2021-01-17,Pfizer/BioNTech,https://opendata.swiss/en/dataset/covid-19-schweiz?detGeo=FL,46,46,0,
Liechtenstein,2021-01-18,Pfizer/BioNTech,https://opendata.swiss/en/dataset/covid-19-schweiz?detGeo=FL,126,126,0,
Liechtenstein,2021-01-19,Pfizer/BioNTech,https://opendata.swiss/en/dataset/covid-19-schweiz?detGeo=FL,211,211,0,
Liechtenstein,2021-01-20,Pfizer/BioNTech,https://opendata.swiss/en/dataset/covid-19-schweiz?detGeo=FL,264,264,0,
Liechtenstein,2021-01-21,Pfizer/BioNTech,https://opendata.swiss/en/dataset/covid-19-schweiz?detGeo=FL,322,322,0,
Liechtenstein,2021-01-22,Pfizer/BioNTech,https://opendata.swiss/en/dataset/covid-19-schweiz?detGeo=FL,375,375,0,
Liechtenstein,2021-01-23,Pfizer/BioNTech,https://opendata.swiss/en/dataset/covid-19-schweiz?detGeo=FL,380,380,0,
Liechtenstein,2021-01-24,Pfizer/BioNTech,https://opendata.swiss/en/dataset/covid-19-schweiz?detGeo=FL,380,380,0,
Liechtenstein,2021-01-25,Pfizer/BioNTech,https://opendata.swiss/en/dataset/covid-19-schweiz?detGeo=FL,452,452,0,
Liechtenstein,2021-01-26,Pfizer/BioNTech,https://opendata.swiss/en/dataset/covid-19-schweiz?detGeo=FL,527,527,0,
Liechtenstein,2021-01-27,Pfizer/BioNTech,https://opendata.swiss/en/dataset/covid-19-schweiz?detGeo=FL,536,536,0,
Liechtenstein,2021-01-28,Pfizer/BioNTech,https://opendata.swiss/en/dataset/covid-19-schweiz?detGeo=FL,663,663,0,
Liechtenstein,2021-01-29,"Moderna, Pfizer/BioNTech",https://opendata.swiss/en/dataset/covid-19-schweiz?detGeo=FL,841,814,0,
Liechtenstein,2021-01-30,"Moderna, Pfizer/BioNTech",https://opendata.swiss/en/dataset/covid-19-schweiz?detGeo=FL,841,814,0,
Liechtenstein,2021-01-31,"Moderna, Pfizer/BioNTech",https://opendata.swiss/en/dataset/covid-19-schweiz?detGeo=FL,841,814,0,
Liechtenstein,2021-02-01,"Moderna, Pfizer/BioNTech",https://opendata.swiss/en/dataset/covid-19-schweiz?detGeo=FL,841,816,1,
Liechtenstein,2021-02-02,"Moderna, Pfizer/BioNTech",https://opendata.swiss/en/dataset/covid-19-schweiz?detGeo=FL,841,833,5,
Liechtenstein,2021-02-03,"Moderna, Pfizer/BioNTech",https://opendata.swiss/en/dataset/covid-19-schweiz?detGeo=FL,846,837,9,
Liechtenstein,2021-02-04,"Moderna, Pfizer/BioNTech",https://opendata.swiss/en/dataset/covid-19-schweiz?detGeo=FL,878,878,10,
Liechtenstein,2021-02-05,"Moderna, Pfizer/BioNTech",https://opendata.swiss/en/dataset/covid-19-schweiz?detGeo=FL,889,889,32,
Liechtenstein,2021-02-06,"Moderna, Pfizer/BioNTech",https://opendata.swiss/en/dataset/covid-19-schweiz?detGeo=FL,889,889,32,
Liechtenstein,2021-02-07,"Moderna, Pfizer/BioNTech",https://opendata.swiss/en/dataset/covid-19-schweiz?detGeo=FL,889,889,32,
Liechtenstein,2021-02-08,"Moderna, Pfizer/BioNTech",https://opendata.swiss/en/dataset/covid-19-schweiz?detGeo=FL,951,891,114,
Liechtenstein,2021-02-09,"Moderna, Pfizer/BioNTech",https://opendata.swiss/en/dataset/covid-19-schweiz?detGeo=FL,1026,893,193,
Liechtenstein,2021-02-10,"Moderna, Pfizer/BioNTech",https://opendata.swiss/en/dataset/covid-19-schweiz?detGeo=FL,1079,900,242,
Liechtenstein,2021-02-11,"Moderna, Pfizer/BioNTech",https://opendata.swiss/en/dataset/covid-19-schweiz?detGeo=FL,1144,905,299,
Liechtenstein,2021-02-12,"Moderna, Pfizer/BioNTech",https://opendata.swiss/en/dataset/covid-19-schweiz?detGeo=FL,1174,908,347,
Liechtenstein,2021-02-13,"Moderna, Pfizer/BioNTech",https://opendata.swiss/en/dataset/covid-19-schweiz?detGeo=FL,1174,908,347,
Liechtenstein,2021-02-14,"Moderna, Pfizer/BioNTech",https://opendata.swiss/en/dataset/covid-19-schweiz?detGeo=FL,1174,908,347,
Liechtenstein,2021-02-15,"Moderna, Pfizer/BioNTech",https://opendata.swiss/en/dataset/covid-19-schweiz?detGeo=FL,1249,910,413,
Liechtenstein,2021-02-16,"Moderna, Pfizer/BioNTech",https://opendata.swiss/en/dataset/covid-19-schweiz?detGeo=FL,1494,1112,468,
Liechtenstein,2021-02-17,"Moderna, Pfizer/BioNTech",https://opendata.swiss/en/dataset/covid-19-schweiz?detGeo=FL,1695,1312,469,
Liechtenstein,2021-02-18,"Moderna, Pfizer/BioNTech",https://opendata.swiss/en/dataset/covid-19-schweiz?detGeo=FL,1815,1439,471,
Liechtenstein,2021-02-19,"Moderna, Pfizer/BioNTech",https://opendata.swiss/en/dataset/covid-19-schweiz?detGeo=FL,1815,1442,507,
Liechtenstein,2021-02-20,"Moderna, Pfizer/BioNTech",https://opendata.swiss/en/dataset/covid-19-schweiz?detGeo=FL,1815,1442,507,
Liechtenstein,2021-02-21,"Moderna, Pfizer/BioNTech",https://opendata.swiss/en/dataset/covid-19-schweiz?detGeo=FL,1815,1442,507,
Liechtenstein,2021-02-22,"Moderna, Pfizer/BioNTech",https://opendata.swiss/en/dataset/covid-19-schweiz?detGeo=FL,2018,1645,507,
Liechtenstein,2021-02-23,"Moderna, Pfizer/BioNTech",https://opendata.swiss/en/dataset/covid-19-schweiz?detGeo=FL,2222,1849,526,
Liechtenstein,2021-02-24,"Moderna, Pfizer/BioNTech",https://opendata.swiss/en/dataset/covid-19-schweiz?detGeo=FL,2222,1849,532,
Liechtenstein,2021-02-25,"Moderna, Pfizer/BioNTech",https://opendata.swiss/en/dataset/covid-19-schweiz?detGeo=FL,2411,1858,648,
Liechtenstein,2021-02-26,"Moderna, Pfizer/BioNTech",https://opendata.swiss/en/dataset/covid-19-schweiz?detGeo=FL,2601,1858,817,
Liechtenstein,2021-02-27,"Moderna, Pfizer/BioNTech",https://opendata.swiss/en/dataset/covid-19-schweiz?detGeo=FL,2601,1858,817,
Liechtenstein,2021-02-28,"Moderna, Pfizer/BioNTech",https://opendata.swiss/en/dataset/covid-19-schweiz?detGeo=FL,2601,1858,817,
Liechtenstein,2021-03-01,"Moderna, Pfizer/BioNTech",https://opendata.swiss/en/dataset/covid-19-schweiz?detGeo=FL,2601,1861,818,
Liechtenstein,2021-03-02,"Moderna, Pfizer/BioNTech",https://opendata.swiss/en/dataset/covid-19-schweiz?detGeo=FL,2601,1865,834,
Liechtenstein,2021-03-03,"Moderna, Pfizer/BioNTech",https://opendata.swiss/en/dataset/covid-19-schweiz?detGeo=FL,2723,1988,845,
Liechtenstein,2021-03-04,"Moderna, Pfizer/BioNTech",https://opendata.swiss/en/dataset/covid-19-schweiz?detGeo=FL,2919,2189,855,
Liechtenstein,2021-03-05,"Moderna, Pfizer/BioNTech",https://opendata.swiss/en/dataset/covid-19-schweiz?detGeo=FL,3128,2398,858,
Liechtenstein,2021-03-06,"Moderna, Pfizer/BioNTech",https://opendata.swiss/en/dataset/covid-19-schweiz?detGeo=FL,3128,2399,861,
Liechtenstein,2021-03-07,"Moderna, Pfizer/BioNTech",https://opendata.swiss/en/dataset/covid-19-schweiz?detGeo=FL,3128,2399,861,
Liechtenstein,2021-03-08,"Moderna, Pfizer/BioNTech",https://opendata.swiss/en/dataset/covid-19-schweiz?detGeo=FL,3128,2399,866,
Liechtenstein,2021-03-09,"Moderna, Pfizer/BioNTech",https://opendata.swiss/en/dataset/covid-19-schweiz?detGeo=FL,3339,2610,869,
Liechtenstein,2021-03-10,"Moderna, Pfizer/BioNTech",https://opendata.swiss/en/dataset/covid-19-schweiz?detGeo=FL,3540,2815,871,
Liechtenstein,2021-03-11,"Moderna, Pfizer/BioNTech",https://opendata.swiss/en/dataset/covid-19-schweiz?detGeo=FL,3779,3057,880,
Liechtenstein,2021-03-12,"Moderna, Pfizer/BioNTech",https://opendata.swiss/en/dataset/covid-19-schweiz?detGeo=FL,3779,3057,882,
Liechtenstein,2021-03-13,"Moderna, Pfizer/BioNTech",https://opendata.swiss/en/dataset/covid-19-schweiz?detGeo=FL,3779,3057,882,
Liechtenstein,2021-03-14,"Moderna, Pfizer/BioNTech",https://opendata.swiss/en/dataset/covid-19-schweiz?detGeo=FL,3779,3057,882,
Liechtenstein,2021-03-15,"Moderna, Pfizer/BioNTech",https://opendata.swiss/en/dataset/covid-19-schweiz?detGeo=FL,3789,3068,885,
Liechtenstein,2021-03-16,"Moderna, Pfizer/BioNTech",https://opendata.swiss/en/dataset/covid-19-schweiz?detGeo=FL,4004,3090,1085,
Liechtenstein,2021-03-17,"Moderna, Pfizer/BioNTech",https://opendata.swiss/en/dataset/covid-19-schweiz?detGeo=FL,4236,3124,1301,
Liechtenstein,2021-03-18,"Moderna, Pfizer/BioNTech",https://opendata.swiss/en/dataset/covid-19-schweiz?detGeo=FL,4366,3142,1428,
Liechtenstein,2021-03-19,"Moderna, Pfizer/BioNTech",https://opendata.swiss/en/dataset/covid-19-schweiz?detGeo=FL,4366,3143,1431,
Liechtenstein,2021-03-20,"Moderna, Pfizer/BioNTech",https://opendata.swiss/en/dataset/covid-19-schweiz?detGeo=FL,4366,3143,1431,
Liechtenstein,2021-03-21,"Moderna, Pfizer/BioNTech",https://opendata.swiss/en/dataset/covid-19-schweiz?detGeo=FL,4366,3143,1431,
Liechtenstein,2021-03-22,"Moderna, Pfizer/BioNTech",https://opendata.swiss/en/dataset/covid-19-schweiz?detGeo=FL,4569,3146,1633,
Liechtenstein,2021-03-23,"Moderna, Pfizer/BioNTech",https://opendata.swiss/en/dataset/covid-19-schweiz?detGeo=FL,4772,3159,1832,
Liechtenstein,2021-03-24,"Moderna, Pfizer/BioNTech",https://opendata.swiss/en/dataset/covid-19-schweiz?detGeo=FL,5011,3404,1833,
Liechtenstein,2021-03-25,"Moderna, Pfizer/BioNTech",https://opendata.swiss/en/dataset/covid-19-schweiz?detGeo=FL,5251,3646,1835,
Liechtenstein,2021-03-26,"Moderna, Pfizer/BioNTech",https://opendata.swiss/en/dataset/covid-19-schweiz?detGeo=FL,5490,3888,1837,
Liechtenstein,2021-03-27,"Moderna, Pfizer/BioNTech",https://opendata.swiss/en/dataset/covid-19-schweiz?detGeo=FL,5490,3888,1837,
Liechtenstein,2021-03-28,"Moderna, Pfizer/BioNTech",https://opendata.swiss/en/dataset/covid-19-schweiz?detGeo=FL,5490,3888,1837,
Liechtenstein,2021-03-29,"Moderna, Pfizer/BioNTech",https://opendata.swiss/en/dataset/covid-19-schweiz?detGeo=FL,5729,4131,1841,
Liechtenstein,2021-03-30,"Moderna, Pfizer/BioNTech",https://opendata.swiss/en/dataset/covid-19-schweiz?detGeo=FL,5979,4375,1852,
Liechtenstein,2021-03-31,"Moderna, Pfizer/BioNTech",https://opendata.swiss/en/dataset/covid-19-schweiz?detGeo=FL,6101,4379,1972,
Liechtenstein,2021-04-01,"Moderna, Pfizer/BioNTech",https://opendata.swiss/en/dataset/covid-19-schweiz?detGeo=FL,6298,4381,2171,
Liechtenstein,2021-04-02,"Moderna, Pfizer/BioNTech",https://opendata.swiss/en/dataset/covid-19-schweiz?detGeo=FL,6504,4383,2372,
Liechtenstein,2021-04-03,"Moderna, Pfizer/BioNTech",https://opendata.swiss/en/dataset/covid-19-schweiz?detGeo=FL,6504,4383,2372,
Liechtenstein,2021-04-04,"Moderna, Pfizer/BioNTech",https://opendata.swiss/en/dataset/covid-19-schweiz?detGeo=FL,6504,4383,2372,
Liechtenstein,2021-04-05,"Moderna, Pfizer/BioNTech",https://opendata.swiss/en/dataset/covid-19-schweiz?detGeo=FL,6504,4383,2372,
Liechtenstein,2021-04-06,"Moderna, Pfizer/BioNTech",https://opendata.swiss/en/dataset/covid-19-schweiz?detGeo=FL,6714,4386,2583,
Liechtenstein,2021-04-07,"Moderna, Pfizer/BioNTech",https://opendata.swiss/en/dataset/covid-19-schweiz?detGeo=FL,6914,4386,2783,
Liechtenstein,2021-04-08,"Moderna, Pfizer/BioNTech",https://opendata.swiss/en/dataset/covid-19-schweiz?detGeo=FL,7154,4391,3028,
Liechtenstein,2021-04-09,"Moderna, Pfizer/BioNTech",https://opendata.swiss/en/dataset/covid-19-schweiz?detGeo=FL,7414,4629,3028,
Liechtenstein,2021-04-10,"Moderna, Pfizer/BioNTech",https://opendata.swiss/en/dataset/covid-19-schweiz?detGeo=FL,7414,4634,3030,
Liechtenstein,2021-04-11,"Moderna, Pfizer/BioNTech",https://opendata.swiss/en/dataset/covid-19-schweiz?detGeo=FL,7414,4634,3030,
Liechtenstein,2021-04-12,"Moderna, Pfizer/BioNTech",https://opendata.swiss/en/dataset/covid-19-schweiz?detGeo=FL,7693,4901,3041,
Liechtenstein,2021-04-13,"Moderna, Pfizer/BioNTech",https://opendata.swiss/en/dataset/covid-19-schweiz?detGeo=FL,7968,5161,3057,
Liechtenstein,2021-04-14,"Moderna, Pfizer/BioNTech",https://opendata.swiss/en/dataset/covid-19-schweiz?detGeo=FL,8275,5450,3091,
Liechtenstein,2021-04-15,"Moderna, Pfizer/BioNTech",https://opendata.swiss/en/dataset/covid-19-schweiz?detGeo=FL,8572,5740,3109,
Liechtenstein,2021-04-16,"Moderna, Pfizer/BioNTech",https://opendata.swiss/en/dataset/covid-19-schweiz?detGeo=FL,8860,6030,3112,
Liechtenstein,2021-04-17,"Moderna, Pfizer/BioNTech",https://opendata.swiss/en/dataset/covid-19-schweiz?detGeo=FL,8860,6030,3115,
Liechtenstein,2021-04-18,"Moderna, Pfizer/BioNTech",https://opendata.swiss/en/dataset/covid-19-schweiz?detGeo=FL,8860,6030,3115,
Liechtenstein,2021-04-19,"Moderna, Pfizer/BioNTech",https://opendata.swiss/en/dataset/covid-19-schweiz?detGeo=FL,9418,6583,3125,
Liechtenstein,2021-04-20,"Moderna, Pfizer/BioNTech",https://opendata.swiss/en/dataset/covid-19-schweiz?detGeo=FL,9959,7126,3127,
Liechtenstein,2021-04-21,"Moderna, Pfizer/BioNTech",https://opendata.swiss/en/dataset/covid-19-schweiz?detGeo=FL,10457,7387,3366,
Liechtenstein,2021-04-22,"Moderna, Pfizer/BioNTech",https://opendata.swiss/en/dataset/covid-19-schweiz?detGeo=FL,10960,7659,3617,
Liechtenstein,2021-04-23,"Moderna, Pfizer/BioNTech",https://opendata.swiss/en/dataset/covid-19-schweiz?detGeo=FL,11457,7925,3853,
Liechtenstein,2021-04-24,"Moderna, Pfizer/BioNTech",https://opendata.swiss/en/dataset/covid-19-schweiz?detGeo=FL,11457,7927,3854,
Liechtenstein,2021-04-25,"Moderna, Pfizer/BioNTech",https://opendata.swiss/en/dataset/covid-19-schweiz?detGeo=FL,11457,7927,3854,
Liechtenstein,2021-04-26,"Moderna, Pfizer/BioNTech",https://opendata.swiss/en/dataset/covid-19-schweiz?detGeo=FL,11697,7931,4094,
Liechtenstein,2021-04-27,"Moderna, Pfizer/BioNTech",https://opendata.swiss/en/dataset/covid-19-schweiz?detGeo=FL,11946,7950,4325,
Liechtenstein,2021-04-28,"Moderna, Pfizer/BioNTech",https://opendata.swiss/en/dataset/covid-19-schweiz?detGeo=FL,12219,8225,4328,
Liechtenstein,2021-04-29,"Moderna, Pfizer/BioNTech",https://opendata.swiss/en/dataset/covid-19-schweiz?detGeo=FL,12488,8496,4337,
Liechtenstein,2021-04-30,"Moderna, Pfizer/BioNTech",https://opendata.swiss/en/dataset/covid-19-schweiz?detGeo=FL,12998,9000,4347,
Liechtenstein,2021-05-01,"Moderna, Pfizer/BioNTech",https://opendata.swiss/en/dataset/covid-19-schweiz?detGeo=FL,12998,9000,4347,
Liechtenstein,2021-05-02,"Moderna, Pfizer/BioNTech",https://opendata.swiss/en/dataset/covid-19-schweiz?detGeo=FL,12998,9000,4347,
Liechtenstein,2021-05-03,"Moderna, Pfizer/BioNTech",https://opendata.swiss/en/dataset/covid-19-schweiz?detGeo=FL,13277,9278,4347,
Liechtenstein,2021-05-04,"Moderna, Pfizer/BioNTech",https://opendata.swiss/en/dataset/covid-19-schweiz?detGeo=FL,13549,9550,4347,
Liechtenstein,2021-05-05,"Moderna, Pfizer/BioNTech",https://opendata.swiss/en/dataset/covid-19-schweiz?detGeo=FL,13829,9828,4350,
Liechtenstein,2021-05-06,"Moderna, Pfizer/BioNTech",https://opendata.swiss/en/dataset/covid-19-schweiz?detGeo=FL,14109,10107,4358,
Liechtenstein,2021-05-07,"Moderna, Pfizer/BioNTech",https://opendata.swiss/en/dataset/covid-19-schweiz?detGeo=FL,14369,10113,4590,
Liechtenstein,2021-05-08,"Moderna, Pfizer/BioNTech",https://opendata.swiss/en/dataset/covid-19-schweiz?detGeo=FL,14369,10116,4595,
Liechtenstein,2021-05-09,"Moderna, Pfizer/BioNTech",https://opendata.swiss/en/dataset/covid-19-schweiz?detGeo=FL,14369,10116,4595,
Liechtenstein,2021-05-10,"Moderna, Pfizer/BioNTech",https://opendata.swiss/en/dataset/covid-19-schweiz?detGeo=FL,14929,10414,4858,
Liechtenstein,2021-05-11,"Moderna, Pfizer/BioNTech",https://opendata.swiss/en/dataset/covid-19-schweiz?detGeo=FL,15469,10700,5117,
Liechtenstein,2021-05-12,"Moderna, Pfizer/BioNTech",https://opendata.swiss/en/dataset/covid-19-schweiz?detGeo=FL,15765,10710,5407,
Liechtenstein,2021-05-13,"Moderna, Pfizer/BioNTech",https://opendata.swiss/en/dataset/covid-19-schweiz?detGeo=FL,16051,10714,5685,
Liechtenstein,2021-05-14,"Moderna, Pfizer/BioNTech",https://opendata.swiss/en/dataset/covid-19-schweiz?detGeo=FL,16333,10722,5963,
Liechtenstein,2021-05-15,"Moderna, Pfizer/BioNTech",https://opendata.swiss/en/dataset/covid-19-schweiz?detGeo=FL,16333,10726,5964,
Liechtenstein,2021-05-16,"Moderna, Pfizer/BioNTech",https://opendata.swiss/en/dataset/covid-19-schweiz?detGeo=FL,16333,10726,5966,
Liechtenstein,2021-05-17,"Moderna, Pfizer/BioNTech",https://opendata.swiss/en/dataset/covid-19-schweiz?detGeo=FL,16892,10741,6513,
Liechtenstein,2021-05-18,"Moderna, Pfizer/BioNTech",https://opendata.swiss/en/dataset/covid-19-schweiz?detGeo=FL,17437,10750,7053,
Liechtenstein,2021-05-19,"Moderna, Pfizer/BioNTech",https://opendata.swiss/en/dataset/covid-19-schweiz?detGeo=FL,17978,11030,7313,
Liechtenstein,2021-05-20,"Moderna, Pfizer/BioNTech",https://opendata.swiss/en/dataset/covid-19-schweiz?detGeo=FL,18520,11316,7575,
Liechtenstein,2021-05-21,"Moderna, Pfizer/BioNTech",https://opendata.swiss/en/dataset/covid-19-schweiz?detGeo=FL,19078,11613,7838,
Liechtenstein,2021-05-22,"Moderna, Pfizer/BioNTech",https://opendata.swiss/en/dataset/covid-19-schweiz?detGeo=FL,19078,11613,7839,
Liechtenstein,2021-05-23,"Moderna, Pfizer/BioNTech",https://opendata.swiss/en/dataset/covid-19-schweiz?detGeo=FL,19078,11613,7839,
Liechtenstein,2021-05-24,"Moderna, Pfizer/BioNTech",https://opendata.swiss/en/dataset/covid-19-schweiz?detGeo=FL,19078,11613,7839,
Liechtenstein,2021-05-25,"Moderna, Pfizer/BioNTech",https://opendata.swiss/en/dataset/covid-19-schweiz?detGeo=FL,19637,12174,7844,
Liechtenstein,2021-05-26,"Moderna, Pfizer/BioNTech",https://opendata.swiss/en/dataset/covid-19-schweiz?detGeo=FL,20184,12459,8116,
Liechtenstein,2021-05-27,"Moderna, Pfizer/BioNTech",https://opendata.swiss/en/dataset/covid-19-schweiz?detGeo=FL,20752,12758,8403,
Liechtenstein,2021-05-28,"Moderna, Pfizer/BioNTech",https://opendata.swiss/en/dataset/covid-19-schweiz?detGeo=FL,21281,12769,8917,
Liechtenstein,2021-05-29,"Moderna, Pfizer/BioNTech",https://opendata.swiss/en/dataset/covid-19-schweiz?detGeo=FL,21281,12769,8918,
Liechtenstein,2021-05-30,"Moderna, Pfizer/BioNTech",https://opendata.swiss/en/dataset/covid-19-schweiz?detGeo=FL,21281,12769,8918,
Liechtenstein,2021-05-31,"Moderna, Pfizer/BioNTech",https://opendata.swiss/en/dataset/covid-19-schweiz?detGeo=FL,21836,13044,9199,
Liechtenstein,2021-06-01,"Moderna, Pfizer/BioNTech",https://opendata.swiss/en/dataset/covid-19-schweiz?detGeo=FL,22385,13332,9462,
Liechtenstein,2021-06-02,"Moderna, Pfizer/BioNTech",https://opendata.swiss/en/dataset/covid-19-schweiz?detGeo=FL,22944,13624,9733,
Liechtenstein,2021-06-03,"Moderna, Pfizer/BioNTech",https://opendata.swiss/en/dataset/covid-19-schweiz?detGeo=FL,23494,13910,10001,
Liechtenstein,2021-06-04,"Moderna, Pfizer/BioNTech",https://opendata.swiss/en/dataset/covid-19-schweiz?detGeo=FL,24054,14467,10011,
Liechtenstein,2021-06-05,"Moderna, Pfizer/BioNTech",https://opendata.swiss/en/dataset/covid-19-schweiz?detGeo=FL,24054,14468,10012,
Liechtenstein,2021-06-06,"Moderna, Pfizer/BioNTech",https://opendata.swiss/en/dataset/covid-19-schweiz?detGeo=FL,24054,14468,10012,
Liechtenstein,2021-06-07,"Moderna, Pfizer/BioNTech",https://opendata.swiss/en/dataset/covid-19-schweiz?detGeo=FL,24634,14752,10312,
Liechtenstein,2021-06-08,"Moderna, Pfizer/BioNTech",https://opendata.swiss/en/dataset/covid-19-schweiz?detGeo=FL,25212,15042,10602,
Liechtenstein,2021-06-09,"Moderna, Pfizer/BioNTech",https://opendata.swiss/en/dataset/covid-19-schweiz?detGeo=FL,25780,15611,10605,
Liechtenstein,2021-06-10,"Moderna, Pfizer/BioNTech",https://opendata.swiss/en/dataset/covid-19-schweiz?detGeo=FL,26350,16174,10616,
Liechtenstein,2021-06-11,"Moderna, Pfizer/BioNTech",https://opendata.swiss/en/dataset/covid-19-schweiz?detGeo=FL,26928,16717,10651,
Liechtenstein,2021-06-12,"Moderna, Pfizer/BioNTech",https://opendata.swiss/en/dataset/covid-19-schweiz?detGeo=FL,26928,16717,10654,
Liechtenstein,2021-06-13,"Moderna, Pfizer/BioNTech",https://opendata.swiss/en/dataset/covid-19-schweiz?detGeo=FL,26928,16717,10654,
Liechtenstein,2021-06-14,"Moderna, Pfizer/BioNTech",https://opendata.swiss/en/dataset/covid-19-schweiz?detGeo=FL,27489,17272,10666,
Liechtenstein,2021-06-15,"Moderna, Pfizer/BioNTech",https://opendata.swiss/en/dataset/covid-19-schweiz?detGeo=FL,28046,17830,10671,
Liechtenstein,2021-06-16,"Moderna, Pfizer/BioNTech",https://opendata.swiss/en/dataset/covid-19-schweiz?detGeo=FL,28606,18116,10946,
Liechtenstein,2021-06-17,"Moderna, Pfizer/BioNTech",https://opendata.swiss/en/dataset/covid-19-schweiz?detGeo=FL,29156,18403,11211,
Liechtenstein,2021-06-18,"Moderna, Pfizer/BioNTech",https://opendata.swiss/en/dataset/covid-19-schweiz?detGeo=FL,29736,18689,11507,
Liechtenstein,2021-06-19,"Moderna, Pfizer/BioNTech",https://opendata.swiss/en/dataset/covid-19-schweiz?detGeo=FL,29736,18689,11507,
Liechtenstein,2021-06-20,"Moderna, Pfizer/BioNTech",https://opendata.swiss/en/dataset/covid-19-schweiz?detGeo=FL,29736,18689,11507,
Liechtenstein,2021-06-21,"Moderna, Pfizer/BioNTech",https://opendata.swiss/en/dataset/covid-19-schweiz?detGeo=FL,29736,18690,11508,
Liechtenstein,2021-06-22,"Moderna, Pfizer/BioNTech",https://opendata.swiss/en/dataset/covid-19-schweiz?detGeo=FL,30261,18693,12033,
Liechtenstein,2021-06-23,"Moderna, Pfizer/BioNTech",https://opendata.swiss/en/dataset/covid-19-schweiz?detGeo=FL,30557,18709,12320,
Liechtenstein,2021-06-24,"Moderna, Pfizer/BioNTech",https://opendata.swiss/en/dataset/covid-19-schweiz?detGeo=FL,31075,18920,12629,
Liechtenstein,2021-06-25,"Moderna, Pfizer/BioNTech",https://opendata.swiss/en/dataset/covid-19-schweiz?detGeo=FL,31353,19180,12647,
Liechtenstein,2021-06-26,"Moderna, Pfizer/BioNTech",https://opendata.swiss/en/dataset/covid-19-schweiz?detGeo=FL,31353,19180,12648,
Liechtenstein,2021-06-27,"Moderna, Pfizer/BioNTech",https://opendata.swiss/en/dataset/covid-19-schweiz?detGeo=FL,31353,19180,12648,
Liechtenstein,2021-06-28,"Moderna, Pfizer/BioNTech",https://opendata.swiss/en/dataset/covid-19-schweiz?detGeo=FL,31642,19211,12907,
Liechtenstein,2021-06-29,"Moderna, Pfizer/BioNTech",https://opendata.swiss/en/dataset/covid-19-schweiz?detGeo=FL,31941,19231,13191,
Liechtenstein,2021-06-30,"Moderna, Pfizer/BioNTech",https://opendata.swiss/en/dataset/covid-19-schweiz?detGeo=FL,32483,19498,13470,
Liechtenstein,2021-07-01,"Moderna, Pfizer/BioNTech",https://opendata.swiss/en/dataset/covid-19-schweiz?detGeo=FL,33029,19776,13738,
Liechtenstein,2021-07-02,"Moderna, Pfizer/BioNTech",https://opendata.swiss/en/dataset/covid-19-schweiz?detGeo=FL,33628,19831,14281,
Liechtenstein,2021-07-03,"Moderna, Pfizer/BioNTech",https://opendata.swiss/en/dataset/covid-19-schweiz?detGeo=FL,33628,19831,14282,
Liechtenstein,2021-07-04,"Moderna, Pfizer/BioNTech",https://opendata.swiss/en/dataset/covid-19-schweiz?detGeo=FL,33628,19831,14282,
Liechtenstein,2021-07-05,"Moderna, Pfizer/BioNTech",https://opendata.swiss/en/dataset/covid-19-schweiz?detGeo=FL,33924,19848,14564,
Liechtenstein,2021-07-06,"Moderna, Pfizer/BioNTech",https://opendata.swiss/en/dataset/covid-19-schweiz?detGeo=FL,34462,20097,14853,
Liechtenstein,2021-07-07,"Moderna, Pfizer/BioNTech",https://opendata.swiss/en/dataset/covid-19-schweiz?detGeo=FL,35051,20154,15386,
Liechtenstein,2021-07-08,"Moderna, Pfizer/BioNTech",https://opendata.swiss/en/dataset/covid-19-schweiz?detGeo=FL,35640,20210,15924,
Liechtenstein,2021-07-09,"Moderna, Pfizer/BioNTech",https://opendata.swiss/en/dataset/covid-19-schweiz?detGeo=FL,36245,20295,16442,
Liechtenstein,2021-07-10,"Moderna, Pfizer/BioNTech",https://opendata.swiss/en/dataset/covid-19-schweiz?detGeo=FL,36245,20295,16442,
Liechtenstein,2021-07-11,"Moderna, Pfizer/BioNTech",https://opendata.swiss/en/dataset/covid-19-schweiz?detGeo=FL,36245,20295,16442,
Liechtenstein,2021-07-12,"Moderna, Pfizer/BioNTech",https://opendata.swiss/en/dataset/covid-19-schweiz?detGeo=FL,36828,20350,16972,
Liechtenstein,2021-07-13,"Moderna, Pfizer/BioNTech",https://opendata.swiss/en/dataset/covid-19-schweiz?detGeo=FL,37415,20398,17513,
Liechtenstein,2021-07-14,"Moderna, Pfizer/BioNTech",https://opendata.swiss/en/dataset/covid-19-schweiz?detGeo=FL,37709,20425,17781,
Liechtenstein,2021-07-15,"Moderna, Pfizer/BioNTech",https://opendata.swiss/en/dataset/covid-19-schweiz?detGeo=FL,38256,20697,18055,
Liechtenstein,2021-07-16,"Moderna, Pfizer/BioNTech",https://opendata.swiss/en/dataset/covid-19-schweiz?detGeo=FL,38572,20708,18359,
Liechtenstein,2021-07-17,"Moderna, Pfizer/BioNTech",https://opendata.swiss/en/dataset/covid-19-schweiz?detGeo=FL,38572,20708,18359,
Liechtenstein,2021-07-18,"Moderna, Pfizer/BioNTech",https://opendata.swiss/en/dataset/covid-19-schweiz?detGeo=FL,38572,20708,18359,
Liechtenstein,2021-07-19,"Moderna, Pfizer/BioNTech",https://opendata.swiss/en/dataset/covid-19-schweiz?detGeo=FL,38572,20708,18360,
Liechtenstein,2021-07-20,"Moderna, Pfizer/BioNTech",https://opendata.swiss/en/dataset/covid-19-schweiz?detGeo=FL,38572,20713,18362,
Liechtenstein,2021-07-21,"Moderna, Pfizer/BioNTech",https://opendata.swiss/en/dataset/covid-19-schweiz?detGeo=FL,38572,20715,18363,
Liechtenstein,2021-07-22,"Moderna, Pfizer/BioNTech",https://opendata.swiss/en/dataset/covid-19-schweiz?detGeo=FL,38817,20737,18585,
Liechtenstein,2021-07-23,"Moderna, Pfizer/BioNTech",https://opendata.swiss/en/dataset/covid-19-schweiz?detGeo=FL,39207,20744,18969,
Liechtenstein,2021-07-24,"Moderna, Pfizer/BioNTech",https://opendata.swiss/en/dataset/covid-19-schweiz?detGeo=FL,39207,20744,18969,
Liechtenstein,2021-07-25,"Moderna, Pfizer/BioNTech",https://opendata.swiss/en/dataset/covid-19-schweiz?detGeo=FL,39207,20744,18969,
Liechtenstein,2021-07-26,"Moderna, Pfizer/BioNTech",https://opendata.swiss/en/dataset/covid-19-schweiz?detGeo=FL,39207,20744,18970,
Liechtenstein,2021-07-27,"Moderna, Pfizer/BioNTech",https://opendata.swiss/en/dataset/covid-19-schweiz?detGeo=FL,39207,20746,18971,
Liechtenstein,2021-07-28,"Moderna, Pfizer/BioNTech",https://opendata.swiss/en/dataset/covid-19-schweiz?detGeo=FL,39207,20746,18973,
Liechtenstein,2021-07-29,"Moderna, Pfizer/BioNTech",https://opendata.swiss/en/dataset/covid-19-schweiz?detGeo=FL,39207,20747,18974,
Liechtenstein,2021-07-30,"Moderna, Pfizer/BioNTech",https://opendata.swiss/en/dataset/covid-19-schweiz?detGeo=FL,39207,20754,18975,
Liechtenstein,2021-07-31,"Moderna, Pfizer/BioNTech",https://opendata.swiss/en/dataset/covid-19-schweiz?detGeo=FL,39207,20755,18975,
Liechtenstein,2021-08-01,"Moderna, Pfizer/BioNTech",https://opendata.swiss/en/dataset/covid-19-schweiz?detGeo=FL,39207,20755,18975,
Liechtenstein,2021-08-02,"Moderna, Pfizer/BioNTech",https://opendata.swiss/en/dataset/covid-19-schweiz?detGeo=FL,39207,20755,18975,
Liechtenstein,2021-08-03,"Moderna, Pfizer/BioNTech",https://opendata.swiss/en/dataset/covid-19-schweiz?detGeo=FL,39207,20755,18975,
Liechtenstein,2021-08-04,"Moderna, Pfizer/BioNTech",https://opendata.swiss/en/dataset/covid-19-schweiz?detGeo=FL,39207,20755,18975,
Liechtenstein,2021-08-05,"Moderna, Pfizer/BioNTech",https://opendata.swiss/en/dataset/covid-19-schweiz?detGeo=FL,39207,20755,18975,
Liechtenstein,2021-08-06,"Moderna, Pfizer/BioNTech",https://opendata.swiss/en/dataset/covid-19-schweiz?detGeo=FL,39207,20757,18975,
Liechtenstein,2021-08-07,"Moderna, Pfizer/BioNTech",https://opendata.swiss/en/dataset/covid-19-schweiz?detGeo=FL,39207,20757,18975,
Liechtenstein,2021-08-08,"Moderna, Pfizer/BioNTech",https://opendata.swiss/en/dataset/covid-19-schweiz?detGeo=FL,39207,20757,18975,
Liechtenstein,2021-08-09,"Moderna, Pfizer/BioNTech",https://opendata.swiss/en/dataset/covid-19-schweiz?detGeo=FL,39797,20776,19545,
Liechtenstein,2021-08-10,"Moderna, Pfizer/BioNTech",https://opendata.swiss/en/dataset/covid-19-schweiz?detGeo=FL,40079,20952,19651,
Liechtenstein,2021-08-11,"Moderna, Pfizer/BioNTech",https://opendata.swiss/en/dataset/covid-19-schweiz?detGeo=FL,40393,20973,19945,
Liechtenstein,2021-08-12,"Moderna, Pfizer/BioNTech",https://opendata.swiss/en/dataset/covid-19-schweiz?detGeo=FL,40615,20977,20161,
Liechtenstein,2021-08-13,"Moderna, Pfizer/BioNTech",https://opendata.swiss/en/dataset/covid-19-schweiz?detGeo=FL,40925,21287,20164,
Liechtenstein,2021-08-14,"Moderna, Pfizer/BioNTech",https://opendata.swiss/en/dataset/covid-19-schweiz?detGeo=FL,40925,21287,20164,
Liechtenstein,2021-08-15,"Moderna, Pfizer/BioNTech",https://opendata.swiss/en/dataset/covid-19-schweiz?detGeo=FL,40925,21287,20164,
Liechtenstein,2021-08-16,"Moderna, Pfizer/BioNTech",https://opendata.swiss/en/dataset/covid-19-schweiz?detGeo=FL,41214,21308,20433,
Liechtenstein,2021-08-17,"Moderna, Pfizer/BioNTech",https://opendata.swiss/en/dataset/covid-19-schweiz?detGeo=FL,41499,21529,20498,
Liechtenstein,2021-08-18,"Moderna, Pfizer/BioNTech",https://opendata.swiss/en/dataset/covid-19-schweiz?detGeo=FL,41742,21736,20537,
Liechtenstein,2021-08-19,"Moderna, Pfizer/BioNTech",https://opendata.swiss/en/dataset/covid-19-schweiz?detGeo=FL,41742,21736,20537,
Liechtenstein,2021-08-20,"Moderna, Pfizer/BioNTech",https://opendata.swiss/en/dataset/covid-19-schweiz?detGeo=FL,41742,21740,20540,
Liechtenstein,2021-08-21,"Moderna, Pfizer/BioNTech",https://opendata.swiss/en/dataset/covid-19-schweiz?detGeo=FL,42147,22112,20566,
Liechtenstein,2021-08-22,"Moderna, Pfizer/BioNTech",https://opendata.swiss/en/dataset/covid-19-schweiz?detGeo=FL,42147,22112,20566,
Liechtenstein,2021-08-23,"Moderna, Pfizer/BioNTech",https://opendata.swiss/en/dataset/covid-19-schweiz?detGeo=FL,42293,22227,20597,
Liechtenstein,2021-08-24,"Moderna, Pfizer/BioNTech",https://opendata.swiss/en/dataset/covid-19-schweiz?detGeo=FL,42574,22501,20600,
Liechtenstein,2021-08-25,"Moderna, Pfizer/BioNTech",https://opendata.swiss/en/dataset/covid-19-schweiz?detGeo=FL,42707,22627,20608,
Liechtenstein,2021-08-26,"Moderna, Pfizer/BioNTech",https://opendata.swiss/en/dataset/covid-19-schweiz?detGeo=FL,42844,22748,20624,
Liechtenstein,2021-08-27,"Moderna, Pfizer/BioNTech",https://opendata.swiss/en/dataset/covid-19-schweiz?detGeo=FL,43140,23039,20633,
Liechtenstein,2021-08-28,"Moderna, Pfizer/BioNTech",https://opendata.swiss/en/dataset/covid-19-schweiz?detGeo=FL,43140,23039,20633,
Liechtenstein,2021-08-29,"Moderna, Pfizer/BioNTech",https://opendata.swiss/en/dataset/covid-19-schweiz?detGeo=FL,43140,23039,20633,
Liechtenstein,2021-08-30,"Moderna, Pfizer/BioNTech",https://opendata.swiss/en/dataset/covid-19-schweiz?detGeo=FL,43140,23039,20634,
Liechtenstein,2021-08-31,"Moderna, Pfizer/BioNTech",https://opendata.swiss/en/dataset/covid-19-schweiz?detGeo=FL,43140,23039,20634,
Liechtenstein,2021-09-01,"Moderna, Pfizer/BioNTech",https://opendata.swiss/en/dataset/covid-19-schweiz?detGeo=FL,43140,23039,20634,
Liechtenstein,2021-09-02,"Moderna, Pfizer/BioNTech",https://opendata.swiss/en/dataset/covid-19-schweiz?detGeo=FL,43140,23040,20634,
Liechtenstein,2021-09-03,"Moderna, Pfizer/BioNTech",https://opendata.swiss/en/dataset/covid-19-schweiz?detGeo=FL,43140,23047,20634,
Liechtenstein,2021-09-04,"Moderna, Pfizer/BioNTech",https://opendata.swiss/en/dataset/covid-19-schweiz?detGeo=FL,43140,23049,20634,
Liechtenstein,2021-09-05,"Moderna, Pfizer/BioNTech",https://opendata.swiss/en/dataset/covid-19-schweiz?detGeo=FL,43140,23049,20634,
Liechtenstein,2021-09-06,"Moderna, Pfizer/BioNTech",https://opendata.swiss/en/dataset/covid-19-schweiz?detGeo=FL,43140,23050,20635,
Liechtenstein,2021-09-07,"Moderna, Pfizer/BioNTech",https://opendata.swiss/en/dataset/covid-19-schweiz?detGeo=FL,43296,23059,20786,
Liechtenstein,2021-09-08,"Moderna, Pfizer/BioNTech",https://opendata.swiss/en/dataset/covid-19-schweiz?detGeo=FL,43296,23061,20787,
Liechtenstein,2021-09-09,"Moderna, Pfizer/BioNTech",https://opendata.swiss/en/dataset/covid-19-schweiz?detGeo=FL,43297,23063,20788,
Liechtenstein,2021-09-10,"Moderna, Pfizer/BioNTech",https://opendata.swiss/en/dataset/covid-19-schweiz?detGeo=FL,43607,23081,21090,
Liechtenstein,2021-09-11,"Moderna, Pfizer/BioNTech",https://opendata.swiss/en/dataset/covid-19-schweiz?detGeo=FL,43607,23082,21091,
Liechtenstein,2021-09-12,"Moderna, Pfizer/BioNTech",https://opendata.swiss/en/dataset/covid-19-schweiz?detGeo=FL,43607,23082,21091,
Liechtenstein,2021-09-13,"Moderna, Pfizer/BioNTech",https://opendata.swiss/en/dataset/covid-19-schweiz?detGeo=FL,44253,23714,21098,
Liechtenstein,2021-09-14,"Moderna, Pfizer/BioNTech",https://opendata.swiss/en/dataset/covid-19-schweiz?detGeo=FL,44565,23784,21349,
Liechtenstein,2021-09-15,"Moderna, Pfizer/BioNTech",https://opendata.swiss/en/dataset/covid-19-schweiz?detGeo=FL,44781,23806,21550,
Liechtenstein,2021-09-16,"Moderna, Pfizer/BioNTech",https://opendata.swiss/en/dataset/covid-19-schweiz?detGeo=FL,44791,23818,21550,
Liechtenstein,2021-09-17,"Moderna, Pfizer/BioNTech",https://opendata.swiss/en/dataset/covid-19-schweiz?detGeo=FL,44978,24007,21567,
Liechtenstein,2021-09-18,"Moderna, Pfizer/BioNTech",https://opendata.swiss/en/dataset/covid-19-schweiz?detGeo=FL,45362,24010,21948,
Liechtenstein,2021-09-19,"Moderna, Pfizer/BioNTech",https://opendata.swiss/en/dataset/covid-19-schweiz?detGeo=FL,45362,24010,21948,
Liechtenstein,2021-09-20,"Moderna, Pfizer/BioNTech",https://opendata.swiss/en/dataset/covid-19-schweiz?detGeo=FL,45726,24237,22084,
Liechtenstein,2021-09-21,"Moderna, Pfizer/BioNTech",https://opendata.swiss/en/dataset/covid-19-schweiz?detGeo=FL,46096,24306,22384,
Liechtenstein,2021-09-22,"Moderna, Pfizer/BioNTech",https://opendata.swiss/en/dataset/covid-19-schweiz?detGeo=FL,46235,24329,22503,
Liechtenstein,2021-09-23,"Moderna, Pfizer/BioNTech",https://opendata.swiss/en/dataset/covid-19-schweiz?detGeo=FL,46381,24344,22644,
Liechtenstein,2021-09-24,"Moderna, Pfizer/BioNTech",https://opendata.swiss/en/dataset/covid-19-schweiz?detGeo=FL,46715,24386,22944,
Liechtenstein,2021-09-25,"Moderna, Pfizer/BioNTech",https://opendata.swiss/en/dataset/covid-19-schweiz?detGeo=FL,46715,24387,22944,
Liechtenstein,2021-09-26,"Moderna, Pfizer/BioNTech",https://opendata.swiss/en/dataset/covid-19-schweiz?detGeo=FL,46715,24387,22944,
Liechtenstein,2021-09-27,"Moderna, Pfizer/BioNTech",https://opendata.swiss/en/dataset/covid-19-schweiz?detGeo=FL,46742,24408,22954,
Liechtenstein,2021-09-28,"Moderna, Pfizer/BioNTech",https://opendata.swiss/en/dataset/covid-19-schweiz?detGeo=FL,46834,24498,22963,
Liechtenstein,2021-09-29,"Moderna, Pfizer/BioNTech",https://opendata.swiss/en/dataset/covid-19-schweiz?detGeo=FL,46854,24525,22963,
Liechtenstein,2021-09-30,"Moderna, Pfizer/BioNTech",https://opendata.swiss/en/dataset/covid-19-schweiz?detGeo=FL,46862,24539,22971,
Liechtenstein,2021-10-01,"Moderna, Pfizer/BioNTech",https://opendata.swiss/en/dataset/covid-19-schweiz?detGeo=FL,46890,24567,22981,
Liechtenstein,2021-10-02,"Moderna, Pfizer/BioNTech",https://opendata.swiss/en/dataset/covid-19-schweiz?detGeo=FL,46890,24570,22987,
Liechtenstein,2021-10-03,"Moderna, Pfizer/BioNTech",https://opendata.swiss/en/dataset/covid-19-schweiz?detGeo=FL,46890,24570,22987,
Liechtenstein,2021-10-04,"Moderna, Pfizer/BioNTech",https://opendata.swiss/en/dataset/covid-19-schweiz?detGeo=FL,46909,24588,22991,
Liechtenstein,2021-10-05,"Moderna, Pfizer/BioNTech",https://opendata.swiss/en/dataset/covid-19-schweiz?detGeo=FL,46909,24588,22995,
Liechtenstein,2021-10-06,"Moderna, Pfizer/BioNTech",https://opendata.swiss/en/dataset/covid-19-schweiz?detGeo=FL,46929,24608,22997,
Liechtenstein,2021-10-07,"Moderna, Pfizer/BioNTech",https://opendata.swiss/en/dataset/covid-19-schweiz?detGeo=FL,47052,24727,23003,
Liechtenstein,2021-10-08,"Moderna, Pfizer/BioNTech",https://opendata.swiss/en/dataset/covid-19-schweiz?detGeo=FL,47079,24747,23017,
Liechtenstein,2021-10-09,"Moderna, Pfizer/BioNTech",https://opendata.swiss/en/dataset/covid-19-schweiz?detGeo=FL,47079,24747,23017,
Liechtenstein,2021-10-10,"Moderna, Pfizer/BioNTech",https://opendata.swiss/en/dataset/covid-19-schweiz?detGeo=FL,47079,24747,23017,
Liechtenstein,2021-10-11,"Moderna, Pfizer/BioNTech",https://opendata.swiss/en/dataset/covid-19-schweiz?detGeo=FL,47079,24748,23023,
Liechtenstein,2021-10-12,"Moderna, Pfizer/BioNTech",https://opendata.swiss/en/dataset/covid-19-schweiz?detGeo=FL,47153,24770,23074,
Liechtenstein,2021-10-13,"Moderna, Pfizer/BioNTech",https://opendata.swiss/en/dataset/covid-19-schweiz?detGeo=FL,47174,24773,23097,
Liechtenstein,2021-10-14,"Moderna, Pfizer/BioNTech",https://opendata.swiss/en/dataset/covid-19-schweiz?detGeo=FL,47203,24783,23118,
Liechtenstein,2021-10-15,"Moderna, Pfizer/BioNTech",https://opendata.swiss/en/dataset/covid-19-schweiz?detGeo=FL,47243,24785,23164,
Liechtenstein,2021-10-16,"Moderna, Pfizer/BioNTech",https://opendata.swiss/en/dataset/covid-19-schweiz?detGeo=FL,47243,24788,23168,
Liechtenstein,2021-10-17,"Moderna, Pfizer/BioNTech",https://opendata.swiss/en/dataset/covid-19-schweiz?detGeo=FL,47243,24789,23168,
Liechtenstein,2021-10-18,"Moderna, Pfizer/BioNTech",https://opendata.swiss/en/dataset/covid-19-schweiz?detGeo=FL,47527,24792,23448,
Liechtenstein,2021-10-19,"Moderna, Pfizer/BioNTech",https://opendata.swiss/en/dataset/covid-19-schweiz?detGeo=FL,47957,24803,23858,
Liechtenstein,2021-10-20,"Moderna, Pfizer/BioNTech",https://opendata.swiss/en/dataset/covid-19-schweiz?detGeo=FL,48220,24815,24106,
Liechtenstein,2021-10-21,"Moderna, Pfizer/BioNTech",https://opendata.swiss/en/dataset/covid-19-schweiz?detGeo=FL,48245,24831,24125,
Liechtenstein,2021-10-22,"Moderna, Pfizer/BioNTech",https://opendata.swiss/en/dataset/covid-19-schweiz?detGeo=FL,48291,24843,24151,
Liechtenstein,2021-10-23,"Moderna, Pfizer/BioNTech",https://opendata.swiss/en/dataset/covid-19-schweiz?detGeo=FL,48291,24844,24152,
Liechtenstein,2021-10-24,"Moderna, Pfizer/BioNTech",https://opendata.swiss/en/dataset/covid-19-schweiz?detGeo=FL,48291,24844,24152,
Liechtenstein,2021-10-25,"Moderna, Pfizer/BioNTech",https://opendata.swiss/en/dataset/covid-19-schweiz?detGeo=FL,48413,24936,24222,
Liechtenstein,2021-10-26,"Moderna, Pfizer/BioNTech",https://opendata.swiss/en/dataset/covid-19-schweiz?detGeo=FL,48525,24949,24315,
Liechtenstein,2021-10-27,"Moderna, Pfizer/BioNTech",https://opendata.swiss/en/dataset/covid-19-schweiz?detGeo=FL,48609,25007,24343,
Liechtenstein,2021-10-28,"Moderna, Pfizer/BioNTech",https://opendata.swiss/en/dataset/covid-19-schweiz?detGeo=FL,48691,25066,24410,
Liechtenstein,2021-10-29,"Moderna, Pfizer/BioNTech",https://opendata.swiss/en/dataset/covid-19-schweiz?detGeo=FL,48727,25070,24440,
Liechtenstein,2021-10-30,"Moderna, Pfizer/BioNTech",https://opendata.swiss/en/dataset/covid-19-schweiz?detGeo=FL,48727,25070,24440,
Liechtenstein,2021-10-31,"Moderna, Pfizer/BioNTech",https://opendata.swiss/en/dataset/covid-19-schweiz?detGeo=FL,48727,25070,24440,
Liechtenstein,2021-11-01,"Moderna, Pfizer/BioNTech",https://opendata.swiss/en/dataset/covid-19-schweiz?detGeo=FL,48727,25071,24441,
Liechtenstein,2021-11-02,"Moderna, Pfizer/BioNTech",https://opendata.swiss/en/dataset/covid-19-schweiz?detGeo=FL,48871,25186,24500,
Liechtenstein,2021-11-03,"Moderna, Pfizer/BioNTech",https://opendata.swiss/en/dataset/covid-19-schweiz?detGeo=FL,48960,25241,24535,
Liechtenstein,2021-11-04,"Moderna, Pfizer/BioNTech",https://opendata.swiss/en/dataset/covid-19-schweiz?detGeo=FL,49075,25244,24647,
