date,people_vaccinated,people_fully_vaccinated,total_boosters,total_vaccinations,vaccine,location,source_url
2020-12-27,2417,0,0,2417,Pfizer/BioNTech,Lithuania,https://experience.arcgis.com/experience/cab84dcfe0464c2a8050a78f817924ca/page/page_3/
2020-12-28,5214,0,0,5214,Pfizer/BioNTech,Lithuania,https://experience.arcgis.com/experience/cab84dcfe0464c2a8050a78f817924ca/page/page_3/
2020-12-29,8194,0,0,8194,Pfizer/BioNTech,Lithuania,https://experience.arcgis.com/experience/cab84dcfe0464c2a8050a78f817924ca/page/page_3/
2020-12-30,9725,0,0,9725,Pfizer/BioNTech,Lithuania,https://experience.arcgis.com/experience/cab84dcfe0464c2a8050a78f817924ca/page/page_3/
2020-12-31,9755,0,0,9755,Pfizer/BioNTech,Lithuania,https://experience.arcgis.com/experience/cab84dcfe0464c2a8050a78f817924ca/page/page_3/
2021-01-01,9755,0,0,9755,Pfizer/BioNTech,Lithuania,https://experience.arcgis.com/experience/cab84dcfe0464c2a8050a78f817924ca/page/page_3/
2021-01-02,9755,0,0,9755,Pfizer/BioNTech,Lithuania,https://experience.arcgis.com/experience/cab84dcfe0464c2a8050a78f817924ca/page/page_3/
2021-01-03,9755,0,0,9755,Pfizer/BioNTech,Lithuania,https://experience.arcgis.com/experience/cab84dcfe0464c2a8050a78f817924ca/page/page_3/
2021-01-04,9756,0,0,9756,Pfizer/BioNTech,Lithuania,https://experience.arcgis.com/experience/cab84dcfe0464c2a8050a78f817924ca/page/page_3/
2021-01-05,10378,0,0,10378,Pfizer/BioNTech,Lithuania,https://experience.arcgis.com/experience/cab84dcfe0464c2a8050a78f817924ca/page/page_3/
2021-01-06,13886,0,0,13886,Pfizer/BioNTech,Lithuania,https://experience.arcgis.com/experience/cab84dcfe0464c2a8050a78f817924ca/page/page_3/
2021-01-07,18071,0,0,18071,Pfizer/BioNTech,Lithuania,https://experience.arcgis.com/experience/cab84dcfe0464c2a8050a78f817924ca/page/page_3/
2021-01-08,23270,0,0,23270,Pfizer/BioNTech,Lithuania,https://experience.arcgis.com/experience/cab84dcfe0464c2a8050a78f817924ca/page/page_3/
2021-01-09,23574,0,0,23574,Pfizer/BioNTech,Lithuania,https://experience.arcgis.com/experience/cab84dcfe0464c2a8050a78f817924ca/page/page_3/
2021-01-10,23576,0,0,23576,Pfizer/BioNTech,Lithuania,https://experience.arcgis.com/experience/cab84dcfe0464c2a8050a78f817924ca/page/page_3/
2021-01-11,25788,0,0,25788,Pfizer/BioNTech,Lithuania,https://experience.arcgis.com/experience/cab84dcfe0464c2a8050a78f817924ca/page/page_3/
2021-01-12,27886,0,0,27886,"Oxford/AstraZeneca, Pfizer/BioNTech",Lithuania,https://experience.arcgis.com/experience/cab84dcfe0464c2a8050a78f817924ca/page/page_3/
2021-01-13,34071,0,0,34071,"Moderna, Oxford/AstraZeneca, Pfizer/BioNTech",Lithuania,https://experience.arcgis.com/experience/cab84dcfe0464c2a8050a78f817924ca/page/page_3/
2021-01-14,42741,0,0,42741,"Moderna, Oxford/AstraZeneca, Pfizer/BioNTech",Lithuania,https://experience.arcgis.com/experience/cab84dcfe0464c2a8050a78f817924ca/page/page_3/
2021-01-15,50109,0,0,50109,"Moderna, Oxford/AstraZeneca, Pfizer/BioNTech",Lithuania,https://experience.arcgis.com/experience/cab84dcfe0464c2a8050a78f817924ca/page/page_3/
2021-01-16,51217,0,0,51217,"Moderna, Oxford/AstraZeneca, Pfizer/BioNTech",Lithuania,https://experience.arcgis.com/experience/cab84dcfe0464c2a8050a78f817924ca/page/page_3/
2021-01-17,51260,1094,0,52354,"Moderna, Oxford/AstraZeneca, Pfizer/BioNTech",Lithuania,https://experience.arcgis.com/experience/cab84dcfe0464c2a8050a78f817924ca/page/page_3/
2021-01-18,54096,2778,0,56874,"Moderna, Oxford/AstraZeneca, Pfizer/BioNTech",Lithuania,https://experience.arcgis.com/experience/cab84dcfe0464c2a8050a78f817924ca/page/page_3/
2021-01-19,56440,6706,0,63146,"Moderna, Oxford/AstraZeneca, Pfizer/BioNTech",Lithuania,https://experience.arcgis.com/experience/cab84dcfe0464c2a8050a78f817924ca/page/page_3/
2021-01-20,58059,8552,0,66611,"Moderna, Oxford/AstraZeneca, Pfizer/BioNTech",Lithuania,https://experience.arcgis.com/experience/cab84dcfe0464c2a8050a78f817924ca/page/page_3/
2021-01-21,59054,9190,0,68244,"Moderna, Oxford/AstraZeneca, Pfizer/BioNTech",Lithuania,https://experience.arcgis.com/experience/cab84dcfe0464c2a8050a78f817924ca/page/page_3/
2021-01-22,59379,9260,0,68639,"Moderna, Oxford/AstraZeneca, Pfizer/BioNTech",Lithuania,https://experience.arcgis.com/experience/cab84dcfe0464c2a8050a78f817924ca/page/page_3/
2021-01-23,59381,9260,0,68641,"Moderna, Oxford/AstraZeneca, Pfizer/BioNTech",Lithuania,https://experience.arcgis.com/experience/cab84dcfe0464c2a8050a78f817924ca/page/page_3/
2021-01-24,59381,9260,0,68641,"Moderna, Oxford/AstraZeneca, Pfizer/BioNTech",Lithuania,https://experience.arcgis.com/experience/cab84dcfe0464c2a8050a78f817924ca/page/page_3/
2021-01-25,59487,9263,0,68750,"Moderna, Oxford/AstraZeneca, Pfizer/BioNTech",Lithuania,https://experience.arcgis.com/experience/cab84dcfe0464c2a8050a78f817924ca/page/page_3/
2021-01-26,61988,9924,0,71912,"Moderna, Oxford/AstraZeneca, Pfizer/BioNTech",Lithuania,https://experience.arcgis.com/experience/cab84dcfe0464c2a8050a78f817924ca/page/page_3/
2021-01-27,65827,13009,0,78836,"Moderna, Oxford/AstraZeneca, Pfizer/BioNTech",Lithuania,https://experience.arcgis.com/experience/cab84dcfe0464c2a8050a78f817924ca/page/page_3/
2021-01-28,69212,16755,0,85967,"Moderna, Oxford/AstraZeneca, Pfizer/BioNTech",Lithuania,https://experience.arcgis.com/experience/cab84dcfe0464c2a8050a78f817924ca/page/page_3/
2021-01-29,72208,21865,0,94073,"Moderna, Oxford/AstraZeneca, Pfizer/BioNTech",Lithuania,https://experience.arcgis.com/experience/cab84dcfe0464c2a8050a78f817924ca/page/page_3/
2021-01-30,72402,22314,0,94716,"Moderna, Oxford/AstraZeneca, Pfizer/BioNTech",Lithuania,https://experience.arcgis.com/experience/cab84dcfe0464c2a8050a78f817924ca/page/page_3/
2021-01-31,72410,22314,0,94724,"Moderna, Oxford/AstraZeneca, Pfizer/BioNTech",Lithuania,https://experience.arcgis.com/experience/cab84dcfe0464c2a8050a78f817924ca/page/page_3/
2021-02-01,73460,24173,0,97633,"Moderna, Oxford/AstraZeneca, Pfizer/BioNTech",Lithuania,https://experience.arcgis.com/experience/cab84dcfe0464c2a8050a78f817924ca/page/page_3/
2021-02-02,75114,26449,0,101563,"Moderna, Oxford/AstraZeneca, Pfizer/BioNTech",Lithuania,https://experience.arcgis.com/experience/cab84dcfe0464c2a8050a78f817924ca/page/page_3/
2021-02-03,76788,31625,0,108413,"Moderna, Oxford/AstraZeneca, Pfizer/BioNTech",Lithuania,https://experience.arcgis.com/experience/cab84dcfe0464c2a8050a78f817924ca/page/page_3/
2021-02-04,78284,40039,0,118323,"Moderna, Oxford/AstraZeneca, Pfizer/BioNTech",Lithuania,https://experience.arcgis.com/experience/cab84dcfe0464c2a8050a78f817924ca/page/page_3/
2021-02-05,79231,46485,0,125716,"Moderna, Oxford/AstraZeneca, Pfizer/BioNTech",Lithuania,https://experience.arcgis.com/experience/cab84dcfe0464c2a8050a78f817924ca/page/page_3/
2021-02-06,79301,47150,0,126451,"Moderna, Oxford/AstraZeneca, Pfizer/BioNTech",Lithuania,https://experience.arcgis.com/experience/cab84dcfe0464c2a8050a78f817924ca/page/page_3/
2021-02-07,79302,47246,0,126548,"Moderna, Oxford/AstraZeneca, Pfizer/BioNTech",Lithuania,https://experience.arcgis.com/experience/cab84dcfe0464c2a8050a78f817924ca/page/page_3/
2021-02-08,79521,49716,0,129237,"Moderna, Oxford/AstraZeneca, Pfizer/BioNTech",Lithuania,https://experience.arcgis.com/experience/cab84dcfe0464c2a8050a78f817924ca/page/page_3/
2021-02-09,80600,51517,0,132117,"Moderna, Oxford/AstraZeneca, Pfizer/BioNTech",Lithuania,https://experience.arcgis.com/experience/cab84dcfe0464c2a8050a78f817924ca/page/page_3/
2021-02-10,85120,53189,0,138309,"Moderna, Oxford/AstraZeneca, Pfizer/BioNTech",Lithuania,https://experience.arcgis.com/experience/cab84dcfe0464c2a8050a78f817924ca/page/page_3/
2021-02-11,92907,54510,0,147417,"Moderna, Oxford/AstraZeneca, Pfizer/BioNTech",Lithuania,https://experience.arcgis.com/experience/cab84dcfe0464c2a8050a78f817924ca/page/page_3/
2021-02-12,99251,55506,0,154757,"Moderna, Oxford/AstraZeneca, Pfizer/BioNTech",Lithuania,https://experience.arcgis.com/experience/cab84dcfe0464c2a8050a78f817924ca/page/page_3/
2021-02-13,99701,55506,0,155207,"Moderna, Oxford/AstraZeneca, Pfizer/BioNTech",Lithuania,https://experience.arcgis.com/experience/cab84dcfe0464c2a8050a78f817924ca/page/page_3/
2021-02-14,99701,55507,0,155208,"Moderna, Oxford/AstraZeneca, Pfizer/BioNTech",Lithuania,https://experience.arcgis.com/experience/cab84dcfe0464c2a8050a78f817924ca/page/page_3/
2021-02-15,103659,56204,0,159863,"Moderna, Oxford/AstraZeneca, Pfizer/BioNTech",Lithuania,https://experience.arcgis.com/experience/cab84dcfe0464c2a8050a78f817924ca/page/page_3/
2021-02-16,103972,56430,0,160402,"Moderna, Oxford/AstraZeneca, Pfizer/BioNTech",Lithuania,https://experience.arcgis.com/experience/cab84dcfe0464c2a8050a78f817924ca/page/page_3/
2021-02-17,108327,60384,0,168711,"Moderna, Oxford/AstraZeneca, Pfizer/BioNTech",Lithuania,https://experience.arcgis.com/experience/cab84dcfe0464c2a8050a78f817924ca/page/page_3/
2021-02-18,114841,65241,0,180082,"Moderna, Oxford/AstraZeneca, Pfizer/BioNTech",Lithuania,https://experience.arcgis.com/experience/cab84dcfe0464c2a8050a78f817924ca/page/page_3/
2021-02-19,122036,68573,0,190609,"Moderna, Oxford/AstraZeneca, Pfizer/BioNTech",Lithuania,https://experience.arcgis.com/experience/cab84dcfe0464c2a8050a78f817924ca/page/page_3/
2021-02-20,122986,68635,0,191621,"Moderna, Oxford/AstraZeneca, Pfizer/BioNTech",Lithuania,https://experience.arcgis.com/experience/cab84dcfe0464c2a8050a78f817924ca/page/page_3/
2021-02-21,122989,68635,0,191624,"Moderna, Oxford/AstraZeneca, Pfizer/BioNTech",Lithuania,https://experience.arcgis.com/experience/cab84dcfe0464c2a8050a78f817924ca/page/page_3/
2021-02-22,126882,70219,1,197102,"Moderna, Oxford/AstraZeneca, Pfizer/BioNTech",Lithuania,https://experience.arcgis.com/experience/cab84dcfe0464c2a8050a78f817924ca/page/page_3/
2021-02-23,134453,71331,2,205786,"Moderna, Oxford/AstraZeneca, Pfizer/BioNTech",Lithuania,https://experience.arcgis.com/experience/cab84dcfe0464c2a8050a78f817924ca/page/page_3/
2021-02-24,145286,72263,2,217551,"Moderna, Oxford/AstraZeneca, Pfizer/BioNTech",Lithuania,https://experience.arcgis.com/experience/cab84dcfe0464c2a8050a78f817924ca/page/page_3/
2021-02-25,156224,73213,3,229440,"Moderna, Oxford/AstraZeneca, Pfizer/BioNTech",Lithuania,https://experience.arcgis.com/experience/cab84dcfe0464c2a8050a78f817924ca/page/page_3/
2021-02-26,165241,74265,5,239511,"Moderna, Oxford/AstraZeneca, Pfizer/BioNTech",Lithuania,https://experience.arcgis.com/experience/cab84dcfe0464c2a8050a78f817924ca/page/page_3/
2021-02-27,166022,74296,5,240323,"Moderna, Oxford/AstraZeneca, Pfizer/BioNTech",Lithuania,https://experience.arcgis.com/experience/cab84dcfe0464c2a8050a78f817924ca/page/page_3/
2021-02-28,166475,74296,5,240776,"Moderna, Oxford/AstraZeneca, Pfizer/BioNTech",Lithuania,https://experience.arcgis.com/experience/cab84dcfe0464c2a8050a78f817924ca/page/page_3/
2021-03-01,173909,74447,5,248361,"Moderna, Oxford/AstraZeneca, Pfizer/BioNTech",Lithuania,https://experience.arcgis.com/experience/cab84dcfe0464c2a8050a78f817924ca/page/page_3/
2021-03-02,182662,75066,5,257733,"Moderna, Oxford/AstraZeneca, Pfizer/BioNTech",Lithuania,https://experience.arcgis.com/experience/cab84dcfe0464c2a8050a78f817924ca/page/page_3/
2021-03-03,192429,77344,5,269778,"Moderna, Oxford/AstraZeneca, Pfizer/BioNTech",Lithuania,https://experience.arcgis.com/experience/cab84dcfe0464c2a8050a78f817924ca/page/page_3/
2021-03-04,202718,82583,5,285306,"Moderna, Oxford/AstraZeneca, Pfizer/BioNTech",Lithuania,https://experience.arcgis.com/experience/cab84dcfe0464c2a8050a78f817924ca/page/page_3/
2021-03-05,212075,87293,7,299375,"Moderna, Oxford/AstraZeneca, Pfizer/BioNTech",Lithuania,https://experience.arcgis.com/experience/cab84dcfe0464c2a8050a78f817924ca/page/page_3/
2021-03-06,212560,87436,7,300003,"Moderna, Oxford/AstraZeneca, Pfizer/BioNTech",Lithuania,https://experience.arcgis.com/experience/cab84dcfe0464c2a8050a78f817924ca/page/page_3/
2021-03-07,212563,87437,7,300007,"Moderna, Oxford/AstraZeneca, Pfizer/BioNTech",Lithuania,https://experience.arcgis.com/experience/cab84dcfe0464c2a8050a78f817924ca/page/page_3/
2021-03-08,220556,88402,7,308965,"Moderna, Oxford/AstraZeneca, Pfizer/BioNTech",Lithuania,https://experience.arcgis.com/experience/cab84dcfe0464c2a8050a78f817924ca/page/page_3/
2021-03-09,231104,89783,8,320895,"Moderna, Oxford/AstraZeneca, Pfizer/BioNTech",Lithuania,https://experience.arcgis.com/experience/cab84dcfe0464c2a8050a78f817924ca/page/page_3/
2021-03-10,244222,92363,8,336593,"Moderna, Oxford/AstraZeneca, Pfizer/BioNTech",Lithuania,https://experience.arcgis.com/experience/cab84dcfe0464c2a8050a78f817924ca/page/page_3/
2021-03-11,244681,93049,8,337738,"Moderna, Oxford/AstraZeneca, Pfizer/BioNTech",Lithuania,https://experience.arcgis.com/experience/cab84dcfe0464c2a8050a78f817924ca/page/page_3/
2021-03-12,255334,100388,8,355730,"Moderna, Oxford/AstraZeneca, Pfizer/BioNTech",Lithuania,https://experience.arcgis.com/experience/cab84dcfe0464c2a8050a78f817924ca/page/page_3/
2021-03-13,256370,101102,8,357480,"Moderna, Oxford/AstraZeneca, Pfizer/BioNTech",Lithuania,https://experience.arcgis.com/experience/cab84dcfe0464c2a8050a78f817924ca/page/page_3/
2021-03-14,256398,101104,8,357510,"Moderna, Oxford/AstraZeneca, Pfizer/BioNTech",Lithuania,https://experience.arcgis.com/experience/cab84dcfe0464c2a8050a78f817924ca/page/page_3/
2021-03-15,263303,102238,9,365550,"Moderna, Oxford/AstraZeneca, Pfizer/BioNTech",Lithuania,https://experience.arcgis.com/experience/cab84dcfe0464c2a8050a78f817924ca/page/page_3/
2021-03-16,268863,106914,9,375786,"Moderna, Oxford/AstraZeneca, Pfizer/BioNTech",Lithuania,https://experience.arcgis.com/experience/cab84dcfe0464c2a8050a78f817924ca/page/page_3/
2021-03-17,271492,114863,9,386364,"Moderna, Oxford/AstraZeneca, Pfizer/BioNTech",Lithuania,https://experience.arcgis.com/experience/cab84dcfe0464c2a8050a78f817924ca/page/page_3/
2021-03-18,274261,120530,10,394801,"Moderna, Oxford/AstraZeneca, Pfizer/BioNTech",Lithuania,https://experience.arcgis.com/experience/cab84dcfe0464c2a8050a78f817924ca/page/page_3/
2021-03-19,277408,126699,10,404117,"Moderna, Oxford/AstraZeneca, Pfizer/BioNTech",Lithuania,https://experience.arcgis.com/experience/cab84dcfe0464c2a8050a78f817924ca/page/page_3/
2021-03-20,277895,126953,10,404858,"Moderna, Oxford/AstraZeneca, Pfizer/BioNTech",Lithuania,https://experience.arcgis.com/experience/cab84dcfe0464c2a8050a78f817924ca/page/page_3/
2021-03-21,277911,126974,10,404895,"Moderna, Oxford/AstraZeneca, Pfizer/BioNTech",Lithuania,https://experience.arcgis.com/experience/cab84dcfe0464c2a8050a78f817924ca/page/page_3/
2021-03-22,284810,128351,11,413172,"Moderna, Oxford/AstraZeneca, Pfizer/BioNTech",Lithuania,https://experience.arcgis.com/experience/cab84dcfe0464c2a8050a78f817924ca/page/page_3/
2021-03-23,292053,134043,12,426108,"Moderna, Oxford/AstraZeneca, Pfizer/BioNTech",Lithuania,https://experience.arcgis.com/experience/cab84dcfe0464c2a8050a78f817924ca/page/page_3/
2021-03-24,304233,139537,13,443783,"Moderna, Oxford/AstraZeneca, Pfizer/BioNTech",Lithuania,https://experience.arcgis.com/experience/cab84dcfe0464c2a8050a78f817924ca/page/page_3/
2021-03-25,314363,146459,13,460835,"Moderna, Oxford/AstraZeneca, Pfizer/BioNTech",Lithuania,https://experience.arcgis.com/experience/cab84dcfe0464c2a8050a78f817924ca/page/page_3/
2021-03-26,324177,153146,16,477339,"Moderna, Oxford/AstraZeneca, Pfizer/BioNTech",Lithuania,https://experience.arcgis.com/experience/cab84dcfe0464c2a8050a78f817924ca/page/page_3/
2021-03-27,327220,153259,16,480495,"Moderna, Oxford/AstraZeneca, Pfizer/BioNTech",Lithuania,https://experience.arcgis.com/experience/cab84dcfe0464c2a8050a78f817924ca/page/page_3/
2021-03-28,327325,153343,16,480684,"Moderna, Oxford/AstraZeneca, Pfizer/BioNTech",Lithuania,https://experience.arcgis.com/experience/cab84dcfe0464c2a8050a78f817924ca/page/page_3/
2021-03-29,333154,155398,16,488568,"Moderna, Oxford/AstraZeneca, Pfizer/BioNTech",Lithuania,https://experience.arcgis.com/experience/cab84dcfe0464c2a8050a78f817924ca/page/page_3/
2021-03-30,339910,161586,17,501513,"Moderna, Oxford/AstraZeneca, Pfizer/BioNTech",Lithuania,https://experience.arcgis.com/experience/cab84dcfe0464c2a8050a78f817924ca/page/page_3/
2021-03-31,353370,168984,17,522371,"Moderna, Oxford/AstraZeneca, Pfizer/BioNTech",Lithuania,https://experience.arcgis.com/experience/cab84dcfe0464c2a8050a78f817924ca/page/page_3/
2021-04-01,369037,171693,17,540747,"Moderna, Oxford/AstraZeneca, Pfizer/BioNTech",Lithuania,https://experience.arcgis.com/experience/cab84dcfe0464c2a8050a78f817924ca/page/page_3/
2021-04-02,381913,178709,18,560640,"Moderna, Oxford/AstraZeneca, Pfizer/BioNTech",Lithuania,https://experience.arcgis.com/experience/cab84dcfe0464c2a8050a78f817924ca/page/page_3/
2021-04-03,389971,179319,19,569309,"Moderna, Oxford/AstraZeneca, Pfizer/BioNTech",Lithuania,https://experience.arcgis.com/experience/cab84dcfe0464c2a8050a78f817924ca/page/page_3/
2021-04-04,392380,179321,19,571720,"Moderna, Oxford/AstraZeneca, Pfizer/BioNTech",Lithuania,https://experience.arcgis.com/experience/cab84dcfe0464c2a8050a78f817924ca/page/page_3/
2021-04-05,396058,179368,19,575445,"Moderna, Oxford/AstraZeneca, Pfizer/BioNTech",Lithuania,https://experience.arcgis.com/experience/cab84dcfe0464c2a8050a78f817924ca/page/page_3/
2021-04-06,407792,182353,21,590166,"Moderna, Oxford/AstraZeneca, Pfizer/BioNTech",Lithuania,https://experience.arcgis.com/experience/cab84dcfe0464c2a8050a78f817924ca/page/page_3/
2021-04-07,419474,183443,22,602939,"Moderna, Oxford/AstraZeneca, Pfizer/BioNTech",Lithuania,https://experience.arcgis.com/experience/cab84dcfe0464c2a8050a78f817924ca/page/page_3/
2021-04-08,441378,188547,26,629951,"Moderna, Oxford/AstraZeneca, Pfizer/BioNTech",Lithuania,https://experience.arcgis.com/experience/cab84dcfe0464c2a8050a78f817924ca/page/page_3/
2021-04-09,471298,192164,29,663491,"Moderna, Oxford/AstraZeneca, Pfizer/BioNTech",Lithuania,https://experience.arcgis.com/experience/cab84dcfe0464c2a8050a78f817924ca/page/page_3/
2021-04-10,486761,192351,29,679141,"Moderna, Oxford/AstraZeneca, Pfizer/BioNTech",Lithuania,https://experience.arcgis.com/experience/cab84dcfe0464c2a8050a78f817924ca/page/page_3/
2021-04-11,488453,192393,29,680875,"Moderna, Oxford/AstraZeneca, Pfizer/BioNTech",Lithuania,https://experience.arcgis.com/experience/cab84dcfe0464c2a8050a78f817924ca/page/page_3/
2021-04-12,496748,192880,31,689659,"Moderna, Oxford/AstraZeneca, Pfizer/BioNTech",Lithuania,https://experience.arcgis.com/experience/cab84dcfe0464c2a8050a78f817924ca/page/page_3/
2021-04-13,512660,195841,34,708535,"Moderna, Oxford/AstraZeneca, Pfizer/BioNTech",Lithuania,https://experience.arcgis.com/experience/cab84dcfe0464c2a8050a78f817924ca/page/page_3/
2021-04-14,532868,202488,34,735390,"Moderna, Oxford/AstraZeneca, Pfizer/BioNTech",Lithuania,https://experience.arcgis.com/experience/cab84dcfe0464c2a8050a78f817924ca/page/page_3/
2021-04-15,550938,207660,36,758634,"Moderna, Oxford/AstraZeneca, Pfizer/BioNTech",Lithuania,https://experience.arcgis.com/experience/cab84dcfe0464c2a8050a78f817924ca/page/page_3/
2021-04-16,566529,212560,38,779127,"Moderna, Oxford/AstraZeneca, Pfizer/BioNTech",Lithuania,https://experience.arcgis.com/experience/cab84dcfe0464c2a8050a78f817924ca/page/page_3/
2021-04-17,568847,212759,38,781644,"Moderna, Oxford/AstraZeneca, Pfizer/BioNTech",Lithuania,https://experience.arcgis.com/experience/cab84dcfe0464c2a8050a78f817924ca/page/page_3/
2021-04-18,568931,212761,38,781730,"Moderna, Oxford/AstraZeneca, Pfizer/BioNTech",Lithuania,https://experience.arcgis.com/experience/cab84dcfe0464c2a8050a78f817924ca/page/page_3/
2021-04-19,573788,213761,38,787587,"Moderna, Oxford/AstraZeneca, Pfizer/BioNTech",Lithuania,https://experience.arcgis.com/experience/cab84dcfe0464c2a8050a78f817924ca/page/page_3/
2021-04-20,584506,218336,39,802881,"Moderna, Oxford/AstraZeneca, Pfizer/BioNTech",Lithuania,https://experience.arcgis.com/experience/cab84dcfe0464c2a8050a78f817924ca/page/page_3/
2021-04-21,598392,231177,42,829609,"Johnson&Johnson, Moderna, Oxford/AstraZeneca, Pfizer/BioNTech",Lithuania,https://experience.arcgis.com/experience/cab84dcfe0464c2a8050a78f817924ca/page/page_3/
2021-04-22,614127,241671,44,855840,"Johnson&Johnson, Moderna, Oxford/AstraZeneca, Pfizer/BioNTech",Lithuania,https://experience.arcgis.com/experience/cab84dcfe0464c2a8050a78f817924ca/page/page_3/
2021-04-23,630721,249769,50,880537,"Johnson&Johnson, Moderna, Oxford/AstraZeneca, Pfizer/BioNTech",Lithuania,https://experience.arcgis.com/experience/cab84dcfe0464c2a8050a78f817924ca/page/page_3/
2021-04-24,634696,250363,50,885106,"Johnson&Johnson, Moderna, Oxford/AstraZeneca, Pfizer/BioNTech",Lithuania,https://experience.arcgis.com/experience/cab84dcfe0464c2a8050a78f817924ca/page/page_3/
2021-04-25,634965,250368,50,885380,"Johnson&Johnson, Moderna, Oxford/AstraZeneca, Pfizer/BioNTech",Lithuania,https://experience.arcgis.com/experience/cab84dcfe0464c2a8050a78f817924ca/page/page_3/
2021-04-26,639891,251631,50,891564,"Johnson&Johnson, Moderna, Oxford/AstraZeneca, Pfizer/BioNTech",Lithuania,https://experience.arcgis.com/experience/cab84dcfe0464c2a8050a78f817924ca/page/page_3/
2021-04-27,651748,252875,50,904640,"Johnson&Johnson, Moderna, Oxford/AstraZeneca, Pfizer/BioNTech",Lithuania,https://experience.arcgis.com/experience/cab84dcfe0464c2a8050a78f817924ca/page/page_3/
2021-04-28,665613,254413,52,919964,"Johnson&Johnson, Moderna, Oxford/AstraZeneca, Pfizer/BioNTech",Lithuania,https://experience.arcgis.com/experience/cab84dcfe0464c2a8050a78f817924ca/page/page_3/
2021-04-29,678558,274250,60,952699,"Johnson&Johnson, Moderna, Oxford/AstraZeneca, Pfizer/BioNTech",Lithuania,https://experience.arcgis.com/experience/cab84dcfe0464c2a8050a78f817924ca/page/page_3/
2021-04-30,689891,300748,69,990472,"Johnson&Johnson, Moderna, Oxford/AstraZeneca, Pfizer/BioNTech",Lithuania,https://experience.arcgis.com/experience/cab84dcfe0464c2a8050a78f817924ca/page/page_3/
2021-05-01,696598,309847,72,1006260,"Johnson&Johnson, Moderna, Oxford/AstraZeneca, Pfizer/BioNTech",Lithuania,https://experience.arcgis.com/experience/cab84dcfe0464c2a8050a78f817924ca/page/page_3/
2021-05-02,696627,310567,72,1007009,"Johnson&Johnson, Moderna, Oxford/AstraZeneca, Pfizer/BioNTech",Lithuania,https://experience.arcgis.com/experience/cab84dcfe0464c2a8050a78f817924ca/page/page_3/
2021-05-03,706044,314574,72,1020369,"Johnson&Johnson, Moderna, Oxford/AstraZeneca, Pfizer/BioNTech",Lithuania,https://experience.arcgis.com/experience/cab84dcfe0464c2a8050a78f817924ca/page/page_3/
2021-05-04,717197,331787,77,1048585,"Johnson&Johnson, Moderna, Oxford/AstraZeneca, Pfizer/BioNTech",Lithuania,https://experience.arcgis.com/experience/cab84dcfe0464c2a8050a78f817924ca/page/page_3/
2021-05-05,729786,354008,87,1083140,"Johnson&Johnson, Moderna, Oxford/AstraZeneca, Pfizer/BioNTech",Lithuania,https://experience.arcgis.com/experience/cab84dcfe0464c2a8050a78f817924ca/page/page_3/
2021-05-06,744833,374618,94,1118479,"Johnson&Johnson, Moderna, Oxford/AstraZeneca, Pfizer/BioNTech",Lithuania,https://experience.arcgis.com/experience/cab84dcfe0464c2a8050a78f817924ca/page/page_3/
2021-05-07,763921,389451,100,1151548,"Johnson&Johnson, Moderna, Oxford/AstraZeneca, Pfizer/BioNTech",Lithuania,https://experience.arcgis.com/experience/cab84dcfe0464c2a8050a78f817924ca/page/page_3/
2021-05-08,778047,391148,100,1167222,"Johnson&Johnson, Moderna, Oxford/AstraZeneca, Pfizer/BioNTech",Lithuania,https://experience.arcgis.com/experience/cab84dcfe0464c2a8050a78f817924ca/page/page_3/
2021-05-09,785132,391205,100,1174363,"Johnson&Johnson, Moderna, Oxford/AstraZeneca, Pfizer/BioNTech",Lithuania,https://experience.arcgis.com/experience/cab84dcfe0464c2a8050a78f817924ca/page/page_3/
2021-05-10,800770,396241,101,1194211,"Johnson&Johnson, Moderna, Oxford/AstraZeneca, Pfizer/BioNTech",Lithuania,https://experience.arcgis.com/experience/cab84dcfe0464c2a8050a78f817924ca/page/page_3/
2021-05-11,816548,407000,104,1220385,"Johnson&Johnson, Moderna, Oxford/AstraZeneca, Pfizer/BioNTech",Lithuania,https://experience.arcgis.com/experience/cab84dcfe0464c2a8050a78f817924ca/page/page_3/
2021-05-12,835083,420246,107,1251951,"Johnson&Johnson, Moderna, Oxford/AstraZeneca, Pfizer/BioNTech",Lithuania,https://experience.arcgis.com/experience/cab84dcfe0464c2a8050a78f817924ca/page/page_3/
2021-05-13,851685,433937,108,1281784,"Johnson&Johnson, Moderna, Oxford/AstraZeneca, Pfizer/BioNTech",Lithuania,https://experience.arcgis.com/experience/cab84dcfe0464c2a8050a78f817924ca/page/page_3/
2021-05-14,868255,449008,118,1313103,"Johnson&Johnson, Moderna, Oxford/AstraZeneca, Pfizer/BioNTech",Lithuania,https://experience.arcgis.com/experience/cab84dcfe0464c2a8050a78f817924ca/page/page_3/
2021-05-15,871364,452057,118,1319245,"Johnson&Johnson, Moderna, Oxford/AstraZeneca, Pfizer/BioNTech",Lithuania,https://experience.arcgis.com/experience/cab84dcfe0464c2a8050a78f817924ca/page/page_3/
2021-05-16,871656,452268,118,1319748,"Johnson&Johnson, Moderna, Oxford/AstraZeneca, Pfizer/BioNTech",Lithuania,https://experience.arcgis.com/experience/cab84dcfe0464c2a8050a78f817924ca/page/page_3/
2021-05-17,882433,457303,121,1335128,"Johnson&Johnson, Moderna, Oxford/AstraZeneca, Pfizer/BioNTech",Lithuania,https://experience.arcgis.com/experience/cab84dcfe0464c2a8050a78f817924ca/page/page_3/
2021-05-18,893208,471244,127,1359222,"Johnson&Johnson, Moderna, Oxford/AstraZeneca, Pfizer/BioNTech",Lithuania,https://experience.arcgis.com/experience/cab84dcfe0464c2a8050a78f817924ca/page/page_3/
2021-05-19,909535,488171,138,1391832,"Johnson&Johnson, Moderna, Oxford/AstraZeneca, Pfizer/BioNTech",Lithuania,https://experience.arcgis.com/experience/cab84dcfe0464c2a8050a78f817924ca/page/page_3/
2021-05-20,925356,505189,147,1423498,"Johnson&Johnson, Moderna, Oxford/AstraZeneca, Pfizer/BioNTech",Lithuania,https://experience.arcgis.com/experience/cab84dcfe0464c2a8050a78f817924ca/page/page_3/
2021-05-21,935936,520577,156,1448490,"Johnson&Johnson, Moderna, Oxford/AstraZeneca, Pfizer/BioNTech",Lithuania,https://experience.arcgis.com/experience/cab84dcfe0464c2a8050a78f817924ca/page/page_3/
2021-05-22,938341,527279,157,1457381,"Johnson&Johnson, Moderna, Oxford/AstraZeneca, Pfizer/BioNTech",Lithuania,https://experience.arcgis.com/experience/cab84dcfe0464c2a8050a78f817924ca/page/page_3/
2021-05-23,939833,527632,157,1458901,"Johnson&Johnson, Moderna, Oxford/AstraZeneca, Pfizer/BioNTech",Lithuania,https://experience.arcgis.com/experience/cab84dcfe0464c2a8050a78f817924ca/page/page_3/
2021-05-24,945245,536814,160,1472422,"Johnson&Johnson, Moderna, Oxford/AstraZeneca, Pfizer/BioNTech",Lithuania,https://experience.arcgis.com/experience/cab84dcfe0464c2a8050a78f817924ca/page/page_3/
2021-05-25,960174,547690,168,1497327,"Johnson&Johnson, Moderna, Oxford/AstraZeneca, Pfizer/BioNTech",Lithuania,https://experience.arcgis.com/experience/cab84dcfe0464c2a8050a78f817924ca/page/page_3/
2021-05-26,976502,560723,173,1525883,"Johnson&Johnson, Moderna, Oxford/AstraZeneca, Pfizer/BioNTech",Lithuania,https://experience.arcgis.com/experience/cab84dcfe0464c2a8050a78f817924ca/page/page_3/
2021-05-27,991703,576014,189,1555297,"Johnson&Johnson, Moderna, Oxford/AstraZeneca, Pfizer/BioNTech",Lithuania,https://experience.arcgis.com/experience/cab84dcfe0464c2a8050a78f817924ca/page/page_3/
2021-05-28,1008741,591580,194,1586431,"Johnson&Johnson, Moderna, Oxford/AstraZeneca, Pfizer/BioNTech",Lithuania,https://experience.arcgis.com/experience/cab84dcfe0464c2a8050a78f817924ca/page/page_3/
2021-05-29,1014222,597660,194,1594885,"Johnson&Johnson, Moderna, Oxford/AstraZeneca, Pfizer/BioNTech",Lithuania,https://experience.arcgis.com/experience/cab84dcfe0464c2a8050a78f817924ca/page/page_3/
2021-05-30,1014786,597690,194,1595479,"Johnson&Johnson, Moderna, Oxford/AstraZeneca, Pfizer/BioNTech",Lithuania,https://experience.arcgis.com/experience/cab84dcfe0464c2a8050a78f817924ca/page/page_3/
2021-05-31,1019924,611095,200,1613602,"Johnson&Johnson, Moderna, Oxford/AstraZeneca, Pfizer/BioNTech",Lithuania,https://experience.arcgis.com/experience/cab84dcfe0464c2a8050a78f817924ca/page/page_3/
2021-06-01,1037895,626042,206,1645811,"Johnson&Johnson, Moderna, Oxford/AstraZeneca, Pfizer/BioNTech",Lithuania,https://experience.arcgis.com/experience/cab84dcfe0464c2a8050a78f817924ca/page/page_3/
2021-06-02,1057015,647732,212,1685919,"Johnson&Johnson, Moderna, Oxford/AstraZeneca, Pfizer/BioNTech",Lithuania,https://experience.arcgis.com/experience/cab84dcfe0464c2a8050a78f817924ca/page/page_3/
2021-06-03,1077726,664731,219,1722533,"Johnson&Johnson, Moderna, Oxford/AstraZeneca, Pfizer/BioNTech",Lithuania,https://experience.arcgis.com/experience/cab84dcfe0464c2a8050a78f817924ca/page/page_3/
2021-06-04,1097546,687639,228,1763725,"Johnson&Johnson, Moderna, Oxford/AstraZeneca, Pfizer/BioNTech",Lithuania,https://experience.arcgis.com/experience/cab84dcfe0464c2a8050a78f817924ca/page/page_3/
2021-06-05,1109886,693634,229,1779672,"Johnson&Johnson, Moderna, Oxford/AstraZeneca, Pfizer/BioNTech",Lithuania,https://experience.arcgis.com/experience/cab84dcfe0464c2a8050a78f817924ca/page/page_3/
2021-06-06,1115307,693834,229,1785289,"Johnson&Johnson, Moderna, Oxford/AstraZeneca, Pfizer/BioNTech",Lithuania,https://experience.arcgis.com/experience/cab84dcfe0464c2a8050a78f817924ca/page/page_3/
2021-06-07,1122134,710181,238,1806864,"Johnson&Johnson, Moderna, Oxford/AstraZeneca, Pfizer/BioNTech",Lithuania,https://experience.arcgis.com/experience/cab84dcfe0464c2a8050a78f817924ca/page/page_3/
2021-06-08,1134090,726230,243,1833311,"Johnson&Johnson, Moderna, Oxford/AstraZeneca, Pfizer/BioNTech",Lithuania,https://experience.arcgis.com/experience/cab84dcfe0464c2a8050a78f817924ca/page/page_3/
2021-06-09,1145661,744354,247,1861092,"Johnson&Johnson, Moderna, Oxford/AstraZeneca, Pfizer/BioNTech",Lithuania,https://experience.arcgis.com/experience/cab84dcfe0464c2a8050a78f817924ca/page/page_3/
2021-06-10,1154627,762319,255,1886241,"Johnson&Johnson, Moderna, Oxford/AstraZeneca, Pfizer/BioNTech",Lithuania,https://experience.arcgis.com/experience/cab84dcfe0464c2a8050a78f817924ca/page/page_3/
2021-06-11,1165497,776328,259,1909345,"Johnson&Johnson, Moderna, Oxford/AstraZeneca, Pfizer/BioNTech",Lithuania,https://experience.arcgis.com/experience/cab84dcfe0464c2a8050a78f817924ca/page/page_3/
2021-06-12,1169553,779192,260,1915285,"Johnson&Johnson, Moderna, Oxford/AstraZeneca, Pfizer/BioNTech",Lithuania,https://experience.arcgis.com/experience/cab84dcfe0464c2a8050a78f817924ca/page/page_3/
2021-06-13,1172701,783270,260,1919485,"Johnson&Johnson, Moderna, Oxford/AstraZeneca, Pfizer/BioNTech",Lithuania,https://experience.arcgis.com/experience/cab84dcfe0464c2a8050a78f817924ca/page/page_3/
2021-06-14,1176806,799483,269,1939141,"Johnson&Johnson, Moderna, Oxford/AstraZeneca, Pfizer/BioNTech",Lithuania,https://experience.arcgis.com/experience/cab84dcfe0464c2a8050a78f817924ca/page/page_3/
2021-06-15,1184921,817640,273,1963463,"Johnson&Johnson, Moderna, Oxford/AstraZeneca, Pfizer/BioNTech",Lithuania,https://experience.arcgis.com/experience/cab84dcfe0464c2a8050a78f817924ca/page/page_3/
2021-06-16,1191835,840742,283,1992342,"Johnson&Johnson, Moderna, Oxford/AstraZeneca, Pfizer/BioNTech",Lithuania,https://experience.arcgis.com/experience/cab84dcfe0464c2a8050a78f817924ca/page/page_3/
2021-06-17,1201639,861196,293,2021345,"Johnson&Johnson, Moderna, Oxford/AstraZeneca, Pfizer/BioNTech",Lithuania,https://experience.arcgis.com/experience/cab84dcfe0464c2a8050a78f817924ca/page/page_3/
2021-06-18,1207606,881345,304,2046985,"Johnson&Johnson, Moderna, Oxford/AstraZeneca, Pfizer/BioNTech",Lithuania,https://experience.arcgis.com/experience/cab84dcfe0464c2a8050a78f817924ca/page/page_3/
2021-06-19,1208854,887177,305,2053496,"Johnson&Johnson, Moderna, Oxford/AstraZeneca, Pfizer/BioNTech",Lithuania,https://experience.arcgis.com/experience/cab84dcfe0464c2a8050a78f817924ca/page/page_3/
2021-06-20,1209213,888142,305,2054553,"Johnson&Johnson, Moderna, Oxford/AstraZeneca, Pfizer/BioNTech",Lithuania,https://experience.arcgis.com/experience/cab84dcfe0464c2a8050a78f817924ca/page/page_3/
2021-06-21,1213863,900645,310,2070619,"Johnson&Johnson, Moderna, Oxford/AstraZeneca, Pfizer/BioNTech",Lithuania,https://experience.arcgis.com/experience/cab84dcfe0464c2a8050a78f817924ca/page/page_3/
2021-06-22,1217909,922465,314,2096000,"Johnson&Johnson, Moderna, Oxford/AstraZeneca, Pfizer/BioNTech",Lithuania,https://experience.arcgis.com/experience/cab84dcfe0464c2a8050a78f817924ca/page/page_3/
2021-06-23,1221235,946744,328,2123543,"Johnson&Johnson, Moderna, Oxford/AstraZeneca, Pfizer/BioNTech",Lithuania,https://experience.arcgis.com/experience/cab84dcfe0464c2a8050a78f817924ca/page/page_3/
2021-06-24,1222847,955512,329,2133789,"Johnson&Johnson, Moderna, Oxford/AstraZeneca, Pfizer/BioNTech",Lithuania,https://experience.arcgis.com/experience/cab84dcfe0464c2a8050a78f817924ca/page/page_3/
2021-06-25,1227075,980692,339,2162772,"Johnson&Johnson, Moderna, Oxford/AstraZeneca, Pfizer/BioNTech",Lithuania,https://experience.arcgis.com/experience/cab84dcfe0464c2a8050a78f817924ca/page/page_3/
2021-06-26,1228014,988205,341,2171205,"Johnson&Johnson, Moderna, Oxford/AstraZeneca, Pfizer/BioNTech",Lithuania,https://experience.arcgis.com/experience/cab84dcfe0464c2a8050a78f817924ca/page/page_3/
2021-06-27,1228656,993862,341,2177431,"Johnson&Johnson, Moderna, Oxford/AstraZeneca, Pfizer/BioNTech",Lithuania,https://experience.arcgis.com/experience/cab84dcfe0464c2a8050a78f817924ca/page/page_3/
2021-06-28,1231775,1011067,346,2197383,"Johnson&Johnson, Moderna, Oxford/AstraZeneca, Pfizer/BioNTech",Lithuania,https://experience.arcgis.com/experience/cab84dcfe0464c2a8050a78f817924ca/page/page_3/
2021-06-29,1236135,1033001,349,2222324,"Johnson&Johnson, Moderna, Oxford/AstraZeneca, Pfizer/BioNTech",Lithuania,https://experience.arcgis.com/experience/cab84dcfe0464c2a8050a78f817924ca/page/page_3/
2021-06-30,1241661,1052650,360,2245763,"Johnson&Johnson, Moderna, Oxford/AstraZeneca, Pfizer/BioNTech",Lithuania,https://experience.arcgis.com/experience/cab84dcfe0464c2a8050a78f817924ca/page/page_3/
2021-07-01,1247115,1065900,362,2263035,"Johnson&Johnson, Moderna, Oxford/AstraZeneca, Pfizer/BioNTech",Lithuania,https://experience.arcgis.com/experience/cab84dcfe0464c2a8050a78f817924ca/page/page_3/
2021-07-02,1251908,1082015,368,2282706,"Johnson&Johnson, Moderna, Oxford/AstraZeneca, Pfizer/BioNTech",Lithuania,https://experience.arcgis.com/experience/cab84dcfe0464c2a8050a78f817924ca/page/page_3/
2021-07-03,1253894,1086182,368,2288408,"Johnson&Johnson, Moderna, Oxford/AstraZeneca, Pfizer/BioNTech",Lithuania,https://experience.arcgis.com/experience/cab84dcfe0464c2a8050a78f817924ca/page/page_3/
2021-07-04,1254179,1086551,368,2288861,"Johnson&Johnson, Moderna, Oxford/AstraZeneca, Pfizer/BioNTech",Lithuania,https://experience.arcgis.com/experience/cab84dcfe0464c2a8050a78f817924ca/page/page_3/
2021-07-05,1257793,1096799,373,2301923,"Johnson&Johnson, Moderna, Oxford/AstraZeneca, Pfizer/BioNTech",Lithuania,https://experience.arcgis.com/experience/cab84dcfe0464c2a8050a78f817924ca/page/page_3/
2021-07-06,1259245,1100338,373,2306634,"Johnson&Johnson, Moderna, Oxford/AstraZeneca, Pfizer/BioNTech",Lithuania,https://experience.arcgis.com/experience/cab84dcfe0464c2a8050a78f817924ca/page/page_3/
2021-07-07,1264598,1112903,383,2322883,"Johnson&Johnson, Moderna, Oxford/AstraZeneca, Pfizer/BioNTech",Lithuania,https://experience.arcgis.com/experience/cab84dcfe0464c2a8050a78f817924ca/page/page_3/
2021-07-08,1270263,1126253,389,2339835,"Johnson&Johnson, Moderna, Oxford/AstraZeneca, Pfizer/BioNTech",Lithuania,https://experience.arcgis.com/experience/cab84dcfe0464c2a8050a78f817924ca/page/page_3/
2021-07-09,1275453,1136975,396,2354274,"Johnson&Johnson, Moderna, Oxford/AstraZeneca, Pfizer/BioNTech",Lithuania,https://experience.arcgis.com/experience/cab84dcfe0464c2a8050a78f817924ca/page/page_3/
2021-07-10,1277454,1140574,396,2358422,"Johnson&Johnson, Moderna, Oxford/AstraZeneca, Pfizer/BioNTech",Lithuania,https://experience.arcgis.com/experience/cab84dcfe0464c2a8050a78f817924ca/page/page_3/
2021-07-11,1277671,1140769,396,2358715,"Johnson&Johnson, Moderna, Oxford/AstraZeneca, Pfizer/BioNTech",Lithuania,https://experience.arcgis.com/experience/cab84dcfe0464c2a8050a78f817924ca/page/page_3/
2021-07-12,1280730,1150094,400,2370273,"Johnson&Johnson, Moderna, Oxford/AstraZeneca, Pfizer/BioNTech",Lithuania,https://experience.arcgis.com/experience/cab84dcfe0464c2a8050a78f817924ca/page/page_3/
2021-07-13,1285025,1157168,401,2380199,"Johnson&Johnson, Moderna, Oxford/AstraZeneca, Pfizer/BioNTech",Lithuania,https://experience.arcgis.com/experience/cab84dcfe0464c2a8050a78f817924ca/page/page_3/
2021-07-14,1289334,1162832,404,2388999,"Johnson&Johnson, Moderna, Oxford/AstraZeneca, Pfizer/BioNTech",Lithuania,https://experience.arcgis.com/experience/cab84dcfe0464c2a8050a78f817924ca/page/page_3/
2021-07-15,1296015,1169832,410,2399848,"Johnson&Johnson, Moderna, Oxford/AstraZeneca, Pfizer/BioNTech",Lithuania,https://experience.arcgis.com/experience/cab84dcfe0464c2a8050a78f817924ca/page/page_3/
2021-07-16,1302362,1178371,419,2412360,"Johnson&Johnson, Moderna, Oxford/AstraZeneca, Pfizer/BioNTech",Lithuania,https://experience.arcgis.com/experience/cab84dcfe0464c2a8050a78f817924ca/page/page_3/
2021-07-17,1304225,1180213,419,2415495,"Johnson&Johnson, Moderna, Oxford/AstraZeneca, Pfizer/BioNTech",Lithuania,https://experience.arcgis.com/experience/cab84dcfe0464c2a8050a78f817924ca/page/page_3/
2021-07-18,1305142,1180991,419,2417032,"Johnson&Johnson, Moderna, Oxford/AstraZeneca, Pfizer/BioNTech",Lithuania,https://experience.arcgis.com/experience/cab84dcfe0464c2a8050a78f817924ca/page/page_3/
2021-07-19,1309723,1188109,425,2427925,"Johnson&Johnson, Moderna, Oxford/AstraZeneca, Pfizer/BioNTech",Lithuania,https://experience.arcgis.com/experience/cab84dcfe0464c2a8050a78f817924ca/page/page_3/
2021-07-20,1316850,1194282,425,2439475,"Johnson&Johnson, Moderna, Oxford/AstraZeneca, Pfizer/BioNTech",Lithuania,https://experience.arcgis.com/experience/cab84dcfe0464c2a8050a78f817924ca/page/page_3/
2021-07-21,1324921,1200009,432,2452523,"Johnson&Johnson, Moderna, Oxford/AstraZeneca, Pfizer/BioNTech",Lithuania,https://experience.arcgis.com/experience/cab84dcfe0464c2a8050a78f817924ca/page/page_3/
2021-07-22,1336812,1206626,435,2469485,"Johnson&Johnson, Moderna, Oxford/AstraZeneca, Pfizer/BioNTech",Lithuania,https://experience.arcgis.com/experience/cab84dcfe0464c2a8050a78f817924ca/page/page_3/
2021-07-23,1348560,1212612,439,2485453,"Johnson&Johnson, Moderna, Oxford/AstraZeneca, Pfizer/BioNTech",Lithuania,https://experience.arcgis.com/experience/cab84dcfe0464c2a8050a78f817924ca/page/page_3/
2021-07-24,1351692,1213998,440,2489346,"Johnson&Johnson, Moderna, Oxford/AstraZeneca, Pfizer/BioNTech",Lithuania,https://experience.arcgis.com/experience/cab84dcfe0464c2a8050a78f817924ca/page/page_3/
2021-07-25,1352987,1214772,440,2490802,"Johnson&Johnson, Moderna, Oxford/AstraZeneca, Pfizer/BioNTech",Lithuania,https://experience.arcgis.com/experience/cab84dcfe0464c2a8050a78f817924ca/page/page_3/
2021-07-26,1363074,1222172,443,2506993,"Johnson&Johnson, Moderna, Oxford/AstraZeneca, Pfizer/BioNTech",Lithuania,https://experience.arcgis.com/experience/cab84dcfe0464c2a8050a78f817924ca/page/page_3/
2021-07-27,1373986,1227355,448,2522108,"Johnson&Johnson, Moderna, Oxford/AstraZeneca, Pfizer/BioNTech",Lithuania,https://experience.arcgis.com/experience/cab84dcfe0464c2a8050a78f817924ca/page/page_3/
2021-07-28,1385612,1232847,451,2538954,"Johnson&Johnson, Moderna, Oxford/AstraZeneca, Pfizer/BioNTech",Lithuania,https://experience.arcgis.com/experience/cab84dcfe0464c2a8050a78f817924ca/page/page_3/
2021-07-29,1401165,1238799,458,2559998,"Johnson&Johnson, Moderna, Oxford/AstraZeneca, Pfizer/BioNTech",Lithuania,https://experience.arcgis.com/experience/cab84dcfe0464c2a8050a78f817924ca/page/page_3/
2021-07-30,1411560,1245496,462,2576330,"Johnson&Johnson, Moderna, Oxford/AstraZeneca, Pfizer/BioNTech",Lithuania,https://experience.arcgis.com/experience/cab84dcfe0464c2a8050a78f817924ca/page/page_3/
2021-07-31,1414857,1249375,462,2582613,"Johnson&Johnson, Moderna, Oxford/AstraZeneca, Pfizer/BioNTech",Lithuania,https://experience.arcgis.com/experience/cab84dcfe0464c2a8050a78f817924ca/page/page_3/
2021-08-01,1415648,1251791,462,2585464,"Johnson&Johnson, Moderna, Oxford/AstraZeneca, Pfizer/BioNTech",Lithuania,https://experience.arcgis.com/experience/cab84dcfe0464c2a8050a78f817924ca/page/page_3/
2021-08-02,1422981,1261443,467,2601476,"Johnson&Johnson, Moderna, Oxford/AstraZeneca, Pfizer/BioNTech",Lithuania,https://experience.arcgis.com/experience/cab84dcfe0464c2a8050a78f817924ca/page/page_3/
2021-08-03,1431946,1266170,475,2614299,"Johnson&Johnson, Moderna, Oxford/AstraZeneca, Pfizer/BioNTech",Lithuania,https://experience.arcgis.com/experience/cab84dcfe0464c2a8050a78f817924ca/page/page_3/
2021-08-04,1443950,1273564,487,2630154,"Johnson&Johnson, Moderna, Oxford/AstraZeneca, Pfizer/BioNTech",Lithuania,https://experience.arcgis.com/experience/cab84dcfe0464c2a8050a78f817924ca/page/page_3/
2021-08-05,1465061,1288204,497,2655534,"Johnson&Johnson, Moderna, Oxford/AstraZeneca, Pfizer/BioNTech",Lithuania,https://experience.arcgis.com/experience/cab84dcfe0464c2a8050a78f817924ca/page/page_3/
2021-08-06,1483566,1301369,555,2678677,"Johnson&Johnson, Moderna, Oxford/AstraZeneca, Pfizer/BioNTech",Lithuania,https://experience.arcgis.com/experience/cab84dcfe0464c2a8050a78f817924ca/page/page_3/
2021-08-07,1489341,1306231,557,2685198,"Johnson&Johnson, Moderna, Oxford/AstraZeneca, Pfizer/BioNTech",Lithuania,https://experience.arcgis.com/experience/cab84dcfe0464c2a8050a78f817924ca/page/page_3/
2021-08-08,1490485,1307142,558,2686407,"Johnson&Johnson, Moderna, Oxford/AstraZeneca, Pfizer/BioNTech",Lithuania,https://experience.arcgis.com/experience/cab84dcfe0464c2a8050a78f817924ca/page/page_3/
2021-08-09,1503554,1318137,569,2704433,"Johnson&Johnson, Moderna, Oxford/AstraZeneca, Pfizer/BioNTech",Lithuania,https://experience.arcgis.com/experience/cab84dcfe0464c2a8050a78f817924ca/page/page_3/
2021-08-10,1515096,1328475,580,2720942,"Johnson&Johnson, Moderna, Oxford/AstraZeneca, Pfizer/BioNTech",Lithuania,https://experience.arcgis.com/experience/cab84dcfe0464c2a8050a78f817924ca/page/page_3/
2021-08-11,1526426,1339962,665,2739114,"Johnson&Johnson, Moderna, Oxford/AstraZeneca, Pfizer/BioNTech",Lithuania,https://experience.arcgis.com/experience/cab84dcfe0464c2a8050a78f817924ca/page/page_3/
2021-08-12,1540660,1354493,682,2762051,"Johnson&Johnson, Moderna, Oxford/AstraZeneca, Pfizer/BioNTech",Lithuania,https://experience.arcgis.com/experience/cab84dcfe0464c2a8050a78f817924ca/page/page_3/
2021-08-13,1552115,1367280,783,2781748,"Johnson&Johnson, Moderna, Oxford/AstraZeneca, Pfizer/BioNTech",Lithuania,https://experience.arcgis.com/experience/cab84dcfe0464c2a8050a78f817924ca/page/page_3/
2021-08-14,1554813,1369730,783,2785439,"Johnson&Johnson, Moderna, Oxford/AstraZeneca, Pfizer/BioNTech",Lithuania,https://experience.arcgis.com/experience/cab84dcfe0464c2a8050a78f817924ca/page/page_3/
2021-08-15,1555556,1370340,784,2786304,"Johnson&Johnson, Moderna, Oxford/AstraZeneca, Pfizer/BioNTech",Lithuania,https://experience.arcgis.com/experience/cab84dcfe0464c2a8050a78f817924ca/page/page_3/
2021-08-16,1566068,1384429,804,2806489,"Johnson&Johnson, Moderna, Oxford/AstraZeneca, Pfizer/BioNTech",Lithuania,https://experience.arcgis.com/experience/cab84dcfe0464c2a8050a78f817924ca/page/page_3/
2021-08-17,1574606,1395631,842,2823591,"Johnson&Johnson, Moderna, Oxford/AstraZeneca, Pfizer/BioNTech",Lithuania,https://experience.arcgis.com/experience/cab84dcfe0464c2a8050a78f817924ca/page/page_3/
2021-08-18,1586755,1410856,991,2845834,"Johnson&Johnson, Moderna, Oxford/AstraZeneca, Pfizer/BioNTech",Lithuania,https://experience.arcgis.com/experience/cab84dcfe0464c2a8050a78f817924ca/page/page_3/
2021-08-19,1597509,1427262,1089,2869541,"Johnson&Johnson, Moderna, Oxford/AstraZeneca, Pfizer/BioNTech",Lithuania,https://experience.arcgis.com/experience/cab84dcfe0464c2a8050a78f817924ca/page/page_3/
2021-08-20,1606946,1439668,1213,2888307,"Johnson&Johnson, Moderna, Oxford/AstraZeneca, Pfizer/BioNTech",Lithuania,https://experience.arcgis.com/experience/cab84dcfe0464c2a8050a78f817924ca/page/page_3/
2021-08-21,1609040,1441611,1214,2891526,"Johnson&Johnson, Moderna, Oxford/AstraZeneca, Pfizer/BioNTech",Lithuania,https://experience.arcgis.com/experience/cab84dcfe0464c2a8050a78f817924ca/page/page_3/
2021-08-22,1609459,1442012,1214,2892090,"Johnson&Johnson, Moderna, Oxford/AstraZeneca, Pfizer/BioNTech",Lithuania,https://experience.arcgis.com/experience/cab84dcfe0464c2a8050a78f817924ca/page/page_3/
2021-08-23,1617412,1452873,1242,2907854,"Johnson&Johnson, Moderna, Oxford/AstraZeneca, Pfizer/BioNTech",Lithuania,https://experience.arcgis.com/experience/cab84dcfe0464c2a8050a78f817924ca/page/page_3/
2021-08-24,1623576,1462170,1283,2921599,"Johnson&Johnson, Moderna, Oxford/AstraZeneca, Pfizer/BioNTech",Lithuania,https://experience.arcgis.com/experience/cab84dcfe0464c2a8050a78f817924ca/page/page_3/
2021-08-25,1631312,1472653,1412,2937327,"Johnson&Johnson, Moderna, Oxford/AstraZeneca, Pfizer/BioNTech",Lithuania,https://experience.arcgis.com/experience/cab84dcfe0464c2a8050a78f817924ca/page/page_3/
2021-08-26,1639388,1484912,1535,2955612,"Johnson&Johnson, Moderna, Oxford/AstraZeneca, Pfizer/BioNTech",Lithuania,https://experience.arcgis.com/experience/cab84dcfe0464c2a8050a78f817924ca/page/page_3/
2021-08-27,1647072,1496305,1598,2972326,"Johnson&Johnson, Moderna, Oxford/AstraZeneca, Pfizer/BioNTech",Lithuania,https://experience.arcgis.com/experience/cab84dcfe0464c2a8050a78f817924ca/page/page_3/
2021-08-28,1648645,1497686,1599,2974755,"Johnson&Johnson, Moderna, Oxford/AstraZeneca, Pfizer/BioNTech",Lithuania,https://experience.arcgis.com/experience/cab84dcfe0464c2a8050a78f817924ca/page/page_3/
2021-08-29,1648990,1497917,1599,2975216,"Johnson&Johnson, Moderna, Oxford/AstraZeneca, Pfizer/BioNTech",Lithuania,https://experience.arcgis.com/experience/cab84dcfe0464c2a8050a78f817924ca/page/page_3/
2021-08-30,1654472,1507382,1616,2988710,"Johnson&Johnson, Moderna, Oxford/AstraZeneca, Pfizer/BioNTech",Lithuania,https://experience.arcgis.com/experience/cab84dcfe0464c2a8050a78f817924ca/page/page_3/
2021-08-31,1659531,1514552,1635,2999595,"Johnson&Johnson, Moderna, Oxford/AstraZeneca, Pfizer/BioNTech",Lithuania,https://experience.arcgis.com/experience/cab84dcfe0464c2a8050a78f817924ca/page/page_3/
2021-09-01,1664369,1521205,1710,3010025,"Johnson&Johnson, Moderna, Oxford/AstraZeneca, Pfizer/BioNTech",Lithuania,https://experience.arcgis.com/experience/cab84dcfe0464c2a8050a78f817924ca/page/page_3/
2021-09-02,1670135,1530393,1772,3023748,"Johnson&Johnson, Moderna, Oxford/AstraZeneca, Pfizer/BioNTech",Lithuania,https://experience.arcgis.com/experience/cab84dcfe0464c2a8050a78f817924ca/page/page_3/
2021-09-03,1675026,1538174,1827,3035873,"Johnson&Johnson, Moderna, Oxford/AstraZeneca, Pfizer/BioNTech",Lithuania,https://experience.arcgis.com/experience/cab84dcfe0464c2a8050a78f817924ca/page/page_3/
2021-09-04,1676536,1539438,1833,3038177,"Johnson&Johnson, Moderna, Oxford/AstraZeneca, Pfizer/BioNTech",Lithuania,https://experience.arcgis.com/experience/cab84dcfe0464c2a8050a78f817924ca/page/page_3/
2021-09-05,1676650,1539570,1833,3038420,"Johnson&Johnson, Moderna, Oxford/AstraZeneca, Pfizer/BioNTech",Lithuania,https://experience.arcgis.com/experience/cab84dcfe0464c2a8050a78f817924ca/page/page_3/
2021-09-06,1680543,1546541,1862,3048536,"Johnson&Johnson, Moderna, Oxford/AstraZeneca, Pfizer/BioNTech",Lithuania,https://experience.arcgis.com/experience/cab84dcfe0464c2a8050a78f817924ca/page/page_3/
2021-09-07,1684500,1552608,2187,3057965,"Johnson&Johnson, Moderna, Oxford/AstraZeneca, Pfizer/BioNTech",Lithuania,https://experience.arcgis.com/experience/cab84dcfe0464c2a8050a78f817924ca/page/page_3/
2021-09-08,1688297,1558685,3114,3068439,"Johnson&Johnson, Moderna, Oxford/AstraZeneca, Pfizer/BioNTech",Lithuania,https://experience.arcgis.com/experience/cab84dcfe0464c2a8050a78f817924ca/page/page_3/
2021-09-09,1692853,1565952,4609,3081281,"Johnson&Johnson, Moderna, Oxford/AstraZeneca, Pfizer/BioNTech",Lithuania,https://experience.arcgis.com/experience/cab84dcfe0464c2a8050a78f817924ca/page/page_3/
2021-09-10,1697631,1572258,6284,3093431,"Johnson&Johnson, Moderna, Oxford/AstraZeneca, Pfizer/BioNTech",Lithuania,https://experience.arcgis.com/experience/cab84dcfe0464c2a8050a78f817924ca/page/page_3/
2021-09-11,1698879,1573260,6382,3095445,"Johnson&Johnson, Moderna, Oxford/AstraZeneca, Pfizer/BioNTech",Lithuania,https://experience.arcgis.com/experience/cab84dcfe0464c2a8050a78f817924ca/page/page_3/
2021-09-12,1699009,1573317,6430,3095680,"Johnson&Johnson, Moderna, Oxford/AstraZeneca, Pfizer/BioNTech",Lithuania,https://experience.arcgis.com/experience/cab84dcfe0464c2a8050a78f817924ca/page/page_3/
2021-09-13,1703268,1579275,7616,3106418,"Johnson&Johnson, Moderna, Oxford/AstraZeneca, Pfizer/BioNTech",Lithuania,https://experience.arcgis.com/experience/cab84dcfe0464c2a8050a78f817924ca/page/page_3/
2021-09-14,1707307,1584147,9361,3116401,"Johnson&Johnson, Moderna, Oxford/AstraZeneca, Pfizer/BioNTech",Lithuania,https://experience.arcgis.com/experience/cab84dcfe0464c2a8050a78f817924ca/page/page_3/
2021-09-15,1711015,1589241,11015,3126331,"Johnson&Johnson, Moderna, Oxford/AstraZeneca, Pfizer/BioNTech",Lithuania,https://experience.arcgis.com/experience/cab84dcfe0464c2a8050a78f817924ca/page/page_3/
2021-09-16,1714994,1594725,12910,3137220,"Johnson&Johnson, Moderna, Oxford/AstraZeneca, Pfizer/BioNTech",Lithuania,https://experience.arcgis.com/experience/cab84dcfe0464c2a8050a78f817924ca/page/page_3/
2021-09-17,1718655,1600220,15104,3148180,"Johnson&Johnson, Moderna, Oxford/AstraZeneca, Pfizer/BioNTech",Lithuania,https://experience.arcgis.com/experience/cab84dcfe0464c2a8050a78f817924ca/page/page_3/
2021-09-18,1719458,1600929,15206,3149748,"Johnson&Johnson, Moderna, Oxford/AstraZeneca, Pfizer/BioNTech",Lithuania,https://experience.arcgis.com/experience/cab84dcfe0464c2a8050a78f817924ca/page/page_3/
2021-09-19,1719563,1600983,15269,3149970,"Johnson&Johnson, Moderna, Oxford/AstraZeneca, Pfizer/BioNTech",Lithuania,https://experience.arcgis.com/experience/cab84dcfe0464c2a8050a78f817924ca/page/page_3/
2021-09-20,1722393,1605550,16500,3158149,"Johnson&Johnson, Moderna, Oxford/AstraZeneca, Pfizer/BioNTech",Lithuania,https://experience.arcgis.com/experience/cab84dcfe0464c2a8050a78f817924ca/page/page_3/
2021-09-21,1725392,1609956,18051,3166135,"Johnson&Johnson, Moderna, Oxford/AstraZeneca, Pfizer/BioNTech",Lithuania,https://experience.arcgis.com/experience/cab84dcfe0464c2a8050a78f817924ca/page/page_3/
2021-09-22,1728968,1614873,19297,3174276,"Johnson&Johnson, Moderna, Oxford/AstraZeneca, Pfizer/BioNTech",Lithuania,https://experience.arcgis.com/experience/cab84dcfe0464c2a8050a78f817924ca/page/page_3/
2021-09-23,1732574,1620120,20897,3183735,"Johnson&Johnson, Moderna, Oxford/AstraZeneca, Pfizer/BioNTech",Lithuania,https://experience.arcgis.com/experience/cab84dcfe0464c2a8050a78f817924ca/page/page_3/
2021-09-24,1735982,1625089,22596,3192897,"Johnson&Johnson, Moderna, Oxford/AstraZeneca, Pfizer/BioNTech",Lithuania,https://experience.arcgis.com/experience/cab84dcfe0464c2a8050a78f817924ca/page/page_3/
2021-09-25,1736745,1625845,22692,3194250,"Johnson&Johnson, Moderna, Oxford/AstraZeneca, Pfizer/BioNTech",Lithuania,https://experience.arcgis.com/experience/cab84dcfe0464c2a8050a78f817924ca/page/page_3/
2021-09-26,1736866,1625921,22738,3194493,"Johnson&Johnson, Moderna, Oxford/AstraZeneca, Pfizer/BioNTech",Lithuania,https://experience.arcgis.com/experience/cab84dcfe0464c2a8050a78f817924ca/page/page_3/
2021-09-27,1739766,1630688,23546,3201843,"Johnson&Johnson, Moderna, Oxford/AstraZeneca, Pfizer/BioNTech",Lithuania,https://experience.arcgis.com/experience/cab84dcfe0464c2a8050a78f817924ca/page/page_3/
2021-09-28,1742673,1635192,24888,3209074,"Johnson&Johnson, Moderna, Oxford/AstraZeneca, Pfizer/BioNTech",Lithuania,https://experience.arcgis.com/experience/cab84dcfe0464c2a8050a78f817924ca/page/page_3/
2021-09-29,1745385,1639696,26514,3216536,"Johnson&Johnson, Moderna, Oxford/AstraZeneca, Pfizer/BioNTech",Lithuania,https://experience.arcgis.com/experience/cab84dcfe0464c2a8050a78f817924ca/page/page_3/
2021-09-30,1748795,1645364,28334,3225606,"Johnson&Johnson, Moderna, Oxford/AstraZeneca, Pfizer/BioNTech",Lithuania,https://experience.arcgis.com/experience/cab84dcfe0464c2a8050a78f817924ca/page/page_3/
2021-10-01,1751785,1650728,30219,3234384,"Johnson&Johnson, Moderna, Oxford/AstraZeneca, Pfizer/BioNTech",Lithuania,https://experience.arcgis.com/experience/cab84dcfe0464c2a8050a78f817924ca/page/page_3/
2021-10-02,1752464,1651516,30312,3235529,"Johnson&Johnson, Moderna, Oxford/AstraZeneca, Pfizer/BioNTech",Lithuania,https://experience.arcgis.com/experience/cab84dcfe0464c2a8050a78f817924ca/page/page_3/
2021-10-03,1752721,1651750,30375,3235966,"Johnson&Johnson, Moderna, Oxford/AstraZeneca, Pfizer/BioNTech",Lithuania,https://experience.arcgis.com/experience/cab84dcfe0464c2a8050a78f817924ca/page/page_3/
2021-10-04,1755150,1656425,31726,3243187,"Johnson&Johnson, Moderna, Oxford/AstraZeneca, Pfizer/BioNTech",Lithuania,https://experience.arcgis.com/experience/cab84dcfe0464c2a8050a78f817924ca/page/page_3/
2021-10-05,1757358,1660392,33213,3249723,"Johnson&Johnson, Moderna, Oxford/AstraZeneca, Pfizer/BioNTech",Lithuania,https://experience.arcgis.com/experience/cab84dcfe0464c2a8050a78f817924ca/page/page_3/
2021-10-06,1759610,1664397,34782,3256545,"Johnson&Johnson, Moderna, Oxford/AstraZeneca, Pfizer/BioNTech",Lithuania,https://experience.arcgis.com/experience/cab84dcfe0464c2a8050a78f817924ca/page/page_3/
2021-10-07,1762295,1668856,36817,3264432,"Johnson&Johnson, Moderna, Oxford/AstraZeneca, Pfizer/BioNTech",Lithuania,https://experience.arcgis.com/experience/cab84dcfe0464c2a8050a78f817924ca/page/page_3/
2021-10-08,1765550,1673579,38886,3272855,"Johnson&Johnson, Moderna, Oxford/AstraZeneca, Pfizer/BioNTech",Lithuania,https://experience.arcgis.com/experience/cab84dcfe0464c2a8050a78f817924ca/page/page_3/
2021-10-09,1766181,1674367,39034,3274042,"Johnson&Johnson, Moderna, Oxford/AstraZeneca, Pfizer/BioNTech",Lithuania,https://experience.arcgis.com/experience/cab84dcfe0464c2a8050a78f817924ca/page/page_3/
2021-10-10,1766434,1674581,39123,3274503,"Johnson&Johnson, Moderna, Oxford/AstraZeneca, Pfizer/BioNTech",Lithuania,https://experience.arcgis.com/experience/cab84dcfe0464c2a8050a78f817924ca/page/page_3/
2021-10-11,1768843,1678489,40395,3280753,"Johnson&Johnson, Moderna, Oxford/AstraZeneca, Pfizer/BioNTech",Lithuania,https://experience.arcgis.com/experience/cab84dcfe0464c2a8050a78f817924ca/page/page_3/
2021-10-12,1771046,1681554,42026,3286525,"Johnson&Johnson, Moderna, Oxford/AstraZeneca, Pfizer/BioNTech",Lithuania,https://experience.arcgis.com/experience/cab84dcfe0464c2a8050a78f817924ca/page/page_3/
2021-10-13,1773245,1684655,43799,3292524,"Johnson&Johnson, Moderna, Oxford/AstraZeneca, Pfizer/BioNTech",Lithuania,https://experience.arcgis.com/experience/cab84dcfe0464c2a8050a78f817924ca/page/page_3/
2021-10-14,1775940,1688224,46048,3299807,"Johnson&Johnson, Moderna, Oxford/AstraZeneca, Pfizer/BioNTech",Lithuania,https://experience.arcgis.com/experience/cab84dcfe0464c2a8050a78f817924ca/page/page_3/
2021-10-15,1779168,1692430,48405,3308020,"Johnson&Johnson, Moderna, Oxford/AstraZeneca, Pfizer/BioNTech",Lithuania,https://experience.arcgis.com/experience/cab84dcfe0464c2a8050a78f817924ca/page/page_3/
2021-10-16,1779762,1693033,48701,3309232,"Johnson&Johnson, Moderna, Oxford/AstraZeneca, Pfizer/BioNTech",Lithuania,https://experience.arcgis.com/experience/cab84dcfe0464c2a8050a78f817924ca/page/page_3/
2021-10-17,1779990,1693224,48820,3309685,"Johnson&Johnson, Moderna, Oxford/AstraZeneca, Pfizer/BioNTech",Lithuania,https://experience.arcgis.com/experience/cab84dcfe0464c2a8050a78f817924ca/page/page_3/
2021-10-18,1782641,1696694,50754,3316300,"Johnson&Johnson, Moderna, Oxford/AstraZeneca, Pfizer/BioNTech",Lithuania,https://experience.arcgis.com/experience/cab84dcfe0464c2a8050a78f817924ca/page/page_3/
2021-10-19,1784730,1699147,53025,3322093,"Johnson&Johnson, Moderna, Oxford/AstraZeneca, Pfizer/BioNTech",Lithuania,https://experience.arcgis.com/experience/cab84dcfe0464c2a8050a78f817924ca/page/page_3/
2021-10-20,1787163,1701651,56271,3329244,"Johnson&Johnson, Moderna, Oxford/AstraZeneca, Pfizer/BioNTech",Lithuania,https://experience.arcgis.com/experience/cab84dcfe0464c2a8050a78f817924ca/page/page_3/
2021-10-21,1790359,1704827,60460,3338343,"Johnson&Johnson, Moderna, Oxford/AstraZeneca, Pfizer/BioNTech",Lithuania,https://experience.arcgis.com/experience/cab84dcfe0464c2a8050a78f817924ca/page/page_3/
2021-10-22,1794122,1708400,64669,3348190,"Johnson&Johnson, Moderna, Oxford/AstraZeneca, Pfizer/BioNTech",Lithuania,https://experience.arcgis.com/experience/cab84dcfe0464c2a8050a78f817924ca/page/page_3/
2021-10-23,1794773,1708914,65043,3349449,"Johnson&Johnson, Moderna, Oxford/AstraZeneca, Pfizer/BioNTech",Lithuania,https://experience.arcgis.com/experience/cab84dcfe0464c2a8050a78f817924ca/page/page_3/
2021-10-24,1795192,1709225,65246,3350159,"Johnson&Johnson, Moderna, Oxford/AstraZeneca, Pfizer/BioNTech",Lithuania,https://experience.arcgis.com/experience/cab84dcfe0464c2a8050a78f817924ca/page/page_3/
2021-10-25,1798415,1712443,68355,3358185,"Johnson&Johnson, Moderna, Oxford/AstraZeneca, Pfizer/BioNTech",Lithuania,https://experience.arcgis.com/experience/cab84dcfe0464c2a8050a78f817924ca/page/page_3/
2021-10-26,1801488,1715139,71891,3365979,"Johnson&Johnson, Moderna, Oxford/AstraZeneca, Pfizer/BioNTech",Lithuania,https://experience.arcgis.com/experience/cab84dcfe0464c2a8050a78f817924ca/page/page_3/
2021-10-27,1804222,1717676,75870,3374049,"Johnson&Johnson, Moderna, Oxford/AstraZeneca, Pfizer/BioNTech",Lithuania,https://experience.arcgis.com/experience/cab84dcfe0464c2a8050a78f817924ca/page/page_3/
2021-10-28,1807294,1720509,80376,3383174,"Johnson&Johnson, Moderna, Oxford/AstraZeneca, Pfizer/BioNTech",Lithuania,https://experience.arcgis.com/experience/cab84dcfe0464c2a8050a78f817924ca/page/page_3/
2021-10-29,1811005,1723914,84849,3393126,"Johnson&Johnson, Moderna, Oxford/AstraZeneca, Pfizer/BioNTech",Lithuania,https://experience.arcgis.com/experience/cab84dcfe0464c2a8050a78f817924ca/page/page_3/
2021-10-30,1811453,1724277,85216,3394106,"Johnson&Johnson, Moderna, Oxford/AstraZeneca, Pfizer/BioNTech",Lithuania,https://experience.arcgis.com/experience/cab84dcfe0464c2a8050a78f817924ca/page/page_3/
2021-10-31,1811708,1724473,85467,3394695,"Johnson&Johnson, Moderna, Oxford/AstraZeneca, Pfizer/BioNTech",Lithuania,https://experience.arcgis.com/experience/cab84dcfe0464c2a8050a78f817924ca/page/page_3/
2021-11-01,1811787,1724500,85549,3394882,"Johnson&Johnson, Moderna, Oxford/AstraZeneca, Pfizer/BioNTech",Lithuania,https://experience.arcgis.com/experience/cab84dcfe0464c2a8050a78f817924ca/page/page_3/
2021-11-02,1811863,1724592,85610,3395084,"Johnson&Johnson, Moderna, Oxford/AstraZeneca, Pfizer/BioNTech",Lithuania,https://experience.arcgis.com/experience/cab84dcfe0464c2a8050a78f817924ca/page/page_3/
2021-11-03,1815183,1728574,90699,3405971,"Johnson&Johnson, Moderna, Oxford/AstraZeneca, Pfizer/BioNTech",Lithuania,https://experience.arcgis.com/experience/cab84dcfe0464c2a8050a78f817924ca/page/page_3/
2021-11-04,1818805,1731636,98306,3418850,"Johnson&Johnson, Moderna, Oxford/AstraZeneca, Pfizer/BioNTech",Lithuania,https://experience.arcgis.com/experience/cab84dcfe0464c2a8050a78f817924ca/page/page_3/
2021-11-05,1822291,1734638,104972,3430613,"Johnson&Johnson, Moderna, Oxford/AstraZeneca, Pfizer/BioNTech",Lithuania,https://experience.arcgis.com/experience/cab84dcfe0464c2a8050a78f817924ca/page/page_3/
