date,people_vaccinated,people_fully_vaccinated,total_boosters,total_vaccinations,source_url,location,vaccine
2020-12-28,452,0,0,452,https://data.public.lu/en/datasets/donnees-covid19/#_,Luxembourg,Pfizer/BioNTech
2020-12-29,800,0,0,800,https://data.public.lu/en/datasets/donnees-covid19/#_,Luxembourg,Pfizer/BioNTech
2020-12-30,1251,0,0,1251,https://data.public.lu/en/datasets/donnees-covid19/#_,Luxembourg,Pfizer/BioNTech
2021-01-06,1351,0,0,1351,https://data.public.lu/en/datasets/donnees-covid19/#_,Luxembourg,Pfizer/BioNTech
2021-01-07,1496,0,0,1496,https://data.public.lu/en/datasets/donnees-covid19/#_,Luxembourg,Pfizer/BioNTech
2021-01-08,1706,0,0,1706,https://data.public.lu/en/datasets/donnees-covid19/#_,Luxembourg,Pfizer/BioNTech
2021-01-11,1948,0,0,1948,https://data.public.lu/en/datasets/donnees-covid19/#_,Luxembourg,Pfizer/BioNTech
2021-01-12,2377,0,0,2377,https://data.public.lu/en/datasets/donnees-covid19/#_,Luxembourg,Pfizer/BioNTech
2021-01-13,2875,0,0,2875,https://data.public.lu/en/datasets/donnees-covid19/#_,Luxembourg,Pfizer/BioNTech
2021-01-14,3237,0,0,3237,https://data.public.lu/en/datasets/donnees-covid19/#_,Luxembourg,Pfizer/BioNTech
2021-01-15,3680,0,0,3680,https://data.public.lu/en/datasets/donnees-covid19/#_,Luxembourg,Pfizer/BioNTech
2021-01-16,3759,0,0,3759,https://data.public.lu/en/datasets/donnees-covid19/#_,Luxembourg,Pfizer/BioNTech
2021-01-18,4126,447,0,4573,https://data.public.lu/en/datasets/donnees-covid19/#_,Luxembourg,Pfizer/BioNTech
2021-01-19,4503,794,0,5297,https://data.public.lu/en/datasets/donnees-covid19/#_,Luxembourg,Pfizer/BioNTech
2021-01-20,4954,1243,0,6197,https://data.public.lu/en/datasets/donnees-covid19/#_,Luxembourg,"Moderna, Pfizer/BioNTech"
2021-01-21,5658,1243,0,6901,https://data.public.lu/en/datasets/donnees-covid19/#_,Luxembourg,"Moderna, Pfizer/BioNTech"
2021-01-22,6339,1244,0,7583,https://data.public.lu/en/datasets/donnees-covid19/#_,Luxembourg,"Moderna, Pfizer/BioNTech"
2021-01-23,6471,1244,0,7715,https://data.public.lu/en/datasets/donnees-covid19/#_,Luxembourg,"Moderna, Pfizer/BioNTech"
2021-01-25,7311,1245,0,8556,https://data.public.lu/en/datasets/donnees-covid19/#_,Luxembourg,"Moderna, Pfizer/BioNTech"
2021-01-26,8279,1245,0,9524,https://data.public.lu/en/datasets/donnees-covid19/#_,Luxembourg,"Moderna, Pfizer/BioNTech"
2021-01-27,9106,1342,0,10448,https://data.public.lu/en/datasets/donnees-covid19/#_,Luxembourg,"Moderna, Pfizer/BioNTech"
2021-01-28,9888,1483,0,11371,https://data.public.lu/en/datasets/donnees-covid19/#_,Luxembourg,"Moderna, Pfizer/BioNTech"
2021-01-29,10622,1680,0,12302,https://data.public.lu/en/datasets/donnees-covid19/#_,Luxembourg,"Moderna, Pfizer/BioNTech"
2021-01-30,10749,1680,0,12429,https://data.public.lu/en/datasets/donnees-covid19/#_,Luxembourg,"Moderna, Pfizer/BioNTech"
2021-02-01,11334,1905,0,13239,https://data.public.lu/en/datasets/donnees-covid19/#_,Luxembourg,"Moderna, Pfizer/BioNTech"
2021-02-02,11924,2328,0,14252,https://data.public.lu/en/datasets/donnees-covid19/#_,Luxembourg,"Moderna, Pfizer/BioNTech"
2021-02-03,12598,2811,0,15409,https://data.public.lu/en/datasets/donnees-covid19/#_,Luxembourg,"Moderna, Pfizer/BioNTech"
2021-02-04,13257,3164,0,16421,https://data.public.lu/en/datasets/donnees-covid19/#_,Luxembourg,"Moderna, Pfizer/BioNTech"
2021-02-05,13822,3615,0,17437,https://data.public.lu/en/datasets/donnees-covid19/#_,Luxembourg,"Moderna, Pfizer/BioNTech"
2021-02-06,13941,3691,0,17632,https://data.public.lu/en/datasets/donnees-covid19/#_,Luxembourg,"Moderna, Pfizer/BioNTech"
2021-02-08,14090,4053,0,18143,https://data.public.lu/en/datasets/donnees-covid19/#_,Luxembourg,"Moderna, Pfizer/BioNTech"
2021-02-09,14228,4429,0,18657,https://data.public.lu/en/datasets/donnees-covid19/#_,Luxembourg,"Moderna, Pfizer/BioNTech"
2021-02-10,15054,4874,0,19928,https://data.public.lu/en/datasets/donnees-covid19/#_,Luxembourg,"Moderna, Oxford/AstraZeneca, Pfizer/BioNTech"
2021-02-11,16133,5263,0,21396,https://data.public.lu/en/datasets/donnees-covid19/#_,Luxembourg,"Moderna, Oxford/AstraZeneca, Pfizer/BioNTech"
2021-02-12,16924,5642,0,22566,https://data.public.lu/en/datasets/donnees-covid19/#_,Luxembourg,"Moderna, Oxford/AstraZeneca, Pfizer/BioNTech"
2021-02-13,17259,5642,0,22901,https://data.public.lu/en/datasets/donnees-covid19/#_,Luxembourg,"Moderna, Oxford/AstraZeneca, Pfizer/BioNTech"
2021-02-15,18056,5973,0,24029,https://data.public.lu/en/datasets/donnees-covid19/#_,Luxembourg,"Moderna, Oxford/AstraZeneca, Pfizer/BioNTech"
2021-02-16,19626,6298,0,25924,https://data.public.lu/en/datasets/donnees-covid19/#_,Luxembourg,"Moderna, Oxford/AstraZeneca, Pfizer/BioNTech"
2021-02-17,20609,6516,0,27125,https://data.public.lu/en/datasets/donnees-covid19/#_,Luxembourg,"Moderna, Oxford/AstraZeneca, Pfizer/BioNTech"
2021-02-18,21857,7082,0,28939,https://data.public.lu/en/datasets/donnees-covid19/#_,Luxembourg,"Moderna, Oxford/AstraZeneca, Pfizer/BioNTech"
2021-02-19,22972,7590,0,30562,https://data.public.lu/en/datasets/donnees-covid19/#_,Luxembourg,"Moderna, Oxford/AstraZeneca, Pfizer/BioNTech"
2021-02-20,23264,7723,0,30987,https://data.public.lu/en/datasets/donnees-covid19/#_,Luxembourg,"Moderna, Oxford/AstraZeneca, Pfizer/BioNTech"
2021-02-22,23690,8241,0,31931,https://data.public.lu/en/datasets/donnees-covid19/#_,Luxembourg,"Moderna, Oxford/AstraZeneca, Pfizer/BioNTech"
2021-02-23,24513,8863,0,33376,https://data.public.lu/en/datasets/donnees-covid19/#_,Luxembourg,"Moderna, Oxford/AstraZeneca, Pfizer/BioNTech"
2021-02-24,25290,9477,0,34767,https://data.public.lu/en/datasets/donnees-covid19/#_,Luxembourg,"Moderna, Oxford/AstraZeneca, Pfizer/BioNTech"
2021-02-25,26094,9984,0,36078,https://data.public.lu/en/datasets/donnees-covid19/#_,Luxembourg,"Moderna, Oxford/AstraZeneca, Pfizer/BioNTech"
2021-02-26,26796,10579,0,37375,https://data.public.lu/en/datasets/donnees-covid19/#_,Luxembourg,"Moderna, Oxford/AstraZeneca, Pfizer/BioNTech"
2021-02-27,27097,10702,0,37799,https://data.public.lu/en/datasets/donnees-covid19/#_,Luxembourg,"Moderna, Oxford/AstraZeneca, Pfizer/BioNTech"
2021-03-01,27659,11468,0,39127,https://data.public.lu/en/datasets/donnees-covid19/#_,Luxembourg,"Moderna, Oxford/AstraZeneca, Pfizer/BioNTech"
2021-03-02,28476,11995,0,40471,https://data.public.lu/en/datasets/donnees-covid19/#_,Luxembourg,"Moderna, Oxford/AstraZeneca, Pfizer/BioNTech"
2021-03-03,29400,12728,0,42128,https://data.public.lu/en/datasets/donnees-covid19/#_,Luxembourg,"Moderna, Oxford/AstraZeneca, Pfizer/BioNTech"
2021-03-04,30722,13457,0,44179,https://data.public.lu/en/datasets/donnees-covid19/#_,Luxembourg,"Moderna, Oxford/AstraZeneca, Pfizer/BioNTech"
2021-03-05,31973,14011,0,45984,https://data.public.lu/en/datasets/donnees-covid19/#_,Luxembourg,"Moderna, Oxford/AstraZeneca, Pfizer/BioNTech"
2021-03-06,32591,14127,0,46718,https://data.public.lu/en/datasets/donnees-covid19/#_,Luxembourg,"Moderna, Oxford/AstraZeneca, Pfizer/BioNTech"
2021-03-08,33238,14286,0,47524,https://data.public.lu/en/datasets/donnees-covid19/#_,Luxembourg,"Moderna, Oxford/AstraZeneca, Pfizer/BioNTech"
2021-03-09,34530,14437,0,48967,https://data.public.lu/en/datasets/donnees-covid19/#_,Luxembourg,"Moderna, Oxford/AstraZeneca, Pfizer/BioNTech"
2021-03-10,36691,14771,0,51462,https://data.public.lu/en/datasets/donnees-covid19/#_,Luxembourg,"Moderna, Oxford/AstraZeneca, Pfizer/BioNTech"
2021-03-11,39561,15318,0,54879,https://data.public.lu/en/datasets/donnees-covid19/#_,Luxembourg,"Moderna, Oxford/AstraZeneca, Pfizer/BioNTech"
2021-03-12,42231,15552,0,57783,https://data.public.lu/en/datasets/donnees-covid19/#_,Luxembourg,"Moderna, Oxford/AstraZeneca, Pfizer/BioNTech"
2021-03-13,43481,15576,0,59057,https://data.public.lu/en/datasets/donnees-covid19/#_,Luxembourg,"Moderna, Oxford/AstraZeneca, Pfizer/BioNTech"
2021-03-15,44877,15902,0,60779,https://data.public.lu/en/datasets/donnees-covid19/#_,Luxembourg,"Moderna, Oxford/AstraZeneca, Pfizer/BioNTech"
2021-03-16,47594,16478,0,64072,https://data.public.lu/en/datasets/donnees-covid19/#_,Luxembourg,"Moderna, Oxford/AstraZeneca, Pfizer/BioNTech"
2021-03-17,50216,16942,0,67158,https://data.public.lu/en/datasets/donnees-covid19/#_,Luxembourg,"Moderna, Oxford/AstraZeneca, Pfizer/BioNTech"
2021-03-18,52868,17480,0,70348,https://data.public.lu/en/datasets/donnees-covid19/#_,Luxembourg,"Moderna, Oxford/AstraZeneca, Pfizer/BioNTech"
2021-03-19,55343,17857,0,73200,https://data.public.lu/en/datasets/donnees-covid19/#_,Luxembourg,"Moderna, Oxford/AstraZeneca, Pfizer/BioNTech"
2021-03-20,56378,17884,0,74262,https://data.public.lu/en/datasets/donnees-covid19/#_,Luxembourg,"Moderna, Oxford/AstraZeneca, Pfizer/BioNTech"
2021-03-22,57402,18142,0,75544,https://data.public.lu/en/datasets/donnees-covid19/#_,Luxembourg,"Moderna, Oxford/AstraZeneca, Pfizer/BioNTech"
2021-03-23,59303,18704,0,78007,https://data.public.lu/en/datasets/donnees-covid19/#_,Luxembourg,"Moderna, Oxford/AstraZeneca, Pfizer/BioNTech"
2021-03-24,61018,19326,0,80344,https://data.public.lu/en/datasets/donnees-covid19/#_,Luxembourg,"Moderna, Oxford/AstraZeneca, Pfizer/BioNTech"
2021-03-25,62801,19866,0,82667,https://data.public.lu/en/datasets/donnees-covid19/#_,Luxembourg,"Moderna, Oxford/AstraZeneca, Pfizer/BioNTech"
2021-03-26,64689,20501,0,85190,https://data.public.lu/en/datasets/donnees-covid19/#_,Luxembourg,"Moderna, Oxford/AstraZeneca, Pfizer/BioNTech"
2021-03-27,65839,20731,0,86570,https://data.public.lu/en/datasets/donnees-covid19/#_,Luxembourg,"Moderna, Oxford/AstraZeneca, Pfizer/BioNTech"
2021-03-29,68603,21097,0,89700,https://data.public.lu/en/datasets/donnees-covid19/#_,Luxembourg,"Moderna, Oxford/AstraZeneca, Pfizer/BioNTech"
2021-03-30,70901,21690,0,92591,https://data.public.lu/en/datasets/donnees-covid19/#_,Luxembourg,"Moderna, Oxford/AstraZeneca, Pfizer/BioNTech"
2021-03-31,73142,22535,0,95677,https://data.public.lu/en/datasets/donnees-covid19/#_,Luxembourg,"Moderna, Oxford/AstraZeneca, Pfizer/BioNTech"
2021-04-01,75852,23523,0,99375,https://data.public.lu/en/datasets/donnees-covid19/#_,Luxembourg,"Moderna, Oxford/AstraZeneca, Pfizer/BioNTech"
2021-04-02,78397,24407,0,102804,https://data.public.lu/en/datasets/donnees-covid19/#_,Luxembourg,"Moderna, Oxford/AstraZeneca, Pfizer/BioNTech"
2021-04-03,81073,24829,0,105902,https://data.public.lu/en/datasets/donnees-covid19/#_,Luxembourg,"Moderna, Oxford/AstraZeneca, Pfizer/BioNTech"
2021-04-05,83637,25320,0,108957,https://data.public.lu/en/datasets/donnees-covid19/#_,Luxembourg,"Moderna, Oxford/AstraZeneca, Pfizer/BioNTech"
2021-04-06,86342,26445,0,112787,https://data.public.lu/en/datasets/donnees-covid19/#_,Luxembourg,"Moderna, Oxford/AstraZeneca, Pfizer/BioNTech"
2021-04-07,88704,28465,0,117169,https://data.public.lu/en/datasets/donnees-covid19/#_,Luxembourg,"Moderna, Oxford/AstraZeneca, Pfizer/BioNTech"
2021-04-08,91060,30930,0,121990,https://data.public.lu/en/datasets/donnees-covid19/#_,Luxembourg,"Moderna, Oxford/AstraZeneca, Pfizer/BioNTech"
2021-04-09,93736,33208,0,126944,https://data.public.lu/en/datasets/donnees-covid19/#_,Luxembourg,"Moderna, Oxford/AstraZeneca, Pfizer/BioNTech"
2021-04-10,96039,34286,0,130325,https://data.public.lu/en/datasets/donnees-covid19/#_,Luxembourg,"Moderna, Oxford/AstraZeneca, Pfizer/BioNTech"
2021-04-12,99979,35166,0,135145,https://data.public.lu/en/datasets/donnees-covid19/#_,Luxembourg,"Moderna, Oxford/AstraZeneca, Pfizer/BioNTech"
2021-04-13,103557,37857,0,141414,https://data.public.lu/en/datasets/donnees-covid19/#_,Luxembourg,"Moderna, Oxford/AstraZeneca, Pfizer/BioNTech"
2021-04-14,107155,,1,147585,https://data.public.lu/en/datasets/donnees-covid19/#_,Luxembourg,"Johnson&Johnson, Moderna, Oxford/AstraZeneca, Pfizer/BioNTech"
2021-04-15,110426,,1,153495,https://data.public.lu/en/datasets/donnees-covid19/#_,Luxembourg,"Johnson&Johnson, Moderna, Oxford/AstraZeneca, Pfizer/BioNTech"
2021-04-16,113931,,1,159182,https://data.public.lu/en/datasets/donnees-covid19/#_,Luxembourg,"Johnson&Johnson, Moderna, Oxford/AstraZeneca, Pfizer/BioNTech"
2021-04-17,118108,,1,164161,https://data.public.lu/en/datasets/donnees-covid19/#_,Luxembourg,"Johnson&Johnson, Moderna, Oxford/AstraZeneca, Pfizer/BioNTech"
2021-04-19,119249,,1,165586,https://data.public.lu/en/datasets/donnees-covid19/#_,Luxembourg,"Johnson&Johnson, Moderna, Oxford/AstraZeneca, Pfizer/BioNTech"
2021-04-20,120296,,1,166793,https://data.public.lu/en/datasets/donnees-covid19/#_,Luxembourg,"Johnson&Johnson, Moderna, Oxford/AstraZeneca, Pfizer/BioNTech"
2021-04-21,123129,,1,170113,https://data.public.lu/en/datasets/donnees-covid19/#_,Luxembourg,"Johnson&Johnson, Moderna, Oxford/AstraZeneca, Pfizer/BioNTech"
2021-04-22,125730,,1,173227,https://data.public.lu/en/datasets/donnees-covid19/#_,Luxembourg,"Johnson&Johnson, Moderna, Oxford/AstraZeneca, Pfizer/BioNTech"
2021-04-23,128525,,1,176512,https://data.public.lu/en/datasets/donnees-covid19/#_,Luxembourg,"Johnson&Johnson, Moderna, Oxford/AstraZeneca, Pfizer/BioNTech"
2021-04-24,130581,,1,178881,https://data.public.lu/en/datasets/donnees-covid19/#_,Luxembourg,"Johnson&Johnson, Moderna, Oxford/AstraZeneca, Pfizer/BioNTech"
2021-04-26,131865,,1,180575,https://data.public.lu/en/datasets/donnees-covid19/#_,Luxembourg,"Johnson&Johnson, Moderna, Oxford/AstraZeneca, Pfizer/BioNTech"
2021-04-27,132679,,1,181994,https://data.public.lu/en/datasets/donnees-covid19/#_,Luxembourg,"Johnson&Johnson, Moderna, Oxford/AstraZeneca, Pfizer/BioNTech"
2021-04-28,136444,,1,186556,https://data.public.lu/en/datasets/donnees-covid19/#_,Luxembourg,"Johnson&Johnson, Moderna, Oxford/AstraZeneca, Pfizer/BioNTech"
2021-04-29,140486,,1,191500,https://data.public.lu/en/datasets/donnees-covid19/#_,Luxembourg,"Johnson&Johnson, Moderna, Oxford/AstraZeneca, Pfizer/BioNTech"
2021-04-30,144373,,1,196252,https://data.public.lu/en/datasets/donnees-covid19/#_,Luxembourg,"Johnson&Johnson, Moderna, Oxford/AstraZeneca, Pfizer/BioNTech"
2021-05-01,148442,,1,200636,https://data.public.lu/en/datasets/donnees-covid19/#_,Luxembourg,"Johnson&Johnson, Moderna, Oxford/AstraZeneca, Pfizer/BioNTech"
2021-05-03,152140,,1,206790,https://data.public.lu/en/datasets/donnees-covid19/#_,Luxembourg,"Johnson&Johnson, Moderna, Oxford/AstraZeneca, Pfizer/BioNTech"
2021-05-04,155884,,1,213320,https://data.public.lu/en/datasets/donnees-covid19/#_,Luxembourg,"Johnson&Johnson, Moderna, Oxford/AstraZeneca, Pfizer/BioNTech"
2021-05-05,160415,,1,220336,https://data.public.lu/en/datasets/donnees-covid19/#_,Luxembourg,"Johnson&Johnson, Moderna, Oxford/AstraZeneca, Pfizer/BioNTech"
2021-05-06,165363,,1,227403,https://data.public.lu/en/datasets/donnees-covid19/#_,Luxembourg,"Johnson&Johnson, Moderna, Oxford/AstraZeneca, Pfizer/BioNTech"
2021-05-07,169636,,1,234407,https://data.public.lu/en/datasets/donnees-covid19/#_,Luxembourg,"Johnson&Johnson, Moderna, Oxford/AstraZeneca, Pfizer/BioNTech"
2021-05-08,175115,,1,241364,https://data.public.lu/en/datasets/donnees-covid19/#_,Luxembourg,"Johnson&Johnson, Moderna, Oxford/AstraZeneca, Pfizer/BioNTech"
2021-05-10,179424,,1,248591,https://data.public.lu/en/datasets/donnees-covid19/#_,Luxembourg,"Johnson&Johnson, Moderna, Oxford/AstraZeneca, Pfizer/BioNTech"
2021-05-11,183277,,1,255779,https://data.public.lu/en/datasets/donnees-covid19/#_,Luxembourg,"Johnson&Johnson, Moderna, Oxford/AstraZeneca, Pfizer/BioNTech"
2021-05-12,187607,,1,262997,https://data.public.lu/en/datasets/donnees-covid19/#_,Luxembourg,"Johnson&Johnson, Moderna, Oxford/AstraZeneca, Pfizer/BioNTech"
2021-05-13,191713,,1,269984,https://data.public.lu/en/datasets/donnees-covid19/#_,Luxembourg,"Johnson&Johnson, Moderna, Oxford/AstraZeneca, Pfizer/BioNTech"
2021-05-14,196016,,1,277478,https://data.public.lu/en/datasets/donnees-covid19/#_,Luxembourg,"Johnson&Johnson, Moderna, Oxford/AstraZeneca, Pfizer/BioNTech"
2021-05-15,199569,,1,285017,https://data.public.lu/en/datasets/donnees-covid19/#_,Luxembourg,"Johnson&Johnson, Moderna, Oxford/AstraZeneca, Pfizer/BioNTech"
2021-05-17,204855,,1,291610,https://data.public.lu/en/datasets/donnees-covid19/#_,Luxembourg,"Johnson&Johnson, Moderna, Oxford/AstraZeneca, Pfizer/BioNTech"
2021-05-18,209477,,1,297455,https://data.public.lu/en/datasets/donnees-covid19/#_,Luxembourg,"Johnson&Johnson, Moderna, Oxford/AstraZeneca, Pfizer/BioNTech"
2021-05-19,213273,,1,304169,https://data.public.lu/en/datasets/donnees-covid19/#_,Luxembourg,"Johnson&Johnson, Moderna, Oxford/AstraZeneca, Pfizer/BioNTech"
2021-05-20,216012,,1,309739,https://data.public.lu/en/datasets/donnees-covid19/#_,Luxembourg,"Johnson&Johnson, Moderna, Oxford/AstraZeneca, Pfizer/BioNTech"
2021-05-21,218447,,1,315273,https://data.public.lu/en/datasets/donnees-covid19/#_,Luxembourg,"Johnson&Johnson, Moderna, Oxford/AstraZeneca, Pfizer/BioNTech"
2021-05-22,220997,,1,319997,https://data.public.lu/en/datasets/donnees-covid19/#_,Luxembourg,"Johnson&Johnson, Moderna, Oxford/AstraZeneca, Pfizer/BioNTech"
2021-05-24,222098,,1,322865,https://data.public.lu/en/datasets/donnees-covid19/#_,Luxembourg,"Johnson&Johnson, Moderna, Oxford/AstraZeneca, Pfizer/BioNTech"
2021-05-25,223356,,1,325015,https://data.public.lu/en/datasets/donnees-covid19/#_,Luxembourg,"Johnson&Johnson, Moderna, Oxford/AstraZeneca, Pfizer/BioNTech"
2021-05-26,224139,,1,329501,https://data.public.lu/en/datasets/donnees-covid19/#_,Luxembourg,"Johnson&Johnson, Moderna, Oxford/AstraZeneca, Pfizer/BioNTech"
2021-05-27,225532,,2,334879,https://data.public.lu/en/datasets/donnees-covid19/#_,Luxembourg,"Johnson&Johnson, Moderna, Oxford/AstraZeneca, Pfizer/BioNTech"
2021-05-28,226761,,2,340246,https://data.public.lu/en/datasets/donnees-covid19/#_,Luxembourg,"Johnson&Johnson, Moderna, Oxford/AstraZeneca, Pfizer/BioNTech"
2021-05-29,227997,,2,345685,https://data.public.lu/en/datasets/donnees-covid19/#_,Luxembourg,"Johnson&Johnson, Moderna, Oxford/AstraZeneca, Pfizer/BioNTech"
2021-05-31,229686,,2,351166,https://data.public.lu/en/datasets/donnees-covid19/#_,Luxembourg,"Johnson&Johnson, Moderna, Oxford/AstraZeneca, Pfizer/BioNTech"
2021-06-01,232357,,2,356434,https://data.public.lu/en/datasets/donnees-covid19/#_,Luxembourg,"Johnson&Johnson, Moderna, Oxford/AstraZeneca, Pfizer/BioNTech"
2021-06-02,237689,,3,365032,https://data.public.lu/en/datasets/donnees-covid19/#_,Luxembourg,"Johnson&Johnson, Moderna, Oxford/AstraZeneca, Pfizer/BioNTech"
2021-06-03,242345,,3,373607,https://data.public.lu/en/datasets/donnees-covid19/#_,Luxembourg,"Johnson&Johnson, Moderna, Oxford/AstraZeneca, Pfizer/BioNTech"
2021-06-04,247072,,3,382159,https://data.public.lu/en/datasets/donnees-covid19/#_,Luxembourg,"Johnson&Johnson, Moderna, Oxford/AstraZeneca, Pfizer/BioNTech"
2021-06-05,250751,,3,389629,https://data.public.lu/en/datasets/donnees-covid19/#_,Luxembourg,"Johnson&Johnson, Moderna, Oxford/AstraZeneca, Pfizer/BioNTech"
2021-06-07,254112,,3,398202,https://data.public.lu/en/datasets/donnees-covid19/#_,Luxembourg,"Johnson&Johnson, Moderna, Oxford/AstraZeneca, Pfizer/BioNTech"
2021-06-08,257895,,3,406696,https://data.public.lu/en/datasets/donnees-covid19/#_,Luxembourg,"Johnson&Johnson, Moderna, Oxford/AstraZeneca, Pfizer/BioNTech"
2021-06-09,260607,,3,414501,https://data.public.lu/en/datasets/donnees-covid19/#_,Luxembourg,"Johnson&Johnson, Moderna, Oxford/AstraZeneca, Pfizer/BioNTech"
2021-06-10,263286,,3,423206,https://data.public.lu/en/datasets/donnees-covid19/#_,Luxembourg,"Johnson&Johnson, Moderna, Oxford/AstraZeneca, Pfizer/BioNTech"
2021-06-11,265715,,3,431637,https://data.public.lu/en/datasets/donnees-covid19/#_,Luxembourg,"Johnson&Johnson, Moderna, Oxford/AstraZeneca, Pfizer/BioNTech"
2021-06-12,268177,,3,439780,https://data.public.lu/en/datasets/donnees-covid19/#_,Luxembourg,"Johnson&Johnson, Moderna, Oxford/AstraZeneca, Pfizer/BioNTech"
2021-06-14,270831,,3,446714,https://data.public.lu/en/datasets/donnees-covid19/#_,Luxembourg,"Johnson&Johnson, Moderna, Oxford/AstraZeneca, Pfizer/BioNTech"
2021-06-15,273071,,3,452725,https://data.public.lu/en/datasets/donnees-covid19/#_,Luxembourg,"Johnson&Johnson, Moderna, Oxford/AstraZeneca, Pfizer/BioNTech"
2021-06-16,278066,,3,460700,https://data.public.lu/en/datasets/donnees-covid19/#_,Luxembourg,"Johnson&Johnson, Moderna, Oxford/AstraZeneca, Pfizer/BioNTech"
2021-06-17,283303,,3,468493,https://data.public.lu/en/datasets/donnees-covid19/#_,Luxembourg,"Johnson&Johnson, Moderna, Oxford/AstraZeneca, Pfizer/BioNTech"
2021-06-18,287996,,3,475025,https://data.public.lu/en/datasets/donnees-covid19/#_,Luxembourg,"Johnson&Johnson, Moderna, Oxford/AstraZeneca, Pfizer/BioNTech"
2021-06-19,293314,,3,483662,https://data.public.lu/en/datasets/donnees-covid19/#_,Luxembourg,"Johnson&Johnson, Moderna, Oxford/AstraZeneca, Pfizer/BioNTech"
2021-06-21,299316,,3,491856,https://data.public.lu/en/datasets/donnees-covid19/#_,Luxembourg,"Johnson&Johnson, Moderna, Oxford/AstraZeneca, Pfizer/BioNTech"
2021-06-22,305557,,3,499671,https://data.public.lu/en/datasets/donnees-covid19/#_,Luxembourg,"Johnson&Johnson, Moderna, Oxford/AstraZeneca, Pfizer/BioNTech"
2021-06-23,311260,,3,506126,https://data.public.lu/en/datasets/donnees-covid19/#_,Luxembourg,"Johnson&Johnson, Moderna, Oxford/AstraZeneca, Pfizer/BioNTech"
2021-06-24,316504,,4,512721,https://data.public.lu/en/datasets/donnees-covid19/#_,Luxembourg,"Johnson&Johnson, Moderna, Oxford/AstraZeneca, Pfizer/BioNTech"
2021-06-25,322531,,4,520009,https://data.public.lu/en/datasets/donnees-covid19/#_,Luxembourg,"Johnson&Johnson, Moderna, Oxford/AstraZeneca, Pfizer/BioNTech"
2021-06-26,328931,,4,527733,https://data.public.lu/en/datasets/donnees-covid19/#_,Luxembourg,"Johnson&Johnson, Moderna, Oxford/AstraZeneca, Pfizer/BioNTech"
2021-06-28,334974,,4,535012,https://data.public.lu/en/datasets/donnees-covid19/#_,Luxembourg,"Johnson&Johnson, Moderna, Oxford/AstraZeneca, Pfizer/BioNTech"
2021-06-29,338799,,5,542933,https://data.public.lu/en/datasets/donnees-covid19/#_,Luxembourg,"Johnson&Johnson, Moderna, Oxford/AstraZeneca, Pfizer/BioNTech"
2021-06-30,341025,,5,551868,https://data.public.lu/en/datasets/donnees-covid19/#_,Luxembourg,"Johnson&Johnson, Moderna, Oxford/AstraZeneca, Pfizer/BioNTech"
2021-07-01,343706,,5,560666,https://data.public.lu/en/datasets/donnees-covid19/#_,Luxembourg,"Johnson&Johnson, Moderna, Oxford/AstraZeneca, Pfizer/BioNTech"
2021-07-02,346624,,5,569284,https://data.public.lu/en/datasets/donnees-covid19/#_,Luxembourg,"Johnson&Johnson, Moderna, Oxford/AstraZeneca, Pfizer/BioNTech"
2021-07-03,350881,,5,577763,https://data.public.lu/en/datasets/donnees-covid19/#_,Luxembourg,"Johnson&Johnson, Moderna, Oxford/AstraZeneca, Pfizer/BioNTech"
2021-07-05,354929,,5,585579,https://data.public.lu/en/datasets/donnees-covid19/#_,Luxembourg,"Johnson&Johnson, Moderna, Oxford/AstraZeneca, Pfizer/BioNTech"
2021-07-06,358819,,5,593102,https://data.public.lu/en/datasets/donnees-covid19/#_,Luxembourg,"Johnson&Johnson, Moderna, Oxford/AstraZeneca, Pfizer/BioNTech"
2021-07-07,362343,,5,599285,https://data.public.lu/en/datasets/donnees-covid19/#_,Luxembourg,"Johnson&Johnson, Moderna, Oxford/AstraZeneca, Pfizer/BioNTech"
2021-07-08,365449,,5,604213,https://data.public.lu/en/datasets/donnees-covid19/#_,Luxembourg,"Johnson&Johnson, Moderna, Oxford/AstraZeneca, Pfizer/BioNTech"
2021-07-09,368222,,5,609254,https://data.public.lu/en/datasets/donnees-covid19/#_,Luxembourg,"Johnson&Johnson, Moderna, Oxford/AstraZeneca, Pfizer/BioNTech"
2021-07-10,371645,,5,614911,https://data.public.lu/en/datasets/donnees-covid19/#_,Luxembourg,"Johnson&Johnson, Moderna, Oxford/AstraZeneca, Pfizer/BioNTech"
2021-07-11,371645,,5,614912,https://data.public.lu/en/datasets/donnees-covid19/#_,Luxembourg,"Johnson&Johnson, Moderna, Oxford/AstraZeneca, Pfizer/BioNTech"
2021-07-12,374562,,5,621192,https://data.public.lu/en/datasets/donnees-covid19/#_,Luxembourg,"Johnson&Johnson, Moderna, Oxford/AstraZeneca, Pfizer/BioNTech"
2021-07-13,377293,,6,626416,https://data.public.lu/en/datasets/donnees-covid19/#_,Luxembourg,"Johnson&Johnson, Moderna, Oxford/AstraZeneca, Pfizer/BioNTech"
2021-07-14,379834,,6,634104,https://data.public.lu/en/datasets/donnees-covid19/#_,Luxembourg,"Johnson&Johnson, Moderna, Oxford/AstraZeneca, Pfizer/BioNTech"
2021-07-15,381517,,6,640725,https://data.public.lu/en/datasets/donnees-covid19/#_,Luxembourg,"Johnson&Johnson, Moderna, Oxford/AstraZeneca, Pfizer/BioNTech"
2021-07-16,383430,,6,647154,https://data.public.lu/en/datasets/donnees-covid19/#_,Luxembourg,"Johnson&Johnson, Moderna, Oxford/AstraZeneca, Pfizer/BioNTech"
2021-07-17,385735,,6,653937,https://data.public.lu/en/datasets/donnees-covid19/#_,Luxembourg,"Johnson&Johnson, Moderna, Oxford/AstraZeneca, Pfizer/BioNTech"
2021-07-19,387019,,7,660021,https://data.public.lu/en/datasets/donnees-covid19/#_,Luxembourg,"Johnson&Johnson, Moderna, Oxford/AstraZeneca, Pfizer/BioNTech"
2021-07-20,387946,,7,665467,https://data.public.lu/en/datasets/donnees-covid19/#_,Luxembourg,"Johnson&Johnson, Moderna, Oxford/AstraZeneca, Pfizer/BioNTech"
2021-07-21,388580,,7,669915,https://data.public.lu/en/datasets/donnees-covid19/#_,Luxembourg,"Johnson&Johnson, Moderna, Oxford/AstraZeneca, Pfizer/BioNTech"
2021-07-22,389244,,7,674296,https://data.public.lu/en/datasets/donnees-covid19/#_,Luxembourg,"Johnson&Johnson, Moderna, Oxford/AstraZeneca, Pfizer/BioNTech"
2021-07-23,390098,,20,679558,https://data.public.lu/en/datasets/donnees-covid19/#_,Luxembourg,"Johnson&Johnson, Moderna, Oxford/AstraZeneca, Pfizer/BioNTech"
2021-07-24,391183,,22,685248,https://data.public.lu/en/datasets/donnees-covid19/#_,Luxembourg,"Johnson&Johnson, Moderna, Oxford/AstraZeneca, Pfizer/BioNTech"
2021-07-26,392088,,36,691477,https://data.public.lu/en/datasets/donnees-covid19/#_,Luxembourg,"Johnson&Johnson, Moderna, Oxford/AstraZeneca, Pfizer/BioNTech"
2021-07-27,392659,,57,696618,https://data.public.lu/en/datasets/donnees-covid19/#_,Luxembourg,"Johnson&Johnson, Moderna, Oxford/AstraZeneca, Pfizer/BioNTech"
2021-07-28,393425,,80,700152,https://data.public.lu/en/datasets/donnees-covid19/#_,Luxembourg,"Johnson&Johnson, Moderna, Oxford/AstraZeneca, Pfizer/BioNTech"
2021-07-29,394157,,87,704003,https://data.public.lu/en/datasets/donnees-covid19/#_,Luxembourg,"Johnson&Johnson, Moderna, Oxford/AstraZeneca, Pfizer/BioNTech"
2021-07-30,394914,,103,707874,https://data.public.lu/en/datasets/donnees-covid19/#_,Luxembourg,"Johnson&Johnson, Moderna, Oxford/AstraZeneca, Pfizer/BioNTech"
2021-07-31,395693,,113,712672,https://data.public.lu/en/datasets/donnees-covid19/#_,Luxembourg,"Johnson&Johnson, Moderna, Oxford/AstraZeneca, Pfizer/BioNTech"
2021-08-02,396374,,126,717417,https://data.public.lu/en/datasets/donnees-covid19/#_,Luxembourg,"Johnson&Johnson, Moderna, Oxford/AstraZeneca, Pfizer/BioNTech"
2021-08-03,396967,,151,721868,https://data.public.lu/en/datasets/donnees-covid19/#_,Luxembourg,"Johnson&Johnson, Moderna, Oxford/AstraZeneca, Pfizer/BioNTech"
2021-08-04,397487,,166,725520,https://data.public.lu/en/datasets/donnees-covid19/#_,Luxembourg,"Johnson&Johnson, Moderna, Oxford/AstraZeneca, Pfizer/BioNTech"
2021-08-05,398021,,185,728757,https://data.public.lu/en/datasets/donnees-covid19/#_,Luxembourg,"Johnson&Johnson, Moderna, Oxford/AstraZeneca, Pfizer/BioNTech"
2021-08-06,398653,,202,731911,https://data.public.lu/en/datasets/donnees-covid19/#_,Luxembourg,"Johnson&Johnson, Moderna, Oxford/AstraZeneca, Pfizer/BioNTech"
2021-08-07,399434,,223,735536,https://data.public.lu/en/datasets/donnees-covid19/#_,Luxembourg,"Johnson&Johnson, Moderna, Oxford/AstraZeneca, Pfizer/BioNTech"
2021-08-08,399478,,223,735580,https://data.public.lu/en/datasets/donnees-covid19/#_,Luxembourg,"Johnson&Johnson, Moderna, Oxford/AstraZeneca, Pfizer/BioNTech"
2021-08-09,399987,,238,738480,https://data.public.lu/en/datasets/donnees-covid19/#_,Luxembourg,"Johnson&Johnson, Moderna, Oxford/AstraZeneca, Pfizer/BioNTech"
2021-08-10,400446,,250,740927,https://data.public.lu/en/datasets/donnees-covid19/#_,Luxembourg,"Johnson&Johnson, Moderna, Oxford/AstraZeneca, Pfizer/BioNTech"
2021-08-11,400979,,268,743190,https://data.public.lu/en/datasets/donnees-covid19/#_,Luxembourg,"Johnson&Johnson, Moderna, Oxford/AstraZeneca, Pfizer/BioNTech"
2021-08-12,401494,,280,744983,https://data.public.lu/en/datasets/donnees-covid19/#_,Luxembourg,"Johnson&Johnson, Moderna, Oxford/AstraZeneca, Pfizer/BioNTech"
2021-08-13,402020,,294,746930,https://data.public.lu/en/datasets/donnees-covid19/#_,Luxembourg,"Johnson&Johnson, Moderna, Oxford/AstraZeneca, Pfizer/BioNTech"
2021-08-14,402569,,303,749164,https://data.public.lu/en/datasets/donnees-covid19/#_,Luxembourg,"Johnson&Johnson, Moderna, Oxford/AstraZeneca, Pfizer/BioNTech"
2021-08-16,402945,,309,750782,https://data.public.lu/en/datasets/donnees-covid19/#_,Luxembourg,"Johnson&Johnson, Moderna, Oxford/AstraZeneca, Pfizer/BioNTech"
2021-08-17,403602,,320,752359,https://data.public.lu/en/datasets/donnees-covid19/#_,Luxembourg,"Johnson&Johnson, Moderna, Oxford/AstraZeneca, Pfizer/BioNTech"
2021-08-18,404285,,328,753672,https://data.public.lu/en/datasets/donnees-covid19/#_,Luxembourg,"Johnson&Johnson, Moderna, Oxford/AstraZeneca, Pfizer/BioNTech"
2021-08-19,404988,,335,755035,https://data.public.lu/en/datasets/donnees-covid19/#_,Luxembourg,"Johnson&Johnson, Moderna, Oxford/AstraZeneca, Pfizer/BioNTech"
2021-08-20,405672,,344,756466,https://data.public.lu/en/datasets/donnees-covid19/#_,Luxembourg,"Johnson&Johnson, Moderna, Oxford/AstraZeneca, Pfizer/BioNTech"
2021-08-21,406196,,353,757896,https://data.public.lu/en/datasets/donnees-covid19/#_,Luxembourg,"Johnson&Johnson, Moderna, Oxford/AstraZeneca, Pfizer/BioNTech"
2021-08-22,406323,,353,758029,https://data.public.lu/en/datasets/donnees-covid19/#_,Luxembourg,"Johnson&Johnson, Moderna, Oxford/AstraZeneca, Pfizer/BioNTech"
2021-08-23,406608,,356,759142,https://data.public.lu/en/datasets/donnees-covid19/#_,Luxembourg,"Johnson&Johnson, Moderna, Oxford/AstraZeneca, Pfizer/BioNTech"
2021-08-24,407322,,367,760591,https://data.public.lu/en/datasets/donnees-covid19/#_,Luxembourg,"Johnson&Johnson, Moderna, Oxford/AstraZeneca, Pfizer/BioNTech"
2021-08-25,407872,,382,761836,https://data.public.lu/en/datasets/donnees-covid19/#_,Luxembourg,"Johnson&Johnson, Moderna, Oxford/AstraZeneca, Pfizer/BioNTech"
2021-08-26,408362,,385,762954,https://data.public.lu/en/datasets/donnees-covid19/#_,Luxembourg,"Johnson&Johnson, Moderna, Oxford/AstraZeneca, Pfizer/BioNTech"
2021-08-27,409033,,389,764415,https://data.public.lu/en/datasets/donnees-covid19/#_,Luxembourg,"Johnson&Johnson, Moderna, Oxford/AstraZeneca, Pfizer/BioNTech"
2021-08-28,409578,,391,765626,https://data.public.lu/en/datasets/donnees-covid19/#_,Luxembourg,"Johnson&Johnson, Moderna, Oxford/AstraZeneca, Pfizer/BioNTech"
2021-08-30,410070,,395,766818,https://data.public.lu/en/datasets/donnees-covid19/#_,Luxembourg,"Johnson&Johnson, Moderna, Oxford/AstraZeneca, Pfizer/BioNTech"
2021-08-31,410790,,415,768308,https://data.public.lu/en/datasets/donnees-covid19/#_,Luxembourg,"Johnson&Johnson, Moderna, Oxford/AstraZeneca, Pfizer/BioNTech"
2021-09-01,411315,,429,769443,https://data.public.lu/en/datasets/donnees-covid19/#_,Luxembourg,"Johnson&Johnson, Moderna, Oxford/AstraZeneca, Pfizer/BioNTech"
2021-09-02,411876,,438,770596,https://data.public.lu/en/datasets/donnees-covid19/#_,Luxembourg,"Johnson&Johnson, Moderna, Oxford/AstraZeneca, Pfizer/BioNTech"
2021-09-03,412619,,446,771999,https://data.public.lu/en/datasets/donnees-covid19/#_,Luxembourg,"Johnson&Johnson, Moderna, Oxford/AstraZeneca, Pfizer/BioNTech"
2021-09-04,413078,,451,772933,https://data.public.lu/en/datasets/donnees-covid19/#_,Luxembourg,"Johnson&Johnson, Moderna, Oxford/AstraZeneca, Pfizer/BioNTech"
2021-09-05,413167,,451,773031,https://data.public.lu/en/datasets/donnees-covid19/#_,Luxembourg,"Johnson&Johnson, Moderna, Oxford/AstraZeneca, Pfizer/BioNTech"
2021-09-06,413629,,454,773998,https://data.public.lu/en/datasets/donnees-covid19/#_,Luxembourg,"Johnson&Johnson, Moderna, Oxford/AstraZeneca, Pfizer/BioNTech"
2021-09-07,414350,,474,775250,https://data.public.lu/en/datasets/donnees-covid19/#_,Luxembourg,"Johnson&Johnson, Moderna, Oxford/AstraZeneca, Pfizer/BioNTech"
2021-09-16,414505,399522,,777109,https://data.public.lu/en/datasets/donnees-covid19/#resource-0699455e-03fd-497b-9898-776c6dc786e8,Luxembourg,"Johnson&Johnson, Moderna, Oxford/AstraZeneca, Pfizer/BioNTech"
2021-09-17,419670,,560,785011,https://data.public.lu/en/datasets/donnees-covid19/#_,Luxembourg,"Johnson&Johnson, Moderna, Oxford/AstraZeneca, Pfizer/BioNTech"
2021-09-18,419993,,566,785414,https://data.public.lu/en/datasets/donnees-covid19/#_,Luxembourg,"Johnson&Johnson, Moderna, Oxford/AstraZeneca, Pfizer/BioNTech"
2021-09-19,420108,,568,785547,https://data.public.lu/en/datasets/donnees-covid19/#_,Luxembourg,"Johnson&Johnson, Moderna, Oxford/AstraZeneca, Pfizer/BioNTech"
2021-09-20,420234,,571,785708,https://data.public.lu/en/datasets/donnees-covid19/#_,Luxembourg,"Johnson&Johnson, Moderna, Oxford/AstraZeneca, Pfizer/BioNTech"
2021-09-21,420830,,580,787179,https://data.public.lu/en/datasets/donnees-covid19/#_,Luxembourg,"Johnson&Johnson, Moderna, Oxford/AstraZeneca, Pfizer/BioNTech"
2021-09-22,421236,,586,788016,https://data.public.lu/en/datasets/donnees-covid19/#_,Luxembourg,"Johnson&Johnson, Moderna, Oxford/AstraZeneca, Pfizer/BioNTech"
2021-09-23,421606,,592,788778,https://data.public.lu/en/datasets/donnees-covid19/#_,Luxembourg,"Johnson&Johnson, Moderna, Oxford/AstraZeneca, Pfizer/BioNTech"
2021-09-24,422114,,605,789872,https://data.public.lu/en/datasets/donnees-covid19/#_,Luxembourg,"Johnson&Johnson, Moderna, Oxford/AstraZeneca, Pfizer/BioNTech"
2021-09-25,422552,,619,790871,https://data.public.lu/en/datasets/donnees-covid19/#_,Luxembourg,"Johnson&Johnson, Moderna, Oxford/AstraZeneca, Pfizer/BioNTech"
2021-09-26,422637,,619,790961,https://data.public.lu/en/datasets/donnees-covid19/#_,Luxembourg,"Johnson&Johnson, Moderna, Oxford/AstraZeneca, Pfizer/BioNTech"
2021-09-27,422729,,1204,791683,https://data.public.lu/en/datasets/donnees-covid19/#_,Luxembourg,"Johnson&Johnson, Moderna, Oxford/AstraZeneca, Pfizer/BioNTech"
2021-09-28,423220,,2090,793986,https://data.public.lu/en/datasets/donnees-covid19/#_,Luxembourg,"Johnson&Johnson, Moderna, Oxford/AstraZeneca, Pfizer/BioNTech"
2021-09-29,423546,,2818,795456,https://data.public.lu/en/datasets/donnees-covid19/#_,Luxembourg,"Johnson&Johnson, Moderna, Oxford/AstraZeneca, Pfizer/BioNTech"
2021-09-30,423872,,3599,796983,https://data.public.lu/en/datasets/donnees-covid19/#_,Luxembourg,"Johnson&Johnson, Moderna, Oxford/AstraZeneca, Pfizer/BioNTech"
2021-10-01,424235,,4632,799011,https://data.public.lu/en/datasets/donnees-covid19/#_,Luxembourg,"Johnson&Johnson, Moderna, Oxford/AstraZeneca, Pfizer/BioNTech"
2021-10-02,424673,,4672,799967,https://data.public.lu/en/datasets/donnees-covid19/#_,Luxembourg,"Johnson&Johnson, Moderna, Oxford/AstraZeneca, Pfizer/BioNTech"
2021-10-03,424701,,4691,800022,https://data.public.lu/en/datasets/donnees-covid19/#_,Luxembourg,"Johnson&Johnson, Moderna, Oxford/AstraZeneca, Pfizer/BioNTech"
2021-10-04,424733,,5157,800548,https://data.public.lu/en/datasets/donnees-covid19/#_,Luxembourg,"Johnson&Johnson, Moderna, Oxford/AstraZeneca, Pfizer/BioNTech"
2021-10-05,425190,,5325,802073,https://data.public.lu/en/datasets/donnees-covid19/#_,Luxembourg,"Johnson&Johnson, Moderna, Oxford/AstraZeneca, Pfizer/BioNTech"
2021-10-06,425431,,5443,802841,https://data.public.lu/en/datasets/donnees-covid19/#_,Luxembourg,"Johnson&Johnson, Moderna, Oxford/AstraZeneca, Pfizer/BioNTech"
2021-10-07,425712,,5653,803750,https://data.public.lu/en/datasets/donnees-covid19/#_,Luxembourg,"Johnson&Johnson, Moderna, Oxford/AstraZeneca, Pfizer/BioNTech"
2021-10-08,426353,,5855,805208,https://data.public.lu/en/datasets/donnees-covid19/#_,Luxembourg,"Johnson&Johnson, Moderna, Oxford/AstraZeneca, Pfizer/BioNTech"
2021-10-09,426798,,5948,806262,https://data.public.lu/en/datasets/donnees-covid19/#_,Luxembourg,"Johnson&Johnson, Moderna, Oxford/AstraZeneca, Pfizer/BioNTech"
2021-10-10,426801,,5951,806268,https://data.public.lu/en/datasets/donnees-covid19/#_,Luxembourg,"Johnson&Johnson, Moderna, Oxford/AstraZeneca, Pfizer/BioNTech"
2021-10-11,426828,,5969,806358,https://data.public.lu/en/datasets/donnees-covid19/#_,Luxembourg,"Johnson&Johnson, Moderna, Oxford/AstraZeneca, Pfizer/BioNTech"
2021-10-12,427589,,6390,808274,https://data.public.lu/en/datasets/donnees-covid19/#_,Luxembourg,"Johnson&Johnson, Moderna, Oxford/AstraZeneca, Pfizer/BioNTech"
2021-10-13,428089,,6656,809429,https://data.public.lu/en/datasets/donnees-covid19/#_,Luxembourg,"Johnson&Johnson, Moderna, Oxford/AstraZeneca, Pfizer/BioNTech"
2021-10-14,428637,,7057,810770,https://data.public.lu/en/datasets/donnees-covid19/#_,Luxembourg,"Johnson&Johnson, Moderna, Oxford/AstraZeneca, Pfizer/BioNTech"
2021-10-15,429140,,7435,812289,https://data.public.lu/en/datasets/donnees-covid19/#_,Luxembourg,"Johnson&Johnson, Moderna, Oxford/AstraZeneca, Pfizer/BioNTech"
2021-10-16,430143,,7738,813817,https://data.public.lu/en/datasets/donnees-covid19/#_,Luxembourg,"Johnson&Johnson, Moderna, Oxford/AstraZeneca, Pfizer/BioNTech"
2021-10-18,431148,,8024,815254,https://data.public.lu/en/datasets/donnees-covid19/#_,Luxembourg,"Johnson&Johnson, Moderna, Oxford/AstraZeneca, Pfizer/BioNTech"
2021-10-19,431965,,8632,817179,https://data.public.lu/en/datasets/donnees-covid19/#_,Luxembourg,"Johnson&Johnson, Moderna, Oxford/AstraZeneca, Pfizer/BioNTech"
2021-10-20,433115,,9337,819379,https://data.public.lu/en/datasets/donnees-covid19/#_,Luxembourg,"Johnson&Johnson, Moderna, Oxford/AstraZeneca, Pfizer/BioNTech"
2021-10-21,433878,,10046,821254,https://data.public.lu/en/datasets/donnees-covid19/#_,Luxembourg,"Johnson&Johnson, Moderna, Oxford/AstraZeneca, Pfizer/BioNTech"
2021-10-22,434868,,10946,823767,https://data.public.lu/en/datasets/donnees-covid19/#_,Luxembourg,"Johnson&Johnson, Moderna, Oxford/AstraZeneca, Pfizer/BioNTech"
2021-10-23,435461,,11215,825129,https://data.public.lu/en/datasets/donnees-covid19/#_,Luxembourg,"Johnson&Johnson, Moderna, Oxford/AstraZeneca, Pfizer/BioNTech"
2021-10-24,435465,,11230,825165,https://data.public.lu/en/datasets/donnees-covid19/#_,Luxembourg,"Johnson&Johnson, Moderna, Oxford/AstraZeneca, Pfizer/BioNTech"
2021-10-25,436362,,11618,826792,https://data.public.lu/en/datasets/donnees-covid19/#_,Luxembourg,"Johnson&Johnson, Moderna, Oxford/AstraZeneca, Pfizer/BioNTech"
2021-10-26,437314,,12421,830145,https://data.public.lu/en/datasets/donnees-covid19/#_,Luxembourg,"Johnson&Johnson, Moderna, Oxford/AstraZeneca, Pfizer/BioNTech"
2021-10-27,438177,,13141,833369,https://data.public.lu/en/datasets/donnees-covid19/#_,Luxembourg,"Johnson&Johnson, Moderna, Oxford/AstraZeneca, Pfizer/BioNTech"
2021-10-28,439072,,13914,836297,https://data.public.lu/en/datasets/donnees-covid19/#_,Luxembourg,"Johnson&Johnson, Moderna, Oxford/AstraZeneca, Pfizer/BioNTech"
2021-10-29,440051,,14765,839604,https://data.public.lu/en/datasets/donnees-covid19/#_,Luxembourg,"Johnson&Johnson, Moderna, Oxford/AstraZeneca, Pfizer/BioNTech"
2021-10-30,440811,,15103,841807,https://data.public.lu/en/datasets/donnees-covid19/#_,Luxembourg,"Johnson&Johnson, Moderna, Oxford/AstraZeneca, Pfizer/BioNTech"
