date,source_url,total_vaccinations,people_vaccinated,people_fully_vaccinated,location,vaccine,total_boosters
2021-02-08,https://www.asgam.com/index.php/2021/02/11/macau-vaccinates-first-595-residents-as-more-than-4000-register/,0,,,Macao,Sinopharm/Beijing,
2021-02-09,https://www.asgam.com/index.php/2021/02/11/macau-vaccinates-first-595-residents-as-more-than-4000-register/,595,,,Macao,Sinopharm/Beijing,
2021-02-17,https://www.macaubusiness.com/residents-will-be-resistant-to-vaccination-at-first-health-bureau-doctors-association-president/,2000,,,Macao,Sinopharm/Beijing,
2021-02-22,https://www.gov.mo/zh-hant/news/366405/,3700,,,Macao,Sinopharm/Beijing,
2021-02-24,https://www.gov.mo/zh-hant/news/366595/,9284,,,Macao,Sinopharm/Beijing,
2021-02-25,https://www.gov.mo/zh-hant/news/366747/,10691,,,Macao,Sinopharm/Beijing,
2021-02-26,https://www.gov.mo/zh-hant/news/366898/,11982,,,Macao,Sinopharm/Beijing,
2021-02-28,https://www.gov.mo/zh-hant/news/366973/,14426,,,Macao,Sinopharm/Beijing,
2021-03-01,https://www.gov.mo/zh-hant/news/367211/,15094,,,Macao,Sinopharm/Beijing,
2021-03-02,https://www.gov.mo/zh-hant/news/367552/,16044,,,Macao,Sinopharm/Beijing,
2021-03-03,https://www.gov.mo/zh-hant/news/367675/,17071,,,Macao,"Sinopharm/Beijing, Pfizer/BioNTech",
2021-03-04,https://www.gov.mo/zh-hant/news/367797/,18098,,,Macao,"Sinopharm/Beijing, Pfizer/BioNTech",
2021-03-05,https://www.gov.mo/zh-hant/news/367971/,19028,,,Macao,"Sinopharm/Beijing, Pfizer/BioNTech",
2021-03-06,https://www.gov.mo/zh-hant/news/367988/,20218,,,Macao,"Sinopharm/Beijing, Pfizer/BioNTech",
2021-03-07,https://www.gov.mo/zh-hant/news/368017/,21056,,,Macao,"Sinopharm/Beijing, Pfizer/BioNTech",
2021-03-08,https://www.gov.mo/zh-hant/news/368091/,21840,,,Macao,"Sinopharm/Beijing, Pfizer/BioNTech",
2021-03-09,https://www.gov.mo/zh-hant/news/368251/,22865,,,Macao,"Sinopharm/Beijing, Pfizer/BioNTech",
2021-03-10,https://www.gov.mo/zh-hant/news/368355/,24040,,,Macao,"Sinopharm/Beijing, Pfizer/BioNTech",
2021-03-11,https://www.gov.mo/zh-hant/news/368525/,25394,,,Macao,"Sinopharm/Beijing, Pfizer/BioNTech",
2021-03-12,https://www.gov.mo/zh-hant/news/368822/,26440,,,Macao,"Sinopharm/Beijing, Pfizer/BioNTech",
2021-03-13,https://www.gov.mo/zh-hant/news/368881/,27637,,,Macao,"Sinopharm/Beijing, Pfizer/BioNTech",
2021-03-14,https://www.gov.mo/zh-hant/news/368936/,28767,,,Macao,"Sinopharm/Beijing, Pfizer/BioNTech",
2021-03-15,https://www.gov.mo/zh-hant/news/369127/,29833,,,Macao,"Sinopharm/Beijing, Pfizer/BioNTech",
2021-03-16,https://www.gov.mo/zh-hant/news/369269/,30913,,,Macao,"Sinopharm/Beijing, Pfizer/BioNTech",
2021-03-17,https://www.gov.mo/zh-hant/news/369435/,31867,,,Macao,"Sinopharm/Beijing, Pfizer/BioNTech",
2021-03-18,https://www.gov.mo/zh-hant/news/369543/,32841,,,Macao,"Sinopharm/Beijing, Pfizer/BioNTech",
2021-03-19,https://www.gov.mo/zh-hant/news/369746/,33927,,,Macao,"Sinopharm/Beijing, Pfizer/BioNTech",
2021-03-20,https://www.gov.mo/zh-hant/news/369786/,35271,,,Macao,"Sinopharm/Beijing, Pfizer/BioNTech",
2021-03-21,https://www.gov.mo/zh-hant/news/369806/,36459,,,Macao,"Sinopharm/Beijing, Pfizer/BioNTech",
2021-03-22,https://www.gov.mo/zh-hant/news/369918/,37707,,,Macao,"Sinopharm/Beijing, Pfizer/BioNTech",
2021-03-23,https://www.gov.mo/zh-hant/news/370103/,39257,,,Macao,"Sinopharm/Beijing, Pfizer/BioNTech",
2021-03-24,https://www.gov.mo/zh-hant/news/370363/,40701,,,Macao,"Sinopharm/Beijing, Pfizer/BioNTech",
2021-03-25,https://www.gov.mo/zh-hant/news/370483/,41948,,,Macao,"Sinopharm/Beijing, Pfizer/BioNTech",
2021-03-26,https://www.gov.mo/zh-hant/news/370703/,43211,,,Macao,"Sinopharm/Beijing, Pfizer/BioNTech",
2021-03-27,https://www.gov.mo/zh-hant/news/370776/,44908,,,Macao,"Sinopharm/Beijing, Pfizer/BioNTech",
2021-03-28,https://www.gov.mo/zh-hant/news/370821/,46286,,,Macao,"Sinopharm/Beijing, Pfizer/BioNTech",
2021-03-29,https://www.gov.mo/zh-hant/news/371037/,47483,,,Macao,"Sinopharm/Beijing, Pfizer/BioNTech",
2021-03-30,https://www.gov.mo/zh-hant/news/371234/,49308,,,Macao,"Sinopharm/Beijing, Pfizer/BioNTech",
2021-03-31,https://www.gov.mo/zh-hant/news/371579/,51017,,,Macao,"Sinopharm/Beijing, Pfizer/BioNTech",
2021-04-01,https://www.gov.mo/zh-hant/news/372183/,52772,,,Macao,"Sinopharm/Beijing, Pfizer/BioNTech",
2021-04-02,https://www.gov.mo/zh-hant/news/372234/,53626,,,Macao,"Sinopharm/Beijing, Pfizer/BioNTech",
2021-04-03,https://www.gov.mo/zh-hant/news/372274/,54704,,,Macao,"Sinopharm/Beijing, Pfizer/BioNTech",
2021-04-04,https://www.gov.mo/zh-hant/news/372281/,55951,,,Macao,"Sinopharm/Beijing, Pfizer/BioNTech",
2021-04-05,https://www.gov.mo/zh-hant/news/372290/,56530,,,Macao,"Sinopharm/Beijing, Pfizer/BioNTech",
2021-04-06,https://www.gov.mo/zh-hant/news/372303/,57251,,,Macao,"Sinopharm/Beijing, Pfizer/BioNTech",
2021-04-07,https://www.gov.mo/zh-hant/news/372612/,58676,41117,17559,Macao,"Sinopharm/Beijing, Pfizer/BioNTech",
2021-04-08,https://www.gov.mo/zh-hant/news/372680/,60778,41914,18864,Macao,"Sinopharm/Beijing, Pfizer/BioNTech",
2021-04-09,https://www.gov.mo/zh-hant/news/372797/,62893,42802,20091,Macao,"Sinopharm/Beijing, Pfizer/BioNTech",
2021-04-10,https://www.gov.mo/zh-hant/news/372866/,65514,43967,21547,Macao,"Sinopharm/Beijing, Pfizer/BioNTech",
2021-04-11,https://www.gov.mo/zh-hant/news/372906/,67431,44838,22593,Macao,"Sinopharm/Beijing, Pfizer/BioNTech",
2021-04-12,https://www.gov.mo/zh-hant/news/372985/,69149,45648,23501,Macao,"Sinopharm/Beijing, Pfizer/BioNTech",
2021-04-13,https://www.gov.mo/zh-hant/news/373074/,71196,46732,24464,Macao,"Sinopharm/Beijing, Pfizer/BioNTech",
2021-04-14,https://www.gov.mo/zh-hant/news/373255/,73100,47812,25288,Macao,"Sinopharm/Beijing, Pfizer/BioNTech",
2021-04-15,https://www.gov.mo/zh-hant/news/373374/,75087,48974,26113,Macao,"Sinopharm/Beijing, Pfizer/BioNTech",
2021-04-16,https://www.gov.mo/zh-hant/news/373511/,77236,50184,27052,Macao,"Sinopharm/Beijing, Pfizer/BioNTech",
2021-04-17,https://www.gov.mo/zh-hant/news/373539/,79921,51612,28309,Macao,"Sinopharm/Beijing, Pfizer/BioNTech",
2021-04-18,https://www.gov.mo/zh-hant/news/373563/,81893,52688,29205,Macao,"Sinopharm/Beijing, Pfizer/BioNTech",
2021-04-19,https://www.gov.mo/zh-hant/news/373726/,83257,53466,29791,Macao,"Sinopharm/Beijing, Pfizer/BioNTech",
2021-04-20,https://www.gov.mo/zh-hant/news/373802/,85011,54622,30389,Macao,"Sinopharm/Beijing, Pfizer/BioNTech",
2021-04-21,https://www.gov.mo/zh-hant/news/373924/,86653,55750,30903,Macao,"Sinopharm/Beijing, Pfizer/BioNTech",
2021-04-22,https://www.gov.mo/zh-hant/news/374082/,88292,56931,31361,Macao,"Sinopharm/Beijing, Pfizer/BioNTech",
2021-04-23,https://www.gov.mo/zh-hant/news/374256/,90063,58186,31877,Macao,"Sinopharm/Beijing, Pfizer/BioNTech",
2021-04-24,https://www.gov.mo/zh-hant/news/374417/,91763,59402,32361,Macao,"Sinopharm/Beijing, Pfizer/BioNTech",
2021-04-25,https://www.gov.mo/zh-hant/news/374471/,93688,60800,32888,Macao,"Sinopharm/Beijing, Pfizer/BioNTech",
2021-04-26,https://www.gov.mo/zh-hant/news/374714/,95629,62155,33474,Macao,"Sinopharm/Beijing, Pfizer/BioNTech",
2021-04-27,https://www.gov.mo/zh-hant/news/374842/,98021,64047,34109,Macao,"Sinopharm/Beijing, Pfizer/BioNTech",
2021-04-28,https://www.gov.mo/zh-hant/news/375035/,100454,65813,34776,Macao,"Sinopharm/Beijing, Pfizer/BioNTech",
2021-04-29,https://www.gov.mo/zh-hant/news/375183/,102444,67115,35464,Macao,"Sinopharm/Beijing, Pfizer/BioNTech",
2021-04-30,https://www.gov.mo/zh-hant/news/375619/,104136,68211,36062,Macao,"Sinopharm/Beijing, Pfizer/BioNTech",
2021-05-01,https://www.gov.mo/zh-hant/news/375676/,106197,69708,36627,Macao,"Sinopharm/Beijing, Pfizer/BioNTech",
2021-05-02,https://www.gov.mo/zh-hant/news/375701/,107714,70655,37197,Macao,"Sinopharm/Beijing, Pfizer/BioNTech",
2021-05-03,https://www.gov.mo/zh-hant/news/375732/,108174,70972,37340,Macao,"Sinopharm/Beijing, Pfizer/BioNTech",
2021-05-04,https://www.gov.mo/zh-hant/news/375926/,109255,71719,37674,Macao,"Pfizer/BioNTech, Sinopharm/Beijing",
2021-05-05,https://www.gov.mo/zh-hant/news/376099/,110952,72879,38213,Macao,"Pfizer/BioNTech, Sinopharm/Beijing",
2021-05-06,https://www.gov.mo/zh-hant/news/376221/,112748,74059,38831,Macao,"Pfizer/BioNTech, Sinopharm/Beijing",
2021-05-07,https://www.gov.mo/zh-hant/news/376468/,114572,75191,39525,Macao,"Pfizer/BioNTech, Sinopharm/Beijing",
2021-05-08,https://www.gov.mo/zh-hant/news/376584/,116885,76529,40505,Macao,"Pfizer/BioNTech, Sinopharm/Beijing",
2021-05-09,https://www.gov.mo/zh-hant/news/376702/,118687,77597,41241,Macao,"Pfizer/BioNTech, Sinopharm/Beijing",
2021-05-10,https://www.gov.mo/zh-hant/news/376885/,120294,78460,41989,Macao,"Pfizer/BioNTech, Sinopharm/Beijing",
2021-05-11,https://www.gov.mo/zh-hant/news/377051/,122288,79526,42929,Macao,"Pfizer/BioNTech, Sinopharm/Beijing",
2021-05-12,https://www.gov.mo/zh-hant/news/378120/,124193,80557,43809,Macao,"Pfizer/BioNTech, Sinopharm/Beijing",
2021-05-13,https://www.gov.mo/zh-hant/news/381644/,126141,81529,44794,Macao,"Pfizer/BioNTech, Sinopharm/Beijing",
2021-05-14,https://www.gov.mo/zh-hant/news/384646/,128147,82451,45884,Macao,"Pfizer/BioNTech, Sinopharm/Beijing",
2021-05-15,https://www.gov.mo/zh-hant/news/388572/,130761,83766,47193,Macao,"Pfizer/BioNTech, Sinopharm/Beijing",
2021-05-16,https://www.gov.mo/zh-hant/news/389817/,132910,84844,48270,Macao,"Pfizer/BioNTech, Sinopharm/Beijing",
2021-05-17,https://www.gov.mo/zh-hant/news/393459/,134586,85731,49070,Macao,"Pfizer/BioNTech, Sinopharm/Beijing",
2021-05-18,https://www.gov.mo/zh-hant/news/396232/,136887,86956,50158,Macao,"Pfizer/BioNTech, Sinopharm/Beijing",
2021-05-19,https://www.gov.mo/zh-hant/news/399670/,138414,87904,50723,Macao,"Pfizer/BioNTech, Sinopharm/Beijing",
2021-05-20,https://www.gov.mo/zh-hant/news/403583/,140121,88771,51618,Macao,"Pfizer/BioNTech, Sinopharm/Beijing",
2021-05-21,https://www.gov.mo/zh-hant/news/406792/,142900,90267,52918,Macao,"Pfizer/BioNTech, Sinopharm/Beijing",
2021-05-22,https://www.gov.mo/zh-hant/news/410848/,146189,92135,54383,Macao,"Pfizer/BioNTech, Sinopharm/Beijing",
2021-05-23,https://www.gov.mo/zh-hant/news/413752/,148793,93566,55580,Macao,"Pfizer/BioNTech, Sinopharm/Beijing",
2021-05-24,https://www.gov.mo/zh-hant/news/418351/,151389,95212,56568,Macao,"Pfizer/BioNTech, Sinopharm/Beijing",
2021-05-25,https://www.gov.mo/zh-hant/news/421287/,154743,97452,57746,Macao,"Pfizer/BioNTech, Sinopharm/Beijing",
2021-05-26,https://www.gov.mo/zh-hant/news/424558/,157263,98911,58837,Macao,"Pfizer/BioNTech, Sinopharm/Beijing",
2021-05-27,https://www.gov.mo/zh-hant/news/428325/,159510,100194,59823,Macao,"Pfizer/BioNTech, Sinopharm/Beijing",
2021-05-28,https://www.gov.mo/zh-hant/news/431831/,162723,102047,61228,Macao,"Pfizer/BioNTech, Sinopharm/Beijing",
2021-05-29,https://www.gov.mo/zh-hant/news/435104/,166856,104579,62859,Macao,"Pfizer/BioNTech, Sinopharm/Beijing",
2021-05-31,https://www.gov.mo/zh-hant/news/441875/,173404,108989,65119,Macao,"Pfizer/BioNTech, Sinopharm/Beijing",
2021-06-01,https://www.gov.mo/zh-hant/news/445260/,177950,112559,66169,Macao,"Pfizer/BioNTech, Sinopharm/Beijing",
2021-06-02,https://www.gov.mo/zh-hant/news/448046/,182969,116564,67247,Macao,"Pfizer/BioNTech, Sinopharm/Beijing",
2021-06-03,https://www.gov.mo/zh-hant/news/451222/,187652,120395,68149,Macao,"Pfizer/BioNTech, Sinopharm/Beijing",
2021-06-04,https://www.gov.mo/zh-hant/news/454974/,192660,124303,69296,Macao,"Pfizer/BioNTech, Sinopharm/Beijing",
2021-06-05,https://www.gov.mo/zh-hant/news/458055/,198781,129062,70708,Macao,"Pfizer/BioNTech, Sinopharm/Beijing",
2021-06-06,https://www.gov.mo/zh-hant/news/460846/,203833,132985,71858,Macao,"Pfizer/BioNTech, Sinopharm/Beijing",
2021-06-07,https://www.gov.mo/zh-hant/news/466362/,209051,137338,72763,Macao,"Pfizer/BioNTech, Sinopharm/Beijing",
2021-06-08,https://www.gov.mo/zh-hant/news/467124/,215775,143117,73733,Macao,"Pfizer/BioNTech, Sinopharm/Beijing",
2021-06-09,https://www.gov.mo/zh-hant/news/470598/,223082,149506,74684,Macao,"Pfizer/BioNTech, Sinopharm/Beijing",
2021-06-10,https://www.gov.mo/zh-hant/news/476375/,230336,155838,75631,Macao,"Pfizer/BioNTech, Sinopharm/Beijing",
2021-06-11,https://www.gov.mo/zh-hant/news/481731/,237236,161811,76579,Macao,"Pfizer/BioNTech, Sinopharm/Beijing",
2021-06-12,https://www.gov.mo/zh-hant/news/485491/,244994,168333,77849,Macao,"Pfizer/BioNTech, Sinopharm/Beijing",
2021-06-13,https://www.gov.mo/zh-hant/news/488127/,250889,173166,78920,Macao,"Pfizer/BioNTech, Sinopharm/Beijing",
2021-06-14,https://www.gov.mo/zh-hant/news/491515/,255556,177279,79485,Macao,"Pfizer/BioNTech, Sinopharm/Beijing",
2021-06-15,https://www.gov.mo/zh-hant/news/496214/,261228,181797,80656,Macao,"Pfizer/BioNTech, Sinopharm/Beijing",
2021-06-16,https://www.gov.mo/zh-hant/news/500478/,267738,187087,81890,Macao,"Pfizer/BioNTech, Sinopharm/Beijing",
2021-06-17,https://www.gov.mo/zh-hant/news/504584/,273738,191961,83036,Macao,"Pfizer/BioNTech, Sinopharm/Beijing",
2021-06-18,https://www.gov.mo/zh-hant/news/508330/,279931,196744,84461,Macao,"Pfizer/BioNTech, Sinopharm/Beijing",
2021-06-19,https://www.gov.mo/zh-hant/news/511379/,286740,201950,86069,Macao,"Pfizer/BioNTech, Sinopharm/Beijing",
2021-06-20,https://www.gov.mo/zh-hant/news/514196/,291995,205772,87506,Macao,"Pfizer/BioNTech, Sinopharm/Beijing",
2021-06-21,https://www.gov.mo/zh-hant/news/517185/,296817,209350,88756,Macao,"Pfizer/BioNTech, Sinopharm/Beijing",
2021-06-22,https://www.gov.mo/zh-hant/news/520718/,302379,213450,90235,Macao,"Pfizer/BioNTech, Sinopharm/Beijing",
2021-06-23,https://www.gov.mo/zh-hant/news/524428/,307506,217211,91618,Macao,"Pfizer/BioNTech, Sinopharm/Beijing",
2021-06-24,https://www.gov.mo/zh-hant/news/527796/,311919,220215,93039,Macao,"Pfizer/BioNTech, Sinopharm/Beijing",
2021-06-25,https://www.gov.mo/zh-hant/news/531643/,316456,223074,94729,Macao,"Pfizer/BioNTech, Sinopharm/Beijing",
2021-06-26,https://www.gov.mo/zh-hant/news/535158/,321521,226057,96821,Macao,"Pfizer/BioNTech, Sinopharm/Beijing",
2021-06-27,https://www.gov.mo/zh-hant/news/539095/,325418,228119,98665,Macao,"Pfizer/BioNTech, Sinopharm/Beijing",
2021-06-28,https://www.gov.mo/zh-hant/news/542538/,329495,229957,100914,Macao,"Pfizer/BioNTech, Sinopharm/Beijing",
2021-06-29,https://www.gov.mo/zh-hant/news/545342/,335125,232597,103923,Macao,"Pfizer/BioNTech, Sinopharm/Beijing",
2021-06-30,https://www.gov.mo/zh-hant/news/548651/,340645,235018,107030,Macao,"Pfizer/BioNTech, Sinopharm/Beijing",
2021-07-01,https://www.gov.mo/zh-hant/news/552495/,347396,238489,110322,Macao,"Pfizer/BioNTech, Sinopharm/Beijing",
2021-07-02,https://www.gov.mo/zh-hant/news/555520/,354557,242025,113957,Macao,"Pfizer/BioNTech, Sinopharm/Beijing",
2021-07-03,https://www.gov.mo/zh-hant/news/559159/,361996,245261,118169,Macao,"Pfizer/BioNTech, Sinopharm/Beijing",
2021-07-04,https://www.gov.mo/zh-hant/news/562189/,367958,247278,118169,Macao,"Pfizer/BioNTech, Sinopharm/Beijing",
2021-07-05,https://www.gov.mo/zh-hant/news/565521/,373898,249564,125793,Macao,"Pfizer/BioNTech, Sinopharm/Beijing",
2021-07-06,https://www.gov.mo/zh-hant/news/569471/,381076,252020,,Macao,"Pfizer/BioNTech, Sinopharm/Beijing",
2021-07-07,https://www.gov.mo/zh-hant/news/573437/,387925,254109,,Macao,"Pfizer/BioNTech, Sinopharm/Beijing",
2021-07-08,https://www.gov.mo/zh-hant/news/577597/,394909,256136,140317,Macao,"Pfizer/BioNTech, Sinopharm/Beijing",
2021-07-09,https://www.gov.mo/zh-hant/news/580438/,401532,257597,145489,Macao,"Pfizer/BioNTech, Sinopharm/Beijing",
2021-07-10,https://www.gov.mo/zh-hant/news/584175/,407780,259544,149809,Macao,"Pfizer/BioNTech, Sinopharm/Beijing",
2021-07-11,https://www.gov.mo/zh-hant/news/587365/,412135,261242,152477,Macao,"Pfizer/BioNTech, Sinopharm/Beijing",
2021-07-12,https://www.gov.mo/zh-hant/news/590034/,417496,262222,156869,Macao,"Pfizer/BioNTech, Sinopharm/Beijing",
2021-07-13,https://www.gov.mo/zh-hant/news/593240/,423905,263428,162082,Macao,"Pfizer/BioNTech, Sinopharm/Beijing",
2021-07-14,https://www.gov.mo/zh-hant/news/596772/,429228,264465,166376,Macao,"Pfizer/BioNTech, Sinopharm/Beijing",
2021-07-15,https://www.gov.mo/zh-hant/news/600257/,434726,265516,170829,Macao,"Pfizer/BioNTech, Sinopharm/Beijing",
2021-07-16,https://www.gov.mo/zh-hant/news/604127/,440549,266623,175554,Macao,"Pfizer/BioNTech, Sinopharm/Beijing",
2021-07-17,https://www.gov.mo/zh-hant/news/606445/,446916,267742,180808,Macao,"Pfizer/BioNTech, Sinopharm/Beijing",
2021-07-18,https://www.gov.mo/zh-hant/news/609562/,451721,268722,184637,Macao,"Pfizer/BioNTech, Sinopharm/Beijing",
2021-07-19,https://www.gov.mo/zh-hant/news/613478/,456510,269923,188238,Macao,"Pfizer/BioNTech, Sinopharm/Beijing",
2021-07-20,https://www.gov.mo/zh-hant/news/617600/,461931,271308,192284,Macao,"Pfizer/BioNTech, Sinopharm/Beijing",
2021-07-21,https://www.gov.mo/zh-hant/news/620487/,466296,272403,195562,Macao,"Pfizer/BioNTech, Sinopharm/Beijing",
2021-07-22,https://www.gov.mo/zh-hant/news/624285/,470805,273508,198980,Macao,"Pfizer/BioNTech, Sinopharm/Beijing",
2021-07-23,https://www.gov.mo/zh-hant/news/629409/,475063,274416,202337,Macao,"Pfizer/BioNTech, Sinopharm/Beijing",
2021-07-24,https://www.gov.mo/zh-hant/news/632080/,480435,275721,206413,Macao,"Pfizer/BioNTech, Sinopharm/Beijing",
2021-07-25,https://www.gov.mo/zh-hant/news/635582/,484119,276654,209171,Macao,"Pfizer/BioNTech, Sinopharm/Beijing",
2021-07-26,https://www.gov.mo/zh-hant/news/640011/,488756,278050,212419,Macao,"Pfizer/BioNTech, Sinopharm/Beijing",
2021-07-27,https://www.gov.mo/zh-hant/news/642568/,492987,279472,215237,Macao,"Pfizer/BioNTech, Sinopharm/Beijing",
2021-07-28,https://www.gov.mo/zh-hant/news/645950/,497048,280803,217975,Macao,"Pfizer/BioNTech, Sinopharm/Beijing",
2021-07-29,https://www.gov.mo/zh-hant/news/649679/,501061,282047,220753,Macao,"Pfizer/BioNTech, Sinopharm/Beijing",
2021-07-30,https://www.gov.mo/zh-hant/news/653807/,505332,283293,223784,Macao,"Pfizer/BioNTech, Sinopharm/Beijing",
2021-07-31,https://www.gov.mo/zh-hant/news/656437/,509754,284657,226851,Macao,"Pfizer/BioNTech, Sinopharm/Beijing",
2021-08-01,https://www.gov.mo/zh-hant/news/658450/,513239,285858,229139,Macao,"Pfizer/BioNTech, Sinopharm/Beijing",
2021-08-02,https://www.gov.mo/zh-hant/news/661526/,516374,286954,231182,Macao,"Pfizer/BioNTech, Sinopharm/Beijing",
2021-08-03,https://www.gov.mo/zh-hant/news/665818/,519521,288085,233203,Macao,"Pfizer/BioNTech, Sinopharm/Beijing",
2021-08-04,https://www.gov.mo/zh-hant/news/669901/,522376,289637,234511,Macao,"Pfizer/BioNTech, Sinopharm/Beijing",
2021-08-05,https://www.gov.mo/zh-hant/news/673405/,523016,289941,234849,Macao,"Pfizer/BioNTech, Sinopharm/Beijing",
2021-08-08,https://www.gov.mo/zh-hant/news/685564/,526406,291569,236612,Macao,"Pfizer/BioNTech, Sinopharm/Beijing",
2021-08-09,https://www.gov.mo/zh-hant/news/689523/,531317,293807,239292,Macao,"Pfizer/BioNTech, Sinopharm/Beijing",
2021-08-11,https://www.gov.mo/zh-hant/news/696871/,540087,297948,243941,Macao,"Pfizer/BioNTech, Sinopharm/Beijing",
2021-08-12,https://www.gov.mo/zh-hant/news/701045/,543272,299677,245400,Macao,"Pfizer/BioNTech, Sinopharm/Beijing",
2021-08-13,https://www.gov.mo/zh-hant/news/705395/,547953,302079,247683,Macao,"Pfizer/BioNTech, Sinopharm/Beijing",
2021-08-16,https://www.gov.mo/zh-hant/news/716617/,561045,309579,253297,Macao,"Pfizer/BioNTech, Sinopharm/Beijing",
2021-08-18,https://www.gov.mo/zh-hant/news/722927/,568863,313538,257174,Macao,"Pfizer/BioNTech, Sinopharm/Beijing",
2021-08-23,https://www.gov.mo/zh-hant/news/741789/,582592,320034,264424,Macao,"Pfizer/BioNTech, Sinopharm/Beijing",
2021-08-30,https://www.gov.mo/zh-hant/news/764134/,598356,326165,274109,Macao,"Pfizer/BioNTech, Sinopharm/Beijing",
2021-09-02,https://www.gov.mo/zh-hant/news/774896/,603152,327783,277313,Macao,"Pfizer/BioNTech, Sinopharm/Beijing",
2021-09-06,https://www.gov.mo/zh-hant/news/788293/,607741,329375,280322,Macao,"Pfizer/BioNTech, Sinopharm/Beijing",
2021-09-13,https://www.gov.mo/zh-hant/news/812923/,621410,332204,291195,Macao,"Pfizer/BioNTech, Sinopharm/Beijing",
2021-09-16,https://www.gov.mo/zh-hant/news/813745/,633071,338450,296643,Macao,"Pfizer/BioNTech, Sinopharm/Beijing",
2021-09-20,https://www.gov.mo/zh-hant/news/814428/,649564,348347,303260,Macao,"Pfizer/BioNTech, Sinopharm/Beijing",
2021-09-29,https://www.gov.mo/zh-hant/news/817673/,667489,360658,308922,Macao,"Pfizer/BioNTech, Sinopharm/Beijing",
2021-09-30,https://www.gov.mo/zh-hant/news/818120/,672372,363744,310726,Macao,"Pfizer/BioNTech, Sinopharm/Beijing",
2021-10-01,https://www.gov.mo/zh-hant/news/818765/,676994,367079,312016,Macao,"Pfizer/BioNTech, Sinopharm/Beijing",
2021-10-03,https://www.gov.mo/zh-hant/news/819129/,684611,372726,313997,Macao,"Pfizer/BioNTech, Sinopharm/Beijing",
2021-10-16,https://www.gov.mo/zh-hant/news/824488/,739977,417135,325440,Macao,"Pfizer/BioNTech, Sinopharm/Beijing",
2021-10-18,https://www.gov.mo/zh-hant/news/825088/,751518,425260,328961,Macao,"Pfizer/BioNTech, Sinopharm/Beijing",
2021-10-25,https://www.gov.mo/zh-hant/news/828595/,790170,451006,343230,Macao,"Pfizer/BioNTech, Sinopharm/Beijing",
2021-11-04,https://www.gov.mo/zh-hant/news/830634/,821561,464836,361897,Macao,"Pfizer/BioNTech, Sinopharm/Beijing",
