location,date,vaccine,source_url,total_vaccinations,people_vaccinated,people_fully_vaccinated,total_boosters
Malawi,2021-03-17,Oxford/AstraZeneca,https://twitter.com/health_malawi/status/1372230880853434376,5417,5417,0,
Malawi,2021-03-18,Oxford/AstraZeneca,https://twitter.com/health_malawi/status/1372603080592752649,9091,9091,,
Malawi,2021-03-19,Oxford/AstraZeneca,https://twitter.com/health_malawi/status/1372979737526730755,15326,15326,,
Malawi,2021-03-21,Oxford/AstraZeneca,https://twitter.com/health_malawi/status/1373687642005643269,24550,24550,,
Malawi,2021-03-22,Oxford/AstraZeneca,https://twitter.com/health_malawi/status/1374038361170661378,25589,25589,,
Malawi,2021-03-23,Oxford/AstraZeneca,https://twitter.com/health_malawi/status/1374403679063744512,38804,38804,,
Malawi,2021-03-24,Oxford/AstraZeneca,https://twitter.com/health_malawi/status/1374767106835816450,54637,54637,,
Malawi,2021-03-26,Oxford/AstraZeneca,https://twitter.com/health_malawi/status/1375498870583652353,90107,90107,,
Malawi,2021-03-27,Oxford/AstraZeneca,https://twitter.com/health_malawi/status/1375860681828892676,109526,109526,,
Malawi,2021-03-28,Oxford/AstraZeneca,https://twitter.com/health_malawi/status/1376190751370059777,111592,111592,,
Malawi,2021-03-30,Oxford/AstraZeneca,https://twitter.com/health_malawi/status/1376946329264480266,123097,123097,,
Malawi,2021-03-31,Oxford/AstraZeneca,https://twitter.com/health_malawi/status/1377313801599614977,134289,134289,,
Malawi,2021-04-01,Oxford/AstraZeneca,https://twitter.com/health_malawi/status/1377689378907160581,144979,144979,,
Malawi,2021-04-02,Oxford/AstraZeneca,https://twitter.com/health_malawi/status/1378057215748276232,154801,154801,,
Malawi,2021-04-04,Oxford/AstraZeneca,https://twitter.com/health_malawi/status/1378757146251304962,159574,159574,,
Malawi,2021-04-05,Oxford/AstraZeneca,https://twitter.com/health_malawi/status/1379078759798734849,160445,160445,,
Malawi,2021-04-06,Oxford/AstraZeneca,https://twitter.com/health_malawi/status/1379480548435955724,164733,164733,,
Malawi,2021-04-09,Oxford/AstraZeneca,https://twitter.com/health_malawi/status/1380565672263045121,193627,193627,,
Malawi,2021-04-10,Oxford/AstraZeneca,https://twitter.com/health_malawi/status/1380930584608931844,204258,204258,,
Malawi,2021-04-11,Oxford/AstraZeneca,https://twitter.com/health_malawi/status/1381254742039527426,209353,209353,,
Malawi,2021-04-12,Oxford/AstraZeneca,https://twitter.com/health_malawi/status/1381645926234738697,212615,212615,,
Malawi,2021-04-13,Oxford/AstraZeneca,https://twitter.com/health_malawi/status/1382015390050611207,229220,229220,,
Malawi,2021-04-14,Oxford/AstraZeneca,https://twitter.com/health_malawi/status/1382353127639252992,240744,240744,,
Malawi,2021-04-16,Oxford/AstraZeneca,https://twitter.com/health_malawi/status/1383075260682137609,251368,251368,,
Malawi,2021-04-18,Oxford/AstraZeneca,https://twitter.com/health_malawi/status/1383849958827118603,257754,257754,,
Malawi,2021-04-19,Oxford/AstraZeneca,https://twitter.com/health_malawi/status/1384160357451669516,258107,258107,,
Malawi,2021-04-20,Oxford/AstraZeneca,https://twitter.com/health_malawi/status/1384581605616930820,260614,260614,,
Malawi,2021-04-21,Oxford/AstraZeneca,https://twitter.com/health_malawi/status/1384891657305346048,263931,263931,,
Malawi,2021-04-22,Oxford/AstraZeneca,https://twitter.com/health_malawi/status/1385277422157934593,267293,267293,,
Malawi,2021-04-26,Oxford/AstraZeneca,https://twitter.com/health_malawi/status/1386725181905850372,277442,277442,,
Malawi,2021-04-27,Oxford/AstraZeneca,https://twitter.com/health_malawi/status/1387062346586247168,281049,281049,,
Malawi,2021-04-28,Oxford/AstraZeneca,https://twitter.com/health_malawi/status/1387460710184202240,285824,285824,,
Malawi,2021-04-29,Oxford/AstraZeneca,https://twitter.com/health_malawi/status/1387792596865634304,290344,290344,,
Malawi,2021-04-30,Oxford/AstraZeneca,https://twitter.com/health_malawi/status/1388166647672881153,296127,296127,,
Malawi,2021-05-06,Oxford/AstraZeneca,https://twitter.com/health_malawi/status/1390367363372040197,311751,311751,,
Malawi,2021-05-08,Oxford/AstraZeneca,https://twitter.com/health_malawi/status/1391072628874620932,318138,318138,,
Malawi,2021-05-09,Oxford/AstraZeneca,https://twitter.com/health_malawi/status/1391410496692264964,319323,319323,,
Malawi,2021-05-10,Oxford/AstraZeneca,https://twitter.com/health_malawi/status/1391793909060227078,320300,320300,,
Malawi,2021-05-13,Oxford/AstraZeneca,https://twitter.com/health_malawi/status/1392861109355487233,330348,330348,,
Malawi,2021-05-15,Oxford/AstraZeneca,https://twitter.com/health_malawi/status/1393613994691284995,332955,332955,,
Malawi,2021-05-17,Oxford/AstraZeneca,https://twitter.com/health_malawi/status/1394332709363888128,334363,334363,,
Malawi,2021-05-18,Oxford/AstraZeneca,https://twitter.com/health_malawi/status/1394700515750076421,335232,335232,,
Malawi,2021-05-19,Oxford/AstraZeneca,https://twitter.com/health_malawi/status/1395045221168205826,336826,336826,,
Malawi,2021-05-20,Oxford/AstraZeneca,https://twitter.com/health_malawi/status/1395426039006957568,339481,339481,,
Malawi,2021-05-21,Oxford/AstraZeneca,https://twitter.com/health_malawi/status/1395788999407673346,341698,341698,,
Malawi,2021-05-22,Oxford/AstraZeneca,https://twitter.com/health_malawi/status/1396455197065494528,344394,344394,,
Malawi,2021-05-23,Oxford/AstraZeneca,https://twitter.com/health_malawi/status/1396492019330162690,344647,344647,,
Malawi,2021-05-25,Oxford/AstraZeneca,https://twitter.com/health_malawi/status/1397231307994841092,345806,345806,,
Malawi,2021-05-26,Oxford/AstraZeneca,https://twitter.com/health_malawi/status/1397577949776334851,347638,347638,,
Malawi,2021-05-28,Oxford/AstraZeneca,https://twitter.com/health_malawi/status/1398341783248150530,352607,352607,,
Malawi,2021-05-29,Oxford/AstraZeneca,https://twitter.com/health_malawi/status/1398658155215732742,354777,354777,,
Malawi,2021-05-30,Oxford/AstraZeneca,https://twitter.com/health_malawi/status/1399034478077546496,355093,355093,,
Malawi,2021-05-31,Oxford/AstraZeneca,https://twitter.com/health_malawi/status/1399389623810506755,355118,355118,,
Malawi,2021-06-01,Oxford/AstraZeneca,https://twitter.com/health_malawi/status/1399758336845926405,356134,356134,,
Malawi,2021-06-02,Oxford/AstraZeneca,https://twitter.com/health_malawi/status/1400125342984118280,357015,357015,,
Malawi,2021-06-03,Oxford/AstraZeneca,https://twitter.com/health_malawi/status/1400665680983232513,357650,357650,,
Malawi,2021-06-06,Oxford/AstraZeneca,https://twitter.com/health_malawi/status/1401579518586937344,359008,358989,19,
Malawi,2021-06-07,Oxford/AstraZeneca,https://twitter.com/health_malawi/status/1401976131394355203,359184,359165,19,
Malawi,2021-06-09,Oxford/AstraZeneca,https://twitter.com/health_malawi/status/1402646498563837952,367356,365256,2100,
Malawi,2021-06-10,Oxford/AstraZeneca,https://twitter.com/health_malawi/status/1403012944443625477,369674,366198,3476,
Malawi,2021-06-11,Oxford/AstraZeneca,https://twitter.com/health_malawi/status/1403379258064576516,374268,368465,5803,
Malawi,2021-06-12,Oxford/AstraZeneca,https://twitter.com/health_malawi/status/1403735291169550338,377614,370003,7611,
Malawi,2021-06-14,Oxford/AstraZeneca,https://twitter.com/health_malawi/status/1404469185955180545,381257,371791,9466,
Malawi,2021-06-15,Oxford/AstraZeneca,https://twitter.com/health_malawi/status/1404833821497958408,387363,373577,13786,
Malawi,2021-06-16,Oxford/AstraZeneca,https://twitter.com/health_malawi/status/1405183246896349185,393313,375578,17735,
Malawi,2021-06-17,Oxford/AstraZeneca,https://twitter.com/health_malawi/status/1405557018631495687,406167,378694,27473,
Malawi,2021-06-18,Oxford/AstraZeneca,https://twitter.com/health_malawi/status/1405924995562360846,413961,380697,33264,
Malawi,2021-06-19,Oxford/AstraZeneca,https://twitter.com/health_malawi/status/1406256759174533135,420685,383273,37412,
Malawi,2021-06-21,Oxford/AstraZeneca,https://twitter.com/health_malawi/status/1407028047367258117,422508,383726,38782,
Malawi,2021-06-22,Oxford/AstraZeneca,https://twitter.com/health_malawi/status/1407354583391875075,425051,384406,40645,
Malawi,2021-06-23,Oxford/AstraZeneca,https://twitter.com/health_malawi/status/1407716764402728962,426356,384671,41685,
Malawi,2021-06-24,Oxford/AstraZeneca,https://twitter.com/health_malawi/status/1408129326143397890,427440,385047,42393,
Malawi,2021-06-25,Oxford/AstraZeneca,https://twitter.com/health_malawi/status/1408459031212171267,427730,385114,42616,
Malawi,2021-06-26,Oxford/AstraZeneca,https://twitter.com/health_malawi/status/1408832225081184267,428321,385219,43102,
Malawi,2021-06-27,Oxford/AstraZeneca,https://twitter.com/health_malawi/status/1409188324158365700,428391,385236,43155,
Malawi,2021-06-28,Oxford/AstraZeneca,https://twitter.com/health_malawi/status/1409557597569568768,428407,385242,43165,
Malawi,2021-07-27,Oxford/AstraZeneca,https://twitter.com/health_malawi/status/1420061317055066113,448408,390738,57670,
Malawi,2021-07-28,Oxford/AstraZeneca,https://twitter.com/health_malawi/status/1420451522966704132,504195,410724,93471,
Malawi,2021-07-30,Oxford/AstraZeneca,https://twitter.com/health_malawi/status/1421156935605313538,580557,447525,133032,
Malawi,2021-07-31,Oxford/AstraZeneca,https://twitter.com/health_malawi/status/1421757440509501442,591863,453729,138134,
Malawi,2021-08-01,Oxford/AstraZeneca,https://twitter.com/health_malawi/status/1421871500521525250,594333,454752,139581,
Malawi,2021-08-02,Oxford/AstraZeneca,https://twitter.com/health_malawi/status/1422250885296574471,595535,455207,140328,
Malawi,2021-08-03,Oxford/AstraZeneca,https://twitter.com/health_malawi/status/1422603549389766658,597862,455763,142099,
Malawi,2021-08-04,Oxford/AstraZeneca,https://twitter.com/health_malawi/status/1422959329448239113,598408,456126,142282,
Malawi,2021-08-05,Oxford/AstraZeneca,https://twitter.com/health_malawi/status/1423323032009986053,622218,463236,158982,
Malawi,2021-08-08,Oxford/AstraZeneca,https://twitter.com/health_malawi/status/1424404055015710728,624077,464848,159229,
Malawi,2021-08-10,"Oxford/AstraZeneca, Johnson&Johnson",https://twitter.com/health_malawi/status/1425158616131178496,655865,496636,192017,
Malawi,2021-08-12,"Oxford/AstraZeneca, Johnson&Johnson",https://twitter.com/health_malawi/status/1425865119431602180,683097,523868,219249,
Malawi,2021-08-14,"Oxford/AstraZeneca, Johnson&Johnson",https://twitter.com/health_malawi/status/1426570468094619650,725197,565968,261349,
Malawi,2021-08-15,"Oxford/AstraZeneca, Johnson&Johnson",https://twitter.com/health_malawi/status/1426946248939085826,728748,569519,264900,
Malawi,2021-08-16,"Oxford/AstraZeneca, Johnson&Johnson",https://twitter.com/health_malawi/status/1427303720753274885,729339,570110,265491,
Malawi,2021-08-17,"Oxford/AstraZeneca, Johnson&Johnson",https://twitter.com/health_malawi/status/1427821369216090113,750138,585592,285505,
Malawi,2021-08-18,"Oxford/AstraZeneca, Johnson&Johnson",https://twitter.com/health_malawi/status/1428036068188827657,768280,598158,303470,
Malawi,2021-08-19,"Oxford/AstraZeneca, Johnson&Johnson",https://twitter.com/health_malawi/status/1428397403313410048,788376,611442,323221,
Malawi,2021-08-20,"Oxford/AstraZeneca, Johnson&Johnson",https://twitter.com/health_malawi/status/1428751097670295552,806316,621867,340565,
Malawi,2021-08-22,"Oxford/AstraZeneca, Johnson&Johnson",https://twitter.com/health_malawi/status/1429470400665300996,827615,635098,360616,
Malawi,2021-08-23,"Oxford/AstraZeneca, Johnson&Johnson",https://twitter.com/health_malawi/status/1429841190833332243,827885,635311,360886,
Malawi,2021-08-24,"Oxford/AstraZeneca, Johnson&Johnson",https://twitter.com/health_malawi/status/1430198654611173376,840736,643799,372544,
Malawi,2021-08-25,"Oxford/AstraZeneca, Johnson&Johnson",https://twitter.com/health_malawi/status/1430565717808660481,851823,651096,382516,
Malawi,2021-08-27,"Oxford/AstraZeneca, Johnson&Johnson",https://twitter.com/health_malawi/status/1431291712350167047,868988,662638,397700,
Malawi,2021-08-29,"Oxford/AstraZeneca, Johnson&Johnson",https://twitter.com/health_malawi/status/1432005070967787521,877951,669053,405722,
Malawi,2021-08-30,"Oxford/AstraZeneca, Johnson&Johnson",https://twitter.com/health_malawi/status/1432375727236816896,878138,681196,405896,
Malawi,2021-08-31,"Oxford/AstraZeneca, Johnson&Johnson",https://twitter.com/health_malawi/status/1432740604375613446,883432,683640,410484,
Malawi,2021-09-01,"Oxford/AstraZeneca, Johnson&Johnson",https://twitter.com/health_malawi/status/1433114158103412737,893062,688002,418255,
Malawi,2021-09-03,"Oxford/AstraZeneca, Johnson&Johnson",https://twitter.com/health_malawi/status/1433462373344583680,898201,690515,422408,
Malawi,2021-09-04,"Oxford/AstraZeneca, Johnson&Johnson",https://twitter.com/health_malawi/status/1434188897165234177,909438,696977,430476,
Malawi,2021-09-05,"Oxford/AstraZeneca, Johnson&Johnson",https://twitter.com/health_malawi/status/1434523919982211073,910347,697559,431247,
Malawi,2021-09-06,"Oxford/AstraZeneca, Johnson&Johnson",https://twitter.com/health_malawi/status/1434903749613531140,911292,697824,432188,
Malawi,2021-09-07,"Oxford/AstraZeneca, Johnson&Johnson",https://twitter.com/health_malawi/status/1435288304610648066,916777,701061,435997,
Malawi,2021-09-10,"Oxford/AstraZeneca, Johnson&Johnson",https://twitter.com/health_malawi/status/1436362892715114497,933541,707769,448000,
Malawi,2021-09-11,"Oxford/AstraZeneca, Johnson&Johnson",https://twitter.com/health_malawi/status/1436746772928413700,937856,710897,450250,
Malawi,2021-09-12,"Oxford/AstraZeneca, Johnson&Johnson",https://twitter.com/health_malawi/status/1437052393758281734,941059,713014,452402,
Malawi,2021-09-13,"Oxford/AstraZeneca, Johnson&Johnson",https://twitter.com/health_malawi/status/1437444698172493827,946765,718103,457324,
Malawi,2021-09-14,"Oxford/AstraZeneca, Johnson&Johnson",https://twitter.com/health_malawi/status/1437834397080858627,956031,725381,461402,
Malawi,2021-09-16,"Oxford/AstraZeneca, Johnson&Johnson",https://twitter.com/health_malawi/status/1438547688610582530,968300,737225,466208,
Malawi,2021-09-17,"Oxford/AstraZeneca, Johnson&Johnson",https://twitter.com/health_malawi/status/1438895370701053963,974830,742169,469604,
Malawi,2021-09-18,"Oxford/AstraZeneca, Johnson&Johnson",https://twitter.com/health_malawi/status/1439293892046827520,980682,747312,471299,
Malawi,2021-09-19,"Oxford/AstraZeneca, Johnson&Johnson",https://twitter.com/health_malawi/status/1439620303169150983,983126,748937,473443,
Malawi,2021-09-20,"Oxford/AstraZeneca, Johnson&Johnson",https://twitter.com/health_malawi/status/1439978683612209157,984653,749879,474392,
Malawi,2021-09-21,"Oxford/AstraZeneca, Johnson&Johnson",https://twitter.com/health_malawi/status/1440353042172235781,992736,757086,477387,
Malawi,2021-09-22,"Oxford/AstraZeneca, Johnson&Johnson",https://twitter.com/health_malawi/status/1440701303475216384,1002398,765895,480238,
Malawi,2021-09-23,"Oxford/AstraZeneca, Johnson&Johnson",https://twitter.com/health_malawi/status/1441074004090097666,1010384,772276,483685,
Malawi,2021-09-24,"Oxford/AstraZeneca, Johnson&Johnson",https://twitter.com/health_malawi/status/1441434309991309317,1019673,780637,486133,
Malawi,2021-09-25,"Oxford/AstraZeneca, Johnson&Johnson",https://twitter.com/health_malawi/status/1441789143042850824,1028040,788138,488444,
Malawi,2021-09-26,"Oxford/AstraZeneca, Johnson&Johnson",https://twitter.com/health_malawi/status/1442148196843601920,1030077,789812,489199,
Malawi,2021-09-27,"Oxford/AstraZeneca, Johnson&Johnson",https://twitter.com/health_malawi/status/1442558838385913864,1031041,790707,489593,
Malawi,2021-09-29,"Oxford/AstraZeneca, Johnson&Johnson",https://twitter.com/health_malawi/status/1443254108245401606,1047408,804725,496366,
Malawi,2021-10-01,"Oxford/AstraZeneca, Johnson&Johnson",https://twitter.com/health_malawi/status/1443970175083163650,1062929,818939,498701,
Malawi,2021-10-02,"Oxford/AstraZeneca, Johnson&Johnson",https://twitter.com/health_malawi/status/1444361306581176323,1066218,821946,499390,
Malawi,2021-10-03,"Oxford/AstraZeneca, Johnson&Johnson",https://twitter.com/health_malawi/status/1444703374050537484,1068095,823582,499844,
Malawi,2021-10-04,"Oxford/AstraZeneca, Johnson&Johnson",https://twitter.com/health_malawi/status/1445046339985870848,1068899,824376,499918,
Malawi,2021-10-05,"Oxford/AstraZeneca, Johnson&Johnson",https://twitter.com/health_malawi/status/1445425043689857034,1076184,831283,501296,
Malawi,2021-10-06,"Oxford/AstraZeneca, Johnson&Johnson",https://twitter.com/health_malawi/status/1445797191768023045,1084319,839097,502755,
Malawi,2021-10-07,"Oxford/AstraZeneca, Johnson&Johnson",https://twitter.com/health_malawi/status/1446183330941124615,1092540,847103,503916,
Malawi,2021-10-08,"Oxford/AstraZeneca, Johnson&Johnson",https://twitter.com/health_malawi/status/1446521328786448394,1099302,853027,505939,
Malawi,2021-10-09,"Oxford/AstraZeneca, Johnson&Johnson",https://twitter.com/health_malawi/status/1446870706541711361,1110470,863374,507463,
Malawi,2021-10-10,"Oxford/AstraZeneca, Johnson&Johnson",https://twitter.com/health_malawi/status/1447235220055502854,1115091,867591,508367,
Malawi,2021-10-11,"Oxford/AstraZeneca, Johnson&Johnson",https://twitter.com/health_malawi/status/1447608414830465026,1117234,868390,510239,
Malawi,2021-10-12,"Oxford/AstraZeneca, Johnson&Johnson",https://twitter.com/health_malawi/status/1448074801298477056,1122514,872800,512022,
Malawi,2021-10-14,"Oxford/AstraZeneca, Johnson&Johnson",https://twitter.com/health_malawi/status/1448698145307758599,1134986,883863,515519,
Malawi,2021-10-15,"Oxford/AstraZeneca, Johnson&Johnson",https://twitter.com/health_malawi/status/1449067718196486151,1142285,890332,517398,
Malawi,2021-10-16,"Oxford/AstraZeneca, Johnson&Johnson",https://twitter.com/health_malawi/status/1449436859659063305,1145420,892844,518477,
Malawi,2021-10-17,"Oxford/AstraZeneca, Johnson&Johnson",https://twitter.com/health_malawi/status/1449756841198637056,1148069,895463,518717,
Malawi,2021-10-19,"Oxford/AstraZeneca, Johnson&Johnson",https://twitter.com/health_malawi/status/1450497378734182413,1153801,900023,521378,
Malawi,2021-10-20,"Oxford/AstraZeneca, Johnson&Johnson",https://twitter.com/health_malawi/status/1450896166284038148,1160788,906673,524096,
Malawi,2021-10-22,"Oxford/AstraZeneca, Johnson&Johnson",https://twitter.com/health_malawi/status/1451568440217583616,1178109,922158,531434,
Malawi,2021-10-23,"Oxford/AstraZeneca, Johnson&Johnson",https://twitter.com/health_malawi/status/1451929548233261056,1183633,926939,533726,
Malawi,2021-10-24,"Oxford/AstraZeneca, Johnson&Johnson",https://twitter.com/health_malawi/status/1452320607509569539,1188689,931399,536108,
Malawi,2021-10-25,"Oxford/AstraZeneca, Johnson&Johnson",https://twitter.com/health_malawi/status/1452674649045835782,1193596,933856,540186,
Malawi,2021-10-26,"Oxford/AstraZeneca, Johnson&Johnson",https://twitter.com/health_malawi/status/1453012239355719685,1202797,942538,543237,
Malawi,2021-10-27,"Oxford/AstraZeneca, Johnson&Johnson",https://twitter.com/health_malawi/status/1453390503651782656,1211046,950399,545528,
Malawi,2021-10-28,"Oxford/AstraZeneca, Johnson&Johnson",https://twitter.com/health_malawi/status/1453744007616647174,1217829,956793,547803,
Malawi,2021-10-29,"Oxford/AstraZeneca, Johnson&Johnson",https://twitter.com/health_malawi/status/1454122700146946056,1228019,965502,552758,
Malawi,2021-10-30,"Oxford/AstraZeneca, Johnson&Johnson",https://twitter.com/health_malawi/status/1454469921316933637,1235200,972402,555220,
Malawi,2021-10-31,"Oxford/AstraZeneca, Johnson&Johnson",https://twitter.com/health_malawi/status/1454827402559954949,1238209,975341,556336,
Malawi,2021-11-01,"Oxford/AstraZeneca, Johnson&Johnson",https://twitter.com/health_malawi/status/1455204600177467392,1239625,976705,556696,
Malawi,2021-11-03,"Oxford/AstraZeneca, Johnson&Johnson",https://twitter.com/health_malawi/status/1455940994516541450,1250865,987945,559511,
Malawi,2021-11-04,"Oxford/AstraZeneca, Johnson&Johnson",https://twitter.com/health_malawi/status/1456291232032993286,1255245,992325,560444,
