location,date,vaccine,total_vaccinations,people_vaccinated,source_url,people_fully_vaccinated,total_boosters
Moldova,2021-03-05,"Oxford/AstraZeneca, Pfizer/BioNTech",3849,3849,https://msmps.gov.md/comunicare/comunicate/republica-moldova-este-prima-tara-din-regiunea-europeana-care-a-receptionat-vaccinul-impotriva-covid-19-prin-mecanismul-covax/,,
Moldova,2021-03-10,"Oxford/AstraZeneca, Pfizer/BioNTech",6447,6447,https://vaccinare.gov.md/,0,
Moldova,2021-03-11,"Oxford/AstraZeneca, Pfizer/BioNTech",8116,8116,https://vaccinare.gov.md/,0,
Moldova,2021-03-12,"Oxford/AstraZeneca, Pfizer/BioNTech",9341,9341,https://vaccinare.gov.md/,0,
Moldova,2021-03-13,"Oxford/AstraZeneca, Pfizer/BioNTech",11431,11431,https://vaccinare.gov.md/,0,
Moldova,2021-03-15,"Oxford/AstraZeneca, Pfizer/BioNTech, Sinopharm/Beijing",12754,12754,https://vaccinare.gov.md/,0,
Moldova,2021-03-16,"Oxford/AstraZeneca, Pfizer/BioNTech, Sinopharm/Beijing",14814,14814,https://vaccinare.gov.md/,0,
Moldova,2021-03-17,"Oxford/AstraZeneca, Pfizer/BioNTech, Sinopharm/Beijing",16131,16131,https://vaccinare.gov.md/,0,
Moldova,2021-03-19,"Oxford/AstraZeneca, Pfizer/BioNTech, Sinopharm/Beijing",18593,18593,https://vaccinare.gov.md/,0,
Moldova,2021-03-21,"Oxford/AstraZeneca, Pfizer/BioNTech, Sinopharm/Beijing",20494,20494,https://vaccinare.gov.md/,0,
Moldova,2021-03-23,"Oxford/AstraZeneca, Pfizer/BioNTech, Sinopharm/Beijing",21194,21194,https://vaccinare.gov.md/,0,
Moldova,2021-03-24,"Oxford/AstraZeneca, Pfizer/BioNTech, Sinopharm/Beijing",23454,23454,https://vaccinare.gov.md/,0,
Moldova,2021-03-25,"Oxford/AstraZeneca, Pfizer/BioNTech, Sinopharm/Beijing",27445,27445,https://vaccinare.gov.md/,0,
Moldova,2021-03-26,"Oxford/AstraZeneca, Pfizer/BioNTech, Sinopharm/Beijing",30722,30722,https://vaccinare.gov.md/,0,
Moldova,2021-03-27,"Oxford/AstraZeneca, Pfizer/BioNTech, Sinopharm/Beijing",33885,33885,https://vaccinare.gov.md/,0,
Moldova,2021-03-31,"Oxford/AstraZeneca, Pfizer/BioNTech, Sinopharm/Beijing",40321,40321,https://vaccinare.gov.md/,0,
Moldova,2021-04-01,"Oxford/AstraZeneca, Pfizer/BioNTech, Sinopharm/Beijing",42154,42154,https://vaccinare.gov.md/,0,
Moldova,2021-04-04,"Oxford/AstraZeneca, Pfizer/BioNTech, Sinopharm/Beijing",47524,47524,https://vaccinare.gov.md/,0,
Moldova,2021-04-06,"Oxford/AstraZeneca, Pfizer/BioNTech, Sinopharm/Beijing",51574,51574,https://vaccinare.gov.md/,0,
Moldova,2021-04-07,"Oxford/AstraZeneca, Pfizer/BioNTech, Sinopharm/Beijing",54907,54907,https://vaccinare.gov.md/,0,
Moldova,2021-04-09,"Oxford/AstraZeneca, Pfizer/BioNTech, Sinopharm/Beijing",57561,57561,https://vaccinare.gov.md/,0,
Moldova,2021-04-11,"Oxford/AstraZeneca, Pfizer/BioNTech, Sinopharm/Beijing",64179,64179,https://vaccinare.gov.md/,0,
Moldova,2021-04-12,"Oxford/AstraZeneca, Pfizer/BioNTech, Sinopharm/Beijing",67085,67085,https://vaccinare.gov.md/,0,
Moldova,2021-04-13,"Oxford/AstraZeneca, Pfizer/BioNTech, Sinopharm/Beijing",71780,71780,https://vaccinare.gov.md/,0,
Moldova,2021-04-14,"Oxford/AstraZeneca, Pfizer/BioNTech, Sinopharm/Beijing",78665,,https://vaccinare.gov.md/,,
Moldova,2021-04-15,"Oxford/AstraZeneca, Pfizer/BioNTech, Sinopharm/Beijing",86016,78019,https://vaccinare.gov.md/,7997,
Moldova,2021-04-16,"Oxford/AstraZeneca, Pfizer/BioNTech, Sinopharm/Beijing",91743,82267,https://vaccinare.gov.md/,9476,
Moldova,2021-04-18,"Oxford/AstraZeneca, Pfizer/BioNTech, Sinopharm/Beijing",93466,83641,https://vaccinare.gov.md/,9825,
Moldova,2021-04-19,"Oxford/AstraZeneca, Pfizer/BioNTech, Sinopharm/Beijing",96372,86131,https://vaccinare.gov.md/,10241,
Moldova,2021-04-20,"Oxford/AstraZeneca, Pfizer/BioNTech, Sinopharm/Beijing",99639,88824,https://vaccinare.gov.md/,10815,
Moldova,2021-04-22,"Oxford/AstraZeneca, Pfizer/BioNTech, Sinopharm/Beijing",109899,98541,https://vaccinare.gov.md/,11358,
Moldova,2021-04-23,"Oxford/AstraZeneca, Pfizer/BioNTech, Sinopharm/Beijing",120254,108760,https://vaccinare.gov.md/,11494,
Moldova,2021-04-26,"Oxford/AstraZeneca, Pfizer/BioNTech, Sinopharm/Beijing",124695,113135,https://vaccinare.gov.md/,11560,
Moldova,2021-04-27,"Oxford/AstraZeneca, Pfizer/BioNTech, Sinopharm/Beijing",132600,119583,https://vaccinare.gov.md/,13017,
Moldova,2021-04-28,"Oxford/AstraZeneca, Pfizer/BioNTech, Sinopharm/Beijing",139505,124505,https://vaccinare.gov.md/,15000,
Moldova,2021-04-29,"Oxford/AstraZeneca, Pfizer/BioNTech, Sinopharm/Beijing",145117,128587,https://vaccinare.gov.md/,16530,
Moldova,2021-04-30,"Oxford/AstraZeneca, Pfizer/BioNTech, Sinopharm/Beijing",147315,130218,https://vaccinare.gov.md/,17097,
Moldova,2021-05-04,"Oxford/AstraZeneca, Pfizer/BioNTech, Sinopharm/Beijing",150384,132065,https://vaccinare.gov.md/,18319,
Moldova,2021-05-05,"Oxford/AstraZeneca, Pfizer/BioNTech, Sinopharm/Beijing, Sputnik V",160476,140174,https://vaccinare.gov.md/,20302,
Moldova,2021-05-06,"Oxford/AstraZeneca, Pfizer/BioNTech, Sinopharm/Beijing, Sputnik V",171820,150173,https://vaccinare.gov.md/,21647,
Moldova,2021-05-07,"Oxford/AstraZeneca, Pfizer/BioNTech, Sinopharm/Beijing, Sputnik V",182717,159420,https://vaccinare.gov.md/,23297,
Moldova,2021-05-08,"Oxford/AstraZeneca, Pfizer/BioNTech, Sinopharm/Beijing, Sputnik V",184660,161266,https://vaccinare.gov.md/,23394,
Moldova,2021-05-10,"Oxford/AstraZeneca, Pfizer/BioNTech, Sinopharm/Beijing, Sputnik V",185292,161849,https://vaccinare.gov.md/,23443,
Moldova,2021-05-11,"Oxford/AstraZeneca, Pfizer/BioNTech, Sinopharm/Beijing, Sputnik V",192845,167476,https://vaccinare.gov.md/,25369,
Moldova,2021-05-12,"Oxford/AstraZeneca, Pfizer/BioNTech, Sinopharm/Beijing, Sputnik V",202883,175754,https://vaccinare.gov.md/,27129,
Moldova,2021-05-13,"Oxford/AstraZeneca, Pfizer/BioNTech, Sinopharm/Beijing, Sputnik V",216740,187446,https://vaccinare.gov.md/,29294,
Moldova,2021-05-14,"Oxford/AstraZeneca, Pfizer/BioNTech, Sinopharm/Beijing, Sputnik V",228971,197548,https://vaccinare.gov.md/,31423,
Moldova,2021-05-15,"Oxford/AstraZeneca, Pfizer/BioNTech, Sinopharm/Beijing, Sputnik V",233603,201838,https://vaccinare.gov.md/,31765,
Moldova,2021-05-17,"Oxford/AstraZeneca, Pfizer/BioNTech, Sinopharm/Beijing, Sputnik V",242946,209881,https://vaccinare.gov.md/,33065,
Moldova,2021-05-18,"Oxford/AstraZeneca, Pfizer/BioNTech, Sinopharm/Beijing, Sputnik V",253310,219004,https://vaccinare.gov.md/,34306,
Moldova,2021-05-19,"Oxford/AstraZeneca, Pfizer/BioNTech, Sinopharm/Beijing, Sputnik V",264380,228911,https://vaccinare.gov.md/,35469,
Moldova,2021-05-20,"Oxford/AstraZeneca, Pfizer/BioNTech, Sinopharm/Beijing, Sputnik V",275627,239094,https://vaccinare.gov.md/,36533,
Moldova,2021-05-21,"Oxford/AstraZeneca, Pfizer/BioNTech, Sinopharm/Beijing, Sputnik V",288097,250034,https://vaccinare.gov.md/,38063,
Moldova,2021-05-22,"Oxford/AstraZeneca, Pfizer/BioNTech, Sinopharm/Beijing, Sputnik V",294794,256175,https://vaccinare.gov.md/,38619,
Moldova,2021-05-23,"Oxford/AstraZeneca, Pfizer/BioNTech, Sinopharm/Beijing, Sputnik V",298553,259809,https://vaccinare.gov.md/,38744,
Moldova,2021-05-24,"Oxford/AstraZeneca, Pfizer/BioNTech, Sinopharm/Beijing, Sputnik V",306610,266238,https://vaccinare.gov.md/,40372,
Moldova,2021-05-25,"Oxford/AstraZeneca, Pfizer/BioNTech, Sinopharm/Beijing, Sputnik V",351843,301175,https://vaccinare.gov.md/,50668,
Moldova,2021-05-27,"Oxford/AstraZeneca, Pfizer/BioNTech, Sinopharm/Beijing, Sputnik V",376969,316382,https://vaccinare.gov.md/,60587,
Moldova,2021-05-28,"Oxford/AstraZeneca, Pfizer/BioNTech, Sinopharm/Beijing, Sputnik V",398609,328268,https://vaccinare.gov.md/,70341,
Moldova,2021-05-29,"Oxford/AstraZeneca, Pfizer/BioNTech, Sinopharm/Beijing, Sputnik V",406758,333875,https://vaccinare.gov.md/,72883,
Moldova,2021-05-31,"Oxford/AstraZeneca, Pfizer/BioNTech, Sinopharm/Beijing, Sputnik V",416814,340151,https://vaccinare.gov.md/,76663,
Moldova,2021-06-01,"Oxford/AstraZeneca, Pfizer/BioNTech, Sinopharm/Beijing, Sputnik V",426086,344826,https://vaccinare.gov.md/,81260,
Moldova,2021-06-02,"Oxford/AstraZeneca, Pfizer/BioNTech, Sinopharm/Beijing, Sputnik V",439049,349748,https://vaccinare.gov.md/,89301,
Moldova,2021-06-03,"Oxford/AstraZeneca, Pfizer/BioNTech, Sinopharm/Beijing, Sputnik V",465028,360070,https://vaccinare.gov.md/,104958,
Moldova,2021-06-05,"Oxford/AstraZeneca, Pfizer/BioNTech, Sinopharm/Beijing, Sputnik V",469665,362421,https://vaccinare.gov.md/,107244,
Moldova,2021-06-06,"Oxford/AstraZeneca, Pfizer/BioNTech, Sinopharm/Beijing, Sputnik V",470718,363188,https://vaccinare.gov.md/,107530,
Moldova,2021-06-07,"Oxford/AstraZeneca, Pfizer/BioNTech, Sinopharm/Beijing, Sputnik V",480131,366599,https://vaccinare.gov.md/,113532,
Moldova,2021-06-09,"Oxford/AstraZeneca, Pfizer/BioNTech, Sinopharm/Beijing, Sputnik V",501896,374041,https://vaccinare.gov.md/,127855,
Moldova,2021-06-10,"Oxford/AstraZeneca, Pfizer/BioNTech, Sinopharm/Beijing, Sputnik V",512205,377714,https://vaccinare.gov.md/,134491,
Moldova,2021-06-11,"Oxford/AstraZeneca, Pfizer/BioNTech, Sinopharm/Beijing, Sputnik V",522848,381141,https://vaccinare.gov.md/,141707,
Moldova,2021-06-12,"Oxford/AstraZeneca, Pfizer/BioNTech, Sinopharm/Beijing, Sputnik V",528421,382803,https://vaccinare.gov.md/,145618,
Moldova,2021-06-13,"Oxford/AstraZeneca, Pfizer/BioNTech, Sinopharm/Beijing, Sputnik V",530364,383429,https://vaccinare.gov.md/,146935,
Moldova,2021-06-14,"Oxford/AstraZeneca, Pfizer/BioNTech, Sinopharm/Beijing, Sputnik V",538879,385969,https://vaccinare.gov.md/,152910,
Moldova,2021-06-15,"Oxford/AstraZeneca, Pfizer/BioNTech, Sinopharm/Beijing, Sputnik V",556597,388808,https://vaccinare.gov.md/,167789,
Moldova,2021-06-16,"Oxford/AstraZeneca, Pfizer/BioNTech, Sinopharm/Beijing, Sputnik V",577763,391279,https://vaccinare.gov.md/,186484,
Moldova,2021-06-17,"Oxford/AstraZeneca, Pfizer/BioNTech, Sinopharm/Beijing, Sputnik V",597494,394554,https://vaccinare.gov.md/,202940,
Moldova,2021-06-18,"Oxford/AstraZeneca, Pfizer/BioNTech, Sinopharm/Beijing, Sputnik V",613587,397151,https://vaccinare.gov.md/,216436,
Moldova,2021-06-19,"Oxford/AstraZeneca, Pfizer/BioNTech, Sinopharm/Beijing, Sputnik V",618217,398376,https://vaccinare.gov.md/,219841,
Moldova,2021-06-20,"Oxford/AstraZeneca, Pfizer/BioNTech, Sinopharm/Beijing, Sputnik V",631346,401379,https://vaccinare.gov.md/,229967,
Moldova,2021-06-21,"Oxford/AstraZeneca, Pfizer/BioNTech, Sinopharm/Beijing, Sputnik V",642482,404766,https://vaccinare.gov.md/,237716,
Moldova,2021-06-23,"Oxford/AstraZeneca, Pfizer/BioNTech, Sinopharm/Beijing, Sputnik V",655537,410648,https://vaccinare.gov.md/,244889,
Moldova,2021-06-24,"Oxford/AstraZeneca, Pfizer/BioNTech, Sinopharm/Beijing, Sputnik V",667835,417565,https://vaccinare.gov.md/,250270,
Moldova,2021-06-25,"Oxford/AstraZeneca, Pfizer/BioNTech, Sinopharm/Beijing, Sputnik V",680298,424419,https://vaccinare.gov.md/,255879,
Moldova,2021-06-26,"Oxford/AstraZeneca, Pfizer/BioNTech, Sinopharm/Beijing, Sputnik V",688125,430483,https://vaccinare.gov.md/,257642,
Moldova,2021-06-28,"Oxford/AstraZeneca, Pfizer/BioNTech, Sinopharm/Beijing, Sputnik V",696911,435687,https://vaccinare.gov.md/,261224,
Moldova,2021-06-29,"Oxford/AstraZeneca, Pfizer/BioNTech, Sinopharm/Beijing, Sputnik V",706942,441619,https://vaccinare.gov.md/,265323,
Moldova,2021-06-30,"Oxford/AstraZeneca, Pfizer/BioNTech, Sinopharm/Beijing, Sputnik V",726970,453142,https://vaccinare.gov.md/,273828,
Moldova,2021-07-02,"Oxford/AstraZeneca, Pfizer/BioNTech, Sinopharm/Beijing, Sputnik V",735965,458077,https://vaccinare.gov.md/,277888,
Moldova,2021-07-03,"Oxford/AstraZeneca, Pfizer/BioNTech, Sinopharm/Beijing, Sputnik V",739402,460117,https://vaccinare.gov.md/,279285,
Moldova,2021-07-04,"Oxford/AstraZeneca, Pfizer/BioNTech, Sinopharm/Beijing, Sputnik V",740317,460800,https://vaccinare.gov.md/,279517,
Moldova,2021-07-05,"Oxford/AstraZeneca, Pfizer/BioNTech, Sinopharm/Beijing, Sputnik V",746463,464080,https://vaccinare.gov.md/,282383,
Moldova,2021-07-06,"Oxford/AstraZeneca, Pfizer/BioNTech, Sinopharm/Beijing, Sputnik V",755391,468103,https://vaccinare.gov.md/,287288,
Moldova,2021-07-07,"Oxford/AstraZeneca, Pfizer/BioNTech, Sinopharm/Beijing, Sputnik V",763927,471666,https://vaccinare.gov.md/,292261,
Moldova,2021-07-08,"Oxford/AstraZeneca, Pfizer/BioNTech, Sinopharm/Beijing, Sputnik V",774187,475466,https://vaccinare.gov.md/,298721,
Moldova,2021-07-09,"Oxford/AstraZeneca, Pfizer/BioNTech, Sinopharm/Beijing, Sputnik V",784671,479124,https://vaccinare.gov.md/,305547,
Moldova,2021-07-10,"Oxford/AstraZeneca, Pfizer/BioNTech, Sinopharm/Beijing, Sputnik V",786774,480224,https://vaccinare.gov.md/,306550,
Moldova,2021-07-11,"Oxford/AstraZeneca, Pfizer/BioNTech, Sinopharm/Beijing, Sputnik V",793281,484842,https://vaccinare.gov.md/,308439,
Moldova,2021-07-12,"Oxford/AstraZeneca, Pfizer/BioNTech, Sinopharm/Beijing, Sputnik V",803049,489576,https://vaccinare.gov.md/,313473,
Moldova,2021-07-13,"Oxford/AstraZeneca, Pfizer/BioNTech, Sinopharm/Beijing, Sputnik V",813722,493393,https://vaccinare.gov.md/,320329,
Moldova,2021-07-14,"Oxford/AstraZeneca, Pfizer/BioNTech, Sinopharm/Beijing, Sputnik V",824789,495794,https://vaccinare.gov.md/,328995,
Moldova,2021-07-15,"Oxford/AstraZeneca, Pfizer/BioNTech, Sinopharm/Beijing, Sputnik V",848306,500900,https://vaccinare.gov.md/,347406,
Moldova,2021-07-17,"Oxford/AstraZeneca, Pfizer/BioNTech, Sinopharm/Beijing, Sputnik V",861995,503171,https://vaccinare.gov.md/,358824,
Moldova,2021-07-19,"Oxford/AstraZeneca, Pfizer/BioNTech, Sinopharm/Beijing, Sputnik V",892293,503426,https://vaccinare.gov.md/,388867,
Moldova,2021-07-21,"Oxford/AstraZeneca, Pfizer/BioNTech, Sinopharm/Beijing, Sputnik V",910782,505356,https://vaccinare.gov.md/,405426,
Moldova,2021-07-22,"Oxford/AstraZeneca, Pfizer/BioNTech, Sinopharm/Beijing, Sputnik V",941278,508482,https://vaccinare.gov.md/,432796,
Moldova,2021-07-24,"Oxford/AstraZeneca, Pfizer/BioNTech, Sinopharm/Beijing, Sputnik V",951807,514771,https://vaccinare.gov.md/,437036,
Moldova,2021-07-25,"Oxford/AstraZeneca, Pfizer/BioNTech, Sinopharm/Beijing, Sputnik V",955799,517392,https://vaccinare.gov.md/,438407,
Moldova,2021-07-26,"Oxford/AstraZeneca, Pfizer/BioNTech, Sinopharm/Beijing, Sputnik V",973797,524906,https://vaccinare.gov.md/,448891,
Moldova,2021-07-27,"Oxford/AstraZeneca, Pfizer/BioNTech, Sinopharm/Beijing, Sputnik V",992873,532962,https://vaccinare.gov.md/,459911,
Moldova,2021-07-28,"Oxford/AstraZeneca, Pfizer/BioNTech, Sinopharm/Beijing, Sputnik V",1008855,538869,https://vaccinare.gov.md/,469986,
Moldova,2021-07-29,"Oxford/AstraZeneca, Pfizer/BioNTech, Sinopharm/Beijing, Sputnik V",1022126,,https://vaccinare.gov.md/,,
Moldova,2021-07-30,"Oxford/AstraZeneca, Pfizer/BioNTech, Sinopharm/Beijing, Sputnik V",1034428,546407,https://vaccinare.gov.md/,488021,
Moldova,2021-07-31,"Oxford/AstraZeneca, Pfizer/BioNTech, Sinopharm/Beijing, Sputnik V",1042636,548890,https://vaccinare.gov.md/,493746,
Moldova,2021-08-01,"Oxford/AstraZeneca, Pfizer/BioNTech, Sinopharm/Beijing, Sputnik V",1044529,549478,https://vaccinare.gov.md/,495051,
Moldova,2021-08-02,"Oxford/AstraZeneca, Pfizer/BioNTech, Sinopharm/Beijing, Sputnik V",1051038,551424,https://vaccinare.gov.md/,499614,
Moldova,2021-08-03,"Oxford/AstraZeneca, Pfizer/BioNTech, Sinopharm/Beijing, Sputnik V",1070385,557291,https://vaccinare.gov.md/,513094,
Moldova,2021-08-06,"Oxford/AstraZeneca, Pfizer/BioNTech, Sinopharm/Beijing, Sputnik V",1089888,561055,https://vaccinare.gov.md/,528833,
Moldova,2021-09-23,"Johnson&Johnson, Oxford/AstraZeneca, Pfizer/BioNTech, Sinopharm/Beijing, Sputnik V",1375981,,https://vaccinare.gov.md/,765025,
Moldova,2021-09-24,"Johnson&Johnson, Oxford/AstraZeneca, Pfizer/BioNTech, Sinopharm/Beijing, Sputnik V",1381402,,https://vaccinare.gov.md/,769140,
Moldova,2021-09-26,"Johnson&Johnson, Oxford/AstraZeneca, Pfizer/BioNTech, Sinopharm/Beijing, Sputnik V",1383749,,https://vaccinare.gov.md/,770910,
Moldova,2021-09-27,"Johnson&Johnson, Oxford/AstraZeneca, Pfizer/BioNTech, Sinopharm/Beijing, Sputnik V",1388566,,https://vaccinare.gov.md/,774327,
Moldova,2021-09-28,"Johnson&Johnson, Oxford/AstraZeneca, Pfizer/BioNTech, Sinopharm/Beijing, Sputnik V",1392707,,https://vaccinare.gov.md/,777944,
Moldova,2021-09-30,"Johnson&Johnson, Oxford/AstraZeneca, Pfizer/BioNTech, Sinopharm/Beijing, Sputnik V",1401428,,https://vaccinare.gov.md/,784753,
Moldova,2021-10-01,"Johnson&Johnson, Oxford/AstraZeneca, Pfizer/BioNTech, Sinopharm/Beijing, Sputnik V",1406287,,https://vaccinare.gov.md/,788410,
Moldova,2021-10-02,"Johnson&Johnson, Oxford/AstraZeneca, Pfizer/BioNTech, Sinopharm/Beijing, Sputnik V",1408345,,https://vaccinare.gov.md/,789987,
Moldova,2021-10-03,"Johnson&Johnson, Oxford/AstraZeneca, Pfizer/BioNTech, Sinopharm/Beijing, Sputnik V",1409245,824986,https://who.maps.arcgis.com/apps/dashboards/ead3c6475654481ca51c248d52ab9c61,,
Moldova,2021-10-04,"Johnson&Johnson, Oxford/AstraZeneca, Pfizer/BioNTech, Sinopharm/Beijing, Sputnik V",1412166,,https://vaccinare.gov.md/,793002,
Moldova,2021-10-06,"Johnson&Johnson, Oxford/AstraZeneca, Pfizer/BioNTech, Sinopharm/Beijing, Sputnik V",1421336,,https://vaccinare.gov.md/,800205,
Moldova,2021-10-07,"Johnson&Johnson, Oxford/AstraZeneca, Pfizer/BioNTech, Sinopharm/Beijing, Sputnik V",1426850,,https://vaccinare.gov.md/,804602,
Moldova,2021-10-08,"Johnson&Johnson, Oxford/AstraZeneca, Pfizer/BioNTech, Sinopharm/Beijing, Sputnik V",1431054,,https://vaccinare.gov.md/,808047,
Moldova,2021-10-09,"Johnson&Johnson, Oxford/AstraZeneca, Pfizer/BioNTech, Sinopharm/Beijing, Sputnik V",1433903,,https://vaccinare.gov.md/,810274,
Moldova,2021-10-10,"Johnson&Johnson, Oxford/AstraZeneca, Pfizer/BioNTech, Sinopharm/Beijing, Sputnik V",1437198,,https://vaccinare.gov.md/,812959,
Moldova,2021-10-12,"Johnson&Johnson, Oxford/AstraZeneca, Pfizer/BioNTech, Sinopharm/Beijing, Sputnik V",1441867,,https://vaccinare.gov.md/,816616,
Moldova,2021-10-13,"Johnson&Johnson, Oxford/AstraZeneca, Pfizer/BioNTech, Sinopharm/Beijing, Sputnik V",1446037,,https://vaccinare.gov.md/,819844,
Moldova,2021-10-14,"Johnson&Johnson, Oxford/AstraZeneca, Pfizer/BioNTech, Sinopharm/Beijing, Sputnik V",1449528,,https://vaccinare.gov.md/,822610,
Moldova,2021-10-15,"Johnson&Johnson, Oxford/AstraZeneca, Pfizer/BioNTech, Sinopharm/Beijing, Sputnik V",1454300,,https://vaccinare.gov.md/,826262,
Moldova,2021-10-16,"Johnson&Johnson, Oxford/AstraZeneca, Pfizer/BioNTech, Sinopharm/Beijing, Sputnik V",1456392,,https://vaccinare.gov.md/,827724,
Moldova,2021-10-17,"Johnson&Johnson, Oxford/AstraZeneca, Pfizer/BioNTech, Sinopharm/Beijing, Sputnik V",1457475,,https://vaccinare.gov.md/,828466,
Moldova,2021-10-18,"Johnson&Johnson, Oxford/AstraZeneca, Pfizer/BioNTech, Sinopharm/Beijing, Sputnik V",1462458,,https://vaccinare.gov.md/,832171,
Moldova,2021-10-19,"Johnson&Johnson, Oxford/AstraZeneca, Pfizer/BioNTech, Sinopharm/Beijing, Sputnik V",1472843,,https://vaccinare.gov.md/,839851,
Moldova,2021-10-22,"Johnson&Johnson, Oxford/AstraZeneca, Pfizer/BioNTech, Sinopharm/Beijing, Sputnik V",1483643,,https://vaccinare.gov.md/,847840,
Moldova,2021-10-23,"Johnson&Johnson, Oxford/AstraZeneca, Pfizer/BioNTech, Sinopharm/Beijing, Sputnik V",1485935,,https://vaccinare.gov.md/,849435,
Moldova,2021-10-24,"Johnson&Johnson, Oxford/AstraZeneca, Pfizer/BioNTech, Sinopharm/Beijing, Sputnik V",1487315,884590,https://covid19.who.int,,
Moldova,2021-10-26,"Johnson&Johnson, Oxford/AstraZeneca, Pfizer/BioNTech, Sinopharm/Beijing, Sputnik V",1497461,,https://vaccinare.gov.md/,857485,
Moldova,2021-10-27,"Johnson&Johnson, Oxford/AstraZeneca, Pfizer/BioNTech, Sinopharm/Beijing, Sputnik V",1502791,,https://vaccinare.gov.md/,861156,
Moldova,2021-10-28,"Johnson&Johnson, Oxford/AstraZeneca, Pfizer/BioNTech, Sinopharm/Beijing, Sputnik V",1508749,,https://vaccinare.gov.md/,865114,
Moldova,2021-10-30,"Johnson&Johnson, Oxford/AstraZeneca, Pfizer/BioNTech, Sinopharm/Beijing, Sputnik V",1518261,,https://vaccinare.gov.md/,871564,
Moldova,2021-10-31,"Johnson&Johnson, Oxford/AstraZeneca, Pfizer/BioNTech, Sinopharm/Beijing, Sputnik V",1520548,,https://vaccinare.gov.md/,873078,
Moldova,2021-11-01,"Johnson&Johnson, Oxford/AstraZeneca, Pfizer/BioNTech, Sinopharm/Beijing, Sputnik V",1525820,,https://vaccinare.gov.md/,876595,
Moldova,2021-11-02,"Johnson&Johnson, Oxford/AstraZeneca, Pfizer/BioNTech, Sinopharm/Beijing, Sputnik V",1530283,,https://vaccinare.gov.md/,879489,
Moldova,2021-11-03,"Johnson&Johnson, Oxford/AstraZeneca, Pfizer/BioNTech, Sinopharm/Beijing, Sputnik V",1534556,,https://vaccinare.gov.md/,882075,
Moldova,2021-11-04,"Johnson&Johnson, Oxford/AstraZeneca, Pfizer/BioNTech, Sinopharm/Beijing, Sputnik V",1538866,,https://vaccinare.gov.md/,884663,
Moldova,2021-11-05,"Johnson&Johnson, Oxford/AstraZeneca, Pfizer/BioNTech, Sinopharm/Beijing, Sputnik V",1543273,,https://vaccinare.gov.md/,887228,
