location,date,vaccine,source_url,total_vaccinations,people_vaccinated,people_fully_vaccinated,total_boosters
Monaco,2020-12-30,Pfizer/BioNTech,https://www.monaco-tribune.com/2021/01/comment-se-deroule-la-campagne-de-vaccination-a-monaco/,0,,,
Monaco,2021-01-18,Pfizer/BioNTech,https://www.monaco-tribune.com/en/2021/01/covid-19-monaco-conducts-three-times-more-tests-than-france/,2400,,,
Monaco,2021-03-04,Pfizer/BioNTech,https://www.monaco-tribune.com/en/2021/03/covid-19-tougher-border-controls-vaccine-roll-out-and-testing/,15612,8449,7163,
Monaco,2021-03-19,Pfizer/BioNTech,https://www.facebook.com/GvtMonaco/photos/a.1443278289296473/2691393947818228/,18081,9750,8331,
Monaco,2021-04-02,Pfizer/BioNTech,https://www.facebook.com/GvtMonaco/posts/2702520336705589,20510,11715,8795,
Monaco,2021-04-15,Pfizer/BioNTech,https://www.facebook.com/GvtMonaco/posts/2713364405621182,22953,12094,10859,
Monaco,2021-04-22,Pfizer/BioNTech,https://www.gouv.mc/Action-Gouvernementale/Coronavirus-Covid-19/Actualites/Covid-19-3-nouveaux-cas-positifs-et-6-guerisons-ce-vendredi-23-avril,24390,12758,11632,
Monaco,2021-04-29,Pfizer/BioNTech,https://www.gouv.mc/Action-Gouvernementale/Coronavirus-Covid-19/Actualites/Covid-19-2-nouveaux-cas-positifs-et-10-guerisons-ce-vendredi-30-avril,25104,13289,11815,
Monaco,2021-05-06,Pfizer/BioNTech,https://www.gouv.mc//Action-Gouvernementale/Coronavirus-Covid-19/Actualites/Covid-19-2-nouveaux-cas-positifs-et-5-guerisons-ce-vendredi-7-mai,25937,13934,12003,
Monaco,2021-05-18,Pfizer/BioNTech,https://www.gouv.mc//Action-Gouvernementale/Coronavirus-Covid-19/Actualites/Covid-19-Aucun-nouveau-cas-positif-et-3-guerisons-ce-mercredi-19-mai,28663,15688,12975,
Monaco,2021-05-27,Pfizer/BioNTech,https://www.gouv.mc//Action-Gouvernementale/Coronavirus-Covid-19/Actualites/Covid-19-aucun-nouveau-cas-positif-et-plus-de-patient-Covid19-au-CHPG-ce-vendredi-28-mai,30029,16502,13527,
Monaco,2021-06-03,Pfizer/BioNTech,https://www.gouv.mc//Action-Gouvernementale/Coronavirus-Covid-19/Actualites/Covid-19-aucun-nouveau-cas-positif-et-une-guerison-ce-vendredi-4-juin,31774,17704,14070,
Monaco,2021-06-10,Pfizer/BioNTech,https://www.gouv.mc//Action-Gouvernementale/Coronavirus-Covid-19/Actualites/Covid-19-quatre-nouveaux-cas-positifs-ce-vendredi-11-juin,33965,18836,15129,
Monaco,2021-06-24,Pfizer/BioNTech,https://www.gouv.mc//Action-Gouvernementale/Coronavirus-Covid-19/Actualites/Covid-19-8-nouveaux-cas-positifs-et-3-guerisons-ce-vendredi-25-juin,36609,19842,16767,
Monaco,2021-07-01,Pfizer/BioNTech,https://www.gouv.mc//Action-Gouvernementale/Coronavirus-Covid-19/Actualites/Covid-19-6-nouveaux-cas-positifs-et-7-guerisons-ce-vendredi-2-juillet,37872,20178,17694,
Monaco,2021-07-08,Pfizer/BioNTech,https://www.gouv.mc//Action-Gouvernementale/Coronavirus-Covid-19/Actualites/Covid-19-8-nouveaux-cas-positifs-ce-vendredi-9-juillet,38849,20624,18225,
Monaco,2021-07-15,Pfizer/BioNTech,https://www.gouv.mc//Action-Gouvernementale/Coronavirus-Covid-19/Actualites/Covid-19-7-nouveaux-cas-positifs-et-4-guerisons-ce-vendredi-16-juillet,39790,21144,18646,
Monaco,2021-07-22,Pfizer/BioNTech,https://www.gouv.mc//Action-Gouvernementale/Coronavirus-Covid-19/Actualites/Covid-19-13-nouveaux-cas-positifs-et-8-guerisons-ce-vendredi-23-juillet,40630,21796,18834,
Monaco,2021-07-30,Pfizer/BioNTech,https://www.gouv.mc//Action-Gouvernementale/Coronavirus-Covid-19/Actualites/Covid-19-14-nouveaux-cas-positifs-et-15-guerisons-ce-mercredi-4-aout,42806,23551,19255,
Monaco,2021-08-05,Pfizer/BioNTech,https://www.gouv.mc//Action-Gouvernementale/Coronavirus-Covid-19/Actualites/Covid-19-12-nouveaux-cas-positifs-et-20-guerisons-ce-vendredi-6-aout,44060,24454,19606,
Monaco,2021-08-19,Pfizer/BioNTech,https://www.gouv.mc//Action-Gouvernementale/Coronavirus-Covid-19/Actualites/Covid-19-16-nouveaux-cas-positifs-et-10-guerisons-ce-vendredi-20-aout,46315,25355,20960,
Monaco,2021-08-26,Pfizer/BioNTech,https://www.gouv.mc//Action-Gouvernementale/Coronavirus-Covid-19/Actualites/Covid-19-8-nouveaux-cas-positifs-et-10-guerisons-ce-vendredi-27-aout,47882,25930,21952,
Monaco,2021-09-02,Pfizer/BioNTech,https://www.gouv.mc//Action-Gouvernementale/Coronavirus-Covid-19/Actualites/Covid-19-4-nouveaux-cas-positifs-et-7-guerisons-ce-vendredi-3-septembre,48691,26135,22556,
Monaco,2021-09-09,Pfizer/BioNTech,https://www.gouv.mc//Action-Gouvernementale/Coronavirus-Covid-19/Actualites/Covid-19-8-nouveaux-cas-positifs-et-15-guerisons-ce-vendredi-10-septembre,49262,26451,22811,
Monaco,2021-09-16,Pfizer/BioNTech,https://www.gouv.mc//Action-Gouvernementale/Coronavirus-Covid-19/Actualites/Covid-19-2-nouveaux-cas-positifs-et-4-guerisons-ce-vendredi-17-septembre,49980,26672,23308,
