location,date,vaccine,total_vaccinations,people_vaccinated,source_url,people_fully_vaccinated,total_boosters
Montenegro,2021-02-20,Sputnik V,0,0,https://tass.com/society/1259199,,
Montenegro,2021-02-25,Sputnik V,1113,1113,https://www.covidodgovor.me/,,
Montenegro,2021-02-26,Sputnik V,1288,1288,https://www.covidodgovor.me/,,
Montenegro,2021-03-01,Sputnik V,1531,1531,https://www.covidodgovor.me/,,
Montenegro,2021-03-03,Sputnik V,1927,1927,https://www.covidodgovor.me/,,
Montenegro,2021-03-05,Sputnik V,2250,2250,https://www.covidodgovor.me/,,
Montenegro,2021-03-06,"Sinopharm/Beijing, Sputnik V",2406,2406,https://www.covidodgovor.me/,,
Montenegro,2021-03-08,"Sinopharm/Beijing, Sputnik V",3062,3062,https://www.covidodgovor.me/,,
Montenegro,2021-03-12,"Sinopharm/Beijing, Sputnik V",3374,3374,https://www.covidodgovor.me/,0,
Montenegro,2021-03-14,"Sinopharm/Beijing, Sputnik V",3793,3793,https://www.covidodgovor.me/,0,
Montenegro,2021-03-16,"Sinopharm/Beijing, Sputnik V",5021,5021,https://www.covidodgovor.me/,0,
Montenegro,2021-03-17,"Sinopharm/Beijing, Sputnik V",5730,5730,https://www.covidodgovor.me/,0,
Montenegro,2021-03-18,"Sinopharm/Beijing, Sputnik V",6085,6085,https://www.covidodgovor.me/,0,
Montenegro,2021-03-19,"Sinopharm/Beijing, Sputnik V",6849,6517,https://www.covidodgovor.me/,332,
Montenegro,2021-03-20,"Sinopharm/Beijing, Sputnik V",7298,6837,https://www.covidodgovor.me/,461,
Montenegro,2021-03-23,"Sinopharm/Beijing, Sputnik V",8669,8074,https://www.covidodgovor.me/,595,
Montenegro,2021-03-24,"Sinopharm/Beijing, Sputnik V",10809,9961,https://www.covidodgovor.me/,848,
Montenegro,2021-03-25,"Sinopharm/Beijing, Sputnik V",12929,11857,https://www.covidodgovor.me/,1072,
Montenegro,2021-03-26,"Sinopharm/Beijing, Sputnik V",14739,13410,https://www.covidodgovor.me/,1329,
Montenegro,2021-03-27,"Sinopharm/Beijing, Sputnik V",16451,14850,https://www.covidodgovor.me/,1601,
Montenegro,2021-03-28,"Sinopharm/Beijing, Sputnik V",18661,16570,https://www.covidodgovor.me/,2091,
Montenegro,2021-03-29,"Sinopharm/Beijing, Sputnik V",20140,17746,https://www.covidodgovor.me/,2394,
Montenegro,2021-03-30,"Sinopharm/Beijing, Sputnik V",20373,17906,https://www.covidodgovor.me/,2467,
Montenegro,2021-03-31,"Sinopharm/Beijing, Sputnik V",22391,19118,https://www.covidodgovor.me/,3273,
Montenegro,2021-04-01,"Oxford/AstraZeneca, Sinopharm/Beijing, Sputnik V",23046,19636,https://www.covidodgovor.me/,3410,
Montenegro,2021-04-02,"Oxford/AstraZeneca, Sinopharm/Beijing, Sputnik V",25003,21195,https://www.covidodgovor.me/,3808,
Montenegro,2021-04-03,"Oxford/AstraZeneca, Sinopharm/Beijing, Sputnik V",26972,22947,https://www.covidodgovor.me/,4025,
Montenegro,2021-04-04,"Oxford/AstraZeneca, Sinopharm/Beijing, Sputnik V",29710,25516,https://www.covidodgovor.me/,4194,
Montenegro,2021-04-05,"Oxford/AstraZeneca, Sinopharm/Beijing, Sputnik V",31631,27149,https://www.covidodgovor.me/,4482,
Montenegro,2021-04-06,"Oxford/AstraZeneca, Sinopharm/Beijing, Sputnik V",34335,29601,https://www.covidodgovor.me/,4734,
Montenegro,2021-04-07,"Oxford/AstraZeneca, Sinopharm/Beijing, Sputnik V",36857,31710,https://www.covidodgovor.me/,5147,
Montenegro,2021-04-08,"Oxford/AstraZeneca, Sinopharm/Beijing, Sputnik V",38541,33163,https://www.covidodgovor.me/,5378,
Montenegro,2021-04-09,"Oxford/AstraZeneca, Sinopharm/Beijing, Sputnik V",39812,34172,https://www.covidodgovor.me/,5640,
Montenegro,2021-04-10,"Oxford/AstraZeneca, Sinopharm/Beijing, Sputnik V",41372,35290,https://www.covidodgovor.me/,6082,
Montenegro,2021-04-11,"Oxford/AstraZeneca, Sinopharm/Beijing, Sputnik V",42450,35697,https://www.covidodgovor.me/,6753,
Montenegro,2021-04-12,"Oxford/AstraZeneca, Sinopharm/Beijing, Sputnik V",42866,36113,https://www.covidodgovor.me/,6753,
Montenegro,2021-04-13,"Oxford/AstraZeneca, Sinopharm/Beijing, Sputnik V",44979,36432,https://www.covidodgovor.me/,8547,
Montenegro,2021-04-14,"Oxford/AstraZeneca, Sinopharm/Beijing, Sputnik V",46917,36690,https://www.covidodgovor.me/,10227,
Montenegro,2021-04-15,"Oxford/AstraZeneca, Sinopharm/Beijing, Sputnik V",49293,37199,https://www.covidodgovor.me/,12094,
Montenegro,2021-04-16,"Oxford/AstraZeneca, Sinopharm/Beijing, Sputnik V",50809,37519,https://www.covidodgovor.me/,13290,
Montenegro,2021-04-17,"Oxford/AstraZeneca, Sinopharm/Beijing, Sputnik V",52390,37909,https://www.covidodgovor.me/,14481,
Montenegro,2021-04-18,"Oxford/AstraZeneca, Sinopharm/Beijing, Sputnik V",54626,38335,https://www.covidodgovor.me/,16291,
Montenegro,2021-04-19,"Oxford/AstraZeneca, Sinopharm/Beijing, Sputnik V",55497,38429,https://www.covidodgovor.me/,17068,
Montenegro,2021-04-20,"Oxford/AstraZeneca, Sinopharm/Beijing, Sputnik V",56423,38667,https://www.covidodgovor.me/,17756,
Montenegro,2021-04-21,"Oxford/AstraZeneca, Sinopharm/Beijing, Sputnik V",57462,38927,https://www.covidodgovor.me/,18535,
Montenegro,2021-04-22,"Oxford/AstraZeneca, Sinopharm/Beijing, Sputnik V",58150,39123,https://www.covidodgovor.me/,19027,
Montenegro,2021-04-23,"Oxford/AstraZeneca, Sinopharm/Beijing, Sputnik V",58731,39281,https://www.covidodgovor.me/,19450,
Montenegro,2021-04-24,"Oxford/AstraZeneca, Sinopharm/Beijing, Sputnik V",59307,39426,https://www.covidodgovor.me/,19881,
Montenegro,2021-04-25,"Oxford/AstraZeneca, Sinopharm/Beijing, Sputnik V",59911,39636,https://www.covidodgovor.me/,20275,
Montenegro,2021-04-26,"Oxford/AstraZeneca, Sinopharm/Beijing, Sputnik V",60044,39715,https://www.covidodgovor.me/,20329,
Montenegro,2021-04-27,"Oxford/AstraZeneca, Sinopharm/Beijing, Sputnik V",60185,39775,https://www.covidodgovor.me/,20410,
Montenegro,2021-04-28,"Oxford/AstraZeneca, Sinopharm/Beijing, Sputnik V",60431,39965,https://www.covidodgovor.me/,20466,
Montenegro,2021-04-29,"Oxford/AstraZeneca, Sinopharm/Beijing, Sputnik V",60816,40092,https://www.covidodgovor.me/,20724,
Montenegro,2021-04-30,"Oxford/AstraZeneca, Sinopharm/Beijing, Sputnik V",61745,40156,https://www.covidodgovor.me/,21589,
Montenegro,2021-05-01,"Oxford/AstraZeneca, Sinopharm/Beijing, Sputnik V",63064,40215,https://www.covidodgovor.me/,22849,
Montenegro,2021-05-03,"Oxford/AstraZeneca, Sinopharm/Beijing, Sputnik V",63820,40282,https://www.covidodgovor.me/,23538,
Montenegro,2021-05-04,"Oxford/AstraZeneca, Pfizer/BioNTech, Sinopharm/Beijing, Sputnik V",65517,40843,https://www.covidodgovor.me/,24674,
Montenegro,2021-05-05,"Oxford/AstraZeneca, Pfizer/BioNTech, Sinopharm/Beijing, Sputnik V",85316,57571,https://www.covidodgovor.me/,27745,
Montenegro,2021-05-06,"Oxford/AstraZeneca, Pfizer/BioNTech, Sinopharm/Beijing, Sputnik V",94291,65390,https://www.covidodgovor.me/,28901,
Montenegro,2021-05-08,"Oxford/AstraZeneca, Pfizer/BioNTech, Sinopharm/Beijing, Sputnik V",102853,72824,https://www.covidodgovor.me/,30029,
Montenegro,2021-05-09,"Oxford/AstraZeneca, Pfizer/BioNTech, Sinopharm/Beijing, Sputnik V",109507,78760,https://www.covidodgovor.me/,30747,
Montenegro,2021-05-10,"Oxford/AstraZeneca, Pfizer/BioNTech, Sinopharm/Beijing, Sputnik V",114570,83498,https://www.covidodgovor.me/,31072,
Montenegro,2021-05-11,"Oxford/AstraZeneca, Pfizer/BioNTech, Sinopharm/Beijing, Sputnik V",120795,88965,https://www.covidodgovor.me/,31830,
Montenegro,2021-05-12,"Oxford/AstraZeneca, Pfizer/BioNTech, Sinopharm/Beijing, Sputnik V",125646,93341,https://www.covidodgovor.me/,32305,
Montenegro,2021-05-13,"Oxford/AstraZeneca, Pfizer/BioNTech, Sinopharm/Beijing, Sputnik V",130545,97783,https://www.covidodgovor.me/,32762,
Montenegro,2021-05-14,"Oxford/AstraZeneca, Pfizer/BioNTech, Sinopharm/Beijing, Sputnik V",133626,100544,https://www.covidodgovor.me/,33082,
Montenegro,2021-05-15,"Oxford/AstraZeneca, Pfizer/BioNTech, Sinopharm/Beijing, Sputnik V",137259,103700,https://www.covidodgovor.me/,33559,
Montenegro,2021-05-16,"Oxford/AstraZeneca, Pfizer/BioNTech, Sinopharm/Beijing, Sputnik V",140148,106368,https://www.covidodgovor.me/,33780,
Montenegro,2021-05-17,"Oxford/AstraZeneca, Pfizer/BioNTech, Sinopharm/Beijing, Sputnik V",141808,107881,https://www.covidodgovor.me/,33927,
Montenegro,2021-05-18,"Oxford/AstraZeneca, Pfizer/BioNTech, Sinopharm/Beijing, Sputnik V",145316,110949,https://www.covidodgovor.me/,34367,
Montenegro,2021-05-19,"Oxford/AstraZeneca, Pfizer/BioNTech, Sinopharm/Beijing, Sputnik V",148255,113497,https://www.covidodgovor.me/,34758,
Montenegro,2021-05-20,"Oxford/AstraZeneca, Pfizer/BioNTech, Sinopharm/Beijing, Sputnik V",151522,116481,https://www.covidodgovor.me/,35041,
Montenegro,2021-05-21,"Oxford/AstraZeneca, Pfizer/BioNTech, Sinopharm/Beijing, Sputnik V",154048,118725,https://www.covidodgovor.me/,35323,
Montenegro,2021-05-23,"Oxford/AstraZeneca, Pfizer/BioNTech, Sinopharm/Beijing, Sputnik V",156779,121050,https://www.covidodgovor.me/,35729,
Montenegro,2021-05-24,"Oxford/AstraZeneca, Pfizer/BioNTech, Sinopharm/Beijing, Sputnik V",157592,121783,https://www.covidodgovor.me/,35809,
Montenegro,2021-05-25,"Oxford/AstraZeneca, Pfizer/BioNTech, Sinopharm/Beijing, Sputnik V",160077,123845,https://www.covidodgovor.me/,36232,
Montenegro,2021-05-26,"Oxford/AstraZeneca, Pfizer/BioNTech, Sinopharm/Beijing, Sputnik V",180839,127177,https://www.covidodgovor.me/,53662,
Montenegro,2021-05-28,"Oxford/AstraZeneca, Pfizer/BioNTech, Sinopharm/Beijing, Sputnik V",191178,129071,https://www.covidodgovor.me/,62107,
Montenegro,2021-05-29,"Oxford/AstraZeneca, Pfizer/BioNTech, Sinopharm/Beijing, Sputnik V",200228,130696,https://www.covidodgovor.me/,69532,
Montenegro,2021-05-30,"Oxford/AstraZeneca, Pfizer/BioNTech, Sinopharm/Beijing, Sputnik V",206544,131761,https://www.covidodgovor.me/,74783,
Montenegro,2021-05-31,"Oxford/AstraZeneca, Pfizer/BioNTech, Sinopharm/Beijing, Sputnik V",210720,132480,https://www.covidodgovor.me/,78240,
Montenegro,2021-06-01,"Oxford/AstraZeneca, Pfizer/BioNTech, Sinopharm/Beijing, Sputnik V",218306,133828,https://www.covidodgovor.me/,84478,
Montenegro,2021-06-02,"Oxford/AstraZeneca, Pfizer/BioNTech, Sinopharm/Beijing, Sputnik V",223627,135025,https://www.covidodgovor.me/,88602,
Montenegro,2021-06-03,"Oxford/AstraZeneca, Pfizer/BioNTech, Sinopharm/Beijing, Sputnik V",229803,136588,https://www.covidodgovor.me/,93215,
Montenegro,2021-06-04,"Oxford/AstraZeneca, Pfizer/BioNTech, Sinopharm/Beijing, Sputnik V",234278,138052,https://www.covidodgovor.me/,96226,
Montenegro,2021-06-05,"Oxford/AstraZeneca, Pfizer/BioNTech, Sinopharm/Beijing, Sputnik V",238874,139333,https://www.covidodgovor.me/,99541,
Montenegro,2021-06-06,"Oxford/AstraZeneca, Pfizer/BioNTech, Sinopharm/Beijing, Sputnik V",242070,140068,https://www.covidodgovor.me/,102002,
Montenegro,2021-06-07,"Oxford/AstraZeneca, Pfizer/BioNTech, Sinopharm/Beijing, Sputnik V",244138,140543,https://www.covidodgovor.me/,103595,
Montenegro,2021-06-08,"Oxford/AstraZeneca, Pfizer/BioNTech, Sinopharm/Beijing, Sputnik V",248522,141574,https://www.covidodgovor.me/,106948,
Montenegro,2021-06-09,"Oxford/AstraZeneca, Pfizer/BioNTech, Sinopharm/Beijing, Sputnik V",252253,142558,https://www.covidodgovor.me/,109695,
Montenegro,2021-06-10,"Oxford/AstraZeneca, Pfizer/BioNTech, Sinopharm/Beijing, Sputnik V",256046,143375,https://www.covidodgovor.me/,112671,
Montenegro,2021-06-11,"Oxford/AstraZeneca, Pfizer/BioNTech, Sinopharm/Beijing, Sputnik V",259428,144223,https://www.covidodgovor.me/,115205,
Montenegro,2021-06-12,"Oxford/AstraZeneca, Pfizer/BioNTech, Sinopharm/Beijing, Sputnik V",261294,144685,https://www.covidodgovor.me/,116609,
Montenegro,2021-06-14,"Oxford/AstraZeneca, Pfizer/BioNTech, Sinopharm/Beijing, Sputnik V",263433,145130,https://www.covidodgovor.me/,118303,
Montenegro,2021-06-15,"Oxford/AstraZeneca, Pfizer/BioNTech, Sinopharm/Beijing, Sputnik V",265964,145636,https://www.covidodgovor.me/,120328,
Montenegro,2021-06-17,"Oxford/AstraZeneca, Pfizer/BioNTech, Sinopharm/Beijing, Sputnik V",270237,146964,https://www.covidodgovor.me/,123273,
Montenegro,2021-06-18,"Oxford/AstraZeneca, Pfizer/BioNTech, Sinopharm/Beijing, Sputnik V",272636,147499,https://www.covidodgovor.me/,125137,
Montenegro,2021-06-19,"Oxford/AstraZeneca, Pfizer/BioNTech, Sinopharm/Beijing, Sputnik V",274514,147875,https://www.covidodgovor.me/,126639,
Montenegro,2021-06-20,"Oxford/AstraZeneca, Pfizer/BioNTech, Sinopharm/Beijing, Sputnik V",275658,147995,https://www.covidodgovor.me/,127663,
Montenegro,2021-06-21,"Oxford/AstraZeneca, Pfizer/BioNTech, Sinopharm/Beijing, Sputnik V",276374,148079,https://www.covidodgovor.me/,128295,
Montenegro,2021-06-22,"Oxford/AstraZeneca, Pfizer/BioNTech, Sinopharm/Beijing, Sputnik V",278146,148346,https://www.covidodgovor.me/,129800,
Montenegro,2021-06-23,"Oxford/AstraZeneca, Pfizer/BioNTech, Sinopharm/Beijing, Sputnik V",279639,148571,https://www.covidodgovor.me/,131068,
Montenegro,2021-06-24,"Oxford/AstraZeneca, Pfizer/BioNTech, Sinopharm/Beijing, Sputnik V",281741,149220,https://www.covidodgovor.me/,132521,
Montenegro,2021-06-26,"Oxford/AstraZeneca, Pfizer/BioNTech, Sinopharm/Beijing, Sputnik V",285056,149912,https://www.covidodgovor.me/,135144,
Montenegro,2021-06-27,"Oxford/AstraZeneca, Pfizer/BioNTech, Sinopharm/Beijing, Sputnik V",285858,149994,https://www.covidodgovor.me/,135864,
Montenegro,2021-06-28,"Oxford/AstraZeneca, Pfizer/BioNTech, Sinopharm/Beijing, Sputnik V",286327,150031,https://www.covidodgovor.me/,136296,
Montenegro,2021-06-29,"Oxford/AstraZeneca, Pfizer/BioNTech, Sinopharm/Beijing, Sputnik V",287653,150319,https://www.covidodgovor.me/,137334,
Montenegro,2021-06-30,"Oxford/AstraZeneca, Pfizer/BioNTech, Sinopharm/Beijing, Sputnik V",288860,150545,https://www.covidodgovor.me/,138315,
Montenegro,2021-07-01,"Oxford/AstraZeneca, Pfizer/BioNTech, Sinopharm/Beijing, Sputnik V",290246,151082,https://www.covidodgovor.me/,139164,
Montenegro,2021-07-02,"Oxford/AstraZeneca, Pfizer/BioNTech, Sinopharm/Beijing, Sputnik V",291621,151655,https://www.covidodgovor.me/,139966,
Montenegro,2021-07-03,"Oxford/AstraZeneca, Pfizer/BioNTech, Sinopharm/Beijing, Sputnik V",292815,152306,https://www.covidodgovor.me/,140509,
Montenegro,2021-07-04,"Oxford/AstraZeneca, Pfizer/BioNTech, Sinopharm/Beijing, Sputnik V",293834,152975,https://www.covidodgovor.me/,140859,
Montenegro,2021-07-05,"Oxford/AstraZeneca, Pfizer/BioNTech, Sinopharm/Beijing, Sputnik V",294306,153343,https://www.covidodgovor.me/,140963,
Montenegro,2021-07-06,"Oxford/AstraZeneca, Pfizer/BioNTech, Sinopharm/Beijing, Sputnik V",296156,154530,https://www.covidodgovor.me/,141626,
Montenegro,2021-07-07,"Oxford/AstraZeneca, Pfizer/BioNTech, Sinopharm/Beijing, Sputnik V",297632,155477,https://www.covidodgovor.me/,142155,
Montenegro,2021-07-08,"Oxford/AstraZeneca, Pfizer/BioNTech, Sinopharm/Beijing, Sputnik V",299372,156459,https://www.covidodgovor.me/,142913,
Montenegro,2021-07-09,"Oxford/AstraZeneca, Pfizer/BioNTech, Sinopharm/Beijing, Sputnik V",300611,157177,https://www.covidodgovor.me/,143434,
Montenegro,2021-07-10,"Oxford/AstraZeneca, Pfizer/BioNTech, Sinopharm/Beijing, Sputnik V",301828,157971,https://www.covidodgovor.me/,143857,
Montenegro,2021-07-11,"Oxford/AstraZeneca, Pfizer/BioNTech, Sinopharm/Beijing, Sputnik V",302321,158357,https://www.covidodgovor.me/,143964,
Montenegro,2021-07-12,"Oxford/AstraZeneca, Pfizer/BioNTech, Sinopharm/Beijing, Sputnik V",302534,158511,https://www.covidodgovor.me/,144023,
Montenegro,2021-07-13,"Oxford/AstraZeneca, Pfizer/BioNTech, Sinopharm/Beijing, Sputnik V",303615,159297,https://www.covidodgovor.me/,144318,
Montenegro,2021-07-14,"Oxford/AstraZeneca, Pfizer/BioNTech, Sinopharm/Beijing, Sputnik V",303963,159478,https://www.covidodgovor.me/,144485,
Montenegro,2021-07-15,"Oxford/AstraZeneca, Pfizer/BioNTech, Sinopharm/Beijing, Sputnik V",304655,159701,https://www.covidodgovor.me/,144954,
Montenegro,2021-07-16,"Oxford/AstraZeneca, Pfizer/BioNTech, Sinopharm/Beijing, Sputnik V",305775,160299,https://www.covidodgovor.me/,145476,
Montenegro,2021-07-17,"Oxford/AstraZeneca, Pfizer/BioNTech, Sinopharm/Beijing, Sputnik V",307140,161258,https://www.covidodgovor.me/,145882,
Montenegro,2021-07-18,"Oxford/AstraZeneca, Pfizer/BioNTech, Sinopharm/Beijing, Sputnik V",307700,161728,https://www.covidodgovor.me/,145972,
Montenegro,2021-07-19,"Oxford/AstraZeneca, Pfizer/BioNTech, Sinopharm/Beijing, Sputnik V",307939,161910,https://www.covidodgovor.me/,146029,
Montenegro,2021-07-20,"Oxford/AstraZeneca, Pfizer/BioNTech, Sinopharm/Beijing, Sputnik V",310395,163791,https://www.covidodgovor.me/,146604,
Montenegro,2021-07-22,"Oxford/AstraZeneca, Pfizer/BioNTech, Sinopharm/Beijing, Sputnik V",312206,165022,https://www.covidodgovor.me/,147184,
Montenegro,2021-07-23,"Oxford/AstraZeneca, Pfizer/BioNTech, Sinopharm/Beijing, Sputnik V",313854,166048,https://www.covidodgovor.me/,147806,
Montenegro,2021-07-24,"Oxford/AstraZeneca, Pfizer/BioNTech, Sinopharm/Beijing, Sputnik V",315653,167235,https://www.covidodgovor.me/,148418,
Montenegro,2021-07-25,"Oxford/AstraZeneca, Pfizer/BioNTech, Sinopharm/Beijing, Sputnik V",317045,168043,https://www.covidodgovor.me/,149002,
Montenegro,2021-07-26,"Oxford/AstraZeneca, Pfizer/BioNTech, Sinopharm/Beijing, Sputnik V",317710,168455,https://www.covidodgovor.me/,149255,
Montenegro,2021-07-27,"Oxford/AstraZeneca, Pfizer/BioNTech, Sinopharm/Beijing, Sputnik V",320335,169919,https://www.covidodgovor.me/,150416,
Montenegro,2021-07-28,"Oxford/AstraZeneca, Pfizer/BioNTech, Sinopharm/Beijing, Sputnik V",322759,171423,https://www.covidodgovor.me/,151336,
Montenegro,2021-07-29,"Oxford/AstraZeneca, Pfizer/BioNTech, Sinopharm/Beijing, Sputnik V",325394,173101,https://www.covidodgovor.me/,152293,
Montenegro,2021-07-30,"Oxford/AstraZeneca, Pfizer/BioNTech, Sinopharm/Beijing, Sputnik V",327600,174571,https://www.covidodgovor.me/,153029,
Montenegro,2021-07-31,"Oxford/AstraZeneca, Pfizer/BioNTech, Sinopharm/Beijing, Sputnik V",329968,176140,https://www.covidodgovor.me/,153828,
Montenegro,2021-08-01,"Oxford/AstraZeneca, Pfizer/BioNTech, Sinopharm/Beijing, Sputnik V",332022,177757,https://www.covidodgovor.me/,154265,
Montenegro,2021-08-02,"Oxford/AstraZeneca, Pfizer/BioNTech, Sinopharm/Beijing, Sputnik V",333015,178577,https://www.covidodgovor.me/,154438,
Montenegro,2021-08-03,"Oxford/AstraZeneca, Pfizer/BioNTech, Sinopharm/Beijing, Sputnik V",335862,180472,https://www.covidodgovor.me/,155390,
Montenegro,2021-08-04,"Oxford/AstraZeneca, Pfizer/BioNTech, Sinopharm/Beijing, Sputnik V",337934,182108,https://www.covidodgovor.me/,155826,
Montenegro,2021-08-05,"Oxford/AstraZeneca, Pfizer/BioNTech, Sinopharm/Beijing, Sputnik V",340485,184259,https://www.covidodgovor.me/,156226,
Montenegro,2021-08-06,"Oxford/AstraZeneca, Pfizer/BioNTech, Sinopharm/Beijing, Sputnik V",342913,186086,https://www.covidodgovor.me/,156827,
Montenegro,2021-08-07,"Oxford/AstraZeneca, Pfizer/BioNTech, Sinopharm/Beijing, Sputnik V",345307,187553,https://www.covidodgovor.me/,157754,
Montenegro,2021-08-08,"Oxford/AstraZeneca, Pfizer/BioNTech, Sinopharm/Beijing, Sputnik V",346493,188359,https://www.covidodgovor.me/,158134,
Montenegro,2021-08-09,"Oxford/AstraZeneca, Pfizer/BioNTech, Sinopharm/Beijing, Sputnik V",347255,188921,https://www.covidodgovor.me/,158334,
Montenegro,2021-08-10,"Oxford/AstraZeneca, Pfizer/BioNTech, Sinopharm/Beijing, Sputnik V",349403,190090,https://www.covidodgovor.me/,159313,
Montenegro,2021-08-11,"Oxford/AstraZeneca, Pfizer/BioNTech, Sinopharm/Beijing, Sputnik V",351202,191020,https://www.covidodgovor.me/,160182,
Montenegro,2021-08-12,"Oxford/AstraZeneca, Pfizer/BioNTech, Sinopharm/Beijing, Sputnik V",353648,192296,https://www.covidodgovor.me/,161352,
Montenegro,2021-08-13,"Oxford/AstraZeneca, Pfizer/BioNTech, Sinopharm/Beijing, Sputnik V",355963,193657,https://www.covidodgovor.me/,162306,
Montenegro,2021-08-14,"Oxford/AstraZeneca, Pfizer/BioNTech, Sinopharm/Beijing, Sputnik V",358224,194784,https://www.covidodgovor.me/,163440,
Montenegro,2021-08-15,"Oxford/AstraZeneca, Pfizer/BioNTech, Sinopharm/Beijing, Sputnik V",359341,195231,https://www.covidodgovor.me/,164110,
Montenegro,2021-08-16,"Oxford/AstraZeneca, Pfizer/BioNTech, Sinopharm/Beijing, Sputnik V",360080,195542,https://www.covidodgovor.me/,164538,
Montenegro,2021-08-17,"Oxford/AstraZeneca, Pfizer/BioNTech, Sinopharm/Beijing, Sputnik V",362335,196475,https://www.covidodgovor.me/,165860,
Montenegro,2021-08-18,"Oxford/AstraZeneca, Pfizer/BioNTech, Sinopharm/Beijing, Sputnik V",364762,197605,https://www.covidodgovor.me/,167157,
Montenegro,2021-08-19,"Oxford/AstraZeneca, Pfizer/BioNTech, Sinopharm/Beijing, Sputnik V",367434,198891,https://www.covidodgovor.me/,168543,
Montenegro,2021-08-20,"Oxford/AstraZeneca, Pfizer/BioNTech, Sinopharm/Beijing, Sputnik V",370265,200404,https://www.covidodgovor.me/,169861,
Montenegro,2021-08-21,"Oxford/AstraZeneca, Pfizer/BioNTech, Sinopharm/Beijing, Sputnik V",372949,201841,https://www.covidodgovor.me/,171108,
Montenegro,2021-08-22,"Oxford/AstraZeneca, Pfizer/BioNTech, Sinopharm/Beijing, Sputnik V",374674,202515,https://www.covidodgovor.me/,172159,
Montenegro,2021-08-23,"Oxford/AstraZeneca, Pfizer/BioNTech, Sinopharm/Beijing, Sputnik V",375542,202810,https://www.covidodgovor.me/,172732,
Montenegro,2021-08-24,"Oxford/AstraZeneca, Pfizer/BioNTech, Sinopharm/Beijing, Sputnik V",378338,203906,https://www.covidodgovor.me/,174432,
Montenegro,2021-08-25,"Oxford/AstraZeneca, Pfizer/BioNTech, Sinopharm/Beijing, Sputnik V",380803,204906,https://www.covidodgovor.me/,175897,
Montenegro,2021-08-26,"Oxford/AstraZeneca, Pfizer/BioNTech, Sinopharm/Beijing, Sputnik V",383776,206126,https://www.covidodgovor.me/,177650,
Montenegro,2021-08-27,"Oxford/AstraZeneca, Pfizer/BioNTech, Sinopharm/Beijing, Sputnik V",387081,207657,https://www.covidodgovor.me/,179424,
Montenegro,2021-08-28,"Oxford/AstraZeneca, Pfizer/BioNTech, Sinopharm/Beijing, Sputnik V",389828,208847,https://www.covidodgovor.me/,180981,
Montenegro,2021-08-29,"Oxford/AstraZeneca, Pfizer/BioNTech, Sinopharm/Beijing, Sputnik V",391359,209434,https://www.covidodgovor.me/,181925,
Montenegro,2021-08-30,"Oxford/AstraZeneca, Pfizer/BioNTech, Sinopharm/Beijing, Sputnik V",392235,209792,https://www.covidodgovor.me/,182443,
Montenegro,2021-08-31,"Oxford/AstraZeneca, Pfizer/BioNTech, Sinopharm/Beijing, Sputnik V",394420,210591,https://www.covidodgovor.me/,183829,
Montenegro,2021-09-01,"Oxford/AstraZeneca, Pfizer/BioNTech, Sinopharm/Beijing, Sputnik V",396383,211397,https://www.covidodgovor.me/,184986,
Montenegro,2021-09-02,"Oxford/AstraZeneca, Pfizer/BioNTech, Sinopharm/Beijing, Sputnik V",398819,212520,https://www.covidodgovor.me/,186299,
Montenegro,2021-09-03,"Oxford/AstraZeneca, Pfizer/BioNTech, Sinopharm/Beijing, Sputnik V",401157,213624,https://www.covidodgovor.me/,187533,
Montenegro,2021-09-04,"Oxford/AstraZeneca, Pfizer/BioNTech, Sinopharm/Beijing, Sputnik V",403546,214822,https://www.covidodgovor.me/,188724,
Montenegro,2021-09-05,"Oxford/AstraZeneca, Pfizer/BioNTech, Sinopharm/Beijing, Sputnik V",404320,215121,https://www.covidodgovor.me/,189199,
Montenegro,2021-09-06,"Oxford/AstraZeneca, Pfizer/BioNTech, Sinopharm/Beijing, Sputnik V",404847,215264,https://www.covidodgovor.me/,189583,
Montenegro,2021-09-07,"Oxford/AstraZeneca, Pfizer/BioNTech, Sinopharm/Beijing, Sputnik V",406561,215858,https://www.covidodgovor.me/,190703,
Montenegro,2021-09-08,"Oxford/AstraZeneca, Pfizer/BioNTech, Sinopharm/Beijing, Sputnik V",408060,216464,https://www.covidodgovor.me/,191596,
Montenegro,2021-09-09,"Oxford/AstraZeneca, Pfizer/BioNTech, Sinopharm/Beijing, Sputnik V",410238,217401,https://www.covidodgovor.me/,192837,
Montenegro,2021-09-10,"Oxford/AstraZeneca, Pfizer/BioNTech, Sinopharm/Beijing, Sputnik V",412814,218493,https://www.covidodgovor.me/,194321,
Montenegro,2021-09-11,"Oxford/AstraZeneca, Pfizer/BioNTech, Sinopharm/Beijing, Sputnik V",415776,220066,https://www.covidodgovor.me/,195710,
Montenegro,2021-09-12,"Oxford/AstraZeneca, Pfizer/BioNTech, Sinopharm/Beijing, Sputnik V",417419,221080,https://www.covidodgovor.me/,196339,
Montenegro,2021-09-13,"Oxford/AstraZeneca, Pfizer/BioNTech, Sinopharm/Beijing, Sputnik V",418150,221498,https://www.covidodgovor.me/,196652,
Montenegro,2021-09-14,"Oxford/AstraZeneca, Pfizer/BioNTech, Sinopharm/Beijing, Sputnik V",421231,223265,https://www.covidodgovor.me/,197966,
Montenegro,2021-09-15,"Oxford/AstraZeneca, Pfizer/BioNTech, Sinopharm/Beijing, Sputnik V",423768,224708,https://www.covidodgovor.me/,199060,
Montenegro,2021-09-16,"Oxford/AstraZeneca, Pfizer/BioNTech, Sinopharm/Beijing, Sputnik V",426662,226457,https://www.covidodgovor.me/,200205,
Montenegro,2021-09-17,"Oxford/AstraZeneca, Pfizer/BioNTech, Sinopharm/Beijing, Sputnik V",432167,229399,https://www.covidodgovor.me/,202768,
Montenegro,2021-09-19,"Oxford/AstraZeneca, Pfizer/BioNTech, Sinopharm/Beijing, Sputnik V",433269,229932,https://www.covidodgovor.me/,203337,
Montenegro,2021-09-20,"Oxford/AstraZeneca, Pfizer/BioNTech, Sinopharm/Beijing, Sputnik V",433867,230187,https://www.covidodgovor.me/,203680,
Montenegro,2021-09-21,"Oxford/AstraZeneca, Pfizer/BioNTech, Sinopharm/Beijing, Sputnik V",436177,231526,https://www.covidodgovor.me/,204651,
Montenegro,2021-09-22,"Oxford/AstraZeneca, Pfizer/BioNTech, Sinopharm/Beijing, Sputnik V",440083,233663,https://www.covidodgovor.me/,206420,
Montenegro,2021-09-24,"Oxford/AstraZeneca, Pfizer/BioNTech, Sinopharm/Beijing, Sputnik V",442333,234862,https://www.covidodgovor.me/,207471,
Montenegro,2021-09-25,"Oxford/AstraZeneca, Pfizer/BioNTech, Sinopharm/Beijing, Sputnik V",445238,236626,https://www.covidodgovor.me/,208612,
Montenegro,2021-09-26,"Oxford/AstraZeneca, Pfizer/BioNTech, Sinopharm/Beijing, Sputnik V",446806,237797,https://www.covidodgovor.me/,209009,
Montenegro,2021-09-27,"Oxford/AstraZeneca, Pfizer/BioNTech, Sinopharm/Beijing, Sputnik V",447473,238307,https://www.covidodgovor.me/,209166,
Montenegro,2021-09-28,"Oxford/AstraZeneca, Pfizer/BioNTech, Sinopharm/Beijing, Sputnik V",450451,240355,https://www.covidodgovor.me/,210096,
Montenegro,2021-09-29,"Oxford/AstraZeneca, Pfizer/BioNTech, Sinopharm/Beijing, Sputnik V",452830,241982,https://www.covidodgovor.me/,210848,
Montenegro,2021-09-30,"Oxford/AstraZeneca, Pfizer/BioNTech, Sinopharm/Beijing, Sputnik V",455035,243234,https://www.covidodgovor.me/,211801,
Montenegro,2021-10-01,"Oxford/AstraZeneca, Pfizer/BioNTech, Sinopharm/Beijing, Sputnik V",457474,244542,https://www.covidodgovor.me/,212932,
Montenegro,2021-10-02,"Oxford/AstraZeneca, Pfizer/BioNTech, Sinopharm/Beijing, Sputnik V",460029,245622,https://www.covidodgovor.me/,214407,
Montenegro,2021-10-03,"Oxford/AstraZeneca, Pfizer/BioNTech, Sinopharm/Beijing, Sputnik V",461140,246061,https://www.covidodgovor.me/,215079,
Montenegro,2021-10-04,"Oxford/AstraZeneca, Pfizer/BioNTech, Sinopharm/Beijing, Sputnik V",461865,246366,https://www.covidodgovor.me/,215499,
Montenegro,2021-10-05,"Oxford/AstraZeneca, Pfizer/BioNTech, Sinopharm/Beijing, Sputnik V",464087,247176,https://www.covidodgovor.me/,216911,
Montenegro,2021-10-07,"Oxford/AstraZeneca, Pfizer/BioNTech, Sinopharm/Beijing, Sputnik V",468367,248628,https://www.covidodgovor.me/,219739,
Montenegro,2021-10-08,"Oxford/AstraZeneca, Pfizer/BioNTech, Sinopharm/Beijing, Sputnik V",470700,249454,https://www.covidodgovor.me/,221246,
Montenegro,2021-10-09,"Oxford/AstraZeneca, Pfizer/BioNTech, Sinopharm/Beijing, Sputnik V",472623,250063,https://www.covidodgovor.me/,222560,
Montenegro,2021-10-10,"Oxford/AstraZeneca, Pfizer/BioNTech, Sinopharm/Beijing, Sputnik V",473328,250322,https://www.covidodgovor.me/,223006,
Montenegro,2021-10-11,"Oxford/AstraZeneca, Pfizer/BioNTech, Sinopharm/Beijing, Sputnik V",475813,250947,https://www.covidodgovor.me/,224866,
Montenegro,2021-10-13,"Oxford/AstraZeneca, Pfizer/BioNTech, Sinopharm/Beijing, Sputnik V",477395,251376,https://www.covidodgovor.me/,226019,
Montenegro,2021-10-14,"Oxford/AstraZeneca, Pfizer/BioNTech, Sinopharm/Beijing, Sputnik V",478974,251782,https://www.covidodgovor.me/,227192,
Montenegro,2021-10-15,"Oxford/AstraZeneca, Pfizer/BioNTech, Sinopharm/Beijing, Sputnik V",480822,252330,https://www.covidodgovor.me/,228492,
Montenegro,2021-10-16,"Oxford/AstraZeneca, Pfizer/BioNTech, Sinopharm/Beijing, Sputnik V",483790,252969,https://www.covidodgovor.me/,230821,
Montenegro,2021-10-18,"Oxford/AstraZeneca, Pfizer/BioNTech, Sinopharm/Beijing, Sputnik V",484414,253068,https://www.covidodgovor.me/,231346,
Montenegro,2021-10-19,"Oxford/AstraZeneca, Pfizer/BioNTech, Sinopharm/Beijing, Sputnik V",486669,253486,https://www.covidodgovor.me/,233183,
Montenegro,2021-10-20,"Oxford/AstraZeneca, Pfizer/BioNTech, Sinopharm/Beijing, Sputnik V",488661,253936,https://www.covidodgovor.me/,234725,
Montenegro,2021-10-21,"Oxford/AstraZeneca, Pfizer/BioNTech, Sinopharm/Beijing, Sputnik V",490274,254348,https://www.covidodgovor.me/,235926,
Montenegro,2021-10-22,"Oxford/AstraZeneca, Pfizer/BioNTech, Sinopharm/Beijing, Sputnik V",491945,254830,https://www.covidodgovor.me/,237115,
Montenegro,2021-10-23,"Oxford/AstraZeneca, Pfizer/BioNTech, Sinopharm/Beijing, Sputnik V",493462,255222,https://www.covidodgovor.me/,238240,
Montenegro,2021-10-24,"Oxford/AstraZeneca, Pfizer/BioNTech, Sinopharm/Beijing, Sputnik V",494110,255443,https://www.covidodgovor.me/,238667,
Montenegro,2021-10-25,"Oxford/AstraZeneca, Pfizer/BioNTech, Sinopharm/Beijing, Sputnik V",494462,255509,https://www.covidodgovor.me/,238953,
Montenegro,2021-10-26,"Oxford/AstraZeneca, Pfizer/BioNTech, Sinopharm/Beijing, Sputnik V",495875,255869,https://www.covidodgovor.me/,240006,
Montenegro,2021-10-27,"Oxford/AstraZeneca, Pfizer/BioNTech, Sinopharm/Beijing, Sputnik V",496976,256172,https://www.covidodgovor.me/,240804,
Montenegro,2021-10-28,"Oxford/AstraZeneca, Pfizer/BioNTech, Sinopharm/Beijing, Sputnik V",497996,256514,https://www.covidodgovor.me/,241482,
Montenegro,2021-10-29,"Oxford/AstraZeneca, Pfizer/BioNTech, Sinopharm/Beijing, Sputnik V",499177,256832,https://www.covidodgovor.me/,242345,
Montenegro,2021-10-30,"Oxford/AstraZeneca, Pfizer/BioNTech, Sinopharm/Beijing, Sputnik V",500338,257269,https://www.covidodgovor.me/,243069,
Montenegro,2021-10-31,"Oxford/AstraZeneca, Pfizer/BioNTech, Sinopharm/Beijing, Sputnik V",500759,257443,https://www.covidodgovor.me/,243316,
Montenegro,2021-11-01,"Oxford/AstraZeneca, Pfizer/BioNTech, Sinopharm/Beijing, Sputnik V",500956,257518,https://www.covidodgovor.me/,243438,
Montenegro,2021-11-02,"Oxford/AstraZeneca, Pfizer/BioNTech, Sinopharm/Beijing, Sputnik V",501951,257973,https://www.covidodgovor.me/,243978,
Montenegro,2021-11-03,"Oxford/AstraZeneca, Pfizer/BioNTech, Sinopharm/Beijing, Sputnik V",502791,258337,https://www.covidodgovor.me/,244454,
Montenegro,2021-11-04,"Oxford/AstraZeneca, Pfizer/BioNTech, Sinopharm/Beijing, Sputnik V",504639,259161,https://www.covidodgovor.me/,245478,
