date,total_vaccinations,location,vaccine,source_url,people_vaccinated,people_fully_vaccinated,total_boosters
2021-01-28,0,Morocco,"Oxford/AstraZeneca, Sinopharm/Beijing",https://2m.ma/fr/news/marocvaccination-anti-covid-19-90000-personnes-vaccinees-en-3-jours-20210131/,,,
2021-01-30,90000,Morocco,"Oxford/AstraZeneca, Sinopharm/Beijing",https://2m.ma/fr/news/marocvaccination-anti-covid-19-90000-personnes-vaccinees-en-3-jours-20210131/,,,
2021-01-31,126000,Morocco,"Oxford/AstraZeneca, Sinopharm/Beijing",http://www.mapexpress.ma/actualite/societe-et-regions/covid-19-126-000-personnes-ete-vaccinees-au-maroc-ministere/,,,
2021-02-01,200081,Morocco,"Oxford/AstraZeneca, Sinopharm/Beijing",http://www.covidmaroc.ma/Documents/BULLETIN/1.2.21.COVID-19.pdf,,,
2021-02-02,257291,Morocco,"Oxford/AstraZeneca, Sinopharm/Beijing",http://www.covidmaroc.ma/Documents/BULLETIN/2.2.21.COVID-19.pdf,,,
2021-02-03,308398,Morocco,"Oxford/AstraZeneca, Sinopharm/Beijing",http://www.covidmaroc.ma/Documents/BULLETIN/3.2.21.COVID-19.pdf,,,
2021-02-04,351723,Morocco,"Oxford/AstraZeneca, Sinopharm/Beijing",http://www.covidmaroc.ma/Documents/BULLETIN/4.2.21.COVID-19.pdf,,,
2021-02-05,408235,Morocco,"Oxford/AstraZeneca, Sinopharm/Beijing",http://www.covidmaroc.ma/Documents/BULLETIN/5.2.21.COVID-19.pdf,,,
2021-02-06,463966,Morocco,"Oxford/AstraZeneca, Sinopharm/Beijing",http://www.covidmaroc.ma/Documents/BULLETIN/6.2.21.COVID-19.pdf,,,
2021-02-08,550149,Morocco,"Oxford/AstraZeneca, Sinopharm/Beijing",http://www.covidmaroc.ma/Documents/BULLETIN/8.2.21.COVID-19.pdf,,,
2021-02-09,615181,Morocco,"Oxford/AstraZeneca, Sinopharm/Beijing",http://www.covidmaroc.ma/Documents/BULLETIN/9.2.21.COVID-19.pdf,,,
2021-02-10,746116,Morocco,"Oxford/AstraZeneca, Sinopharm/Beijing",http://www.covidmaroc.ma/Documents/BULLETIN/10.2.21.COVID-19.pdf,,,
2021-02-11,855318,Morocco,"Oxford/AstraZeneca, Sinopharm/Beijing",http://www.covidmaroc.ma/Documents/BULLETIN/11.2.21.COVID-19.pdf,,,
2021-02-12,1112103,Morocco,"Oxford/AstraZeneca, Sinopharm/Beijing",http://www.covidmaroc.ma/Documents/BULLETIN/12.2.21.COVID-19.pdf,,,
2021-02-13,1388539,Morocco,"Oxford/AstraZeneca, Sinopharm/Beijing",http://www.covidmaroc.ma/Documents/BULLETIN/13.2.21.COVID-19.pdf,,,
2021-02-15,1707091,Morocco,"Oxford/AstraZeneca, Sinopharm/Beijing",http://www.covidmaroc.ma/Documents/BULLETIN/15.2.21.COVID-19.pdf,,,
2021-02-16,1904169,Morocco,"Oxford/AstraZeneca, Sinopharm/Beijing",http://www.covidmaroc.ma/Documents/BULLETIN/16.2.21.COVID-19.pdf,,,
2021-02-17,2081013,Morocco,"Oxford/AstraZeneca, Sinopharm/Beijing",http://www.covidmaroc.ma/Documents/BULLETIN/17.2.21.COVID-19.pdf,,,
2021-02-18,2233123,Morocco,"Oxford/AstraZeneca, Sinopharm/Beijing",http://www.covidmaroc.ma/Documents/BULLETIN/18.2.21.COVID-19.pdf,,,
2021-02-19,2362150,Morocco,"Oxford/AstraZeneca, Sinopharm/Beijing",http://www.covidmaroc.ma/Documents/BULLETIN/19.2.21.COVID-19.pdf,2357283,4867,
2021-02-20,2461192,Morocco,"Oxford/AstraZeneca, Sinopharm/Beijing",http://www.covidmaroc.ma/Documents/BULLETIN/20.2.21.COVID-19.pdf,2447716,13476,
2021-02-22,2575684,Morocco,"Oxford/AstraZeneca, Sinopharm/Beijing",http://www.covidmaroc.ma/Documents/BULLETIN/22.2.21.COVID-19.pdf,2552017,23667,
2021-02-23,2667091,Morocco,"Oxford/AstraZeneca, Sinopharm/Beijing",http://www.covidmaroc.ma/Documents/BULLETIN/23.2.21.COVID-19.pdf,2635859,31232,
2021-02-24,2948945,Morocco,"Oxford/AstraZeneca, Sinopharm/Beijing",http://www.covidmaroc.ma/Documents/BULLETIN/24.2.21.COVID-19.pdf,2911635,37310,
2021-02-25,3204105,Morocco,"Oxford/AstraZeneca, Sinopharm/Beijing",http://www.covidmaroc.ma/Documents/BULLETIN/25.2.21.COVID-19.pdf,3160479,43626,
2021-02-26,3424295,Morocco,"Oxford/AstraZeneca, Sinopharm/Beijing",http://www.covidmaroc.ma/Documents/BULLETIN/26.2.21.COVID-19.pdf,3327858,96437,
2021-02-27,3597903,Morocco,"Oxford/AstraZeneca, Sinopharm/Beijing",http://www.covidmaroc.ma/Documents/BULLETIN/27.2.21.COVID-19.pdf,3435997,161906,
2021-03-01,3801650,Morocco,"Oxford/AstraZeneca, Sinopharm/Beijing",http://www.covidmaroc.ma/pages/Accueilfr.aspx,3568670,232980,
2021-03-02,3951325,Morocco,"Oxford/AstraZeneca, Sinopharm/Beijing",http://www.covidmaroc.ma/pages/Accueilfr.aspx,3657468,293857,
2021-03-03,4105862,Morocco,"Oxford/AstraZeneca, Sinopharm/Beijing",http://www.covidmaroc.ma/pages/Accueilfr.aspx,3745173,360689,
2021-03-04,4233129,Morocco,"Oxford/AstraZeneca, Sinopharm/Beijing",http://www.covidmaroc.ma/pages/Accueilfr.aspx,3820097,413032,
2021-03-05,4377629,Morocco,"Oxford/AstraZeneca, Sinopharm/Beijing",http://www.covidmaroc.ma/pages/Accueilfr.aspx,3877687,499942,
2021-03-06,4492557,Morocco,"Oxford/AstraZeneca, Sinopharm/Beijing",http://www.covidmaroc.ma/pages/Accueilfr.aspx,3913615,578942,
2021-03-08,4613292,Morocco,"Oxford/AstraZeneca, Sinopharm/Beijing",http://www.covidmaroc.ma/pages/Accueilfr.aspx,3961941,651351,
2021-03-09,4734200,Morocco,"Oxford/AstraZeneca, Sinopharm/Beijing",http://www.covidmaroc.ma/pages/Accueilfr.aspx,4017087,717113,
2021-03-10,4934283,Morocco,"Oxford/AstraZeneca, Sinopharm/Beijing",http://www.covidmaroc.ma/pages/Accueilfr.aspx,4080009,854274,
2021-03-11,5102685,Morocco,"Oxford/AstraZeneca, Sinopharm/Beijing",http://www.covidmaroc.ma/pages/Accueilfr.aspx,4130606,972079,
2021-03-12,5394092,Morocco,"Oxford/AstraZeneca, Sinopharm/Beijing",http://www.covidmaroc.ma/pages/Accueilfr.aspx,4169133,1224959,
2021-03-13,5682508,Morocco,"Oxford/AstraZeneca, Sinopharm/Beijing",http://www.covidmaroc.ma/pages/Accueilfr.aspx,4210770,1471738,
2021-03-15,5992783,Morocco,"Oxford/AstraZeneca, Sinopharm/Beijing",http://www.covidmaroc.ma/pages/Accueilfr.aspx,4225311,1767472,
2021-03-16,6197382,Morocco,"Oxford/AstraZeneca, Sinopharm/Beijing",http://www.covidmaroc.ma/pages/Accueilfr.aspx,4236386,1960996,
2021-03-17,6360732,Morocco,"Oxford/AstraZeneca, Sinopharm/Beijing",http://www.covidmaroc.ma/pages/Accueilfr.aspx,4244651,2116081,
2021-03-19,6611161,Morocco,"Oxford/AstraZeneca, Sinopharm/Beijing",http://www.covidmaroc.ma/pages/Accueilfr.aspx,4258813,2352348,
2021-03-20,6687548,Morocco,"Oxford/AstraZeneca, Sinopharm/Beijing",http://www.covidmaroc.ma/pages/Accueilfr.aspx,4264168,2423380,
2021-03-22,6781503,Morocco,"Oxford/AstraZeneca, Sinopharm/Beijing",http://www.covidmaroc.ma/pages/Accueilfr.aspx,4264761,2516742,
2021-03-23,6858400,Morocco,"Oxford/AstraZeneca, Sinopharm/Beijing",http://www.covidmaroc.ma/pages/Accueilfr.aspx,4265196,2593204,
2021-03-24,7128976,Morocco,"Oxford/AstraZeneca, Sinopharm/Beijing",http://www.covidmaroc.ma/pages/Accueilfr.aspx,4284060,2844916,
2021-03-25,7360398,Morocco,"Oxford/AstraZeneca, Sinopharm/Beijing",http://www.covidmaroc.ma/pages/Accueilfr.aspx,4289281,3071117,
2021-03-26,7525286,Morocco,"Oxford/AstraZeneca, Sinopharm/Beijing",http://www.covidmaroc.ma/pages/Accueilfr.aspx,4293544,3231742,
2021-03-27,7634475,Morocco,"Oxford/AstraZeneca, Sinopharm/Beijing",http://www.covidmaroc.ma/pages/Accueilfr.aspx,4302183,3332292,
2021-03-29,7758500,Morocco,"Oxford/AstraZeneca, Sinopharm/Beijing",http://www.covidmaroc.ma/pages/Accueilfr.aspx,4302897,3455603,
2021-03-30,7882300,Morocco,"Oxford/AstraZeneca, Sinopharm/Beijing",http://www.covidmaroc.ma/pages/Accueilfr.aspx,4315802,3566498,
2021-03-31,7994600,Morocco,"Oxford/AstraZeneca, Sinopharm/Beijing",http://www.covidmaroc.ma/pages/Accueilfr.aspx,4320349,3674251,
2021-04-01,8096454,Morocco,"Oxford/AstraZeneca, Sinopharm/Beijing",http://www.covidmaroc.ma/pages/Accueilfr.aspx,4329244,3767210,
2021-04-02,8171651,Morocco,"Oxford/AstraZeneca, Sinopharm/Beijing",http://www.covidmaroc.ma/pages/Accueilfr.aspx,4331082,3840569,
2021-04-03,8240870,Morocco,"Oxford/AstraZeneca, Sinopharm/Beijing",http://www.covidmaroc.ma/pages/Accueilfr.aspx,4348995,3891875,
2021-04-05,8303056,Morocco,"Oxford/AstraZeneca, Sinopharm/Beijing",http://www.covidmaroc.ma/pages/Accueilfr.aspx,4352033,3951023,
2021-04-06,8375241,Morocco,"Oxford/AstraZeneca, Sinopharm/Beijing",http://www.covidmaroc.ma/pages/Accueilfr.aspx,4382917,3992324,
2021-04-07,8448106,Morocco,"Oxford/AstraZeneca, Sinopharm/Beijing",http://www.covidmaroc.ma/pages/Accueilfr.aspx,4410023,4038083,
2021-04-08,8509229,Morocco,"Oxford/AstraZeneca, Sinopharm/Beijing",http://www.covidmaroc.ma/pages/Accueilfr.aspx,4433939,4075290,
2021-04-09,8552304,Morocco,"Oxford/AstraZeneca, Sinopharm/Beijing",http://www.covidmaroc.ma/pages/Accueilfr.aspx,4449047,4103257,
2021-04-10,8606571,Morocco,"Oxford/AstraZeneca, Sinopharm/Beijing",http://www.covidmaroc.ma/pages/Accueilfr.aspx,4471831,4134740,
2021-04-11,8635238,Morocco,"Oxford/AstraZeneca, Sinopharm/Beijing",http://www.covidmaroc.ma/pages/Accueilfr.aspx,4486628,4148610,
2021-04-13,8650872,Morocco,"Oxford/AstraZeneca, Sinopharm/Beijing",http://www.covidmaroc.ma/pages/Accueilfr.aspx,4495477,4155395,
2021-04-14,8696100,Morocco,"Oxford/AstraZeneca, Sinopharm/Beijing",http://www.covidmaroc.ma/pages/Accueilfr.aspx,4529399,4166701,
2021-04-15,8728449,Morocco,"Oxford/AstraZeneca, Sinopharm/Beijing",http://www.covidmaroc.ma/pages/Accueilfr.aspx,4554000,4174449,
2021-04-16,8763819,Morocco,"Oxford/AstraZeneca, Sinopharm/Beijing",http://www.covidmaroc.ma/pages/Accueilfr.aspx,4583664,4180155,
2021-04-17,8841456,Morocco,"Oxford/AstraZeneca, Sinopharm/Beijing",http://www.covidmaroc.ma/pages/Accueilfr.aspx,4655007,4186449,
2021-04-19,8860662,Morocco,"Oxford/AstraZeneca, Sinopharm/Beijing",http://www.covidmaroc.ma/pages/Accueilfr.aspx,4672326,4188336,
2021-04-20,8878445,Morocco,"Oxford/AstraZeneca, Sinopharm/Beijing",http://www.covidmaroc.ma/pages/Accueilfr.aspx,4684557,4193888,
2021-04-21,8901652,Morocco,"Oxford/AstraZeneca, Sinopharm/Beijing",http://www.covidmaroc.ma/pages/Accueilfr.aspx,4697873,4203779,
2021-04-22,8914956,Morocco,"Oxford/AstraZeneca, Sinopharm/Beijing",http://www.covidmaroc.ma/pages/Accueilfr.aspx,4707658,4207298,
2021-04-23,8941120,Morocco,"Oxford/AstraZeneca, Sinopharm/Beijing",http://www.covidmaroc.ma/pages/Accueilfr.aspx,4723635,4217485,
2021-04-26,8951316,Morocco,"Oxford/AstraZeneca, Sinopharm/Beijing",http://www.covidmaroc.ma/pages/Accueilfr.aspx,4731440,4219876,
2021-04-27,9041985,Morocco,"Oxford/AstraZeneca, Sinopharm/Beijing",http://www.covidmaroc.ma/pages/Accueilfr.aspx,4808303,4233682,
2021-04-28,9239973,Morocco,"Oxford/AstraZeneca, Sinopharm/Beijing",http://www.covidmaroc.ma/pages/Accueilfr.aspx,4985094,4254879,
2021-04-30,9315054,Morocco,"Oxford/AstraZeneca, Sinopharm/Beijing",http://www.covidmaroc.ma/pages/Accueilfr.aspx,5054642,4260412,
2021-05-01,9315844,Morocco,"Oxford/AstraZeneca, Sinopharm/Beijing",http://www.covidmaroc.ma/pages/Accueilfr.aspx,5055239,4260605,
2021-05-03,9389397,Morocco,"Oxford/AstraZeneca, Sinopharm/Beijing",http://www.covidmaroc.ma/pages/Accueilfr.aspx,5107128,4282269,
2021-05-04,9558639,Morocco,"Oxford/AstraZeneca, Sinopharm/Beijing",http://www.covidmaroc.ma/pages/Accueilfr.aspx,5231766,4326873,
2021-05-05,9680954,Morocco,"Oxford/AstraZeneca, Sinopharm/Beijing",http://www.covidmaroc.ma/pages/Accueilfr.aspx,5334087,4346867,
2021-05-07,9793139,Morocco,"Oxford/AstraZeneca, Sinopharm/Beijing",http://www.covidmaroc.ma/pages/Accueilfr.aspx,5429878,4363261,
2021-05-08,9864561,Morocco,"Oxford/AstraZeneca, Sinopharm/Beijing",http://www.covidmaroc.ma/pages/Accueilfr.aspx,5473809,4390752,
2021-05-10,10131795,Morocco,"Oxford/AstraZeneca, Sinopharm/Beijing",http://www.covidmaroc.ma/pages/Accueilfr.aspx,5726928,4404867,
2021-05-11,10317649,Morocco,"Oxford/AstraZeneca, Sinopharm/Beijing",http://www.covidmaroc.ma/pages/Accueilfr.aspx,5903593,4414056,
2021-05-12,10436046,Morocco,"Oxford/AstraZeneca, Sinopharm/Beijing",http://www.covidmaroc.ma/pages/Accueilfr.aspx,5994379,4441667,
2021-05-14,10491095,Morocco,"Oxford/AstraZeneca, Sinopharm/Beijing",http://www.covidmaroc.ma/pages/Accueilfr.aspx,6040109,4450986,
2021-05-15,10672075,Morocco,"Oxford/AstraZeneca, Sinopharm/Beijing",http://www.covidmaroc.ma/pages/Accueilfr.aspx,6171437,4500638,
2021-05-17,11001373,Morocco,"Oxford/AstraZeneca, Sinopharm/Beijing",http://www.covidmaroc.ma/pages/Accueilfr.aspx,6458947,4542426,
2021-05-18,11349546,Morocco,"Oxford/AstraZeneca, Sinopharm/Beijing",http://www.covidmaroc.ma/pages/Accueilfr.aspx,6768161,4581385,
2021-05-19,11703585,Morocco,"Oxford/AstraZeneca, Sinopharm/Beijing",http://www.covidmaroc.ma/pages/Accueilfr.aspx,7029682,4673903,
2021-05-20,12015720,Morocco,"Oxford/AstraZeneca, Sinopharm/Beijing",http://www.covidmaroc.ma/pages/Accueilfr.aspx,7267431,4748289,
2021-05-21,12285298,Morocco,"Oxford/AstraZeneca, Sinopharm/Beijing",http://www.covidmaroc.ma/pages/Accueilfr.aspx,7467468,4817830,
2021-05-22,12467071,Morocco,"Oxford/AstraZeneca, Sinopharm/Beijing",http://www.covidmaroc.ma/pages/Accueilfr.aspx,7635674,4831397,
2021-05-24,12707952,Morocco,"Oxford/AstraZeneca, Sinopharm/Beijing",http://www.covidmaroc.ma/pages/Accueilfr.aspx,7832620,4875332,
2021-05-25,13165669,Morocco,"Oxford/AstraZeneca, Sinopharm/Beijing",http://www.covidmaroc.ma/pages/Accueilfr.aspx,8168964,4996705,
2021-05-31,14143401,Morocco,"Oxford/AstraZeneca, Sinopharm/Beijing",http://www.covidmaroc.ma/pages/Accueilfr.aspx,8674931,5468470,
2021-06-01,14413974,Morocco,"Oxford/AstraZeneca, Sinopharm/Beijing",http://www.covidmaroc.ma/pages/Accueilfr.aspx,8772982,5640992,
2021-06-02,14614443,Morocco,"Oxford/AstraZeneca, Sinopharm/Beijing",http://www.covidmaroc.ma/pages/Accueilfr.aspx,8869486,5744957,
2021-06-03,14913162,Morocco,"Oxford/AstraZeneca, Sinopharm/Beijing",http://www.covidmaroc.ma/pages/Accueilfr.aspx,9072565,5840597,
2021-06-05,15007487,Morocco,"Oxford/AstraZeneca, Sinopharm/Beijing",http://www.covidmaroc.ma/pages/Accueilfr.aspx,9108843,5898644,
2021-06-07,15380193,Morocco,"Oxford/AstraZeneca, Sinopharm/Beijing",http://www.covidmaroc.ma/pages/Accueilfr.aspx,9216223,6163970,
2021-06-08,15798674,Morocco,"Oxford/AstraZeneca, Sinopharm/Beijing",http://www.covidmaroc.ma/pages/Accueilfr.aspx,9341497,6457177,
2021-06-09,16042670,Morocco,"Oxford/AstraZeneca, Sinopharm/Beijing",http://www.covidmaroc.ma/pages/Accueilfr.aspx,9354932,6687738,
2021-06-10,16237673,Morocco,"Oxford/AstraZeneca, Sinopharm/Beijing",http://www.covidmaroc.ma/pages/Accueilfr.aspx,9359017,6878656,
2021-06-11,16409704,Morocco,"Oxford/AstraZeneca, Sinopharm/Beijing",http://www.covidmaroc.ma/pages/Accueilfr.aspx,9362000,7047704,
2021-06-12,16457911,Morocco,"Oxford/AstraZeneca, Sinopharm/Beijing",http://www.covidmaroc.ma/pages/Accueilfr.aspx,9363220,7094691,
2021-06-14,16689797,Morocco,"Oxford/AstraZeneca, Sinopharm/Beijing",http://www.covidmaroc.ma/pages/Accueilfr.aspx,9365541,7324256,
2021-06-15,16888377,Morocco,"Oxford/AstraZeneca, Sinopharm/Beijing",http://www.covidmaroc.ma/pages/Accueilfr.aspx,9368046,7520331,
2021-06-16,17053367,Morocco,"Oxford/AstraZeneca, Sinopharm/Beijing",http://www.covidmaroc.ma/pages/Accueilfr.aspx,9369489,7683878,
2021-06-17,17261906,Morocco,"Oxford/AstraZeneca, Sinopharm/Beijing",http://www.covidmaroc.ma/pages/Accueilfr.aspx,9372198,7889708,
2021-06-18,17431869,Morocco,"Oxford/AstraZeneca, Sinopharm/Beijing",http://www.covidmaroc.ma/pages/Accueilfr.aspx,9374710,8057159,
2021-06-19,17494081,Morocco,"Oxford/AstraZeneca, Sinopharm/Beijing",http://www.covidmaroc.ma/pages/Accueilfr.aspx,9375240,8118841,
2021-06-21,18045561,Morocco,"Oxford/AstraZeneca, Sinopharm/Beijing",http://www.covidmaroc.ma/pages/Accueilfr.aspx,9594360,8451201,
2021-06-23,18251766,Morocco,"Oxford/AstraZeneca, Sinopharm/Beijing",http://www.covidmaroc.ma/pages/Accueilfr.aspx,9685199,8566567,
2021-06-24,18432231,Morocco,"Oxford/AstraZeneca, Sinopharm/Beijing",http://www.covidmaroc.ma/pages/Accueilfr.aspx,9756702,8675529,
2021-06-25,18605356,Morocco,"Oxford/AstraZeneca, Sinopharm/Beijing",http://www.covidmaroc.ma/pages/Accueilfr.aspx,9810963,8794393,
2021-06-26,18645063,Morocco,"Oxford/AstraZeneca, Sinopharm/Beijing",http://www.covidmaroc.ma/pages/Accueilfr.aspx,9822096,8822967,
2021-06-28,18862912,Morocco,"Oxford/AstraZeneca, Sinopharm/Beijing",http://www.covidmaroc.ma/pages/Accueilfr.aspx,9908882,8954030,
2021-06-30,19109805,Morocco,"Oxford/AstraZeneca, Sinopharm/Beijing",http://www.covidmaroc.ma/pages/Accueilfr.aspx,9993673,9116132,
2021-07-01,19169576,Morocco,"Oxford/AstraZeneca, Sinopharm/Beijing",http://www.covidmaroc.ma/pages/Accueilfr.aspx,10028791,9140785,
2021-07-02,19219432,Morocco,"Oxford/AstraZeneca, Sinopharm/Beijing",http://www.covidmaroc.ma/pages/Accueilfr.aspx,10059937,9159495,
2021-07-03,19226243,Morocco,"Oxford/AstraZeneca, Sinopharm/Beijing",http://www.covidmaroc.ma/pages/Accueilfr.aspx,10064283,9161960,
2021-07-04,19230033,Morocco,"Oxford/AstraZeneca, Sinopharm/Beijing",http://www.covidmaroc.ma/pages/Accueilfr.aspx,10067573,9162460,
2021-07-05,19300988,Morocco,"Oxford/AstraZeneca, Sinopharm/Beijing",http://www.covidmaroc.ma/pages/Accueilfr.aspx,10119393,9181595,
2021-07-06,19355349,Morocco,"Oxford/AstraZeneca, Sinopharm/Beijing",http://www.covidmaroc.ma/pages/Accueilfr.aspx,10160373,9194976,
2021-07-07,19471423,Morocco,"Oxford/AstraZeneca, Sinopharm/Beijing",http://www.covidmaroc.ma/pages/Accueilfr.aspx,10266670,9204753,
2021-07-08,19531342,Morocco,"Oxford/AstraZeneca, Sinopharm/Beijing",http://www.covidmaroc.ma/pages/Accueilfr.aspx,10317807,9213535,
2021-07-09,19570153,Morocco,"Oxford/AstraZeneca, Sinopharm/Beijing",http://www.covidmaroc.ma/pages/Accueilfr.aspx,10349861,9220292,
2021-07-10,19578370,Morocco,"Oxford/AstraZeneca, Sinopharm/Beijing",http://www.covidmaroc.ma/pages/Accueilfr.aspx,10356845,9221525,
2021-07-11,19579875,Morocco,"Oxford/AstraZeneca, Sinopharm/Beijing",http://www.covidmaroc.ma/pages/Accueilfr.aspx,10358218,9221657,
2021-07-12,19862881,Morocco,"Oxford/AstraZeneca, Sinopharm/Beijing",http://www.covidmaroc.ma/pages/Accueilfr.aspx,10552219,9310662,
2021-07-13,20122946,Morocco,"Oxford/AstraZeneca, Sinopharm/Beijing",http://www.covidmaroc.ma/pages/Accueilfr.aspx,10713551,9409395,
2021-07-14,20343869,Morocco,"Oxford/AstraZeneca, Sinopharm/Beijing",http://www.covidmaroc.ma/pages/Accueilfr.aspx,10854278,9489591,
2021-07-15,20794848,Morocco,"Oxford/AstraZeneca, Sinopharm/Beijing",http://www.covidmaroc.ma/pages/Accueilfr.aspx,11185961,9608887,
2021-07-17,20833568,Morocco,"Oxford/AstraZeneca, Sinopharm/Beijing",http://www.covidmaroc.ma/pages/Accueilfr.aspx,11213841,9619727,
2021-07-18,20840340,Morocco,"Oxford/AstraZeneca, Sinopharm/Beijing",http://www.covidmaroc.ma/pages/Accueilfr.aspx,11219675,9620665,
2021-07-19,21292611,Morocco,"Oxford/AstraZeneca, Sinopharm/Beijing",http://www.covidmaroc.ma/pages/Accueilfr.aspx,11555970,9736641,
2021-07-22,21486676,Morocco,"Oxford/AstraZeneca, Sinopharm/Beijing",http://www.covidmaroc.ma/pages/Accueilfr.aspx,11699533,9787143,
2021-07-24,21522436,Morocco,"Oxford/AstraZeneca, Sinopharm/Beijing",http://www.covidmaroc.ma/pages/Accueilfr.aspx,11728171,9794265,
2021-07-25,21546138,Morocco,"Oxford/AstraZeneca, Sinopharm/Beijing",http://www.covidmaroc.ma/pages/Accueilfr.aspx,11748418,9797720,
2021-07-26,21926072,Morocco,"Oxford/AstraZeneca, Sinopharm/Beijing",http://www.covidmaroc.ma/pages/Accueilfr.aspx,12061160,9864912,
2021-07-27,22444407,Morocco,"Oxford/AstraZeneca, Sinopharm/Beijing",http://www.covidmaroc.ma/pages/Accueilfr.aspx,12520195,9924212,
2021-07-28,22986926,Morocco,"Oxford/AstraZeneca, Sinopharm/Beijing",http://www.covidmaroc.ma/pages/Accueilfr.aspx,12971479,10015447,
2021-07-29,23482886,Morocco,"Oxford/AstraZeneca, Sinopharm/Beijing",http://www.covidmaroc.ma/pages/Accueilfr.aspx,13388726,10094160,
2021-07-30,23649478,Morocco,"Oxford/AstraZeneca, Sinopharm/Beijing",http://www.covidmaroc.ma/pages/Accueilfr.aspx,13537493,10111985,
2021-07-31,23755510,Morocco,"Oxford/AstraZeneca, Sinopharm/Beijing",http://www.covidmaroc.ma/pages/Accueilfr.aspx,13631005,10124505,
2021-08-01,23802188,Morocco,"Oxford/AstraZeneca, Sinopharm/Beijing",http://www.covidmaroc.ma/pages/Accueilfr.aspx,13672764,10129424,
2021-08-02,24257310,Morocco,"Oxford/AstraZeneca, Sinopharm/Beijing",http://www.covidmaroc.ma/pages/Accueilfr.aspx,13973650,10283660,
2021-08-03,25156226,Morocco,"Oxford/AstraZeneca, Sinopharm/Beijing",http://www.covidmaroc.ma/pages/Accueilfr.aspx,14581754,10574472,
2021-08-05,25542596,Morocco,"Oxford/AstraZeneca, Sinopharm/Beijing",http://www.covidmaroc.ma/pages/Accueilfr.aspx,14809114,10733482,
2021-08-06,25851862,Morocco,"Oxford/AstraZeneca, Sinopharm/Beijing",http://www.covidmaroc.ma/pages/Accueilfr.aspx,14981732,10870130,
2021-08-07,25933900,Morocco,"Oxford/AstraZeneca, Sinopharm/Beijing",http://www.covidmaroc.ma/pages/Accueilfr.aspx,15037701,10896199,
2021-08-08,25968795,Morocco,"Oxford/AstraZeneca, Sinopharm/Beijing",http://www.covidmaroc.ma/pages/Accueilfr.aspx,15065672,10903123,
2021-08-09,26412218,Morocco,"Oxford/AstraZeneca, Sinopharm/Beijing",http://www.covidmaroc.ma/pages/Accueilfr.aspx,15342370,11069848,
2021-08-10,26537588,Morocco,"Oxford/AstraZeneca, Sinopharm/Beijing",http://www.covidmaroc.ma/pages/Accueilfr.aspx,15423440,11114148,
2021-08-11,26952946,Morocco,"Oxford/AstraZeneca, Sinopharm/Beijing",http://www.covidmaroc.ma/pages/Accueilfr.aspx,15717132,11235814,
2021-08-12,27334160,Morocco,"Oxford/AstraZeneca, Sinopharm/Beijing",http://www.covidmaroc.ma/pages/Accueilfr.aspx,16034986,11299174,
2021-08-13,27561271,Morocco,"Oxford/AstraZeneca, Sinopharm/Beijing",http://www.covidmaroc.ma/pages/Accueilfr.aspx,16192313,11368958,
2021-08-14,27630059,Morocco,"Oxford/AstraZeneca, Sinopharm/Beijing",http://www.covidmaroc.ma/pages/Accueilfr.aspx,16240404,11389655,
2021-08-15,27664344,Morocco,"Oxford/AstraZeneca, Sinopharm/Beijing",http://www.covidmaroc.ma/pages/Accueilfr.aspx,16262278,11402066,
2021-08-16,28134240,Morocco,"Oxford/AstraZeneca, Sinopharm/Beijing",http://www.covidmaroc.ma/pages/Accueilfr.aspx,16493799,11640441,
2021-08-17,28721160,Morocco,"Oxford/AstraZeneca, Sinopharm/Beijing",http://www.covidmaroc.ma/pages/Accueilfr.aspx,16740875,11980285,
2021-08-18,29303420,Morocco,"Oxford/AstraZeneca, Sinopharm/Beijing",http://www.covidmaroc.ma/pages/Accueilfr.aspx,16961675,12341745,
2021-08-19,29856013,Morocco,"Oxford/AstraZeneca, Sinopharm/Beijing",http://www.covidmaroc.ma/pages/Accueilfr.aspx,17156411,12699602,
2021-08-20,30030540,Morocco,"Oxford/AstraZeneca, Sinopharm/Beijing",http://www.covidmaroc.ma/pages/Accueilfr.aspx,17220526,12810014,
2021-08-21,30136555,Morocco,"Oxford/AstraZeneca, Sinopharm/Beijing",http://www.covidmaroc.ma/pages/Accueilfr.aspx,17261839,12874716,
2021-08-22,30199776,Morocco,"Oxford/AstraZeneca, Sinopharm/Beijing",http://www.covidmaroc.ma/pages/Accueilfr.aspx,17288054,12911722,
2021-08-23,30680402,Morocco,"Oxford/AstraZeneca, Sinopharm/Beijing",http://www.covidmaroc.ma/pages/Accueilfr.aspx,17489039,13191363,
2021-08-24,31248289,Morocco,"Oxford/AstraZeneca, Sinopharm/Beijing",http://www.covidmaroc.ma/pages/Accueilfr.aspx,17693422,13554867,
2021-08-27,32437049,Morocco,"Oxford/AstraZeneca, Sinopharm/Beijing",http://www.covidmaroc.ma/pages/Accueilfr.aspx,18162608,14274441,
2021-08-28,32541843,Morocco,"Oxford/AstraZeneca, Sinopharm/Beijing",http://www.covidmaroc.ma/pages/Accueilfr.aspx,18204563,14337280,
2021-08-29,33008946,Morocco,"Oxford/AstraZeneca, Sinopharm/Beijing",http://www.covidmaroc.ma/pages/Accueilfr.aspx,18379071,14629875,
2021-08-31,33721703,Morocco,"Oxford/AstraZeneca, Sinopharm/Beijing",http://www.covidmaroc.ma/pages/Accueilfr.aspx,18701155,15020548,
2021-09-01,34160942,Morocco,"Oxford/AstraZeneca, Sinopharm/Beijing",http://www.covidmaroc.ma/pages/Accueilfr.aspx,18875138,15285804,
2021-09-03,34517659,Morocco,"Oxford/AstraZeneca, Sinopharm/Beijing",http://www.covidmaroc.ma/pages/Accueilfr.aspx,19041052,15476607,
2021-09-04,34640535,Morocco,"Oxford/AstraZeneca, Sinopharm/Beijing",http://www.covidmaroc.ma/pages/Accueilfr.aspx,19110905,15529630,
2021-09-05,34688815,Morocco,"Oxford/AstraZeneca, Sinopharm/Beijing",http://www.covidmaroc.ma/pages/Accueilfr.aspx,19136490,15552325,
2021-09-06,35522072,Morocco,"Oxford/AstraZeneca, Sinopharm/Beijing",http://www.covidmaroc.ma/pages/Accueilfr.aspx,19529591,15992481,
2021-09-08,35722890,Morocco,"Oxford/AstraZeneca, Sinopharm/Beijing",http://www.covidmaroc.ma/pages/Accueilfr.aspx,19620474,16102416,
2021-09-09,36003650,Morocco,"Oxford/AstraZeneca, Sinopharm/Beijing",http://www.covidmaroc.ma/pages/Accueilfr.aspx,19745725,16257925,
2021-09-10,36271200,Morocco,"Oxford/AstraZeneca, Sinopharm/Beijing",http://www.covidmaroc.ma/pages/Accueilfr.aspx,19884992,16386208,
2021-09-14,37238088,Morocco,"Johnson&Johnson, Oxford/AstraZeneca, Pfizer/BioNTech, Sinopharm/Beijing, Sputnik V",https://covid19.who.int/,20362745,16875343,
2021-09-19,38436040,Morocco,"Johnson&Johnson, Oxford/AstraZeneca, Pfizer/BioNTech, Sinopharm/Beijing, Sputnik V",https://covid19.who.int/,21006394,17429646,
2021-09-22,39523919,Morocco,"Johnson&Johnson, Oxford/AstraZeneca, Pfizer/BioNTech, Sinopharm/Beijing, Sputnik V",https://covid19.who.int/,21580332,17943587,
2021-09-25,40273386,Morocco,"Johnson&Johnson, Oxford/AstraZeneca, Pfizer/BioNTech, Sinopharm/Beijing, Sputnik V",https://covid19.who.int/,21915897,18357489,
2021-09-28,41099861,Morocco,"Johnson&Johnson, Oxford/AstraZeneca, Pfizer/BioNTech, Sinopharm/Beijing, Sputnik V",https://covid19.who.int/,22309639,18790222,
2021-10-02,41995999,Morocco,"Johnson&Johnson, Oxford/AstraZeneca, Pfizer/BioNTech, Sinopharm/Beijing, Sputnik V",https://covid19.who.int/,22748069,19247930,
2021-10-09,43122611,Morocco,"Johnson&Johnson, Oxford/AstraZeneca, Pfizer/BioNTech, Sinopharm/Beijing, Sputnik V",https://covid19.who.int/,23023859,20098752,
2021-10-13,44069544,Morocco,"Johnson&Johnson, Oxford/AstraZeneca, Pfizer/BioNTech, Sinopharm/Beijing, Sputnik V",https://covid19.who.int/,23139440,20587049,
2021-10-17,44867769,Morocco,"Johnson&Johnson, Oxford/AstraZeneca, Pfizer/BioNTech, Sinopharm/Beijing, Sputnik V",https://covid19.who.int/,23236666,20925569,
2021-10-19,45249522,Morocco,"Johnson&Johnson, Oxford/AstraZeneca, Pfizer/BioNTech, Sinopharm/Beijing, Sputnik V",https://covid19.who.int/,23333590,21116355,
2021-10-24,46094289,Morocco,"Johnson&Johnson, Oxford/AstraZeneca, Pfizer/BioNTech, Sinopharm/Beijing, Sputnik V",https://covid19.who.int/,23662317,21449332,
2021-10-26,47152928,Morocco,"Johnson&Johnson, Oxford/AstraZeneca, Pfizer/BioNTech, Sinopharm/Beijing, Sputnik V",https://covid19.who.int/,24053942,21835545,
2021-10-31,47633925,Morocco,"Johnson&Johnson, Oxford/AstraZeneca, Pfizer/BioNTech, Sinopharm/Beijing, Sputnik V",https://covid19.who.int/,24198013,22041110,
2021-11-02,47867990,Morocco,"Johnson&Johnson, Oxford/AstraZeneca, Pfizer/BioNTech, Sinopharm/Beijing, Sputnik V",https://covid19.who.int/,24259320,22144227,
