location,date,vaccine,source_url,total_vaccinations,people_vaccinated,people_fully_vaccinated,total_boosters
Nepal,2021-01-26,Oxford/AstraZeneca,https://myrepublica.nagariknetwork.com/news/over-1-million-people-receive-covid-19-vaccine-in-nepal-so-far/,0,,,
Nepal,2021-02-01,Oxford/AstraZeneca,https://myrepublica.nagariknetwork.com/news/over-1-million-people-receive-covid-19-vaccine-in-nepal-so-far/,113175,113175,,
Nepal,2021-02-04,Oxford/AstraZeneca,https://thehimalayantimes.com/nepal/158487-persons-receive-first-dose-of-covid-19-vaccine-in-nepal,158487,158487,,
Nepal,2021-02-20,Oxford/AstraZeneca,https://drive.google.com/file/d/1I8b2_-9TGCbtwjmzUUHVhztotsZhTDLZ/view?usp=sharing,402264,402264,,
Nepal,2021-03-19,Oxford/AstraZeneca,https://reliefweb.int/report/nepal/first-asia-pacific-refugees-nepal-receive-vaccinations-against-covid-19,1600000,1600000,,
Nepal,2021-04-05,Oxford/AstraZeneca,http://www.xinhuanet.com/english/asiapacific/2021-04/05/c_139859314.htm,1700000,1700000,,
Nepal,2021-04-07,"Oxford/AstraZeneca, Sinopharm/Beijing",https://covid19.mohp.gov.np/covid/englishSituationReport/606ee24cc2bff_SitRep424_COVID-19_08-04-2021_EN.pdf,1806236,1806236,,
Nepal,2021-04-08,"Oxford/AstraZeneca, Sinopharm/Beijing",https://covid19.mohp.gov.np/covid/englishSituationReport/60702a587ad4a_SitRep425_COVID-19_09-04-2021_EN.pdf,1811658,1811658,,
Nepal,2021-04-09,"Oxford/AstraZeneca, Sinopharm/Beijing",https://covid19.mohp.gov.np/covid/englishSituationReport/60717a63f07c9_SitRep426_COVID-19_10-04-2021_EN.pdf,1835263,1835263,,
Nepal,2021-04-10,"Oxford/AstraZeneca, Sinopharm/Beijing",https://covid19.mohp.gov.np/covid/englishSituationReport/6072dd7075d48_SitRep427_COVID-19_11-04-2021_EN.pdf,1841124,1841124,,
Nepal,2021-04-11,"Oxford/AstraZeneca, Sinopharm/Beijing",https://covid19.mohp.gov.np/covid/englishSituationReport/60742a9bebe9a_SitRep428_COVID-19_12-04-2021_EN.pdf,1850570,1850570,,
Nepal,2021-04-13,"Oxford/AstraZeneca, Sinopharm/Beijing",https://covid19.mohp.gov.np/covid/englishSituationReport/6076d54262805_SitRep430_COVID-19_14-04-2021_EN.pdf,1873377,1873377,,
Nepal,2021-04-15,"Oxford/AstraZeneca, Sinopharm/Beijing",https://covid19.mohp.gov.np/covid/englishSituationReport/6079717b481cd_SitRep432_COVID-19_16-04-2021_EN.pdf,1885755,1885755,,
Nepal,2021-04-16,"Oxford/AstraZeneca, Sinopharm/Beijing",https://covid19.mohp.gov.np/covid/englishSituationReport/607abc4d7ca2e_SitRep433_COVID-19_17-04-2021_EN.pdf,1900583,1900583,,
Nepal,2021-04-17,"Oxford/AstraZeneca, Sinopharm/Beijing",https://covid19.mohp.gov.np/covid/englishSituationReport/607c13ea30096_SitRep434_COVID-19_18-04-2021_EN.pdf,1910209,1910209,,
Nepal,2021-04-18,"Oxford/AstraZeneca, Sinopharm/Beijing",https://covid19.mohp.gov.np/covid/englishSituationReport/607d59c57f25b_SitRep435_COVID-19_19-04-2021_EN.pdf,1924703,1924703,,
Nepal,2021-04-19,"Oxford/AstraZeneca, Sinopharm/Beijing",https://covid19.mohp.gov.np/covid/englishSituationReport/607ebf4d9bbc2_SitRep436_COVID-19_20-04-2021_EN.pdf,1938679,1938679,,
Nepal,2021-04-20,"Oxford/AstraZeneca, Sinopharm/Beijing",https://covid19.mohp.gov.np/covid/englishSituationReport/608011c6c3504_SitRep437_COVID-19_21-04-2021_EN.pdf,1961992,1961992,,
Nepal,2021-04-21,"Oxford/AstraZeneca, Sinopharm/Beijing",https://covid19.mohp.gov.np/covid/englishSituationReport/60816045734aa_SitRep438_COVID-19_22-04-2021_EN.pdf,1966506,1966506,,
Nepal,2021-04-22,"Oxford/AstraZeneca, Sinopharm/Beijing",https://covid19.mohp.gov.np/covid/englishSituationReport/6082a7604f027_SitRep439_COVID-19_23-04-2021_EN.pdf,1978239,1978239,,
Nepal,2021-04-23,"Oxford/AstraZeneca, Sinopharm/Beijing",https://covid19.mohp.gov.np/covid/englishSituationReport/6083fc15ecffd_SitRep440_COVID-19_24-04-2021_EN.pdf,1989248,1989248,,
Nepal,2021-04-25,"Oxford/AstraZeneca, Sinopharm/Beijing",https://covid19.mohp.gov.np/covid/englishSituationReport/6086a27fe72db_SitRep442_COVID-19_26-04-2021_EN.pdf,2006436,2006436,,
Nepal,2021-04-26,"Oxford/AstraZeneca, Sinopharm/Beijing",https://covid19.mohp.gov.np/covid/englishSituationReport/6087f5cc3b478_SitRep443_COVID-19_27-04-2021_EN.pdf,2019177,2019177,,
Nepal,2021-04-27,"Oxford/AstraZeneca, Sinopharm/Beijing",https://covid19.mohp.gov.np/covid/englishSituationReport/608944558efa4_SitRep444_COVID-19_27-04-2021_EN.pdf,2051440,2051440,,
Nepal,2021-04-28,"Oxford/AstraZeneca, Sinopharm/Beijing",https://covid19.mohp.gov.np/covid/englishSituationReport/608a91a9c6d26_SitRep445_COVID-19_29-04-2021_EN.pdf,2091511,2091511,,
Nepal,2021-05-07,"Oxford/AstraZeneca, Sinopharm/Beijing",https://covid19.mohp.gov.np/covid/englishSituationReport/609523cf67ce3_SitRep453_COVID-19_7-05-2021_EN.pdf,2453512,2091511,362001,
Nepal,2021-05-18,"Oxford/AstraZeneca, Sinopharm/Beijing",https://covid19.mohp.gov.np/covid/englishSituationReport/60a5103282e4a_SitRep465_COVID-19_19-05-2021_EN.pdf,2539590,2113080,426510,
Nepal,2021-05-20,"Oxford/AstraZeneca, Sinopharm/Beijing",https://covid19.mohp.gov.np/covid/englishSituationReport/60a7a03c3bf39_SitRep467_COVID-19_21-05-2021_EN.pdf,2596711,2113080,483631,
Nepal,2021-05-21,"Oxford/AstraZeneca, Sinopharm/Beijing",https://covid19.mohp.gov.np/covid/englishSituationReport/60a8e7f6dcf3c_SitRep468_COVID-19_22-05-2021_EN.pdf,2627333,2113080,514253,
Nepal,2021-05-22,"Oxford/AstraZeneca, Sinopharm/Beijing",https://covid19.mohp.gov.np/covid/englishSituationReport/60aa3df82bc07_SitRep469_COVID-19_23-05-2021_EN.pdf,2644648,2113080,531568,
Nepal,2021-05-23,"Oxford/AstraZeneca, Sinopharm/Beijing",https://covid19.mohp.gov.np/covid/englishSituationReport/60ab8c9e2ca33_SitRep470_COVID-19_24-05-2021_EN.pdf,2666669,2113080,553589,
Nepal,2021-05-24,"Oxford/AstraZeneca, Sinopharm/Beijing",https://covid19.mohp.gov.np/covid/englishSituationReport/60ace0ca53adb_SitRep471_COVID-19_25-05-2021_EN.pdf,2706835,2113080,593755,
Nepal,2021-05-25,"Oxford/AstraZeneca, Sinopharm/Beijing",https://covid19.mohp.gov.np/covid/englishSituationReport/60ae315e9a2be_SitRep472_COVID-19_26-05-2021_EN.pdf,2727193,2113080,614113,
Nepal,2021-05-26,"Oxford/AstraZeneca, Sinopharm/Beijing",https://covid19.mohp.gov.np/covid/englishSituationReport/60af75cce3f26_SitRep473_COVID-19_27-05-2021_EN.pdf,2741964,2113080,628884,
Nepal,2021-05-27,"Oxford/AstraZeneca, Sinopharm/Beijing",https://covid19.mohp.gov.np/covid/englishSituationReport/60b0c0c785081_SitRep474_COVID-19_28-05-2021_EN.pdf,2761148,2113080,648068,
Nepal,2021-05-28,"Oxford/AstraZeneca, Sinopharm/Beijing",https://covid19.mohp.gov.np/covid/englishSituationReport/60b218e965a86_SitRep475_COVID-19_29-05-2021_EN.pdf,2767931,2113080,654851,
Nepal,2021-05-29,"Oxford/AstraZeneca, Sinopharm/Beijing",https://covid19.mohp.gov.np/covid/englishSituationReport/60b38114b97f2_SitRep476_COVID-19_30-05-2021_EN.pdf,2800019,2113080,686939,
Nepal,2021-05-30,"Oxford/AstraZeneca, Sinopharm/Beijing",https://covid19.mohp.gov.np/covid/englishSituationReport/60b4e108d27c8_SitRep477_COVID-19_31-05-2021_EN.pdf,2802596,2113080,689516,
Nepal,2021-06-06,"Oxford/AstraZeneca, Sinopharm/Beijing",https://covid19.mohp.gov.np/covid/englishSituationReport/60bcb421c38b3_SitRep483_COVID-19_06-06-2021_EN.pdf,2804574,2113080,691494,
Nepal,2021-06-09,"Oxford/AstraZeneca, Sinopharm/Beijing",https://covid19.mohp.gov.np/covid/englishSituationReport/60c0bbce2ce6d_SitRep486_COVID-19_09-06-2021_EN.pdf,2861314,2169820,691494,
Nepal,2021-06-10,"Oxford/AstraZeneca, Sinopharm/Beijing",https://covid19.mohp.gov.np/covid/englishSituationReport/60c1f96cc7b61_SitRep487_COVID-19_10-06-2021_EN.pdf,2936113,2244619,691494,
Nepal,2021-06-12,"Oxford/AstraZeneca, Sinopharm/Beijing",https://covid19.mohp.gov.np/covid/englishSituationReport/60c48f7e1e240_SitRep489_COVID-19_12-06-2021_EN.pdf,3074592,2383098,691494,
Nepal,2021-06-15,"Oxford/AstraZeneca, Sinopharm/Beijing",https://covid19.mohp.gov.np/covid/englishSituationReport/60c89030a0365_SitRep492_COVID-19_15-06-2021_EN.pdf,3129621,2438127,691494,
Nepal,2021-06-16,"Oxford/AstraZeneca, Sinopharm/Beijing",https://covid19.mohp.gov.np/covid/englishSituationReport/60caccef266d9_SitRep493_COVID-19_16-06-2021_EN.pdf,3153419,2461925,691494,
Nepal,2021-06-19,"Oxford/AstraZeneca, Sinopharm/Beijing",https://covid19.mohp.gov.np/covid/englishSituationReport/60cdcbdabc01a_SitRep496_COVID-19_19-06-2021_EN.pdf,3231849,2500196,731653,
Nepal,2021-06-26,"Oxford/AstraZeneca, Sinopharm/Beijing",https://covid19.mohp.gov.np/covid/englishSituationReport/60d70548ae5c7_SitRep503_COVID-19_26-06-2021_EN.pdf,3331960,2582375,749585,
Nepal,2021-06-27,"Oxford/AstraZeneca, Sinopharm/Beijing",https://covid19.mohp.gov.np/covid/englishSituationReport/60d86258ad299_SitRep504_COVID-19_27-06-2021_EN.pdf,3333921,2583790,750131,
Nepal,2021-06-28,"Oxford/AstraZeneca, Sinopharm/Beijing",https://covid19.mohp.gov.np/covid/englishSituationReport/60d9a5510942d_SitRep505_COVID-19_28-06-2021_EN.pdf,3339983,2587873,752110,
Nepal,2021-06-29,"Oxford/AstraZeneca, Sinopharm/Beijing",https://covid19.mohp.gov.np/covid/englishSituationReport/60db05074c8ac_SitRep506_COVID-19_29-06-2021_EN.pdf,3354095,2599553,754542,
Nepal,2021-06-30,"Oxford/AstraZeneca, Sinopharm/Beijing",https://covid19.mohp.gov.np/covid/englishSituationReport/60dc548bb26f5_SitRep507_COVID-19_30-06-2021_EN.pdf,3356335,2601316,755019,
Nepal,2021-07-01,"Oxford/AstraZeneca, Sinopharm/Beijing",https://covid19.mohp.gov.np/covid/englishSituationReport/60dd9dd15e308_SitRep508_COVID-19_01-07-2021_EN.pdf,3361468,2604866,756602,
Nepal,2021-07-03,"Oxford/AstraZeneca, Sinopharm/Beijing",https://covid19.mohp.gov.np/covid/englishSituationReport/60e03bce3b3cb_SitRep510_COVID-19_03-07-2021_EN.pdf,3362828,2604866,757962,
Nepal,2021-07-04,"Oxford/AstraZeneca, Sinopharm/Beijing",https://covid19.mohp.gov.np/covid/englishSituationReport/60e2861e9ba61_SitRep511_COVID-19_04-07-2021_EN.pdf,3364051,2606005,758046,
Nepal,2021-07-05,"Oxford/AstraZeneca, Sinopharm/Beijing",https://covid19.mohp.gov.np/covid/englishSituationReport/60e32900cf9cc_SitRep512_COVID-19_05-07-2021_EN.pdf,3371761,2611807,759954,
Nepal,2021-07-07,"Oxford/AstraZeneca, Sinopharm/Beijing",https://covid19.mohp.gov.np/covid/englishSituationReport/60e58eaf0cee0_SitRep514_COVID-19_07-07-2021_EN.pdf,3463107,2611807,851300,
Nepal,2021-07-09,"Oxford/AstraZeneca, Sinopharm/Beijing",https://covid19.mohp.gov.np/covid/englishSituationReport/60e826444c10d_SitRep516_COVID-19_09-07-2021_EN.pdf,3576315,2611807,964508,
Nepal,2021-07-11,"Oxford/AstraZeneca, Sinopharm/Beijing",https://covid19.mohp.gov.np/covid/englishSituationReport/60ead09a06cfc_SitRep518_COVID-19_11-07-2021_EN.pdf,3653173,2611807,1041366,
Nepal,2021-07-12,"Oxford/AstraZeneca, Sinopharm/Beijing",https://covid19.mohp.gov.np/covid/englishSituationReport/60ec2084657ac_SitRep519_COVID-19_12-07-2021_EN.pdf,3690999,2611807,1079192,
Nepal,2021-07-13,"Oxford/AstraZeneca, Sinopharm/Beijing",https://covid19.mohp.gov.np/covid/englishSituationReport/60ed66f84420e_SitRep520_COVID-19_13-07-2021_EN.pdf,3714937,2611807,1103130,
Nepal,2021-07-14,"Oxford/AstraZeneca, Sinopharm/Beijing",https://covid19.mohp.gov.np/covid/englishSituationReport/60eeca51ead88_SitRep521_COVID-19_14-07-2021_EN.pdf,3730344,2621476,1108868,
Nepal,2021-07-16,"Oxford/AstraZeneca, Sinopharm/Beijing",https://covid19.mohp.gov.np/covid/englishSituationReport/60f15c1ba01cd_SitRep523_COVID-19_16-07-2021_EN.pdf,3885991,2765709,1120282,
Nepal,2021-07-17,"Oxford/AstraZeneca, Sinopharm/Beijing",https://covid19.mohp.gov.np/covid/englishSituationReport/60f2b4b218b38_SitRep524_COVID-19_17-07-2021_EN.pdf,4039720,2912850,1126870,
Nepal,2021-07-18,"Oxford/AstraZeneca, Sinopharm/Beijing",https://covid19.mohp.gov.np/covid/englishSituationReport/60f412032fb09_SitRep525_COVID-19_18-07-2021_EN.pdf,4129122,2999214,1129908,
Nepal,2021-07-20,"Johnson&Johnson, Oxford/AstraZeneca, Sinopharm/Beijing",https://covid19.mohp.gov.np/covid/englishSituationReport/60f6ac8c2b610_SitRep527_COVID-19_20-07-2021_EN.pdf,4309086,3150956,1158130,
Nepal,2021-07-22,"Johnson&Johnson, Oxford/AstraZeneca, Sinopharm/Beijing",https://covid19.mohp.gov.np/covid/englishSituationReport/60f94e41638f0_SitRep529_COVID-19_22-07-2021_EN.pdf,4589970,3308730,1281240,
Nepal,2021-07-23,"Johnson&Johnson, Oxford/AstraZeneca, Sinopharm/Beijing",https://covid19.mohp.gov.np/covid/englishSituationReport/60fa913dd42b5_SitRep530_COVID-19_23-07-2021_EN.pdf,4661963,3349951,1312012,
Nepal,2021-07-24,"Johnson&Johnson, Oxford/AstraZeneca, Sinopharm/Beijing",https://covid19.mohp.gov.np/covid/englishSituationReport/60fbedb57b1d3_SitRep531_COVID-19_24-07-2021_EN.pdf,4743274,3377228,1366046,
Nepal,2021-07-25,"Johnson&Johnson, Oxford/AstraZeneca, Sinopharm/Beijing",https://covid19.mohp.gov.np/covid/englishSituationReport/60fd49e53adf2_SitRep532_COVID-19_25-07-2021_EN.pdf,4781216,3383038,1398178,
Nepal,2021-07-26,"Johnson&Johnson, Oxford/AstraZeneca, Sinopharm/Beijing",https://covid19.mohp.gov.np/covid/englishSituationReport/60fe91418b3d8_SitRep533_COVID-19_26-07-2021_EN.pdf,4828570,3405154,1423416,
Nepal,2021-07-27,"Johnson&Johnson, Oxford/AstraZeneca, Sinopharm/Beijing",https://covid19.mohp.gov.np/covid/englishSituationReport/60ffdfab16c98_SitRep534_COVID-19_27-07-2021_EN.pdf,4920010,3462340,1457670,
Nepal,2021-07-28,"Johnson&Johnson, Oxford/AstraZeneca, Sinopharm/Beijing",https://covid19.mohp.gov.np/covid/englishSituationReport/61013c63c1bb2_SitRep535_COVID-19_28-07-2021_EN.pdf,5047355,3544043,1503312,
Nepal,2021-07-29,"Johnson&Johnson, Oxford/AstraZeneca, Sinopharm/Beijing",https://covid19.mohp.gov.np/covid/englishSituationReport/6102833497a5e_SitRep536_COVID-19_29-07-2021_EN.pdf,5199536,3650733,1548803,
Nepal,2021-07-31,"Johnson&Johnson, Oxford/AstraZeneca, Sinopharm/Beijing",https://covid19.mohp.gov.np/covid/englishSituationReport/61052a976f2e3_SitRep538_COVID-19_31-07-2021_EN.pdf,5682627,3936724,1745903,
Nepal,2021-08-01,"Johnson&Johnson, Oxford/AstraZeneca, Sinopharm/Beijing",https://covid19.mohp.gov.np/covid/englishSituationReport/61067b0bc4bab_SitRep539_COVID-19_01-08-2021_EN.pdf,5877759,4064288,1813471,
Nepal,2021-08-02,"Johnson&Johnson, Oxford/AstraZeneca, Sinopharm/Beijing",https://covid19.mohp.gov.np/covid/englishSituationReport/6107d17cd2d05_SitRep540_COVID-19_02-08-2021_EN.pdf,6163462,4163251,2000211,
Nepal,2021-08-03,"Johnson&Johnson, Oxford/AstraZeneca, Sinopharm/Beijing",https://covid19.mohp.gov.np/covid/englishSituationReport/610930421a0ea_SitRep541_COVID-19_03-08-2021_EN.pdf,6257243,4254540,2002703,
Nepal,2021-08-04,"Johnson&Johnson, Oxford/AstraZeneca, Sinopharm/Beijing",https://covid19.mohp.gov.np/covid/englishSituationReport/610a77d23f34a_SitRep542_COVID-19_04-08-2021_EN.pdf,6372398,4297612,2074786,
Nepal,2021-08-05,"Johnson&Johnson, Oxford/AstraZeneca, Sinopharm/Beijing",https://covid19.mohp.gov.np/covid/englishSituationReport/610bc1d54574b_SitRep543_COVID-19_05-08-2021_EN.pdf,6490177,4359277,2130900,
Nepal,2021-08-06,"Johnson&Johnson, Oxford/AstraZeneca, Sinopharm/Beijing",https://covid19.mohp.gov.np/covid/englishSituationReport/610d1dec4f07e_SitRep544_COVID-19_06-08-2021_EN.pdf,6611076,4403021,2208055,
Nepal,2021-08-07,"Johnson&Johnson, Oxford/AstraZeneca, Sinopharm/Beijing",https://covid19.mohp.gov.np/covid/englishSituationReport/610e684798d46_SitRep545_COVID-19_07-08-2021_EN.pdf,6802415,4442622,2359793,
Nepal,2021-08-08,"Johnson&Johnson, Oxford/AstraZeneca, Sinopharm/Beijing",https://covid19.mohp.gov.np/covid/englishSituationReport/610faf990be96_SitRep546_COVID-19_08-08-2021_EN.pdf,6986451,4494269,2492182,
Nepal,2021-08-09,"Johnson&Johnson, Oxford/AstraZeneca, Sinopharm/Beijing",https://covid19.mohp.gov.np/covid/englishSituationReport/611117b210973_SitRep547_COVID-19_09-08-2021_EN.pdf,7131481,4525435,2606046,
Nepal,2021-08-10,"Johnson&Johnson, Oxford/AstraZeneca, Sinopharm/Beijing",https://covid19.mohp.gov.np/covid/englishSituationReport/611260b20167c_SitRep548_COVID-19_10-08-2021_EN.pdf,7263702,4541682,2722020,
Nepal,2021-08-11,"Johnson&Johnson, Oxford/AstraZeneca, Sinopharm/Beijing",https://covid19.mohp.gov.np/covid/englishSituationReport/6113b3e429294_SitRep549_COVID-19_11-08-2021_EN.pdf,7458913,4570553,2888360,
Nepal,2021-08-12,"Johnson&Johnson, Oxford/AstraZeneca, Sinopharm/Beijing",https://covid19.mohp.gov.np/covid/englishSituationReport/6115077d6b9c2_SitRep550_COVID-19_12-08-2021_EN.pdf,7515766,4593526,2922240,
Nepal,2021-08-14,"Johnson&Johnson, Oxford/AstraZeneca, Sinopharm/Beijing",https://covid19.mohp.gov.np/covid/englishSituationReport/611795d604c7c_SitRep552_COVID-19_14-08-2021_EN.pdf,7977896,4674318,3303578,
Nepal,2021-08-15,"Johnson&Johnson, Oxford/AstraZeneca, Sinopharm/Beijing",https://covid19.mohp.gov.np/covid/englishSituationReport/6118f29c908cf_SitRep553_COVID-19_15-08-2021_EN.pdf,8048666,4684509,3364157,
Nepal,2021-08-16,"Johnson&Johnson, Oxford/AstraZeneca, Sinopharm/Beijing",https://covid19.mohp.gov.np/covid/englishSituationReport/611a3fb60790a_SitRep554_COVID-19_16-08-2021_EN.pdf,8207001,4716936,3490065,
Nepal,2021-08-17,"Johnson&Johnson, Oxford/AstraZeneca, Sinopharm/Beijing",https://covid19.mohp.gov.np/covid/englishSituationReport/611ba16723b67_SitRep555_COVID-19_17-08-2021_EN.pdf,8351529,4764856,3586673,
Nepal,2021-08-18,"Johnson&Johnson, Oxford/AstraZeneca, Sinopharm/Beijing",https://covid19.mohp.gov.np/covid/englishSituationReport/611cefc71ff90_SitRep556_COVID-19_18-08-2021_EN.pdf,8435662,4785902,3649760,
Nepal,2021-08-19,"Johnson&Johnson, Oxford/AstraZeneca, Sinopharm/Beijing",https://covid19.mohp.gov.np/covid/englishSituationReport/611e3a2f0a643_SitRep557_COVID-19_19-08-2021_EN.pdf,8526673,4817985,3708688,
Nepal,2021-08-20,"Johnson&Johnson, Oxford/AstraZeneca, Sinopharm/Beijing",https://covid19.mohp.gov.np/covid/englishSituationReport/611f86231479d_SitRep558_COVID-19_20-08-2021_EN.pdf,8706701,4907523,3799178,
Nepal,2021-08-21,"Johnson&Johnson, Oxford/AstraZeneca, Sinopharm/Beijing",https://covid19.mohp.gov.np/covid/englishSituationReport/6120d99ad1248_SitRep559_COVID-19_21-08-2021_EN.pdf,8770664,4935056,3835608,
Nepal,2021-08-22,"Johnson&Johnson, Oxford/AstraZeneca, Sinopharm/Beijing",https://covid19.mohp.gov.np/covid/englishSituationReport/6122288637f6a_SitRep560_COVID-19_22-08-2021_EN.pdf,8788986,4942250,3846736,
Nepal,2021-08-23,"Johnson&Johnson, Oxford/AstraZeneca, Sinopharm/Beijing",https://covid19.mohp.gov.np/covid/englishSituationReport/612387a085ece_SitRep561_COVID-19_23-08-2021_EN.pdf,8801330,4943732,3857598,
Nepal,2021-08-25,"Johnson&Johnson, Oxford/AstraZeneca, Sinopharm/Beijing",https://covid19.mohp.gov.np/covid/englishSituationReport/612625584816e_SitRep563_COVID-19_25-08-2021_EN.pdf,8866396,4956455,3909941,
Nepal,2021-08-26,"Johnson&Johnson, Oxford/AstraZeneca, Sinopharm/Beijing",https://covid19.mohp.gov.np/covid/englishSituationReport/6127790a38080_SitRep564_COVID-19_26-08-2021_EN.pdf,8936422,4986893,3949529,
Nepal,2021-08-27,"Johnson&Johnson, Oxford/AstraZeneca, Sinopharm/Beijing",https://covid19.mohp.gov.np/covid/englishSituationReport/6128bb18f0f0c_SitRep565_COVID-19_27-08-2021_EN.pdf,9116287,5063522,4052765,
Nepal,2021-08-30,"Johnson&Johnson, Oxford/AstraZeneca, Sinopharm/Beijing",https://covid19.mohp.gov.np/covid/englishSituationReport/612cb51d3fe6b_SitRep568_COVID-19_30-08-2021_EN.pdf,9713885,5317483,4396402,
Nepal,2021-08-31,"Johnson&Johnson, Oxford/AstraZeneca, Sinopharm/Beijing",https://covid19.mohp.gov.np/covid/englishSituationReport/612e113c20d8a_SitRep569_COVID-19_31-08-2021_EN.pdf,9799013,5339252,4459761,
Nepal,2021-09-01,"Johnson&Johnson, Oxford/AstraZeneca, Sinopharm/Beijing",https://covid19.mohp.gov.np/covid/englishSituationReport/612f66c750fc6_SitRep570_COVID-19_01-09-2021_EN.pdf,10092164,5424836,4667328,
Nepal,2021-09-02,"Johnson&Johnson, Oxford/AstraZeneca, Sinopharm/Beijing",https://covid19.mohp.gov.np/covid/englishSituationReport/6130ad5b729bf_SitRep571_COVID-19_02-09-2021_EN.pdf,10103864,5425888,4677976,
Nepal,2021-09-03,"Johnson&Johnson, Oxford/AstraZeneca, Sinopharm/Beijing",https://covid19.mohp.gov.np/covid/englishSituationReport/6131f7428276d_SitRep572_COVID-19_03-09-2021_EN.pdf,10268166,5472793,4795373,
Nepal,2021-09-04,"Johnson&Johnson, Oxford/AstraZeneca, Sinopharm/Beijing",https://covid19.mohp.gov.np/covid/englishSituationReport/61334b8ac5655_SitRep573_COVID-19_04-09-2021_EN.pdf,10375764,5511929,4863835,
Nepal,2021-09-05,"Johnson&Johnson, Oxford/AstraZeneca, Sinopharm/Beijing",https://covid19.mohp.gov.np/covid/englishSituationReport/61349d3f9599d_SitRep574_COVID-19_05-09-2021_EN.pdf,10428946,5533794,4895152,
Nepal,2021-09-06,"Johnson&Johnson, Oxford/AstraZeneca, Sinopharm/Beijing",https://covid19.mohp.gov.np/covid/englishSituationReport/6135f594ced0d_SitRep575_COVID-19_06-09-2021_EN.pdf,10536178,5573419,4962759,
Nepal,2021-09-07,"Johnson&Johnson, Oxford/AstraZeneca, Sinopharm/Beijing",https://covid19.mohp.gov.np/covid/englishSituationReport/61373f6f4baeb_SitRep576_COVID-19_07-09-2021_EN.pdf,10616578,5603757,5012821,
Nepal,2021-09-09,"Johnson&Johnson, Oxford/AstraZeneca, Sinopharm/Beijing",https://covid19.mohp.gov.np/covid/englishSituationReport/6139e42bc566b_SitRep578_COVID-19_09-09-2021_EN.pdf,10832033,5729789,5102244,
Nepal,2021-09-10,"Johnson&Johnson, Oxford/AstraZeneca, Sinopharm/Beijing",https://covid19.mohp.gov.np/covid/englishSituationReport/613b2e55b3813_SitRep579_COVID-19_10-09-2021_EN.pdf,10861222,5740345,5120877,
Nepal,2021-09-11,"Johnson&Johnson, Oxford/AstraZeneca, Sinopharm/Beijing",https://covid19.mohp.gov.np/covid/englishSituationReport/613c86ea5b496_SitRep580_COVID-19_11-09-2021_EN.pdf,10929852,5769328,5160524,
Nepal,2021-09-12,"Johnson&Johnson, Oxford/AstraZeneca, Sinopharm/Beijing",https://covid19.mohp.gov.np/covid/englishSituationReport/613dd320c91dc_SitRep581_COVID-19_12-09-2021_EN.pdf,10940301,5773612,5166689,
Nepal,2021-09-13,"Johnson&Johnson, Oxford/AstraZeneca, Sinopharm/Beijing",https://covid19.mohp.gov.np/covid/englishSituationReport/613f237c3f8e4_SitRep582_COVID-19_13-09-2021_EN.pdf,11032131,5833938,5198193,
Nepal,2021-09-14,"Johnson&Johnson, Oxford/AstraZeneca, Sinopharm/Beijing",https://covid19.mohp.gov.np/covid/englishSituationReport/61407f1ccfdeb_SitRep583_COVID-19_14-09-2021_EN.pdf,11120315,5877079,5243236,
Nepal,2021-09-15,"Johnson&Johnson, Oxford/AstraZeneca, Sinopharm/Beijing",https://covid19.mohp.gov.np/covid/englishSituationReport/6141dd3ad14bb_SitRep584_COVID-19_15-09-2021_EN.pdf,11419446,6004019,5415427,
Nepal,2021-09-16,"Johnson&Johnson, Oxford/AstraZeneca, Sinopharm/Beijing",https://covid19.mohp.gov.np/covid/englishSituationReport/6143240e59c19_SitRep585_COVID-19_16-09-2021_EN.pdf,11530345,6057194,5473151,
Nepal,2021-09-17,"Johnson&Johnson, Oxford/AstraZeneca, Sinopharm/Beijing",https://covid19.mohp.gov.np/covid/englishSituationReport/61446a7ed507c_SitRep586_COVID-19_17-09-2021_EN.pdf,11590504,6083124,5507380,
Nepal,2021-09-18,"Johnson&Johnson, Oxford/AstraZeneca, Sinopharm/Beijing",https://covid19.mohp.gov.np/covid/englishSituationReport/6145cb20cf893_SitRep587_COVID-19_18-09-2021_EN.pdf,11760821,6198936,5561885,
Nepal,2021-09-19,"Johnson&Johnson, Oxford/AstraZeneca, Sinopharm/Beijing",https://covid19.mohp.gov.np/covid/englishSituationReport/614712704068a_SitRep588_COVID-19_19-09-2021_EN.pdf,11782181,6203316,5578865,
Nepal,2021-09-22,"Johnson&Johnson, Oxford/AstraZeneca, Sinopharm/Beijing",https://covid19.mohp.gov.np/covid/englishSituationReport/614b0b39e5eea_SitRep591_COVID-19_22-09-2021_EN.pdf,12015633,6262780,5752853,
Nepal,2021-09-23,"Johnson&Johnson, Oxford/AstraZeneca, Sinopharm/Beijing",https://covid19.mohp.gov.np/covid/englishSituationReport/614c5403ba6f5_SitRep592_COVID-19_23-09-2021_EN.pdf,12154018,6293089,5860929,
Nepal,2021-09-24,"Johnson&Johnson, Oxford/AstraZeneca, Sinopharm/Beijing",https://covid19.mohp.gov.np/covid/englishSituationReport/614daed348715_SitRep593_COVID-19_24-09-2021_EN.pdf,12326608,6380586,5946022,
Nepal,2021-09-25,"Johnson&Johnson, Oxford/AstraZeneca, Sinopharm/Beijing",https://covid19.mohp.gov.np/covid/englishSituationReport/614ef5d5b9be1_SitRep594_COVID-19_25-09-2021_EN.pdf,12543333,6528392,6014941,
Nepal,2021-09-26,"Johnson&Johnson, Oxford/AstraZeneca, Sinopharm/Beijing",https://covid19.mohp.gov.np/covid/englishSituationReport/61504da1aba8d_SitRep595_COVID-19_26-09-2021_EN.pdf,12645634,6609233,6036401,
Nepal,2021-09-27,"Johnson&Johnson, Oxford/AstraZeneca, Sinopharm/Beijing",https://covid19.mohp.gov.np/covid/englishSituationReport/61519dfa1365a_SitRep596_COVID-19_27-09-2021_EN.pdf,12958508,6793456,6165052,
Nepal,2021-09-28,"Johnson&Johnson, Oxford/AstraZeneca, Sinopharm/Beijing",https://covid19.mohp.gov.np/covid/englishSituationReport/6152f0f27c4e8_SitRep597_COVID-19_28-09-2021_EN.pdf,13166598,6960828,6205770,
Nepal,2021-09-29,"Johnson&Johnson, Oxford/AstraZeneca, Sinopharm/Beijing",https://covid19.mohp.gov.np/covid/englishSituationReport/61544562ae0a5_SitRep598_COVID-19_29-09-2021_EN.pdf,13452743,7214742,6238001,
Nepal,2021-09-30,"Johnson&Johnson, Oxford/AstraZeneca, Sinopharm/Beijing",https://covid19.mohp.gov.np/covid/englishSituationReport/6155a3246c93a_SitRep599_COVID-19_30-09-2021_EN.pdf,13742124,7456384,6285740,
Nepal,2021-10-02,"Johnson&Johnson, Oxford/AstraZeneca, Sinopharm/Beijing",https://covid19.mohp.gov.np/covid/englishSituationReport/615835db09138_SitRep601_COVID-19_02-10-2021_EN.pdf,14042888,7694609,6348279,
Nepal,2021-10-03,"Johnson&Johnson, Oxford/AstraZeneca, Sinopharm/Beijing",https://covid19.mohp.gov.np/covid/englishSituationReport/6159888640a5e_SitRep602_COVID-19_03-10-2021_EN.pdf,14069307,7716985,6352322,
Nepal,2021-10-04,"Johnson&Johnson, Oxford/AstraZeneca, Sinopharm/Beijing",https://covid19.mohp.gov.np/covid/englishSituationReport/615ae77d9c74a_SitRep603_COVID-19_04-10-2021_EN.pdf,14189855,7805683,6384172,
Nepal,2021-10-05,"Johnson&Johnson, Oxford/AstraZeneca, Sinopharm/Beijing",https://covid19.mohp.gov.np/covid/englishSituationReport/615c338744550_SitRep604_COVID-19_05-10-2021_EN.pdf,14322751,7913555,6409196,
Nepal,2021-10-06,"Johnson&Johnson, Oxford/AstraZeneca, Sinopharm/Beijing",https://covid19.mohp.gov.np/covid/englishSituationReport/615d836a67e34_SitRep605_COVID-19_06-10-2021_EN.pdf,14382127,7962647,6419480,
Nepal,2021-10-07,"Johnson&Johnson, Oxford/AstraZeneca, Sinopharm/Beijing",https://covid19.mohp.gov.np/covid/englishSituationReport/615ed9d3527b6_SitRep606_COVID-19_07-10-2021_EN.pdf,14439285,8008854,6430431,
Nepal,2021-10-08,"Johnson&Johnson, Oxford/AstraZeneca, Sinopharm/Beijing",https://covid19.mohp.gov.np/covid/englishSituationReport/61601d7fca44e_SitRep607_COVID-19_08-10-2021_EN.pdf,14483226,8041594,6441632,
Nepal,2021-10-09,"Johnson&Johnson, Oxford/AstraZeneca, Sinopharm/Beijing",https://covid19.mohp.gov.np/covid/englishSituationReport/616175f7ab501_SitRep608_COVID-19_09-10-2021_EN.pdf,14574219,8127262,6446957,
Nepal,2021-10-10,"Johnson&Johnson, Oxford/AstraZeneca, Sinopharm/Beijing",https://covid19.mohp.gov.np/covid/englishSituationReport/6162d731a5d04_SitRep609_COVID-19_10-10-2021_EN.pdf,14653146,8202502,6450644,
Nepal,2021-10-11,"Johnson&Johnson, Oxford/AstraZeneca, Sinopharm/Beijing",https://covid19.mohp.gov.np/covid/englishSituationReport/61641185a2a3f_SitRep610_COVID-19_11-10-2021_EN.pdf,14780678,8317902,6462776,
Nepal,2021-10-12,"Johnson&Johnson, Oxford/AstraZeneca, Sinopharm/Beijing",https://covid19.mohp.gov.np/covid/englishSituationReport/61658403994bd_SitRep611_COVID-19_12-10-2021_EN.pdf,14850502,8381727,6468775,
Nepal,2021-10-13,"Johnson&Johnson, Oxford/AstraZeneca, Sinopharm/Beijing",https://covid19.mohp.gov.np/covid/englishSituationReport/6167d25036add_SitRep612_COVID-19_13-10-2021_EN.pdf,14852777,8383887,6468890,
Nepal,2021-10-14,"Johnson&Johnson, Oxford/AstraZeneca, Sinopharm/Beijing",https://covid19.mohp.gov.np/covid/englishSituationReport/6168052749abc_SitRep613_COVID-19_14-10-2021_EN.pdf,14857561,8388402,6469159,
Nepal,2021-10-18,"Johnson&Johnson, Oxford/AstraZeneca, Sinopharm/Beijing",https://covid19.mohp.gov.np/covid/englishSituationReport/616d55ed02f0a_SitRep617_COVID-19_18-10-2021_EN.pdf,14885262,8415067,6470195,
Nepal,2021-10-19,"Covaxin, Johnson&Johnson, Oxford/AstraZeneca, Sinopharm/Beijing, Sputnik V",https://covid19.who.int/,15048288,8562365,6485923,
Nepal,2021-10-25,"Covaxin, Johnson&Johnson, Oxford/AstraZeneca, Sinopharm/Beijing, Sputnik V",https://covid19.who.int/,15268771,8621449,6647322,
Nepal,2021-11-01,"Covaxin, Johnson&Johnson, Oxford/AstraZeneca, Sinopharm/Beijing, Sputnik V",https://covid19.who.int/,15918578,8670024,7248554,
