total_vaccinations,date,people_fully_vaccinated,people_vaccinated,location,source_url,vaccine,total_boosters
3836,2021-01-06,,,Netherlands,https://coronadashboard.government.nl/landelijk/vaccinaties,Pfizer/BioNTech,
10223,2021-01-07,,,Netherlands,https://coronadashboard.government.nl/landelijk/vaccinaties,Pfizer/BioNTech,
17998,2021-01-08,,,Netherlands,https://coronadashboard.government.nl/landelijk/vaccinaties,Pfizer/BioNTech,
25763,2021-01-09,,,Netherlands,https://coronadashboard.government.nl/landelijk/vaccinaties,Pfizer/BioNTech,
43349,2021-01-11,,,Netherlands,https://coronadashboard.government.nl/landelijk/vaccinaties,Pfizer/BioNTech,
50395,2021-01-12,,,Netherlands,https://coronadashboard.government.nl/landelijk/vaccinaties,Pfizer/BioNTech,
56054,2021-01-13,,,Netherlands,https://coronadashboard.government.nl/landelijk/vaccinaties,Pfizer/BioNTech,
61709,2021-01-14,,,Netherlands,https://coronadashboard.government.nl/landelijk/vaccinaties,Pfizer/BioNTech,
67135,2021-01-15,,,Netherlands,https://coronadashboard.government.nl/landelijk/vaccinaties,Pfizer/BioNTech,
72098,2021-01-16,,,Netherlands,https://coronadashboard.government.nl/landelijk/vaccinaties,Pfizer/BioNTech,
77062,2021-01-17,0,76965,Netherlands,https://coronadashboard.government.nl/landelijk/vaccinaties,Pfizer/BioNTech,
90501,2021-01-18,,,Netherlands,https://coronadashboard.government.nl/landelijk/vaccinaties,"Moderna, Pfizer/BioNTech",
103941,2021-01-19,,,Netherlands,https://coronadashboard.government.nl/landelijk/vaccinaties,"Moderna, Pfizer/BioNTech",
117379,2021-01-20,,,Netherlands,https://coronadashboard.government.nl/landelijk/vaccinaties,"Moderna, Pfizer/BioNTech",
130814,2021-01-21,,,Netherlands,https://coronadashboard.government.nl/landelijk/vaccinaties,"Moderna, Pfizer/BioNTech",
145100,2021-01-22,,,Netherlands,https://coronadashboard.government.nl/landelijk/vaccinaties,"Moderna, Pfizer/BioNTech",
155923,2021-01-23,,,Netherlands,https://coronadashboard.government.nl/landelijk/vaccinaties,"Moderna, Pfizer/BioNTech",
166744,2021-01-24,0,166329,Netherlands,https://coronadashboard.government.nl/landelijk/vaccinaties,"Moderna, Pfizer/BioNTech",
182784,2021-01-25,,,Netherlands,https://coronadashboard.government.nl/landelijk/vaccinaties,"Moderna, Pfizer/BioNTech",
202298,2021-01-26,,,Netherlands,https://coronadashboard.government.nl/landelijk/vaccinaties,"Moderna, Pfizer/BioNTech",
228684,2021-01-27,,,Netherlands,https://coronadashboard.government.nl/landelijk/vaccinaties,"Moderna, Pfizer/BioNTech",
259011,2021-01-28,,,Netherlands,https://coronadashboard.government.nl/landelijk/vaccinaties,"Moderna, Pfizer/BioNTech",
293476,2021-01-29,,,Netherlands,https://coronadashboard.government.nl/landelijk/vaccinaties,"Moderna, Pfizer/BioNTech",
324442,2021-01-30,,,Netherlands,https://coronadashboard.government.nl/landelijk/vaccinaties,"Moderna, Pfizer/BioNTech",
352607,2021-01-31,2431,348895,Netherlands,https://coronadashboard.government.nl/landelijk/vaccinaties,"Moderna, Pfizer/BioNTech",
387079,2021-02-01,,,Netherlands,https://coronadashboard.government.nl/landelijk/vaccinaties,"Moderna, Pfizer/BioNTech",
421714,2021-02-02,,,Netherlands,https://coronadashboard.government.nl/landelijk/vaccinaties,"Moderna, Pfizer/BioNTech",
454534,2021-02-03,,,Netherlands,https://coronadashboard.government.nl/landelijk/vaccinaties,"Moderna, Pfizer/BioNTech",
489139,2021-02-04,,,Netherlands,https://coronadashboard.government.nl/landelijk/vaccinaties,"Moderna, Pfizer/BioNTech",
522426,2021-02-05,,,Netherlands,https://coronadashboard.government.nl/landelijk/vaccinaties,"Moderna, Pfizer/BioNTech",
550165,2021-02-06,,,Netherlands,https://coronadashboard.government.nl/landelijk/vaccinaties,"Moderna, Pfizer/BioNTech",
573825,2021-02-07,26436,544837,Netherlands,https://coronadashboard.government.nl/landelijk/vaccinaties,"Moderna, Pfizer/BioNTech",
606977,2021-02-08,,,Netherlands,https://coronadashboard.government.nl/landelijk/vaccinaties,"Moderna, Pfizer/BioNTech",
639281,2021-02-09,,,Netherlands,https://coronadashboard.government.nl/landelijk/vaccinaties,"Moderna, Pfizer/BioNTech",
671270,2021-02-10,,,Netherlands,https://coronadashboard.government.nl/landelijk/vaccinaties,"Moderna, Oxford/AstraZeneca, Pfizer/BioNTech",
703221,2021-02-11,,,Netherlands,https://coronadashboard.government.nl/landelijk/vaccinaties,"Moderna, Oxford/AstraZeneca, Pfizer/BioNTech",
735170,2021-02-12,,,Netherlands,https://coronadashboard.government.nl/landelijk/vaccinaties,"Moderna, Oxford/AstraZeneca, Pfizer/BioNTech",
763648,2021-02-13,,,Netherlands,https://coronadashboard.government.nl/landelijk/vaccinaties,"Moderna, Oxford/AstraZeneca, Pfizer/BioNTech",
792123,2021-02-14,97570,690507,Netherlands,https://coronadashboard.government.nl/landelijk/vaccinaties,"Moderna, Oxford/AstraZeneca, Pfizer/BioNTech",
823781,2021-02-15,,,Netherlands,https://coronadashboard.government.nl/landelijk/vaccinaties,"Moderna, Oxford/AstraZeneca, Pfizer/BioNTech",
855438,2021-02-16,,,Netherlands,https://coronadashboard.government.nl/landelijk/vaccinaties,"Moderna, Oxford/AstraZeneca, Pfizer/BioNTech",
890861,2021-02-17,,,Netherlands,https://coronadashboard.government.nl/landelijk/vaccinaties,"Moderna, Oxford/AstraZeneca, Pfizer/BioNTech",
927630,2021-02-18,,,Netherlands,https://coronadashboard.government.nl/landelijk/vaccinaties,"Moderna, Oxford/AstraZeneca, Pfizer/BioNTech",
966691,2021-02-19,,,Netherlands,https://coronadashboard.government.nl/landelijk/vaccinaties,"Moderna, Oxford/AstraZeneca, Pfizer/BioNTech",
1004821,2021-02-20,,,Netherlands,https://coronadashboard.government.nl/landelijk/vaccinaties,"Moderna, Oxford/AstraZeneca, Pfizer/BioNTech",
1042946,2021-02-21,164243,873678,Netherlands,https://coronadashboard.government.nl/landelijk/vaccinaties,"Moderna, Oxford/AstraZeneca, Pfizer/BioNTech",
1080803,2021-02-22,,,Netherlands,https://coronadashboard.government.nl/landelijk/vaccinaties,"Moderna, Oxford/AstraZeneca, Pfizer/BioNTech",
1124546,2021-02-23,,,Netherlands,https://coronadashboard.government.nl/landelijk/vaccinaties,"Moderna, Oxford/AstraZeneca, Pfizer/BioNTech",
1175184,2021-02-24,,,Netherlands,https://coronadashboard.government.nl/landelijk/vaccinaties,"Moderna, Oxford/AstraZeneca, Pfizer/BioNTech",
1228660,2021-02-25,,,Netherlands,https://coronadashboard.government.nl/landelijk/vaccinaties,"Moderna, Oxford/AstraZeneca, Pfizer/BioNTech",
1286637,2021-02-26,,,Netherlands,https://coronadashboard.government.nl/landelijk/vaccinaties,"Moderna, Oxford/AstraZeneca, Pfizer/BioNTech",
1339613,2021-02-27,,,Netherlands,https://coronadashboard.government.nl/landelijk/vaccinaties,"Moderna, Oxford/AstraZeneca, Pfizer/BioNTech",
1388722,2021-02-28,277416,1105165,Netherlands,https://coronadashboard.government.nl/landelijk/vaccinaties,"Moderna, Oxford/AstraZeneca, Pfizer/BioNTech",
1434055,2021-03-01,,,Netherlands,https://coronadashboard.government.nl/landelijk/vaccinaties,"Moderna, Oxford/AstraZeneca, Pfizer/BioNTech",
1480498,2021-03-02,,,Netherlands,https://coronadashboard.government.nl/landelijk/vaccinaties,"Moderna, Oxford/AstraZeneca, Pfizer/BioNTech",
1525199,2021-03-03,,,Netherlands,https://coronadashboard.government.nl/landelijk/vaccinaties,"Moderna, Oxford/AstraZeneca, Pfizer/BioNTech",
1569345,2021-03-04,,,Netherlands,https://coronadashboard.government.nl/landelijk/vaccinaties,"Moderna, Oxford/AstraZeneca, Pfizer/BioNTech",
1611757,2021-03-05,,,Netherlands,https://coronadashboard.government.nl/landelijk/vaccinaties,"Moderna, Oxford/AstraZeneca, Pfizer/BioNTech",
1650192,2021-03-06,,,Netherlands,https://coronadashboard.government.nl/landelijk/vaccinaties,"Moderna, Oxford/AstraZeneca, Pfizer/BioNTech",
1684629,2021-03-07,361848,1314899,Netherlands,https://coronadashboard.government.nl/landelijk/vaccinaties,"Moderna, Oxford/AstraZeneca, Pfizer/BioNTech",
1725930,2021-03-08,,,Netherlands,https://coronadashboard.government.nl/landelijk/vaccinaties,"Moderna, Oxford/AstraZeneca, Pfizer/BioNTech",
1767878,2021-03-09,,,Netherlands,https://coronadashboard.government.nl/landelijk/vaccinaties,"Moderna, Oxford/AstraZeneca, Pfizer/BioNTech",
1809881,2021-03-10,,,Netherlands,https://coronadashboard.government.nl/landelijk/vaccinaties,"Moderna, Oxford/AstraZeneca, Pfizer/BioNTech",
1851826,2021-03-11,,,Netherlands,https://coronadashboard.government.nl/landelijk/vaccinaties,"Moderna, Oxford/AstraZeneca, Pfizer/BioNTech",
1891583,2021-03-12,,,Netherlands,https://coronadashboard.government.nl/landelijk/vaccinaties,"Moderna, Oxford/AstraZeneca, Pfizer/BioNTech",
1931334,2021-03-13,,,Netherlands,https://coronadashboard.government.nl/landelijk/vaccinaties,"Moderna, Oxford/AstraZeneca, Pfizer/BioNTech",
1971062,2021-03-14,449488,1512380,Netherlands,https://coronadashboard.government.nl/landelijk/vaccinaties,"Moderna, Oxford/AstraZeneca, Pfizer/BioNTech",
2001500,2021-03-15,,,Netherlands,https://coronadashboard.government.nl/landelijk/vaccinaties,"Moderna, Oxford/AstraZeneca, Pfizer/BioNTech",
2032139,2021-03-16,,,Netherlands,https://coronadashboard.government.nl/landelijk/vaccinaties,"Moderna, Oxford/AstraZeneca, Pfizer/BioNTech",
2063000,2021-03-17,,,Netherlands,https://coronadashboard.government.nl/landelijk/vaccinaties,"Moderna, Oxford/AstraZeneca, Pfizer/BioNTech",
2093750,2021-03-18,,,Netherlands,https://coronadashboard.government.nl/landelijk/vaccinaties,"Moderna, Oxford/AstraZeneca, Pfizer/BioNTech",
2124163,2021-03-19,,,Netherlands,https://coronadashboard.government.nl/landelijk/vaccinaties,"Moderna, Oxford/AstraZeneca, Pfizer/BioNTech",
2154571,2021-03-20,,,Netherlands,https://coronadashboard.government.nl/landelijk/vaccinaties,"Moderna, Oxford/AstraZeneca, Pfizer/BioNTech",
2184977,2021-03-21,577060,1599299,Netherlands,https://coronadashboard.government.nl/landelijk/vaccinaties,"Moderna, Oxford/AstraZeneca, Pfizer/BioNTech",
2215454,2021-03-22,,,Netherlands,https://coronadashboard.government.nl/landelijk/vaccinaties,"Moderna, Oxford/AstraZeneca, Pfizer/BioNTech",
2249563,2021-03-23,,,Netherlands,https://coronadashboard.government.nl/landelijk/vaccinaties,"Moderna, Oxford/AstraZeneca, Pfizer/BioNTech",
2295698,2021-03-24,,,Netherlands,https://coronadashboard.government.nl/landelijk/vaccinaties,"Moderna, Oxford/AstraZeneca, Pfizer/BioNTech",
2341770,2021-03-25,,,Netherlands,https://coronadashboard.government.nl/landelijk/vaccinaties,"Moderna, Oxford/AstraZeneca, Pfizer/BioNTech",
2389622,2021-03-26,,,Netherlands,https://coronadashboard.government.nl/landelijk/vaccinaties,"Moderna, Oxford/AstraZeneca, Pfizer/BioNTech",
2436456,2021-03-27,,,Netherlands,https://coronadashboard.government.nl/landelijk/vaccinaties,"Moderna, Oxford/AstraZeneca, Pfizer/BioNTech",
2483287,2021-03-28,675678,1798759,Netherlands,https://coronadashboard.government.nl/landelijk/vaccinaties,"Moderna, Oxford/AstraZeneca, Pfizer/BioNTech",
2546738,2021-03-29,,,Netherlands,https://coronadashboard.government.nl/landelijk/vaccinaties,"Moderna, Oxford/AstraZeneca, Pfizer/BioNTech",
2614088,2021-03-30,,,Netherlands,https://coronadashboard.government.nl/landelijk/vaccinaties,"Moderna, Oxford/AstraZeneca, Pfizer/BioNTech",
2687116,2021-03-31,,,Netherlands,https://coronadashboard.government.nl/landelijk/vaccinaties,"Moderna, Oxford/AstraZeneca, Pfizer/BioNTech",
2759971,2021-04-01,,,Netherlands,https://coronadashboard.government.nl/landelijk/vaccinaties,"Moderna, Oxford/AstraZeneca, Pfizer/BioNTech",
2835045,2021-04-02,,,Netherlands,https://coronadashboard.government.nl/landelijk/vaccinaties,"Moderna, Oxford/AstraZeneca, Pfizer/BioNTech",
2886076,2021-04-03,,,Netherlands,https://coronadashboard.government.nl/landelijk/vaccinaties,"Moderna, Oxford/AstraZeneca, Pfizer/BioNTech",
2935508,2021-04-04,785234,2140283,Netherlands,https://coronadashboard.government.nl/landelijk/vaccinaties,"Moderna, Oxford/AstraZeneca, Pfizer/BioNTech",
2990807,2021-04-05,,,Netherlands,https://coronadashboard.government.nl/landelijk/vaccinaties,"Moderna, Oxford/AstraZeneca, Pfizer/BioNTech",
3073830,2021-04-06,,,Netherlands,https://coronadashboard.government.nl/landelijk/vaccinaties,"Moderna, Oxford/AstraZeneca, Pfizer/BioNTech",
3167826,2021-04-07,,,Netherlands,https://coronadashboard.government.nl/landelijk/vaccinaties,"Moderna, Oxford/AstraZeneca, Pfizer/BioNTech",
3269852,2021-04-08,,,Netherlands,https://coronadashboard.government.nl/landelijk/vaccinaties,"Moderna, Oxford/AstraZeneca, Pfizer/BioNTech",
3377067,2021-04-09,,,Netherlands,https://coronadashboard.government.nl/landelijk/vaccinaties,"Moderna, Oxford/AstraZeneca, Pfizer/BioNTech",
3479204,2021-04-10,,,Netherlands,https://coronadashboard.government.nl/landelijk/vaccinaties,"Moderna, Oxford/AstraZeneca, Pfizer/BioNTech",
3580140,2021-04-11,914273,2654499,Netherlands,https://coronadashboard.government.nl/landelijk/vaccinaties,"Moderna, Oxford/AstraZeneca, Pfizer/BioNTech",
3700903,2021-04-12,,,Netherlands,https://coronadashboard.government.nl/landelijk/vaccinaties,"Moderna, Oxford/AstraZeneca, Pfizer/BioNTech",
3821559,2021-04-13,,,Netherlands,https://coronadashboard.government.nl/landelijk/vaccinaties,"Moderna, Oxford/AstraZeneca, Pfizer/BioNTech",
3941806,2021-04-14,,,Netherlands,https://coronadashboard.government.nl/landelijk/vaccinaties,"Moderna, Oxford/AstraZeneca, Pfizer/BioNTech",
4059199,2021-04-15,,,Netherlands,https://coronadashboard.government.nl/landelijk/vaccinaties,"Moderna, Oxford/AstraZeneca, Pfizer/BioNTech",
4173819,2021-04-16,,,Netherlands,https://coronadashboard.government.nl/landelijk/vaccinaties,"Moderna, Oxford/AstraZeneca, Pfizer/BioNTech",
4284020,2021-04-17,,,Netherlands,https://coronadashboard.government.nl/landelijk/vaccinaties,"Moderna, Oxford/AstraZeneca, Pfizer/BioNTech",
4392044,2021-04-18,1005435,3369606,Netherlands,https://coronadashboard.government.nl/landelijk/vaccinaties,"Moderna, Oxford/AstraZeneca, Pfizer/BioNTech",
4503322,2021-04-19,,,Netherlands,https://coronadashboard.government.nl/landelijk/vaccinaties,"Moderna, Oxford/AstraZeneca, Pfizer/BioNTech",
4610534,2021-04-20,,,Netherlands,https://coronadashboard.government.nl/landelijk/vaccinaties,"Moderna, Oxford/AstraZeneca, Pfizer/BioNTech",
4706715,2021-04-21,,,Netherlands,https://coronadashboard.government.nl/landelijk/vaccinaties,"Johnson&Johnson, Moderna, Oxford/AstraZeneca, Pfizer/BioNTech",
4795181,2021-04-22,,,Netherlands,https://coronadashboard.government.nl/landelijk/vaccinaties,"Johnson&Johnson, Moderna, Oxford/AstraZeneca, Pfizer/BioNTech",
4882680,2021-04-23,,,Netherlands,https://coronadashboard.government.nl/landelijk/vaccinaties,"Johnson&Johnson, Moderna, Oxford/AstraZeneca, Pfizer/BioNTech",
4970139,2021-04-24,,,Netherlands,https://coronadashboard.government.nl/landelijk/vaccinaties,"Johnson&Johnson, Moderna, Oxford/AstraZeneca, Pfizer/BioNTech",
5057376,2021-04-25,1132552,3904664,Netherlands,https://coronadashboard.government.nl/landelijk/vaccinaties,"Johnson&Johnson, Moderna, Oxford/AstraZeneca, Pfizer/BioNTech",
5155007,2021-04-26,,,Netherlands,https://coronadashboard.government.nl/landelijk/vaccinaties,"Johnson&Johnson, Moderna, Oxford/AstraZeneca, Pfizer/BioNTech",
5252414,2021-04-27,,,Netherlands,https://coronadashboard.government.nl/landelijk/vaccinaties,"Johnson&Johnson, Moderna, Oxford/AstraZeneca, Pfizer/BioNTech",
5347966,2021-04-28,,,Netherlands,https://coronadashboard.government.nl/landelijk/vaccinaties,"Johnson&Johnson, Moderna, Oxford/AstraZeneca, Pfizer/BioNTech",
5448609,2021-04-29,,,Netherlands,https://coronadashboard.government.nl/landelijk/vaccinaties,"Johnson&Johnson, Moderna, Oxford/AstraZeneca, Pfizer/BioNTech",
5548858,2021-04-30,,,Netherlands,https://coronadashboard.government.nl/landelijk/vaccinaties,"Johnson&Johnson, Moderna, Oxford/AstraZeneca, Pfizer/BioNTech",
5656852,2021-05-01,,,Netherlands,https://coronadashboard.government.nl/landelijk/vaccinaties,"Johnson&Johnson, Moderna, Oxford/AstraZeneca, Pfizer/BioNTech",
5755953,2021-05-02,1264809,4498980,Netherlands,https://coronadashboard.government.nl/landelijk/vaccinaties,"Johnson&Johnson, Moderna, Oxford/AstraZeneca, Pfizer/BioNTech",
5865787,2021-05-03,,,Netherlands,https://coronadashboard.government.nl/landelijk/vaccinaties,"Johnson&Johnson, Moderna, Oxford/AstraZeneca, Pfizer/BioNTech",
5971646,2021-05-04,,,Netherlands,https://coronadashboard.government.nl/landelijk/vaccinaties,"Johnson&Johnson, Moderna, Oxford/AstraZeneca, Pfizer/BioNTech",
6095020,2021-05-05,,,Netherlands,https://coronadashboard.government.nl/landelijk/vaccinaties,"Johnson&Johnson, Moderna, Oxford/AstraZeneca, Pfizer/BioNTech",
6218760,2021-05-06,,,Netherlands,https://coronadashboard.government.nl/landelijk/vaccinaties,"Johnson&Johnson, Moderna, Oxford/AstraZeneca, Pfizer/BioNTech",
6345406,2021-05-07,,,Netherlands,https://coronadashboard.government.nl/landelijk/vaccinaties,"Johnson&Johnson, Moderna, Oxford/AstraZeneca, Pfizer/BioNTech",
6470476,2021-05-08,,,Netherlands,https://coronadashboard.government.nl/landelijk/vaccinaties,"Johnson&Johnson, Moderna, Oxford/AstraZeneca, Pfizer/BioNTech",
6589419,2021-05-09,1585379,5069137,Netherlands,https://coronadashboard.government.nl/landelijk/vaccinaties,"Johnson&Johnson, Moderna, Oxford/AstraZeneca, Pfizer/BioNTech",
6717694,2021-05-10,,,Netherlands,https://coronadashboard.government.nl/landelijk/vaccinaties,"Johnson&Johnson, Moderna, Oxford/AstraZeneca, Pfizer/BioNTech",
6853857,2021-05-11,,,Netherlands,https://coronadashboard.government.nl/landelijk/vaccinaties,"Johnson&Johnson, Moderna, Oxford/AstraZeneca, Pfizer/BioNTech",
7008068,2021-05-12,,,Netherlands,https://coronadashboard.government.nl/landelijk/vaccinaties,"Johnson&Johnson, Moderna, Oxford/AstraZeneca, Pfizer/BioNTech",
7157758,2021-05-13,,,Netherlands,https://coronadashboard.government.nl/landelijk/vaccinaties,"Johnson&Johnson, Moderna, Oxford/AstraZeneca, Pfizer/BioNTech",
7298925,2021-05-14,,,Netherlands,https://coronadashboard.government.nl/landelijk/vaccinaties,"Johnson&Johnson, Moderna, Oxford/AstraZeneca, Pfizer/BioNTech",
7448364,2021-05-15,,,Netherlands,https://coronadashboard.government.nl/landelijk/vaccinaties,"Johnson&Johnson, Moderna, Oxford/AstraZeneca, Pfizer/BioNTech",
7589934,2021-05-16,1930338,5761367,Netherlands,https://coronadashboard.government.nl/landelijk/vaccinaties,"Johnson&Johnson, Moderna, Oxford/AstraZeneca, Pfizer/BioNTech",
7744464,2021-05-17,,,Netherlands,https://coronadashboard.government.nl/landelijk/vaccinaties,"Johnson&Johnson, Moderna, Oxford/AstraZeneca, Pfizer/BioNTech",
7898773,2021-05-18,,,Netherlands,https://coronadashboard.government.nl/landelijk/vaccinaties,"Johnson&Johnson, Moderna, Oxford/AstraZeneca, Pfizer/BioNTech",
8047416,2021-05-19,,,Netherlands,https://coronadashboard.government.nl/landelijk/vaccinaties,"Johnson&Johnson, Moderna, Oxford/AstraZeneca, Pfizer/BioNTech",
8191558,2021-05-20,,,Netherlands,https://coronadashboard.government.nl/landelijk/vaccinaties,"Johnson&Johnson, Moderna, Oxford/AstraZeneca, Pfizer/BioNTech",
8335189,2021-05-21,,,Netherlands,https://coronadashboard.government.nl/landelijk/vaccinaties,"Johnson&Johnson, Moderna, Oxford/AstraZeneca, Pfizer/BioNTech",
8477203,2021-05-22,,,Netherlands,https://coronadashboard.government.nl/landelijk/vaccinaties,"Johnson&Johnson, Moderna, Oxford/AstraZeneca, Pfizer/BioNTech",
8616111,2021-05-23,2469276,6271338,Netherlands,https://coronadashboard.government.nl/landelijk/vaccinaties,"Johnson&Johnson, Moderna, Oxford/AstraZeneca, Pfizer/BioNTech",
8702725,2021-05-24,,,Netherlands,https://coronadashboard.government.nl/landelijk/vaccinaties,"Johnson&Johnson, Moderna, Oxford/AstraZeneca, Pfizer/BioNTech",
8805285,2021-05-25,,,Netherlands,https://coronadashboard.government.nl/landelijk/vaccinaties,"Johnson&Johnson, Moderna, Oxford/AstraZeneca, Pfizer/BioNTech",
9004501,2021-05-26,,,Netherlands,https://coronadashboard.government.nl/landelijk/vaccinaties,"Johnson&Johnson, Moderna, Oxford/AstraZeneca, Pfizer/BioNTech",
9137234,2021-05-27,,,Netherlands,https://coronadashboard.government.nl/landelijk/vaccinaties,"Johnson&Johnson, Moderna, Oxford/AstraZeneca, Pfizer/BioNTech",
9296269,2021-05-28,,,Netherlands,https://coronadashboard.government.nl/landelijk/vaccinaties,"Johnson&Johnson, Moderna, Oxford/AstraZeneca, Pfizer/BioNTech",
9456080,2021-05-29,,,Netherlands,https://coronadashboard.government.nl/landelijk/vaccinaties,"Johnson&Johnson, Moderna, Oxford/AstraZeneca, Pfizer/BioNTech",
9608511,2021-05-30,3085654,6762824,Netherlands,https://coronadashboard.government.nl/landelijk/vaccinaties,"Johnson&Johnson, Moderna, Oxford/AstraZeneca, Pfizer/BioNTech",
9767088,2021-05-31,,,Netherlands,https://coronadashboard.government.nl/landelijk/vaccinaties,"Johnson&Johnson, Moderna, Oxford/AstraZeneca, Pfizer/BioNTech",
9933050,2021-06-01,,,Netherlands,https://coronadashboard.government.nl/landelijk/vaccinaties,"Johnson&Johnson, Moderna, Oxford/AstraZeneca, Pfizer/BioNTech",
10099126,2021-06-02,,,Netherlands,https://coronadashboard.government.nl/landelijk/vaccinaties,"Johnson&Johnson, Moderna, Oxford/AstraZeneca, Pfizer/BioNTech",
10272295,2021-06-03,,,Netherlands,https://coronadashboard.government.nl/landelijk/vaccinaties,"Johnson&Johnson, Moderna, Oxford/AstraZeneca, Pfizer/BioNTech",
10438618,2021-06-04,,,Netherlands,https://coronadashboard.government.nl/landelijk/vaccinaties,"Johnson&Johnson, Moderna, Oxford/AstraZeneca, Pfizer/BioNTech",
10603208,2021-06-05,,,Netherlands,https://coronadashboard.government.nl/landelijk/vaccinaties,"Johnson&Johnson, Moderna, Oxford/AstraZeneca, Pfizer/BioNTech",
10774737,2021-06-06,3836966,7343146,Netherlands,https://coronadashboard.government.nl/landelijk/vaccinaties,"Johnson&Johnson, Moderna, Oxford/AstraZeneca, Pfizer/BioNTech",
10907972,2021-06-07,,,Netherlands,https://coronadashboard.government.nl/landelijk/vaccinaties,"Johnson&Johnson, Moderna, Oxford/AstraZeneca, Pfizer/BioNTech",
11145074,2021-06-08,,,Netherlands,https://coronadashboard.government.nl/landelijk/vaccinaties,"Johnson&Johnson, Moderna, Oxford/AstraZeneca, Pfizer/BioNTech",
11395454,2021-06-09,,,Netherlands,https://coronadashboard.government.nl/landelijk/vaccinaties,"Johnson&Johnson, Moderna, Oxford/AstraZeneca, Pfizer/BioNTech",
11640368,2021-06-10,,,Netherlands,https://coronadashboard.government.nl/landelijk/vaccinaties,"Johnson&Johnson, Moderna, Oxford/AstraZeneca, Pfizer/BioNTech",
11878295,2021-06-11,,,Netherlands,https://coronadashboard.government.nl/landelijk/vaccinaties,"Johnson&Johnson, Moderna, Oxford/AstraZeneca, Pfizer/BioNTech",
12208790,2021-06-12,,,Netherlands,https://coronadashboard.government.nl/landelijk/vaccinaties,"Johnson&Johnson, Moderna, Oxford/AstraZeneca, Pfizer/BioNTech",
12442350,2021-06-13,4527070,8360991,Netherlands,https://coronadashboard.government.nl/landelijk/vaccinaties,"Johnson&Johnson, Moderna, Oxford/AstraZeneca, Pfizer/BioNTech",
12651035,2021-06-14,,,Netherlands,https://coronadashboard.government.nl/landelijk/vaccinaties,"Johnson&Johnson, Moderna, Oxford/AstraZeneca, Pfizer/BioNTech",
12862499,2021-06-15,,,Netherlands,https://coronadashboard.government.nl/landelijk/vaccinaties,"Johnson&Johnson, Moderna, Oxford/AstraZeneca, Pfizer/BioNTech",
13067373,2021-06-16,,,Netherlands,https://coronadashboard.government.nl/landelijk/vaccinaties,"Johnson&Johnson, Moderna, Oxford/AstraZeneca, Pfizer/BioNTech",
13269681,2021-06-17,,,Netherlands,https://coronadashboard.government.nl/landelijk/vaccinaties,"Johnson&Johnson, Moderna, Oxford/AstraZeneca, Pfizer/BioNTech",
13472247,2021-06-18,,,Netherlands,https://coronadashboard.government.nl/landelijk/vaccinaties,"Johnson&Johnson, Moderna, Oxford/AstraZeneca, Pfizer/BioNTech",
13676759,2021-06-19,,,Netherlands,https://coronadashboard.government.nl/landelijk/vaccinaties,"Johnson&Johnson, Moderna, Oxford/AstraZeneca, Pfizer/BioNTech",
13875172,2021-06-20,5220149,9105103,Netherlands,https://coronadashboard.government.nl/landelijk/vaccinaties,"Johnson&Johnson, Moderna, Oxford/AstraZeneca, Pfizer/BioNTech",
14075757,2021-06-21,,,Netherlands,https://coronadashboard.government.nl/landelijk/vaccinaties,"Johnson&Johnson, Moderna, Oxford/AstraZeneca, Pfizer/BioNTech",
14276342,2021-06-22,,,Netherlands,https://coronadashboard.government.nl/landelijk/vaccinaties,"Johnson&Johnson, Moderna, Oxford/AstraZeneca, Pfizer/BioNTech",
14477525,2021-06-23,,,Netherlands,https://coronadashboard.government.nl/landelijk/vaccinaties,"Johnson&Johnson, Moderna, Oxford/AstraZeneca, Pfizer/BioNTech",
14680637,2021-06-24,,,Netherlands,https://coronadashboard.government.nl/landelijk/vaccinaties,"Johnson&Johnson, Moderna, Oxford/AstraZeneca, Pfizer/BioNTech",
14896699,2021-06-25,,,Netherlands,https://coronadashboard.government.nl/landelijk/vaccinaties,"Johnson&Johnson, Moderna, Oxford/AstraZeneca, Pfizer/BioNTech",
15121633,2021-06-26,,,Netherlands,https://coronadashboard.government.nl/landelijk/vaccinaties,"Johnson&Johnson, Moderna, Oxford/AstraZeneca, Pfizer/BioNTech",
15342995,2021-06-27,5919328,9922464,Netherlands,https://coronadashboard.government.nl/landelijk/vaccinaties,"Johnson&Johnson, Moderna, Oxford/AstraZeneca, Pfizer/BioNTech",
15553035,2021-06-28,,,Netherlands,https://coronadashboard.government.nl/landelijk/vaccinaties,"Johnson&Johnson, Moderna, Oxford/AstraZeneca, Pfizer/BioNTech",
15764668,2021-06-29,,,Netherlands,https://coronadashboard.government.nl/landelijk/vaccinaties,"Johnson&Johnson, Moderna, Oxford/AstraZeneca, Pfizer/BioNTech",
15974932,2021-06-30,,,Netherlands,https://coronadashboard.government.nl/landelijk/vaccinaties,"Johnson&Johnson, Moderna, Oxford/AstraZeneca, Pfizer/BioNTech",
16185352,2021-07-01,,,Netherlands,https://coronadashboard.government.nl/landelijk/vaccinaties,"Johnson&Johnson, Moderna, Oxford/AstraZeneca, Pfizer/BioNTech",
16392351,2021-07-02,,,Netherlands,https://coronadashboard.government.nl/landelijk/vaccinaties,"Johnson&Johnson, Moderna, Oxford/AstraZeneca, Pfizer/BioNTech",
16596971,2021-07-03,,,Netherlands,https://coronadashboard.government.nl/landelijk/vaccinaties,"Johnson&Johnson, Moderna, Oxford/AstraZeneca, Pfizer/BioNTech",
16726739,2021-07-04,6584339,10863620,Netherlands,https://coronadashboard.government.nl/landelijk/vaccinaties,"Johnson&Johnson, Moderna, Oxford/AstraZeneca, Pfizer/BioNTech",
16924275,2021-07-05,,,Netherlands,https://coronadashboard.government.nl/landelijk/vaccinaties,"Johnson&Johnson, Moderna, Oxford/AstraZeneca, Pfizer/BioNTech",
17101744,2021-07-06,,,Netherlands,https://coronadashboard.government.nl/landelijk/vaccinaties,"Johnson&Johnson, Moderna, Oxford/AstraZeneca, Pfizer/BioNTech",
17277702,2021-07-07,,,Netherlands,https://coronadashboard.government.nl/landelijk/vaccinaties,"Johnson&Johnson, Moderna, Oxford/AstraZeneca, Pfizer/BioNTech",
17449866,2021-07-08,,,Netherlands,https://coronadashboard.government.nl/landelijk/vaccinaties,"Johnson&Johnson, Moderna, Oxford/AstraZeneca, Pfizer/BioNTech",
17625182,2021-07-09,,,Netherlands,https://coronadashboard.government.nl/landelijk/vaccinaties,"Johnson&Johnson, Moderna, Oxford/AstraZeneca, Pfizer/BioNTech",
17794736,2021-07-10,,,Netherlands,https://coronadashboard.government.nl/landelijk/vaccinaties,"Johnson&Johnson, Moderna, Oxford/AstraZeneca, Pfizer/BioNTech",
17960133,2021-07-11,7071137,11693924,Netherlands,https://coronadashboard.government.nl/landelijk/vaccinaties,"Johnson&Johnson, Moderna, Oxford/AstraZeneca, Pfizer/BioNTech",
18106978,2021-07-12,,,Netherlands,https://coronadashboard.government.nl/landelijk/vaccinaties,"Johnson&Johnson, Moderna, Oxford/AstraZeneca, Pfizer/BioNTech",
18311339,2021-07-13,,,Netherlands,https://coronadashboard.government.nl/landelijk/vaccinaties,"Johnson&Johnson, Moderna, Oxford/AstraZeneca, Pfizer/BioNTech",
18467384,2021-07-14,,,Netherlands,https://coronadashboard.government.nl/landelijk/vaccinaties,"Johnson&Johnson, Moderna, Oxford/AstraZeneca, Pfizer/BioNTech",
18621626,2021-07-15,,,Netherlands,https://coronadashboard.government.nl/landelijk/vaccinaties,"Johnson&Johnson, Moderna, Oxford/AstraZeneca, Pfizer/BioNTech",
18782114,2021-07-16,,,Netherlands,https://coronadashboard.government.nl/landelijk/vaccinaties,"Johnson&Johnson, Moderna, Oxford/AstraZeneca, Pfizer/BioNTech",
18942204,2021-07-17,,,Netherlands,https://coronadashboard.government.nl/landelijk/vaccinaties,"Johnson&Johnson, Moderna, Oxford/AstraZeneca, Pfizer/BioNTech",
19095198,2021-07-18,7960019,11920675,Netherlands,https://coronadashboard.government.nl/landelijk/vaccinaties,"Johnson&Johnson, Moderna, Oxford/AstraZeneca, Pfizer/BioNTech",
19222005,2021-07-19,,,Netherlands,https://coronadashboard.government.nl/landelijk/vaccinaties,"Johnson&Johnson, Moderna, Oxford/AstraZeneca, Pfizer/BioNTech",
19348991,2021-07-20,,,Netherlands,https://coronadashboard.government.nl/landelijk/vaccinaties,"Johnson&Johnson, Moderna, Oxford/AstraZeneca, Pfizer/BioNTech",
19473740,2021-07-21,,,Netherlands,https://coronadashboard.government.nl/landelijk/vaccinaties,"Johnson&Johnson, Moderna, Oxford/AstraZeneca, Pfizer/BioNTech",
19600216,2021-07-22,,,Netherlands,https://coronadashboard.government.nl/landelijk/vaccinaties,"Johnson&Johnson, Moderna, Oxford/AstraZeneca, Pfizer/BioNTech",
,2021-07-25,8624639,12115590,Netherlands,https://coronadashboard.government.nl/landelijk/vaccinaties,"Johnson&Johnson, Moderna, Oxford/AstraZeneca, Pfizer/BioNTech",
20254917,2021-07-26,,,Netherlands,https://coronadashboard.government.nl/landelijk/vaccinaties,"Johnson&Johnson, Moderna, Oxford/AstraZeneca, Pfizer/BioNTech",
20464166,2021-07-28,,,Netherlands,https://coronadashboard.government.nl/landelijk/vaccinaties,"Johnson&Johnson, Moderna, Oxford/AstraZeneca, Pfizer/BioNTech",
,2021-08-01,9287868,12270541,Netherlands,https://coronadashboard.government.nl/landelijk/vaccinaties,"Johnson&Johnson, Moderna, Oxford/AstraZeneca, Pfizer/BioNTech",
21075870,2021-08-02,,,Netherlands,https://coronadashboard.government.nl/landelijk/vaccinaties,"Johnson&Johnson, Moderna, Oxford/AstraZeneca, Pfizer/BioNTech",
,2021-08-08,10029656,12362493,Netherlands,https://coronadashboard.government.nl/landelijk/vaccinaties,"Johnson&Johnson, Moderna, Oxford/AstraZeneca, Pfizer/BioNTech",
21743306,2021-08-09,,,Netherlands,https://coronadashboard.government.nl/landelijk/vaccinaties,"Johnson&Johnson, Moderna, Oxford/AstraZeneca, Pfizer/BioNTech",
21955422,2021-08-11,,,Netherlands,https://coronadashboard.government.nl/landelijk/vaccinaties,"Johnson&Johnson, Moderna, Oxford/AstraZeneca, Pfizer/BioNTech",
,2021-08-15,10682234,12438993,Netherlands,https://coronadashboard.government.nl/landelijk/vaccinaties,"Johnson&Johnson, Moderna, Oxford/AstraZeneca, Pfizer/BioNTech",
22402305,2021-08-16,,,Netherlands,https://coronadashboard.government.nl/landelijk/vaccinaties,"Johnson&Johnson, Moderna, Oxford/AstraZeneca, Pfizer/BioNTech",
22486836,2021-08-18,,,Netherlands,https://coronadashboard.government.nl/landelijk/vaccinaties,"Johnson&Johnson, Moderna, Oxford/AstraZeneca, Pfizer/BioNTech",
,2021-08-22,10910159,12511153,Netherlands,https://coronadashboard.government.nl/landelijk/vaccinaties,"Johnson&Johnson, Moderna, Oxford/AstraZeneca, Pfizer/BioNTech",
22695140,2021-08-23,,,Netherlands,https://coronadashboard.government.nl/landelijk/vaccinaties,"Johnson&Johnson, Moderna, Oxford/AstraZeneca, Pfizer/BioNTech",
22773830,2021-08-25,,,Netherlands,https://coronadashboard.government.nl/landelijk/vaccinaties,"Johnson&Johnson, Moderna, Oxford/AstraZeneca, Pfizer/BioNTech",
,2021-08-29,11117613,12574903,Netherlands,https://coronadashboard.government.nl/landelijk/vaccinaties,"Johnson&Johnson, Moderna, Oxford/AstraZeneca, Pfizer/BioNTech",
22953546,2021-08-30,,,Netherlands,https://coronadashboard.government.nl/landelijk/vaccinaties,"Johnson&Johnson, Moderna, Oxford/AstraZeneca, Pfizer/BioNTech",
23013287,2021-09-01,,,Netherlands,https://coronadashboard.government.nl/landelijk/vaccinaties,"Johnson&Johnson, Moderna, Oxford/AstraZeneca, Pfizer/BioNTech",
,2021-09-05,11278306,12627623,Netherlands,https://coronadashboard.government.nl/landelijk/vaccinaties,"Johnson&Johnson, Moderna, Oxford/AstraZeneca, Pfizer/BioNTech",
23143234,2021-09-06,,,Netherlands,https://coronadashboard.government.nl/landelijk/vaccinaties,"Johnson&Johnson, Moderna, Oxford/AstraZeneca, Pfizer/BioNTech",
23179631,2021-09-08,,,Netherlands,https://coronadashboard.government.nl/landelijk/vaccinaties,"Johnson&Johnson, Moderna, Oxford/AstraZeneca, Pfizer/BioNTech",
,2021-09-12,11363644,12675085,Netherlands,https://coronadashboard.government.nl/landelijk/vaccinaties,"Johnson&Johnson, Moderna, Oxford/AstraZeneca, Pfizer/BioNTech",
23277532,2021-09-13,,,Netherlands,https://coronadashboard.government.nl/landelijk/vaccinaties,"Johnson&Johnson, Moderna, Oxford/AstraZeneca, Pfizer/BioNTech",
23320388,2021-09-15,,,Netherlands,https://coronadashboard.government.nl/landelijk/vaccinaties,"Johnson&Johnson, Moderna, Oxford/AstraZeneca, Pfizer/BioNTech",
,2021-09-19,11450440,12743648,Netherlands,https://coronadashboard.government.nl/landelijk/vaccinaties,"Johnson&Johnson, Moderna, Oxford/AstraZeneca, Pfizer/BioNTech",
23400202,2021-09-20,,,Netherlands,https://coronadashboard.government.nl/landelijk/vaccinaties,"Johnson&Johnson, Moderna, Oxford/AstraZeneca, Pfizer/BioNTech",
23440062,2021-09-22,,,Netherlands,https://coronadashboard.government.nl/landelijk/vaccinaties,"Johnson&Johnson, Moderna, Oxford/AstraZeneca, Pfizer/BioNTech",
,2021-09-26,11534395,12814352,Netherlands,https://coronadashboard.government.nl/landelijk/vaccinaties,"Johnson&Johnson, Moderna, Oxford/AstraZeneca, Pfizer/BioNTech",
23540559,2021-09-27,,,Netherlands,https://coronadashboard.government.nl/landelijk/vaccinaties,"Johnson&Johnson, Moderna, Oxford/AstraZeneca, Pfizer/BioNTech",
23585124,2021-09-29,,,Netherlands,https://coronadashboard.government.nl/landelijk/vaccinaties,"Johnson&Johnson, Moderna, Oxford/AstraZeneca, Pfizer/BioNTech",
,2021-10-03,11606866,12879160,Netherlands,https://coronadashboard.government.nl/landelijk/vaccinaties,"Johnson&Johnson, Moderna, Oxford/AstraZeneca, Pfizer/BioNTech",
23667267,2021-10-04,,,Netherlands,https://coronadashboard.government.nl/landelijk/vaccinaties,"Johnson&Johnson, Moderna, Oxford/AstraZeneca, Pfizer/BioNTech",
23698483,2021-10-06,,,Netherlands,https://coronadashboard.government.nl/landelijk/vaccinaties,"Johnson&Johnson, Moderna, Oxford/AstraZeneca, Pfizer/BioNTech",
,2021-10-10,11670631,12921560,Netherlands,https://coronadashboard.government.nl/landelijk/vaccinaties,"Johnson&Johnson, Moderna, Oxford/AstraZeneca, Pfizer/BioNTech",
23767664,2021-10-11,,,Netherlands,https://coronadashboard.government.nl/landelijk/vaccinaties,"Johnson&Johnson, Moderna, Oxford/AstraZeneca, Pfizer/BioNTech",
23793422,2021-10-13,,,Netherlands,https://coronadashboard.government.nl/landelijk/vaccinaties,"Johnson&Johnson, Moderna, Oxford/AstraZeneca, Pfizer/BioNTech",
,2021-10-17,11731736,12953946,Netherlands,https://coronadashboard.government.nl/landelijk/vaccinaties,"Johnson&Johnson, Moderna, Oxford/AstraZeneca, Pfizer/BioNTech",
23858776,2021-10-18,,,Netherlands,https://coronadashboard.government.nl/landelijk/vaccinaties,"Johnson&Johnson, Moderna, Oxford/AstraZeneca, Pfizer/BioNTech",
23884413,2021-10-20,,,Netherlands,https://coronadashboard.government.nl/landelijk/vaccinaties,"Johnson&Johnson, Moderna, Oxford/AstraZeneca, Pfizer/BioNTech",
,2021-10-24,11785475,12989097,Netherlands,https://coronadashboard.government.nl/landelijk/vaccinaties,"Johnson&Johnson, Moderna, Oxford/AstraZeneca, Pfizer/BioNTech",
23944362,2021-10-25,,,Netherlands,https://coronadashboard.government.nl/landelijk/vaccinaties,"Johnson&Johnson, Moderna, Oxford/AstraZeneca, Pfizer/BioNTech",
23975215,2021-10-27,,,Netherlands,https://coronadashboard.government.nl/landelijk/vaccinaties,"Johnson&Johnson, Moderna, Oxford/AstraZeneca, Pfizer/BioNTech",
,2021-10-31,11839055,13032981,Netherlands,https://coronadashboard.government.nl/landelijk/vaccinaties,"Johnson&Johnson, Moderna, Oxford/AstraZeneca, Pfizer/BioNTech",
24099493,2021-11-01,,,Netherlands,https://coronadashboard.government.nl/landelijk/vaccinaties,"Johnson&Johnson, Moderna, Oxford/AstraZeneca, Pfizer/BioNTech",
24134425,2021-11-03,,,Netherlands,https://coronadashboard.government.nl/landelijk/vaccinaties,"Johnson&Johnson, Moderna, Oxford/AstraZeneca, Pfizer/BioNTech",
