date,people_vaccinated,people_fully_vaccinated,total_vaccinations,vaccine,location,source_url,total_boosters
2021-02-18,1,0,1,Pfizer/BioNTech,New Zealand,https://www.health.govt.nz/our-work/diseases-and-conditions/covid-19-novel-coronavirus/covid-19-data-and-statistics/covid-19-vaccine-data,
2021-02-19,30,0,30,Pfizer/BioNTech,New Zealand,https://www.health.govt.nz/our-work/diseases-and-conditions/covid-19-novel-coronavirus/covid-19-data-and-statistics/covid-19-vaccine-data,
2021-02-20,95,0,95,Pfizer/BioNTech,New Zealand,https://www.health.govt.nz/our-work/diseases-and-conditions/covid-19-novel-coronavirus/covid-19-data-and-statistics/covid-19-vaccine-data,
2021-02-21,163,1,164,Pfizer/BioNTech,New Zealand,https://www.health.govt.nz/our-work/diseases-and-conditions/covid-19-novel-coronavirus/covid-19-data-and-statistics/covid-19-vaccine-data,
2021-02-22,610,1,611,Pfizer/BioNTech,New Zealand,https://www.health.govt.nz/our-work/diseases-and-conditions/covid-19-novel-coronavirus/covid-19-data-and-statistics/covid-19-vaccine-data,
2021-02-23,967,1,968,Pfizer/BioNTech,New Zealand,https://www.health.govt.nz/our-work/diseases-and-conditions/covid-19-novel-coronavirus/covid-19-data-and-statistics/covid-19-vaccine-data,
2021-02-24,1779,1,1780,Pfizer/BioNTech,New Zealand,https://www.health.govt.nz/our-work/diseases-and-conditions/covid-19-novel-coronavirus/covid-19-data-and-statistics/covid-19-vaccine-data,
2021-02-25,2879,1,2880,Pfizer/BioNTech,New Zealand,https://www.health.govt.nz/our-work/diseases-and-conditions/covid-19-novel-coronavirus/covid-19-data-and-statistics/covid-19-vaccine-data,
2021-02-26,4483,1,4484,Pfizer/BioNTech,New Zealand,https://www.health.govt.nz/our-work/diseases-and-conditions/covid-19-novel-coronavirus/covid-19-data-and-statistics/covid-19-vaccine-data,
2021-02-27,5823,1,5824,Pfizer/BioNTech,New Zealand,https://www.health.govt.nz/our-work/diseases-and-conditions/covid-19-novel-coronavirus/covid-19-data-and-statistics/covid-19-vaccine-data,
2021-02-28,6705,1,6706,Pfizer/BioNTech,New Zealand,https://www.health.govt.nz/our-work/diseases-and-conditions/covid-19-novel-coronavirus/covid-19-data-and-statistics/covid-19-vaccine-data,
2021-03-01,8114,1,8115,Pfizer/BioNTech,New Zealand,https://www.health.govt.nz/our-work/diseases-and-conditions/covid-19-novel-coronavirus/covid-19-data-and-statistics/covid-19-vaccine-data,
2021-03-02,9605,1,9606,Pfizer/BioNTech,New Zealand,https://www.health.govt.nz/our-work/diseases-and-conditions/covid-19-novel-coronavirus/covid-19-data-and-statistics/covid-19-vaccine-data,
2021-03-03,11587,1,11588,Pfizer/BioNTech,New Zealand,https://www.health.govt.nz/our-work/diseases-and-conditions/covid-19-novel-coronavirus/covid-19-data-and-statistics/covid-19-vaccine-data,
2021-03-04,13221,1,13222,Pfizer/BioNTech,New Zealand,https://www.health.govt.nz/our-work/diseases-and-conditions/covid-19-novel-coronavirus/covid-19-data-and-statistics/covid-19-vaccine-data,
2021-03-05,14500,1,14501,Pfizer/BioNTech,New Zealand,https://www.health.govt.nz/our-work/diseases-and-conditions/covid-19-novel-coronavirus/covid-19-data-and-statistics/covid-19-vaccine-data,
2021-03-06,15102,2,15104,Pfizer/BioNTech,New Zealand,https://www.health.govt.nz/our-work/diseases-and-conditions/covid-19-novel-coronavirus/covid-19-data-and-statistics/covid-19-vaccine-data,
2021-03-07,15613,2,15615,Pfizer/BioNTech,New Zealand,https://www.health.govt.nz/our-work/diseases-and-conditions/covid-19-novel-coronavirus/covid-19-data-and-statistics/covid-19-vaccine-data,
2021-03-08,16686,2,16688,Pfizer/BioNTech,New Zealand,https://www.health.govt.nz/our-work/diseases-and-conditions/covid-19-novel-coronavirus/covid-19-data-and-statistics/covid-19-vaccine-data,
2021-03-09,18111,2,18113,Pfizer/BioNTech,New Zealand,https://www.health.govt.nz/our-work/diseases-and-conditions/covid-19-novel-coronavirus/covid-19-data-and-statistics/covid-19-vaccine-data,
2021-03-10,19428,2,19430,Pfizer/BioNTech,New Zealand,https://www.health.govt.nz/our-work/diseases-and-conditions/covid-19-novel-coronavirus/covid-19-data-and-statistics/covid-19-vaccine-data,
2021-03-11,20762,2,20764,Pfizer/BioNTech,New Zealand,https://www.health.govt.nz/our-work/diseases-and-conditions/covid-19-novel-coronavirus/covid-19-data-and-statistics/covid-19-vaccine-data,
2021-03-12,21805,7,21812,Pfizer/BioNTech,New Zealand,https://www.health.govt.nz/our-work/diseases-and-conditions/covid-19-novel-coronavirus/covid-19-data-and-statistics/covid-19-vaccine-data,
2021-03-13,22555,12,22567,Pfizer/BioNTech,New Zealand,https://www.health.govt.nz/our-work/diseases-and-conditions/covid-19-novel-coronavirus/covid-19-data-and-statistics/covid-19-vaccine-data,
2021-03-14,23131,25,23156,Pfizer/BioNTech,New Zealand,https://www.health.govt.nz/our-work/diseases-and-conditions/covid-19-novel-coronavirus/covid-19-data-and-statistics/covid-19-vaccine-data,
2021-03-15,24745,292,25037,Pfizer/BioNTech,New Zealand,https://www.health.govt.nz/our-work/diseases-and-conditions/covid-19-novel-coronavirus/covid-19-data-and-statistics/covid-19-vaccine-data,
2021-03-16,26673,525,27198,Pfizer/BioNTech,New Zealand,https://www.health.govt.nz/our-work/diseases-and-conditions/covid-19-novel-coronavirus/covid-19-data-and-statistics/covid-19-vaccine-data,
2021-03-17,28315,891,29206,Pfizer/BioNTech,New Zealand,https://www.health.govt.nz/our-work/diseases-and-conditions/covid-19-novel-coronavirus/covid-19-data-and-statistics/covid-19-vaccine-data,
2021-03-18,29910,1365,31275,Pfizer/BioNTech,New Zealand,https://www.health.govt.nz/our-work/diseases-and-conditions/covid-19-novel-coronavirus/covid-19-data-and-statistics/covid-19-vaccine-data,
2021-03-19,31602,2137,33739,Pfizer/BioNTech,New Zealand,https://www.health.govt.nz/our-work/diseases-and-conditions/covid-19-novel-coronavirus/covid-19-data-and-statistics/covid-19-vaccine-data,
2021-03-20,32160,2852,35012,Pfizer/BioNTech,New Zealand,https://www.health.govt.nz/our-work/diseases-and-conditions/covid-19-novel-coronavirus/covid-19-data-and-statistics/covid-19-vaccine-data,
2021-03-21,33102,3496,36598,Pfizer/BioNTech,New Zealand,https://www.health.govt.nz/our-work/diseases-and-conditions/covid-19-novel-coronavirus/covid-19-data-and-statistics/covid-19-vaccine-data,
2021-03-22,34136,4712,38848,Pfizer/BioNTech,New Zealand,https://www.health.govt.nz/our-work/diseases-and-conditions/covid-19-novel-coronavirus/covid-19-data-and-statistics/covid-19-vaccine-data,
2021-03-23,35723,5819,41542,Pfizer/BioNTech,New Zealand,https://www.health.govt.nz/our-work/diseases-and-conditions/covid-19-novel-coronavirus/covid-19-data-and-statistics/covid-19-vaccine-data,
2021-03-24,37695,7404,45099,Pfizer/BioNTech,New Zealand,https://www.health.govt.nz/our-work/diseases-and-conditions/covid-19-novel-coronavirus/covid-19-data-and-statistics/covid-19-vaccine-data,
2021-03-25,39517,8937,48454,Pfizer/BioNTech,New Zealand,https://www.health.govt.nz/our-work/diseases-and-conditions/covid-19-novel-coronavirus/covid-19-data-and-statistics/covid-19-vaccine-data,
2021-03-26,42889,10227,53116,Pfizer/BioNTech,New Zealand,https://www.health.govt.nz/our-work/diseases-and-conditions/covid-19-novel-coronavirus/covid-19-data-and-statistics/covid-19-vaccine-data,
2021-03-27,44044,11100,55144,Pfizer/BioNTech,New Zealand,https://www.health.govt.nz/our-work/diseases-and-conditions/covid-19-novel-coronavirus/covid-19-data-and-statistics/covid-19-vaccine-data,
2021-03-28,44729,11590,56319,Pfizer/BioNTech,New Zealand,https://www.health.govt.nz/our-work/diseases-and-conditions/covid-19-novel-coronavirus/covid-19-data-and-statistics/covid-19-vaccine-data,
2021-03-29,48535,12714,61249,Pfizer/BioNTech,New Zealand,https://www.health.govt.nz/our-work/diseases-and-conditions/covid-19-novel-coronavirus/covid-19-data-and-statistics/covid-19-vaccine-data,
2021-03-30,52704,14214,66918,Pfizer/BioNTech,New Zealand,https://www.health.govt.nz/our-work/diseases-and-conditions/covid-19-novel-coronavirus/covid-19-data-and-statistics/covid-19-vaccine-data,
2021-03-31,58151,15558,73709,Pfizer/BioNTech,New Zealand,https://www.health.govt.nz/our-work/diseases-and-conditions/covid-19-novel-coronavirus/covid-19-data-and-statistics/covid-19-vaccine-data,
2021-04-01,63352,16808,80160,Pfizer/BioNTech,New Zealand,https://www.health.govt.nz/our-work/diseases-and-conditions/covid-19-novel-coronavirus/covid-19-data-and-statistics/covid-19-vaccine-data,
2021-04-02,65077,17103,82180,Pfizer/BioNTech,New Zealand,https://www.health.govt.nz/our-work/diseases-and-conditions/covid-19-novel-coronavirus/covid-19-data-and-statistics/covid-19-vaccine-data,
2021-04-03,66490,17438,83928,Pfizer/BioNTech,New Zealand,https://www.health.govt.nz/our-work/diseases-and-conditions/covid-19-novel-coronavirus/covid-19-data-and-statistics/covid-19-vaccine-data,
2021-04-04,67248,17634,84882,Pfizer/BioNTech,New Zealand,https://www.health.govt.nz/our-work/diseases-and-conditions/covid-19-novel-coronavirus/covid-19-data-and-statistics/covid-19-vaccine-data,
2021-04-05,68171,17925,86096,Pfizer/BioNTech,New Zealand,https://www.health.govt.nz/our-work/diseases-and-conditions/covid-19-novel-coronavirus/covid-19-data-and-statistics/covid-19-vaccine-data,
2021-04-06,71693,19363,91056,Pfizer/BioNTech,New Zealand,https://www.health.govt.nz/our-work/diseases-and-conditions/covid-19-novel-coronavirus/covid-19-data-and-statistics/covid-19-vaccine-data,
2021-04-07,76812,21509,98321,Pfizer/BioNTech,New Zealand,https://www.health.govt.nz/our-work/diseases-and-conditions/covid-19-novel-coronavirus/covid-19-data-and-statistics/covid-19-vaccine-data,
2021-04-08,83276,23274,106550,Pfizer/BioNTech,New Zealand,https://www.health.govt.nz/our-work/diseases-and-conditions/covid-19-novel-coronavirus/covid-19-data-and-statistics/covid-19-vaccine-data,
2021-04-09,88695,25203,113898,Pfizer/BioNTech,New Zealand,https://www.health.govt.nz/our-work/diseases-and-conditions/covid-19-novel-coronavirus/covid-19-data-and-statistics/covid-19-vaccine-data,
2021-04-10,91962,25895,117857,Pfizer/BioNTech,New Zealand,https://www.health.govt.nz/our-work/diseases-and-conditions/covid-19-novel-coronavirus/covid-19-data-and-statistics/covid-19-vaccine-data,
2021-04-11,94440,26976,121416,Pfizer/BioNTech,New Zealand,https://www.health.govt.nz/our-work/diseases-and-conditions/covid-19-novel-coronavirus/covid-19-data-and-statistics/covid-19-vaccine-data,
2021-04-12,100485,28698,129183,Pfizer/BioNTech,New Zealand,https://www.health.govt.nz/our-work/diseases-and-conditions/covid-19-novel-coronavirus/covid-19-data-and-statistics/covid-19-vaccine-data,
2021-04-13,107297,30323,137620,Pfizer/BioNTech,New Zealand,https://www.health.govt.nz/our-work/diseases-and-conditions/covid-19-novel-coronavirus/covid-19-data-and-statistics/covid-19-vaccine-data,
2021-04-14,113921,31845,145766,Pfizer/BioNTech,New Zealand,https://www.health.govt.nz/our-work/diseases-and-conditions/covid-19-novel-coronavirus/covid-19-data-and-statistics/covid-19-vaccine-data,
2021-04-15,120811,33688,154499,Pfizer/BioNTech,New Zealand,https://www.health.govt.nz/our-work/diseases-and-conditions/covid-19-novel-coronavirus/covid-19-data-and-statistics/covid-19-vaccine-data,
2021-04-16,127670,36312,163982,Pfizer/BioNTech,New Zealand,https://www.health.govt.nz/our-work/diseases-and-conditions/covid-19-novel-coronavirus/covid-19-data-and-statistics/covid-19-vaccine-data,
2021-04-17,131574,37452,169026,Pfizer/BioNTech,New Zealand,https://www.health.govt.nz/our-work/diseases-and-conditions/covid-19-novel-coronavirus/covid-19-data-and-statistics/covid-19-vaccine-data,
2021-04-18,133054,38039,171093,Pfizer/BioNTech,New Zealand,https://www.health.govt.nz/our-work/diseases-and-conditions/covid-19-novel-coronavirus/covid-19-data-and-statistics/covid-19-vaccine-data,
2021-04-19,138148,40076,178224,Pfizer/BioNTech,New Zealand,https://www.health.govt.nz/our-work/diseases-and-conditions/covid-19-novel-coronavirus/covid-19-data-and-statistics/covid-19-vaccine-data,
2021-04-20,144245,43064,187309,Pfizer/BioNTech,New Zealand,https://www.health.govt.nz/our-work/diseases-and-conditions/covid-19-novel-coronavirus/covid-19-data-and-statistics/covid-19-vaccine-data,
2021-04-21,150999,46491,197490,Pfizer/BioNTech,New Zealand,https://www.health.govt.nz/our-work/diseases-and-conditions/covid-19-novel-coronavirus/covid-19-data-and-statistics/covid-19-vaccine-data,
2021-04-22,157530,50364,207894,Pfizer/BioNTech,New Zealand,https://www.health.govt.nz/our-work/diseases-and-conditions/covid-19-novel-coronavirus/covid-19-data-and-statistics/covid-19-vaccine-data,
2021-04-23,165671,53909,219580,Pfizer/BioNTech,New Zealand,https://www.health.govt.nz/our-work/diseases-and-conditions/covid-19-novel-coronavirus/covid-19-data-and-statistics/covid-19-vaccine-data,
2021-04-24,168945,55291,224236,Pfizer/BioNTech,New Zealand,https://www.health.govt.nz/our-work/diseases-and-conditions/covid-19-novel-coronavirus/covid-19-data-and-statistics/covid-19-vaccine-data,
2021-04-25,170418,56198,226616,Pfizer/BioNTech,New Zealand,https://www.health.govt.nz/our-work/diseases-and-conditions/covid-19-novel-coronavirus/covid-19-data-and-statistics/covid-19-vaccine-data,
2021-04-26,171808,57060,228868,Pfizer/BioNTech,New Zealand,https://www.health.govt.nz/our-work/diseases-and-conditions/covid-19-novel-coronavirus/covid-19-data-and-statistics/covid-19-vaccine-data,
2021-04-27,178610,60268,238878,Pfizer/BioNTech,New Zealand,https://www.health.govt.nz/our-work/diseases-and-conditions/covid-19-novel-coronavirus/covid-19-data-and-statistics/covid-19-vaccine-data,
2021-04-28,185912,63932,249844,Pfizer/BioNTech,New Zealand,https://www.health.govt.nz/our-work/diseases-and-conditions/covid-19-novel-coronavirus/covid-19-data-and-statistics/covid-19-vaccine-data,
2021-04-29,193436,68887,262323,Pfizer/BioNTech,New Zealand,https://www.health.govt.nz/our-work/diseases-and-conditions/covid-19-novel-coronavirus/covid-19-data-and-statistics/covid-19-vaccine-data,
2021-04-30,201814,73911,275725,Pfizer/BioNTech,New Zealand,https://www.health.govt.nz/our-work/diseases-and-conditions/covid-19-novel-coronavirus/covid-19-data-and-statistics/covid-19-vaccine-data,
2021-05-01,205305,75902,281207,Pfizer/BioNTech,New Zealand,https://www.health.govt.nz/our-work/diseases-and-conditions/covid-19-novel-coronavirus/covid-19-data-and-statistics/covid-19-vaccine-data,
2021-05-02,206926,77820,284746,Pfizer/BioNTech,New Zealand,https://www.health.govt.nz/our-work/diseases-and-conditions/covid-19-novel-coronavirus/covid-19-data-and-statistics/covid-19-vaccine-data,
2021-05-03,213177,82305,295482,Pfizer/BioNTech,New Zealand,https://www.health.govt.nz/our-work/diseases-and-conditions/covid-19-novel-coronavirus/covid-19-data-and-statistics/covid-19-vaccine-data,
2021-05-04,221512,87605,309117,Pfizer/BioNTech,New Zealand,https://www.health.govt.nz/our-work/diseases-and-conditions/covid-19-novel-coronavirus/covid-19-data-and-statistics/covid-19-vaccine-data,
2021-05-05,230720,93162,323882,Pfizer/BioNTech,New Zealand,https://www.health.govt.nz/our-work/diseases-and-conditions/covid-19-novel-coronavirus/covid-19-data-and-statistics/covid-19-vaccine-data,
2021-05-06,239920,98990,338910,Pfizer/BioNTech,New Zealand,https://www.health.govt.nz/our-work/diseases-and-conditions/covid-19-novel-coronavirus/covid-19-data-and-statistics/covid-19-vaccine-data,
2021-05-07,250061,105722,355783,Pfizer/BioNTech,New Zealand,https://www.health.govt.nz/our-work/diseases-and-conditions/covid-19-novel-coronavirus/covid-19-data-and-statistics/covid-19-vaccine-data,
2021-05-08,254446,108572,363018,Pfizer/BioNTech,New Zealand,https://www.health.govt.nz/our-work/diseases-and-conditions/covid-19-novel-coronavirus/covid-19-data-and-statistics/covid-19-vaccine-data,
2021-05-09,256175,110186,366361,Pfizer/BioNTech,New Zealand,https://www.health.govt.nz/our-work/diseases-and-conditions/covid-19-novel-coronavirus/covid-19-data-and-statistics/covid-19-vaccine-data,
2021-05-10,263053,115302,378355,Pfizer/BioNTech,New Zealand,https://www.health.govt.nz/our-work/diseases-and-conditions/covid-19-novel-coronavirus/covid-19-data-and-statistics/covid-19-vaccine-data,
2021-05-11,272278,121197,393475,Pfizer/BioNTech,New Zealand,https://www.health.govt.nz/our-work/diseases-and-conditions/covid-19-novel-coronavirus/covid-19-data-and-statistics/covid-19-vaccine-data,
2021-05-12,281800,126961,408761,Pfizer/BioNTech,New Zealand,https://www.health.govt.nz/our-work/diseases-and-conditions/covid-19-novel-coronavirus/covid-19-data-and-statistics/covid-19-vaccine-data,
2021-05-13,291581,132960,424541,Pfizer/BioNTech,New Zealand,https://www.health.govt.nz/our-work/diseases-and-conditions/covid-19-novel-coronavirus/covid-19-data-and-statistics/covid-19-vaccine-data,
2021-05-14,300539,140070,440609,Pfizer/BioNTech,New Zealand,https://www.health.govt.nz/our-work/diseases-and-conditions/covid-19-novel-coronavirus/covid-19-data-and-statistics/covid-19-vaccine-data,
2021-05-15,303958,142884,446842,Pfizer/BioNTech,New Zealand,https://www.health.govt.nz/our-work/diseases-and-conditions/covid-19-novel-coronavirus/covid-19-data-and-statistics/covid-19-vaccine-data,
2021-05-16,306363,144689,451052,Pfizer/BioNTech,New Zealand,https://www.health.govt.nz/our-work/diseases-and-conditions/covid-19-novel-coronavirus/covid-19-data-and-statistics/covid-19-vaccine-data,
2021-05-17,313664,148441,462105,Pfizer/BioNTech,New Zealand,https://www.health.govt.nz/our-work/diseases-and-conditions/covid-19-novel-coronavirus/covid-19-data-and-statistics/covid-19-vaccine-data,
2021-05-18,322944,153948,476892,Pfizer/BioNTech,New Zealand,https://www.health.govt.nz/our-work/diseases-and-conditions/covid-19-novel-coronavirus/covid-19-data-and-statistics/covid-19-vaccine-data,
2021-05-19,331998,160341,492339,Pfizer/BioNTech,New Zealand,https://www.health.govt.nz/our-work/diseases-and-conditions/covid-19-novel-coronavirus/covid-19-data-and-statistics/covid-19-vaccine-data,
2021-05-20,340734,167079,507813,Pfizer/BioNTech,New Zealand,https://www.health.govt.nz/our-work/diseases-and-conditions/covid-19-novel-coronavirus/covid-19-data-and-statistics/covid-19-vaccine-data,
2021-05-21,349004,174371,523375,Pfizer/BioNTech,New Zealand,https://www.health.govt.nz/our-work/diseases-and-conditions/covid-19-novel-coronavirus/covid-19-data-and-statistics/covid-19-vaccine-data,
2021-05-22,353405,177937,531342,Pfizer/BioNTech,New Zealand,https://www.health.govt.nz/our-work/diseases-and-conditions/covid-19-novel-coronavirus/covid-19-data-and-statistics/covid-19-vaccine-data,
2021-05-23,355670,179478,535148,Pfizer/BioNTech,New Zealand,https://www.health.govt.nz/our-work/diseases-and-conditions/covid-19-novel-coronavirus/covid-19-data-and-statistics/covid-19-vaccine-data,
2021-05-24,362902,185227,548129,Pfizer/BioNTech,New Zealand,https://www.health.govt.nz/our-work/diseases-and-conditions/covid-19-novel-coronavirus/covid-19-data-and-statistics/covid-19-vaccine-data,
2021-05-25,372739,192691,565430,Pfizer/BioNTech,New Zealand,https://www.health.govt.nz/our-work/diseases-and-conditions/covid-19-novel-coronavirus/covid-19-data-and-statistics/covid-19-vaccine-data,
2021-05-26,383693,200453,584146,Pfizer/BioNTech,New Zealand,https://www.health.govt.nz/our-work/diseases-and-conditions/covid-19-novel-coronavirus/covid-19-data-and-statistics/covid-19-vaccine-data,
2021-05-27,393560,207460,601020,Pfizer/BioNTech,New Zealand,https://www.health.govt.nz/our-work/diseases-and-conditions/covid-19-novel-coronavirus/covid-19-data-and-statistics/covid-19-vaccine-data,
2021-05-28,404394,217294,621688,Pfizer/BioNTech,New Zealand,https://www.health.govt.nz/our-work/diseases-and-conditions/covid-19-novel-coronavirus/covid-19-data-and-statistics/covid-19-vaccine-data,
2021-05-29,410335,221588,631923,Pfizer/BioNTech,New Zealand,https://www.health.govt.nz/our-work/diseases-and-conditions/covid-19-novel-coronavirus/covid-19-data-and-statistics/covid-19-vaccine-data,
2021-05-30,413658,223468,637126,Pfizer/BioNTech,New Zealand,https://www.health.govt.nz/our-work/diseases-and-conditions/covid-19-novel-coronavirus/covid-19-data-and-statistics/covid-19-vaccine-data,
2021-05-31,422567,229031,651598,Pfizer/BioNTech,New Zealand,https://www.health.govt.nz/our-work/diseases-and-conditions/covid-19-novel-coronavirus/covid-19-data-and-statistics/covid-19-vaccine-data,
2021-06-01,434587,236931,671518,Pfizer/BioNTech,New Zealand,https://www.health.govt.nz/our-work/diseases-and-conditions/covid-19-novel-coronavirus/covid-19-data-and-statistics/covid-19-vaccine-data,
2021-06-02,447141,245341,692482,Pfizer/BioNTech,New Zealand,https://www.health.govt.nz/our-work/diseases-and-conditions/covid-19-novel-coronavirus/covid-19-data-and-statistics/covid-19-vaccine-data,
2021-06-03,461298,254348,715646,Pfizer/BioNTech,New Zealand,https://www.health.govt.nz/our-work/diseases-and-conditions/covid-19-novel-coronavirus/covid-19-data-and-statistics/covid-19-vaccine-data,
2021-06-04,473398,262695,736093,Pfizer/BioNTech,New Zealand,https://www.health.govt.nz/our-work/diseases-and-conditions/covid-19-novel-coronavirus/covid-19-data-and-statistics/covid-19-vaccine-data,
2021-06-05,479601,266043,745644,Pfizer/BioNTech,New Zealand,https://www.health.govt.nz/our-work/diseases-and-conditions/covid-19-novel-coronavirus/covid-19-data-and-statistics/covid-19-vaccine-data,
2021-06-06,483134,267723,750857,Pfizer/BioNTech,New Zealand,https://www.health.govt.nz/our-work/diseases-and-conditions/covid-19-novel-coronavirus/covid-19-data-and-statistics/covid-19-vaccine-data,
2021-06-07,487071,269093,756164,Pfizer/BioNTech,New Zealand,https://www.health.govt.nz/our-work/diseases-and-conditions/covid-19-novel-coronavirus/covid-19-data-and-statistics/covid-19-vaccine-data,
2021-06-08,500165,277846,778011,Pfizer/BioNTech,New Zealand,https://www.health.govt.nz/our-work/diseases-and-conditions/covid-19-novel-coronavirus/covid-19-data-and-statistics/covid-19-vaccine-data,
2021-06-09,507277,282159,789436,Pfizer/BioNTech,New Zealand,https://www.health.govt.nz/our-work/diseases-and-conditions/covid-19-novel-coronavirus/covid-19-data-and-statistics/covid-19-vaccine-data,
2021-06-10,521221,291617,812838,Pfizer/BioNTech,New Zealand,https://www.health.govt.nz/our-work/diseases-and-conditions/covid-19-novel-coronavirus/covid-19-data-and-statistics/covid-19-vaccine-data,
2021-06-11,533203,301193,834396,Pfizer/BioNTech,New Zealand,https://www.health.govt.nz/our-work/diseases-and-conditions/covid-19-novel-coronavirus/covid-19-data-and-statistics/covid-19-vaccine-data,
2021-06-12,540657,305680,846337,Pfizer/BioNTech,New Zealand,https://www.health.govt.nz/our-work/diseases-and-conditions/covid-19-novel-coronavirus/covid-19-data-and-statistics/covid-19-vaccine-data,
2021-06-13,545064,308577,853641,Pfizer/BioNTech,New Zealand,https://www.health.govt.nz/our-work/diseases-and-conditions/covid-19-novel-coronavirus/covid-19-data-and-statistics/covid-19-vaccine-data,
2021-06-14,555428,316131,871559,Pfizer/BioNTech,New Zealand,https://www.health.govt.nz/our-work/diseases-and-conditions/covid-19-novel-coronavirus/covid-19-data-and-statistics/covid-19-vaccine-data,
2021-06-15,568510,325275,893785,Pfizer/BioNTech,New Zealand,https://www.health.govt.nz/our-work/diseases-and-conditions/covid-19-novel-coronavirus/covid-19-data-and-statistics/covid-19-vaccine-data,
2021-06-16,582911,335291,918202,Pfizer/BioNTech,New Zealand,https://www.health.govt.nz/our-work/diseases-and-conditions/covid-19-novel-coronavirus/covid-19-data-and-statistics/covid-19-vaccine-data,
2021-06-17,595905,345588,941493,Pfizer/BioNTech,New Zealand,https://www.health.govt.nz/our-work/diseases-and-conditions/covid-19-novel-coronavirus/covid-19-data-and-statistics/covid-19-vaccine-data,
2021-06-18,607258,355045,962303,Pfizer/BioNTech,New Zealand,https://www.health.govt.nz/our-work/diseases-and-conditions/covid-19-novel-coronavirus/covid-19-data-and-statistics/covid-19-vaccine-data,
2021-06-19,614640,359941,974581,Pfizer/BioNTech,New Zealand,https://www.health.govt.nz/our-work/diseases-and-conditions/covid-19-novel-coronavirus/covid-19-data-and-statistics/covid-19-vaccine-data,
2021-06-20,618607,363285,981892,Pfizer/BioNTech,New Zealand,https://www.health.govt.nz/our-work/diseases-and-conditions/covid-19-novel-coronavirus/covid-19-data-and-statistics/covid-19-vaccine-data,
2021-06-21,627675,371725,999400,Pfizer/BioNTech,New Zealand,https://www.health.govt.nz/our-work/diseases-and-conditions/covid-19-novel-coronavirus/covid-19-data-and-statistics/covid-19-vaccine-data,
2021-06-22,639132,383004,1022136,Pfizer/BioNTech,New Zealand,https://www.health.govt.nz/our-work/diseases-and-conditions/covid-19-novel-coronavirus/covid-19-data-and-statistics/covid-19-vaccine-data,
2021-06-23,652257,394879,1047136,Pfizer/BioNTech,New Zealand,https://www.health.govt.nz/our-work/diseases-and-conditions/covid-19-novel-coronavirus/covid-19-data-and-statistics/covid-19-vaccine-data,
2021-06-24,663703,407867,1071570,Pfizer/BioNTech,New Zealand,https://www.health.govt.nz/our-work/diseases-and-conditions/covid-19-novel-coronavirus/covid-19-data-and-statistics/covid-19-vaccine-data,
2021-06-25,673733,419570,1093303,Pfizer/BioNTech,New Zealand,https://www.health.govt.nz/our-work/diseases-and-conditions/covid-19-novel-coronavirus/covid-19-data-and-statistics/covid-19-vaccine-data,
2021-06-26,682088,425844,1107932,Pfizer/BioNTech,New Zealand,https://www.health.govt.nz/our-work/diseases-and-conditions/covid-19-novel-coronavirus/covid-19-data-and-statistics/covid-19-vaccine-data,
2021-06-27,685679,429283,1114962,Pfizer/BioNTech,New Zealand,https://www.health.govt.nz/our-work/diseases-and-conditions/covid-19-novel-coronavirus/covid-19-data-and-statistics/covid-19-vaccine-data,
2021-06-28,695607,435737,1131344,Pfizer/BioNTech,New Zealand,https://www.health.govt.nz/our-work/diseases-and-conditions/covid-19-novel-coronavirus/covid-19-data-and-statistics/covid-19-vaccine-data,
2021-06-29,706545,445764,1152309,Pfizer/BioNTech,New Zealand,https://www.health.govt.nz/our-work/diseases-and-conditions/covid-19-novel-coronavirus/covid-19-data-and-statistics/covid-19-vaccine-data,
2021-06-30,719492,455698,1175190,Pfizer/BioNTech,New Zealand,https://www.health.govt.nz/our-work/diseases-and-conditions/covid-19-novel-coronavirus/covid-19-data-and-statistics/covid-19-vaccine-data,
2021-07-01,732600,465531,1198131,Pfizer/BioNTech,New Zealand,https://www.health.govt.nz/our-work/diseases-and-conditions/covid-19-novel-coronavirus/covid-19-data-and-statistics/covid-19-vaccine-data,
2021-07-02,742370,475837,1218207,Pfizer/BioNTech,New Zealand,https://www.health.govt.nz/our-work/diseases-and-conditions/covid-19-novel-coronavirus/covid-19-data-and-statistics/covid-19-vaccine-data,
2021-07-03,749758,481159,1230917,Pfizer/BioNTech,New Zealand,https://www.health.govt.nz/our-work/diseases-and-conditions/covid-19-novel-coronavirus/covid-19-data-and-statistics/covid-19-vaccine-data,
2021-07-04,753250,484077,1237327,Pfizer/BioNTech,New Zealand,https://www.health.govt.nz/our-work/diseases-and-conditions/covid-19-novel-coronavirus/covid-19-data-and-statistics/covid-19-vaccine-data,
2021-07-05,761036,492039,1253075,Pfizer/BioNTech,New Zealand,https://www.health.govt.nz/our-work/diseases-and-conditions/covid-19-novel-coronavirus/covid-19-data-and-statistics/covid-19-vaccine-data,
2021-07-06,770634,503365,1273999,Pfizer/BioNTech,New Zealand,https://www.health.govt.nz/our-work/diseases-and-conditions/covid-19-novel-coronavirus/covid-19-data-and-statistics/covid-19-vaccine-data,
2021-07-07,781920,515226,1297146,Pfizer/BioNTech,New Zealand,https://www.health.govt.nz/our-work/diseases-and-conditions/covid-19-novel-coronavirus/covid-19-data-and-statistics/covid-19-vaccine-data,
2021-07-08,794636,527119,1321755,Pfizer/BioNTech,New Zealand,https://www.health.govt.nz/our-work/diseases-and-conditions/covid-19-novel-coronavirus/covid-19-data-and-statistics/covid-19-vaccine-data,
2021-07-09,805723,537630,1343353,Pfizer/BioNTech,New Zealand,https://www.health.govt.nz/our-work/diseases-and-conditions/covid-19-novel-coronavirus/covid-19-data-and-statistics/covid-19-vaccine-data,
2021-07-10,815052,544105,1359157,Pfizer/BioNTech,New Zealand,https://www.health.govt.nz/our-work/diseases-and-conditions/covid-19-novel-coronavirus/covid-19-data-and-statistics/covid-19-vaccine-data,
2021-07-11,819446,547344,1366790,Pfizer/BioNTech,New Zealand,https://www.health.govt.nz/our-work/diseases-and-conditions/covid-19-novel-coronavirus/covid-19-data-and-statistics/covid-19-vaccine-data,
2021-07-12,829030,555502,1384532,Pfizer/BioNTech,New Zealand,https://www.health.govt.nz/our-work/diseases-and-conditions/covid-19-novel-coronavirus/covid-19-data-and-statistics/covid-19-vaccine-data,
2021-07-13,841100,565979,1407079,Pfizer/BioNTech,New Zealand,https://www.health.govt.nz/our-work/diseases-and-conditions/covid-19-novel-coronavirus/covid-19-data-and-statistics/covid-19-vaccine-data,
2021-07-14,854521,577421,1431942,Pfizer/BioNTech,New Zealand,https://www.health.govt.nz/our-work/diseases-and-conditions/covid-19-novel-coronavirus/covid-19-data-and-statistics/covid-19-vaccine-data,
2021-07-15,867390,588320,1455710,Pfizer/BioNTech,New Zealand,https://www.health.govt.nz/our-work/diseases-and-conditions/covid-19-novel-coronavirus/covid-19-data-and-statistics/covid-19-vaccine-data,
2021-07-16,879331,598230,1477561,Pfizer/BioNTech,New Zealand,https://www.health.govt.nz/our-work/diseases-and-conditions/covid-19-novel-coronavirus/covid-19-data-and-statistics/covid-19-vaccine-data,
2021-07-17,888786,605301,1494087,Pfizer/BioNTech,New Zealand,https://www.health.govt.nz/our-work/diseases-and-conditions/covid-19-novel-coronavirus/covid-19-data-and-statistics/covid-19-vaccine-data,
2021-07-18,894424,608370,1502794,Pfizer/BioNTech,New Zealand,https://www.health.govt.nz/our-work/diseases-and-conditions/covid-19-novel-coronavirus/covid-19-data-and-statistics/covid-19-vaccine-data,
2021-07-19,907581,617551,1525132,Pfizer/BioNTech,New Zealand,https://www.health.govt.nz/our-work/diseases-and-conditions/covid-19-novel-coronavirus/covid-19-data-and-statistics/covid-19-vaccine-data,
2021-07-20,926350,629470,1555820,Pfizer/BioNTech,New Zealand,https://www.health.govt.nz/our-work/diseases-and-conditions/covid-19-novel-coronavirus/covid-19-data-and-statistics/covid-19-vaccine-data,
2021-07-21,947163,642644,1589807,Pfizer/BioNTech,New Zealand,https://www.health.govt.nz/our-work/diseases-and-conditions/covid-19-novel-coronavirus/covid-19-data-and-statistics/covid-19-vaccine-data,
2021-07-22,967004,655150,1622154,Pfizer/BioNTech,New Zealand,https://www.health.govt.nz/our-work/diseases-and-conditions/covid-19-novel-coronavirus/covid-19-data-and-statistics/covid-19-vaccine-data,
2021-07-23,986776,666433,1653209,Pfizer/BioNTech,New Zealand,https://www.health.govt.nz/our-work/diseases-and-conditions/covid-19-novel-coronavirus/covid-19-data-and-statistics/covid-19-vaccine-data,
2021-07-24,1003881,674157,1678038,Pfizer/BioNTech,New Zealand,https://www.health.govt.nz/our-work/diseases-and-conditions/covid-19-novel-coronavirus/covid-19-data-and-statistics/covid-19-vaccine-data,
2021-07-25,1012935,679080,1692015,Pfizer/BioNTech,New Zealand,https://www.health.govt.nz/our-work/diseases-and-conditions/covid-19-novel-coronavirus/covid-19-data-and-statistics/covid-19-vaccine-data,
2021-07-26,1033494,689047,1722541,Pfizer/BioNTech,New Zealand,https://www.health.govt.nz/our-work/diseases-and-conditions/covid-19-novel-coronavirus/covid-19-data-and-statistics/covid-19-vaccine-data,
2021-07-27,1061104,700410,1761514,Pfizer/BioNTech,New Zealand,https://www.health.govt.nz/our-work/diseases-and-conditions/covid-19-novel-coronavirus/covid-19-data-and-statistics/covid-19-vaccine-data,
2021-07-28,1090526,712556,1803082,Pfizer/BioNTech,New Zealand,https://www.health.govt.nz/our-work/diseases-and-conditions/covid-19-novel-coronavirus/covid-19-data-and-statistics/covid-19-vaccine-data,
2021-07-29,1118760,724527,1843287,Pfizer/BioNTech,New Zealand,https://www.health.govt.nz/our-work/diseases-and-conditions/covid-19-novel-coronavirus/covid-19-data-and-statistics/covid-19-vaccine-data,
2021-07-30,1150260,735148,1885408,Pfizer/BioNTech,New Zealand,https://www.health.govt.nz/our-work/diseases-and-conditions/covid-19-novel-coronavirus/covid-19-data-and-statistics/covid-19-vaccine-data,
2021-07-31,1179791,744195,1923986,Pfizer/BioNTech,New Zealand,https://www.health.govt.nz/our-work/diseases-and-conditions/covid-19-novel-coronavirus/covid-19-data-and-statistics/covid-19-vaccine-data,
2021-08-01,1197769,748856,1946625,Pfizer/BioNTech,New Zealand,https://www.health.govt.nz/our-work/diseases-and-conditions/covid-19-novel-coronavirus/covid-19-data-and-statistics/covid-19-vaccine-data,
2021-08-02,1223470,758287,1981757,Pfizer/BioNTech,New Zealand,https://www.health.govt.nz/our-work/diseases-and-conditions/covid-19-novel-coronavirus/covid-19-data-and-statistics/covid-19-vaccine-data,
2021-08-03,1253778,770804,2024582,Pfizer/BioNTech,New Zealand,https://www.health.govt.nz/our-work/diseases-and-conditions/covid-19-novel-coronavirus/covid-19-data-and-statistics/covid-19-vaccine-data,
2021-08-04,1286343,783715,2070058,Pfizer/BioNTech,New Zealand,https://www.health.govt.nz/our-work/diseases-and-conditions/covid-19-novel-coronavirus/covid-19-data-and-statistics/covid-19-vaccine-data,
2021-08-05,1315639,796704,2112343,Pfizer/BioNTech,New Zealand,https://www.health.govt.nz/our-work/diseases-and-conditions/covid-19-novel-coronavirus/covid-19-data-and-statistics/covid-19-vaccine-data,
2021-08-06,1346045,808404,2154449,Pfizer/BioNTech,New Zealand,https://www.health.govt.nz/our-work/diseases-and-conditions/covid-19-novel-coronavirus/covid-19-data-and-statistics/covid-19-vaccine-data,
2021-08-07,1373967,817278,2191245,Pfizer/BioNTech,New Zealand,https://www.health.govt.nz/our-work/diseases-and-conditions/covid-19-novel-coronavirus/covid-19-data-and-statistics/covid-19-vaccine-data,
2021-08-08,1389849,821900,2211749,Pfizer/BioNTech,New Zealand,https://www.health.govt.nz/our-work/diseases-and-conditions/covid-19-novel-coronavirus/covid-19-data-and-statistics/covid-19-vaccine-data,
2021-08-09,1416762,833541,2250303,Pfizer/BioNTech,New Zealand,https://www.health.govt.nz/our-work/diseases-and-conditions/covid-19-novel-coronavirus/covid-19-data-and-statistics/covid-19-vaccine-data,
2021-08-10,1447888,849481,2297369,Pfizer/BioNTech,New Zealand,https://www.health.govt.nz/our-work/diseases-and-conditions/covid-19-novel-coronavirus/covid-19-data-and-statistics/covid-19-vaccine-data,
2021-08-11,1479932,866396,2346328,Pfizer/BioNTech,New Zealand,https://www.health.govt.nz/our-work/diseases-and-conditions/covid-19-novel-coronavirus/covid-19-data-and-statistics/covid-19-vaccine-data,
2021-08-12,1512463,882921,2395384,Pfizer/BioNTech,New Zealand,https://www.health.govt.nz/our-work/diseases-and-conditions/covid-19-novel-coronavirus/covid-19-data-and-statistics/covid-19-vaccine-data,
2021-08-13,1543864,898557,2442421,Pfizer/BioNTech,New Zealand,https://www.health.govt.nz/our-work/diseases-and-conditions/covid-19-novel-coronavirus/covid-19-data-and-statistics/covid-19-vaccine-data,
2021-08-14,1574316,911847,2486163,Pfizer/BioNTech,New Zealand,https://www.health.govt.nz/our-work/diseases-and-conditions/covid-19-novel-coronavirus/covid-19-data-and-statistics/covid-19-vaccine-data,
2021-08-15,1592609,919226,2511835,Pfizer/BioNTech,New Zealand,https://www.health.govt.nz/our-work/diseases-and-conditions/covid-19-novel-coronavirus/covid-19-data-and-statistics/covid-19-vaccine-data,
2021-08-16,1622992,935261,2558253,Pfizer/BioNTech,New Zealand,https://www.health.govt.nz/our-work/diseases-and-conditions/covid-19-novel-coronavirus/covid-19-data-and-statistics/covid-19-vaccine-data,
2021-08-17,1658853,955662,2614515,Pfizer/BioNTech,New Zealand,https://www.health.govt.nz/our-work/diseases-and-conditions/covid-19-novel-coronavirus/covid-19-data-and-statistics/covid-19-vaccine-data,
2021-08-18,1659267,955762,2615029,Pfizer/BioNTech,New Zealand,https://www.health.govt.nz/our-work/diseases-and-conditions/covid-19-novel-coronavirus/covid-19-data-and-statistics/covid-19-vaccine-data,
2021-08-19,1680866,964503,2645369,Pfizer/BioNTech,New Zealand,https://www.health.govt.nz/our-work/diseases-and-conditions/covid-19-novel-coronavirus/covid-19-data-and-statistics/covid-19-vaccine-data,
2021-08-20,1719707,984671,2704378,Pfizer/BioNTech,New Zealand,https://www.health.govt.nz/our-work/diseases-and-conditions/covid-19-novel-coronavirus/covid-19-data-and-statistics/covid-19-vaccine-data,
2021-08-21,1758115,1000528,2758643,Pfizer/BioNTech,New Zealand,https://www.health.govt.nz/our-work/diseases-and-conditions/covid-19-novel-coronavirus/covid-19-data-and-statistics/covid-19-vaccine-data,
2021-08-22,1786653,1009583,2796236,Pfizer/BioNTech,New Zealand,https://www.health.govt.nz/our-work/diseases-and-conditions/covid-19-novel-coronavirus/covid-19-data-and-statistics/covid-19-vaccine-data,
2021-08-23,1833511,1029107,2862618,Pfizer/BioNTech,New Zealand,https://www.health.govt.nz/our-work/diseases-and-conditions/covid-19-novel-coronavirus/covid-19-data-and-statistics/covid-19-vaccine-data,
2021-08-24,1893011,1052724,2945735,Pfizer/BioNTech,New Zealand,https://www.health.govt.nz/our-work/diseases-and-conditions/covid-19-novel-coronavirus/covid-19-data-and-statistics/covid-19-vaccine-data,
2021-08-25,1956512,1079147,3035659,Pfizer/BioNTech,New Zealand,https://www.health.govt.nz/our-work/diseases-and-conditions/covid-19-novel-coronavirus/covid-19-data-and-statistics/covid-19-vaccine-data,
2021-08-26,2024459,1104613,3129072,Pfizer/BioNTech,New Zealand,https://www.health.govt.nz/our-work/diseases-and-conditions/covid-19-novel-coronavirus/covid-19-data-and-statistics/covid-19-vaccine-data,
2021-08-27,2091966,1129296,3221262,Pfizer/BioNTech,New Zealand,https://www.health.govt.nz/our-work/diseases-and-conditions/covid-19-novel-coronavirus/covid-19-data-and-statistics/covid-19-vaccine-data,
2021-08-28,2148865,1151658,3300523,Pfizer/BioNTech,New Zealand,https://www.health.govt.nz/our-work/diseases-and-conditions/covid-19-novel-coronavirus/covid-19-data-and-statistics/covid-19-vaccine-data,
2021-08-29,2185990,1163118,3349108,Pfizer/BioNTech,New Zealand,https://www.health.govt.nz/our-work/diseases-and-conditions/covid-19-novel-coronavirus/covid-19-data-and-statistics/covid-19-vaccine-data,
2021-08-30,2240969,1186856,3427825,Pfizer/BioNTech,New Zealand,https://www.health.govt.nz/our-work/diseases-and-conditions/covid-19-novel-coronavirus/covid-19-data-and-statistics/covid-19-vaccine-data,
2021-08-31,2300386,1214306,3514692,Pfizer/BioNTech,New Zealand,https://www.health.govt.nz/our-work/diseases-and-conditions/covid-19-novel-coronavirus/covid-19-data-and-statistics/covid-19-vaccine-data,
2021-09-01,2364046,1241952,3605998,Pfizer/BioNTech,New Zealand,https://www.health.govt.nz/our-work/diseases-and-conditions/covid-19-novel-coronavirus/covid-19-data-and-statistics/covid-19-vaccine-data,
2021-09-02,2429327,1267228,3696555,Pfizer/BioNTech,New Zealand,https://www.health.govt.nz/our-work/diseases-and-conditions/covid-19-novel-coronavirus/covid-19-data-and-statistics/covid-19-vaccine-data,
2021-09-03,2491285,1293112,3784397,Pfizer/BioNTech,New Zealand,https://www.health.govt.nz/our-work/diseases-and-conditions/covid-19-novel-coronavirus/covid-19-data-and-statistics/covid-19-vaccine-data,
2021-09-04,2547426,1315658,3863084,Pfizer/BioNTech,New Zealand,https://www.health.govt.nz/our-work/diseases-and-conditions/covid-19-novel-coronavirus/covid-19-data-and-statistics/covid-19-vaccine-data,
2021-09-05,2574480,1327656,3902136,Pfizer/BioNTech,New Zealand,https://www.health.govt.nz/our-work/diseases-and-conditions/covid-19-novel-coronavirus/covid-19-data-and-statistics/covid-19-vaccine-data,
2021-09-06,2619838,1349449,3969287,Pfizer/BioNTech,New Zealand,https://www.health.govt.nz/our-work/diseases-and-conditions/covid-19-novel-coronavirus/covid-19-data-and-statistics/covid-19-vaccine-data,
2021-09-07,2669882,1372877,4042759,Pfizer/BioNTech,New Zealand,https://www.health.govt.nz/our-work/diseases-and-conditions/covid-19-novel-coronavirus/covid-19-data-and-statistics/covid-19-vaccine-data,
2021-09-08,2718776,1391417,4110193,Pfizer/BioNTech,New Zealand,https://www.health.govt.nz/our-work/diseases-and-conditions/covid-19-novel-coronavirus/covid-19-data-and-statistics/covid-19-vaccine-data,
2021-09-09,2765338,1407019,4172357,Pfizer/BioNTech,New Zealand,https://www.health.govt.nz/our-work/diseases-and-conditions/covid-19-novel-coronavirus/covid-19-data-and-statistics/covid-19-vaccine-data,
2021-09-10,2809555,1428166,4237721,Pfizer/BioNTech,New Zealand,https://www.health.govt.nz/our-work/diseases-and-conditions/covid-19-novel-coronavirus/covid-19-data-and-statistics/covid-19-vaccine-data,
2021-09-11,2848641,1451451,4300092,Pfizer/BioNTech,New Zealand,https://www.health.govt.nz/our-work/diseases-and-conditions/covid-19-novel-coronavirus/covid-19-data-and-statistics/covid-19-vaccine-data,
2021-09-12,2869336,1464894,4334230,Pfizer/BioNTech,New Zealand,https://www.health.govt.nz/our-work/diseases-and-conditions/covid-19-novel-coronavirus/covid-19-data-and-statistics/covid-19-vaccine-data,
2021-09-13,2903911,1485849,4389760,Pfizer/BioNTech,New Zealand,https://www.health.govt.nz/our-work/diseases-and-conditions/covid-19-novel-coronavirus/covid-19-data-and-statistics/covid-19-vaccine-data,
2021-09-14,2943696,1508709,4452405,Pfizer/BioNTech,New Zealand,https://www.health.govt.nz/our-work/diseases-and-conditions/covid-19-novel-coronavirus/covid-19-data-and-statistics/covid-19-vaccine-data,
2021-09-15,2983778,1531900,4515678,Pfizer/BioNTech,New Zealand,https://www.health.govt.nz/our-work/diseases-and-conditions/covid-19-novel-coronavirus/covid-19-data-and-statistics/covid-19-vaccine-data,
2021-09-16,3021119,1556032,4577151,Pfizer/BioNTech,New Zealand,https://www.health.govt.nz/our-work/diseases-and-conditions/covid-19-novel-coronavirus/covid-19-data-and-statistics/covid-19-vaccine-data,
2021-09-17,3054537,1583688,4638225,Pfizer/BioNTech,New Zealand,https://www.health.govt.nz/our-work/diseases-and-conditions/covid-19-novel-coronavirus/covid-19-data-and-statistics/covid-19-vaccine-data,
2021-09-18,3083898,1608279,4692177,Pfizer/BioNTech,New Zealand,https://www.health.govt.nz/our-work/diseases-and-conditions/covid-19-novel-coronavirus/covid-19-data-and-statistics/covid-19-vaccine-data,
2021-09-19,3098225,1620850,4719075,Pfizer/BioNTech,New Zealand,https://www.health.govt.nz/our-work/diseases-and-conditions/covid-19-novel-coronavirus/covid-19-data-and-statistics/covid-19-vaccine-data,
2021-09-20,3123084,1646756,4769840,Pfizer/BioNTech,New Zealand,https://www.health.govt.nz/our-work/diseases-and-conditions/covid-19-novel-coronavirus/covid-19-data-and-statistics/covid-19-vaccine-data,
2021-09-21,3150942,1673296,4824238,Pfizer/BioNTech,New Zealand,https://www.health.govt.nz/our-work/diseases-and-conditions/covid-19-novel-coronavirus/covid-19-data-and-statistics/covid-19-vaccine-data,
2021-09-22,3175540,1698822,4874362,Pfizer/BioNTech,New Zealand,https://www.health.govt.nz/our-work/diseases-and-conditions/covid-19-novel-coronavirus/covid-19-data-and-statistics/covid-19-vaccine-data,
2021-09-23,3196832,1727344,4924176,Pfizer/BioNTech,New Zealand,https://www.health.govt.nz/our-work/diseases-and-conditions/covid-19-novel-coronavirus/covid-19-data-and-statistics/covid-19-vaccine-data,
2021-09-24,3216028,1759123,4975151,Pfizer/BioNTech,New Zealand,https://www.health.govt.nz/our-work/diseases-and-conditions/covid-19-novel-coronavirus/covid-19-data-and-statistics/covid-19-vaccine-data,
2021-09-25,3235626,1791396,5027022,Pfizer/BioNTech,New Zealand,https://www.health.govt.nz/our-work/diseases-and-conditions/covid-19-novel-coronavirus/covid-19-data-and-statistics/covid-19-vaccine-data,
2021-09-26,3243933,1807987,5051920,Pfizer/BioNTech,New Zealand,https://www.health.govt.nz/our-work/diseases-and-conditions/covid-19-novel-coronavirus/covid-19-data-and-statistics/covid-19-vaccine-data,
2021-09-27,3256722,1836244,5092966,Pfizer/BioNTech,New Zealand,https://www.health.govt.nz/our-work/diseases-and-conditions/covid-19-novel-coronavirus/covid-19-data-and-statistics/covid-19-vaccine-data,
2021-09-28,3270396,1867466,5137862,Pfizer/BioNTech,New Zealand,https://www.health.govt.nz/our-work/diseases-and-conditions/covid-19-novel-coronavirus/covid-19-data-and-statistics/covid-19-vaccine-data,
2021-09-29,3284494,1894564,5179058,Pfizer/BioNTech,New Zealand,https://www.health.govt.nz/our-work/diseases-and-conditions/covid-19-novel-coronavirus/covid-19-data-and-statistics/covid-19-vaccine-data,
2021-09-30,3298728,1926935,5225663,Pfizer/BioNTech,New Zealand,https://www.health.govt.nz/our-work/diseases-and-conditions/covid-19-novel-coronavirus/covid-19-data-and-statistics/covid-19-vaccine-data,
2021-10-01,3311162,1962414,5273576,Pfizer/BioNTech,New Zealand,https://www.health.govt.nz/our-work/diseases-and-conditions/covid-19-novel-coronavirus/covid-19-data-and-statistics/covid-19-vaccine-data,
2021-10-02,3324122,1999836,5323958,Pfizer/BioNTech,New Zealand,https://www.health.govt.nz/our-work/diseases-and-conditions/covid-19-novel-coronavirus/covid-19-data-and-statistics/covid-19-vaccine-data,
2021-10-03,3331264,2019870,5351134,Pfizer/BioNTech,New Zealand,https://www.health.govt.nz/our-work/diseases-and-conditions/covid-19-novel-coronavirus/covid-19-data-and-statistics/covid-19-vaccine-data,
2021-10-04,3346294,2061034,5407328,Pfizer/BioNTech,New Zealand,https://www.health.govt.nz/our-work/diseases-and-conditions/covid-19-novel-coronavirus/covid-19-data-and-statistics/covid-19-vaccine-data,
2021-10-05,3364091,2107384,5471475,Pfizer/BioNTech,New Zealand,https://www.health.govt.nz/our-work/diseases-and-conditions/covid-19-novel-coronavirus/covid-19-data-and-statistics/covid-19-vaccine-data,
2021-10-06,3383204,2159032,5542236,Pfizer/BioNTech,New Zealand,https://www.health.govt.nz/our-work/diseases-and-conditions/covid-19-novel-coronavirus/covid-19-data-and-statistics/covid-19-vaccine-data,
2021-10-07,3403191,2221946,5625137,Pfizer/BioNTech,New Zealand,https://www.health.govt.nz/our-work/diseases-and-conditions/covid-19-novel-coronavirus/covid-19-data-and-statistics/covid-19-vaccine-data,
2021-10-08,3422009,2289391,5711400,Pfizer/BioNTech,New Zealand,https://www.health.govt.nz/our-work/diseases-and-conditions/covid-19-novel-coronavirus/covid-19-data-and-statistics/covid-19-vaccine-data,
2021-10-09,3440480,2353109,5793589,Pfizer/BioNTech,New Zealand,https://www.health.govt.nz/our-work/diseases-and-conditions/covid-19-novel-coronavirus/covid-19-data-and-statistics/covid-19-vaccine-data,
2021-10-10,3449597,2386332,5835929,Pfizer/BioNTech,New Zealand,https://www.health.govt.nz/our-work/diseases-and-conditions/covid-19-novel-coronavirus/covid-19-data-and-statistics/covid-19-vaccine-data,
2021-10-11,3464950,2440629,5905579,Pfizer/BioNTech,New Zealand,https://www.health.govt.nz/our-work/diseases-and-conditions/covid-19-novel-coronavirus/covid-19-data-and-statistics/covid-19-vaccine-data,
2021-10-12,3482648,2496343,5978991,Pfizer/BioNTech,New Zealand,https://www.health.govt.nz/our-work/diseases-and-conditions/covid-19-novel-coronavirus/covid-19-data-and-statistics/covid-19-vaccine-data,
2021-10-13,3498572,2549760,6048332,Pfizer/BioNTech,New Zealand,https://www.health.govt.nz/our-work/diseases-and-conditions/covid-19-novel-coronavirus/covid-19-data-and-statistics/covid-19-vaccine-data,
2021-10-14,3513828,2602794,6116622,Pfizer/BioNTech,New Zealand,https://www.health.govt.nz/our-work/diseases-and-conditions/covid-19-novel-coronavirus/covid-19-data-and-statistics/covid-19-vaccine-data,
2021-10-15,3527946,2658537,6186483,Pfizer/BioNTech,New Zealand,https://www.health.govt.nz/our-work/diseases-and-conditions/covid-19-novel-coronavirus/covid-19-data-and-statistics/covid-19-vaccine-data,
2021-10-16,3567638,2749997,6317635,Pfizer/BioNTech,New Zealand,https://www.health.govt.nz/our-work/diseases-and-conditions/covid-19-novel-coronavirus/covid-19-data-and-statistics/covid-19-vaccine-data,
2021-10-17,3573936,2773459,6347395,Pfizer/BioNTech,New Zealand,https://www.health.govt.nz/our-work/diseases-and-conditions/covid-19-novel-coronavirus/covid-19-data-and-statistics/covid-19-vaccine-data,
2021-10-18,3584013,2806301,6390314,Pfizer/BioNTech,New Zealand,https://www.health.govt.nz/our-work/diseases-and-conditions/covid-19-novel-coronavirus/covid-19-data-and-statistics/covid-19-vaccine-data,
2021-10-19,3594516,2838774,6433290,Pfizer/BioNTech,New Zealand,https://www.health.govt.nz/our-work/diseases-and-conditions/covid-19-novel-coronavirus/covid-19-data-and-statistics/covid-19-vaccine-data,
2021-10-20,3605041,2871587,6476628,Pfizer/BioNTech,New Zealand,https://www.health.govt.nz/our-work/diseases-and-conditions/covid-19-novel-coronavirus/covid-19-data-and-statistics/covid-19-vaccine-data,
2021-10-21,3615233,2903004,6518237,Pfizer/BioNTech,New Zealand,https://www.health.govt.nz/our-work/diseases-and-conditions/covid-19-novel-coronavirus/covid-19-data-and-statistics/covid-19-vaccine-data,
2021-10-22,3626783,2936492,6563275,Pfizer/BioNTech,New Zealand,https://www.health.govt.nz/our-work/diseases-and-conditions/covid-19-novel-coronavirus/covid-19-data-and-statistics/covid-19-vaccine-data,
2021-10-23,3638692,2967278,6605970,Pfizer/BioNTech,New Zealand,https://www.health.govt.nz/our-work/diseases-and-conditions/covid-19-novel-coronavirus/covid-19-data-and-statistics/covid-19-vaccine-data,
2021-10-24,3644072,2980982,6625054,Pfizer/BioNTech,New Zealand,https://www.health.govt.nz/our-work/diseases-and-conditions/covid-19-novel-coronavirus/covid-19-data-and-statistics/covid-19-vaccine-data,
2021-10-25,3647607,2988172,6635779,Pfizer/BioNTech,New Zealand,https://www.health.govt.nz/our-work/diseases-and-conditions/covid-19-novel-coronavirus/covid-19-data-and-statistics/covid-19-vaccine-data,
2021-10-26,3658611,3019525,6678136,Pfizer/BioNTech,New Zealand,https://www.health.govt.nz/our-work/diseases-and-conditions/covid-19-novel-coronavirus/covid-19-data-and-statistics/covid-19-vaccine-data,
2021-10-27,3669642,3047933,6717575,Pfizer/BioNTech,New Zealand,https://www.health.govt.nz/our-work/diseases-and-conditions/covid-19-novel-coronavirus/covid-19-data-and-statistics/covid-19-vaccine-data,
2021-10-28,3682643,3080274,6762917,Pfizer/BioNTech,New Zealand,https://www.health.govt.nz/our-work/diseases-and-conditions/covid-19-novel-coronavirus/covid-19-data-and-statistics/covid-19-vaccine-data,
2021-10-29,3693849,3112253,6806102,Pfizer/BioNTech,New Zealand,https://www.health.govt.nz/our-work/diseases-and-conditions/covid-19-novel-coronavirus/covid-19-data-and-statistics/covid-19-vaccine-data,
2021-10-30,3704638,3144241,6848879,Pfizer/BioNTech,New Zealand,https://www.health.govt.nz/our-work/diseases-and-conditions/covid-19-novel-coronavirus/covid-19-data-and-statistics/covid-19-vaccine-data,
2021-10-31,3709525,3159552,6869077,Pfizer/BioNTech,New Zealand,https://www.health.govt.nz/our-work/diseases-and-conditions/covid-19-novel-coronavirus/covid-19-data-and-statistics/covid-19-vaccine-data,
2021-11-01,3716785,3179879,6896664,Pfizer/BioNTech,New Zealand,https://www.health.govt.nz/our-work/diseases-and-conditions/covid-19-novel-coronavirus/covid-19-data-and-statistics/covid-19-vaccine-data,
2021-11-02,3724359,3201226,6925585,Pfizer/BioNTech,New Zealand,https://www.health.govt.nz/our-work/diseases-and-conditions/covid-19-novel-coronavirus/covid-19-data-and-statistics/covid-19-vaccine-data,
2021-11-05,3744702,3263260,7007962,Pfizer/BioNTech,New Zealand,https://www.health.govt.nz/our-work/diseases-and-conditions/covid-19-novel-coronavirus/covid-19-data-and-statistics/covid-19-vaccine-data,
