date,people_vaccinated,people_fully_vaccinated,vaccine,total_vaccinations,source_url,location,total_boosters
2020-12-02,0,0,Pfizer/BioNTech,0,https://www.fhi.no/sv/vaksine/koronavaksinasjonsprogrammet/koronavaksinasjonsstatistikk/,Norway,
2020-12-03,0,0,Pfizer/BioNTech,0,https://www.fhi.no/sv/vaksine/koronavaksinasjonsprogrammet/koronavaksinasjonsstatistikk/,Norway,
2020-12-04,0,0,Pfizer/BioNTech,0,https://www.fhi.no/sv/vaksine/koronavaksinasjonsprogrammet/koronavaksinasjonsstatistikk/,Norway,
2020-12-05,0,0,Pfizer/BioNTech,0,https://www.fhi.no/sv/vaksine/koronavaksinasjonsprogrammet/koronavaksinasjonsstatistikk/,Norway,
2020-12-06,0,0,Pfizer/BioNTech,0,https://www.fhi.no/sv/vaksine/koronavaksinasjonsprogrammet/koronavaksinasjonsstatistikk/,Norway,
2020-12-07,0,0,Pfizer/BioNTech,0,https://www.fhi.no/sv/vaksine/koronavaksinasjonsprogrammet/koronavaksinasjonsstatistikk/,Norway,
2020-12-08,0,0,Pfizer/BioNTech,0,https://www.fhi.no/sv/vaksine/koronavaksinasjonsprogrammet/koronavaksinasjonsstatistikk/,Norway,
2020-12-09,0,0,Pfizer/BioNTech,0,https://www.fhi.no/sv/vaksine/koronavaksinasjonsprogrammet/koronavaksinasjonsstatistikk/,Norway,
2020-12-10,0,0,Pfizer/BioNTech,0,https://www.fhi.no/sv/vaksine/koronavaksinasjonsprogrammet/koronavaksinasjonsstatistikk/,Norway,
2020-12-11,0,0,Pfizer/BioNTech,0,https://www.fhi.no/sv/vaksine/koronavaksinasjonsprogrammet/koronavaksinasjonsstatistikk/,Norway,
2020-12-12,0,0,Pfizer/BioNTech,0,https://www.fhi.no/sv/vaksine/koronavaksinasjonsprogrammet/koronavaksinasjonsstatistikk/,Norway,
2020-12-13,0,0,Pfizer/BioNTech,0,https://www.fhi.no/sv/vaksine/koronavaksinasjonsprogrammet/koronavaksinasjonsstatistikk/,Norway,
2020-12-14,0,0,Pfizer/BioNTech,0,https://www.fhi.no/sv/vaksine/koronavaksinasjonsprogrammet/koronavaksinasjonsstatistikk/,Norway,
2020-12-15,0,0,Pfizer/BioNTech,0,https://www.fhi.no/sv/vaksine/koronavaksinasjonsprogrammet/koronavaksinasjonsstatistikk/,Norway,
2020-12-16,0,0,Pfizer/BioNTech,0,https://www.fhi.no/sv/vaksine/koronavaksinasjonsprogrammet/koronavaksinasjonsstatistikk/,Norway,
2020-12-17,6,0,Pfizer/BioNTech,6,https://www.fhi.no/sv/vaksine/koronavaksinasjonsprogrammet/koronavaksinasjonsstatistikk/,Norway,
2020-12-18,20,0,Pfizer/BioNTech,20,https://www.fhi.no/sv/vaksine/koronavaksinasjonsprogrammet/koronavaksinasjonsstatistikk/,Norway,
2020-12-19,25,0,Pfizer/BioNTech,25,https://www.fhi.no/sv/vaksine/koronavaksinasjonsprogrammet/koronavaksinasjonsstatistikk/,Norway,
2020-12-20,31,0,Pfizer/BioNTech,31,https://www.fhi.no/sv/vaksine/koronavaksinasjonsprogrammet/koronavaksinasjonsstatistikk/,Norway,
2020-12-21,42,0,Pfizer/BioNTech,42,https://www.fhi.no/sv/vaksine/koronavaksinasjonsprogrammet/koronavaksinasjonsstatistikk/,Norway,
2020-12-22,55,0,Pfizer/BioNTech,55,https://www.fhi.no/sv/vaksine/koronavaksinasjonsprogrammet/koronavaksinasjonsstatistikk/,Norway,
2020-12-23,69,0,Pfizer/BioNTech,69,https://www.fhi.no/sv/vaksine/koronavaksinasjonsprogrammet/koronavaksinasjonsstatistikk/,Norway,
2020-12-24,80,0,Pfizer/BioNTech,80,https://www.fhi.no/sv/vaksine/koronavaksinasjonsprogrammet/koronavaksinasjonsstatistikk/,Norway,
2020-12-25,80,0,Pfizer/BioNTech,80,https://www.fhi.no/sv/vaksine/koronavaksinasjonsprogrammet/koronavaksinasjonsstatistikk/,Norway,
2020-12-26,88,0,Pfizer/BioNTech,88,https://www.fhi.no/sv/vaksine/koronavaksinasjonsprogrammet/koronavaksinasjonsstatistikk/,Norway,
2020-12-27,104,0,Pfizer/BioNTech,104,https://www.fhi.no/sv/vaksine/koronavaksinasjonsprogrammet/koronavaksinasjonsstatistikk/,Norway,
2020-12-28,720,0,Pfizer/BioNTech,720,https://www.fhi.no/sv/vaksine/koronavaksinasjonsprogrammet/koronavaksinasjonsstatistikk/,Norway,
2020-12-29,1796,0,Pfizer/BioNTech,1796,https://www.fhi.no/sv/vaksine/koronavaksinasjonsprogrammet/koronavaksinasjonsstatistikk/,Norway,
2020-12-30,2256,0,Pfizer/BioNTech,2256,https://www.fhi.no/sv/vaksine/koronavaksinasjonsprogrammet/koronavaksinasjonsstatistikk/,Norway,
2020-12-31,2342,0,Pfizer/BioNTech,2342,https://www.fhi.no/sv/vaksine/koronavaksinasjonsprogrammet/koronavaksinasjonsstatistikk/,Norway,
2021-01-01,2365,0,Pfizer/BioNTech,2365,https://www.fhi.no/sv/vaksine/koronavaksinasjonsprogrammet/koronavaksinasjonsstatistikk/,Norway,
2021-01-02,2381,0,Pfizer/BioNTech,2381,https://www.fhi.no/sv/vaksine/koronavaksinasjonsprogrammet/koronavaksinasjonsstatistikk/,Norway,
2021-01-03,2417,0,Pfizer/BioNTech,2417,https://www.fhi.no/sv/vaksine/koronavaksinasjonsprogrammet/koronavaksinasjonsstatistikk/,Norway,
2021-01-04,2446,0,Pfizer/BioNTech,2446,https://www.fhi.no/sv/vaksine/koronavaksinasjonsprogrammet/koronavaksinasjonsstatistikk/,Norway,
2021-01-05,5857,0,Pfizer/BioNTech,5857,https://www.fhi.no/sv/vaksine/koronavaksinasjonsprogrammet/koronavaksinasjonsstatistikk/,Norway,
2021-01-06,14943,7,Pfizer/BioNTech,14950,https://www.fhi.no/sv/vaksine/koronavaksinasjonsprogrammet/koronavaksinasjonsstatistikk/,Norway,
2021-01-07,21501,7,Pfizer/BioNTech,21508,https://www.fhi.no/sv/vaksine/koronavaksinasjonsprogrammet/koronavaksinasjonsstatistikk/,Norway,
2021-01-08,23142,16,Pfizer/BioNTech,23158,https://www.fhi.no/sv/vaksine/koronavaksinasjonsprogrammet/koronavaksinasjonsstatistikk/,Norway,
2021-01-09,23311,16,Pfizer/BioNTech,23327,https://www.fhi.no/sv/vaksine/koronavaksinasjonsprogrammet/koronavaksinasjonsstatistikk/,Norway,
2021-01-10,23443,21,Pfizer/BioNTech,23464,https://www.fhi.no/sv/vaksine/koronavaksinasjonsprogrammet/koronavaksinasjonsstatistikk/,Norway,
2021-01-11,23855,29,Pfizer/BioNTech,23884,https://www.fhi.no/sv/vaksine/koronavaksinasjonsprogrammet/koronavaksinasjonsstatistikk/,Norway,
2021-01-12,28190,38,Pfizer/BioNTech,28228,https://www.fhi.no/sv/vaksine/koronavaksinasjonsprogrammet/koronavaksinasjonsstatistikk/,Norway,
2021-01-13,38066,47,Pfizer/BioNTech,38113,https://www.fhi.no/sv/vaksine/koronavaksinasjonsprogrammet/koronavaksinasjonsstatistikk/,Norway,
2021-01-14,46600,57,Pfizer/BioNTech,46657,https://www.fhi.no/sv/vaksine/koronavaksinasjonsprogrammet/koronavaksinasjonsstatistikk/,Norway,
2021-01-15,51185,57,"Moderna, Pfizer/BioNTech",51242,https://www.fhi.no/sv/vaksine/koronavaksinasjonsprogrammet/koronavaksinasjonsstatistikk/,Norway,
2021-01-16,52021,57,"Moderna, Pfizer/BioNTech",52078,https://www.fhi.no/sv/vaksine/koronavaksinasjonsprogrammet/koronavaksinasjonsstatistikk/,Norway,
2021-01-17,52401,65,"Moderna, Pfizer/BioNTech",52466,https://www.fhi.no/sv/vaksine/koronavaksinasjonsprogrammet/koronavaksinasjonsstatistikk/,Norway,
2021-01-18,53717,368,"Moderna, Pfizer/BioNTech",54085,https://www.fhi.no/sv/vaksine/koronavaksinasjonsprogrammet/koronavaksinasjonsstatistikk/,Norway,
2021-01-19,58346,1198,"Moderna, Pfizer/BioNTech",59544,https://www.fhi.no/sv/vaksine/koronavaksinasjonsprogrammet/koronavaksinasjonsstatistikk/,Norway,
2021-01-20,68455,1899,"Moderna, Pfizer/BioNTech",70354,https://www.fhi.no/sv/vaksine/koronavaksinasjonsprogrammet/koronavaksinasjonsstatistikk/,Norway,
2021-01-21,77011,2075,"Moderna, Pfizer/BioNTech",79086,https://www.fhi.no/sv/vaksine/koronavaksinasjonsprogrammet/koronavaksinasjonsstatistikk/,Norway,
2021-01-22,80427,2094,"Moderna, Pfizer/BioNTech",82521,https://www.fhi.no/sv/vaksine/koronavaksinasjonsprogrammet/koronavaksinasjonsstatistikk/,Norway,
2021-01-23,80837,2103,"Moderna, Pfizer/BioNTech",82940,https://www.fhi.no/sv/vaksine/koronavaksinasjonsprogrammet/koronavaksinasjonsstatistikk/,Norway,
2021-01-24,80925,2112,"Moderna, Pfizer/BioNTech",83037,https://www.fhi.no/sv/vaksine/koronavaksinasjonsprogrammet/koronavaksinasjonsstatistikk/,Norway,
2021-01-25,81522,2130,"Moderna, Pfizer/BioNTech",83652,https://www.fhi.no/sv/vaksine/koronavaksinasjonsprogrammet/koronavaksinasjonsstatistikk/,Norway,
2021-01-26,83868,4522,"Moderna, Pfizer/BioNTech",88390,https://www.fhi.no/sv/vaksine/koronavaksinasjonsprogrammet/koronavaksinasjonsstatistikk/,Norway,
2021-01-27,95469,12319,"Moderna, Pfizer/BioNTech",107788,https://www.fhi.no/sv/vaksine/koronavaksinasjonsprogrammet/koronavaksinasjonsstatistikk/,Norway,
2021-01-28,106445,18968,"Moderna, Pfizer/BioNTech",125413,https://www.fhi.no/sv/vaksine/koronavaksinasjonsprogrammet/koronavaksinasjonsstatistikk/,Norway,
2021-01-29,110348,21090,"Moderna, Pfizer/BioNTech",131438,https://www.fhi.no/sv/vaksine/koronavaksinasjonsprogrammet/koronavaksinasjonsstatistikk/,Norway,
2021-01-30,110550,21313,"Moderna, Pfizer/BioNTech",131863,https://www.fhi.no/sv/vaksine/koronavaksinasjonsprogrammet/koronavaksinasjonsstatistikk/,Norway,
2021-01-31,110726,21380,"Moderna, Pfizer/BioNTech",132106,https://www.fhi.no/sv/vaksine/koronavaksinasjonsprogrammet/koronavaksinasjonsstatistikk/,Norway,
2021-02-01,110972,21737,"Moderna, Pfizer/BioNTech",132709,https://www.fhi.no/sv/vaksine/koronavaksinasjonsprogrammet/koronavaksinasjonsstatistikk/,Norway,
2021-02-02,117370,25072,"Moderna, Pfizer/BioNTech",142442,https://www.fhi.no/sv/vaksine/koronavaksinasjonsprogrammet/koronavaksinasjonsstatistikk/,Norway,
2021-02-03,142639,33852,"Moderna, Pfizer/BioNTech",176491,https://www.fhi.no/sv/vaksine/koronavaksinasjonsprogrammet/koronavaksinasjonsstatistikk/,Norway,
2021-02-04,168792,42732,"Moderna, Pfizer/BioNTech",211524,https://www.fhi.no/sv/vaksine/koronavaksinasjonsprogrammet/koronavaksinasjonsstatistikk/,Norway,
2021-02-05,179584,47765,"Moderna, Pfizer/BioNTech",227349,https://www.fhi.no/sv/vaksine/koronavaksinasjonsprogrammet/koronavaksinasjonsstatistikk/,Norway,
2021-02-06,180443,48547,"Moderna, Pfizer/BioNTech",228990,https://www.fhi.no/sv/vaksine/koronavaksinasjonsprogrammet/koronavaksinasjonsstatistikk/,Norway,
2021-02-07,180788,48890,"Moderna, Pfizer/BioNTech",229678,https://www.fhi.no/sv/vaksine/koronavaksinasjonsprogrammet/koronavaksinasjonsstatistikk/,Norway,
2021-02-08,180918,49854,"Moderna, Pfizer/BioNTech",230772,https://www.fhi.no/sv/vaksine/koronavaksinasjonsprogrammet/koronavaksinasjonsstatistikk/,Norway,
2021-02-09,186577,53281,"Moderna, Pfizer/BioNTech",239858,https://www.fhi.no/sv/vaksine/koronavaksinasjonsprogrammet/koronavaksinasjonsstatistikk/,Norway,
2021-02-10,209754,62350,"Moderna, Oxford/AstraZeneca, Pfizer/BioNTech",272104,https://www.fhi.no/sv/vaksine/koronavaksinasjonsprogrammet/koronavaksinasjonsstatistikk/,Norway,
2021-02-11,230888,71233,"Moderna, Oxford/AstraZeneca, Pfizer/BioNTech",302121,https://www.fhi.no/sv/vaksine/koronavaksinasjonsprogrammet/koronavaksinasjonsstatistikk/,Norway,
2021-02-12,239090,74977,"Moderna, Oxford/AstraZeneca, Pfizer/BioNTech",314067,https://www.fhi.no/sv/vaksine/koronavaksinasjonsprogrammet/koronavaksinasjonsstatistikk/,Norway,
2021-02-13,240042,75322,"Moderna, Oxford/AstraZeneca, Pfizer/BioNTech",315364,https://www.fhi.no/sv/vaksine/koronavaksinasjonsprogrammet/koronavaksinasjonsstatistikk/,Norway,
2021-02-14,240182,75338,"Moderna, Oxford/AstraZeneca, Pfizer/BioNTech",315520,https://www.fhi.no/sv/vaksine/koronavaksinasjonsprogrammet/koronavaksinasjonsstatistikk/,Norway,
2021-02-15,241050,76123,"Moderna, Oxford/AstraZeneca, Pfizer/BioNTech",317173,https://www.fhi.no/sv/vaksine/koronavaksinasjonsprogrammet/koronavaksinasjonsstatistikk/,Norway,
2021-02-16,247252,78428,"Moderna, Oxford/AstraZeneca, Pfizer/BioNTech",325680,https://www.fhi.no/sv/vaksine/koronavaksinasjonsprogrammet/koronavaksinasjonsstatistikk/,Norway,
2021-02-17,269163,89133,"Moderna, Oxford/AstraZeneca, Pfizer/BioNTech",358296,https://www.fhi.no/sv/vaksine/koronavaksinasjonsprogrammet/koronavaksinasjonsstatistikk/,Norway,
2021-02-18,288255,100264,"Moderna, Oxford/AstraZeneca, Pfizer/BioNTech",388519,https://www.fhi.no/sv/vaksine/koronavaksinasjonsprogrammet/koronavaksinasjonsstatistikk/,Norway,
2021-02-19,299099,105195,"Moderna, Oxford/AstraZeneca, Pfizer/BioNTech",404294,https://www.fhi.no/sv/vaksine/koronavaksinasjonsprogrammet/koronavaksinasjonsstatistikk/,Norway,
2021-02-20,299662,105417,"Moderna, Oxford/AstraZeneca, Pfizer/BioNTech",405079,https://www.fhi.no/sv/vaksine/koronavaksinasjonsprogrammet/koronavaksinasjonsstatistikk/,Norway,
2021-02-21,299751,105587,"Moderna, Oxford/AstraZeneca, Pfizer/BioNTech",405338,https://www.fhi.no/sv/vaksine/koronavaksinasjonsprogrammet/koronavaksinasjonsstatistikk/,Norway,
2021-02-22,302376,105775,"Moderna, Oxford/AstraZeneca, Pfizer/BioNTech",408151,https://www.fhi.no/sv/vaksine/koronavaksinasjonsprogrammet/koronavaksinasjonsstatistikk/,Norway,
2021-02-23,308451,111194,"Moderna, Oxford/AstraZeneca, Pfizer/BioNTech",419645,https://www.fhi.no/sv/vaksine/koronavaksinasjonsprogrammet/koronavaksinasjonsstatistikk/,Norway,
2021-02-24,319695,134344,"Moderna, Oxford/AstraZeneca, Pfizer/BioNTech",454039,https://www.fhi.no/sv/vaksine/koronavaksinasjonsprogrammet/koronavaksinasjonsstatistikk/,Norway,
2021-02-25,330939,161050,"Moderna, Oxford/AstraZeneca, Pfizer/BioNTech",491989,https://www.fhi.no/sv/vaksine/koronavaksinasjonsprogrammet/koronavaksinasjonsstatistikk/,Norway,
2021-02-26,339392,171297,"Moderna, Oxford/AstraZeneca, Pfizer/BioNTech",510689,https://www.fhi.no/sv/vaksine/koronavaksinasjonsprogrammet/koronavaksinasjonsstatistikk/,Norway,
2021-02-27,339892,171589,"Moderna, Oxford/AstraZeneca, Pfizer/BioNTech",511481,https://www.fhi.no/sv/vaksine/koronavaksinasjonsprogrammet/koronavaksinasjonsstatistikk/,Norway,
2021-02-28,340448,171770,"Moderna, Oxford/AstraZeneca, Pfizer/BioNTech",512218,https://www.fhi.no/sv/vaksine/koronavaksinasjonsprogrammet/koronavaksinasjonsstatistikk/,Norway,
2021-03-01,346549,171873,"Moderna, Oxford/AstraZeneca, Pfizer/BioNTech",518422,https://www.fhi.no/sv/vaksine/koronavaksinasjonsprogrammet/koronavaksinasjonsstatistikk/,Norway,
2021-03-02,357326,175869,"Moderna, Oxford/AstraZeneca, Pfizer/BioNTech",533195,https://www.fhi.no/sv/vaksine/koronavaksinasjonsprogrammet/koronavaksinasjonsstatistikk/,Norway,
2021-03-03,375389,194650,"Moderna, Oxford/AstraZeneca, Pfizer/BioNTech",570039,https://www.fhi.no/sv/vaksine/koronavaksinasjonsprogrammet/koronavaksinasjonsstatistikk/,Norway,
2021-03-04,391818,213651,"Moderna, Oxford/AstraZeneca, Pfizer/BioNTech",605469,https://www.fhi.no/sv/vaksine/koronavaksinasjonsprogrammet/koronavaksinasjonsstatistikk/,Norway,
2021-03-05,403917,220473,"Moderna, Oxford/AstraZeneca, Pfizer/BioNTech",624390,https://www.fhi.no/sv/vaksine/koronavaksinasjonsprogrammet/koronavaksinasjonsstatistikk/,Norway,
2021-03-06,404411,221001,"Moderna, Oxford/AstraZeneca, Pfizer/BioNTech",625412,https://www.fhi.no/sv/vaksine/koronavaksinasjonsprogrammet/koronavaksinasjonsstatistikk/,Norway,
2021-03-07,404598,221020,"Moderna, Oxford/AstraZeneca, Pfizer/BioNTech",625618,https://www.fhi.no/sv/vaksine/koronavaksinasjonsprogrammet/koronavaksinasjonsstatistikk/,Norway,
2021-03-08,409764,221094,"Moderna, Oxford/AstraZeneca, Pfizer/BioNTech",630858,https://www.fhi.no/sv/vaksine/koronavaksinasjonsprogrammet/koronavaksinasjonsstatistikk/,Norway,
2021-03-09,422627,225498,"Moderna, Oxford/AstraZeneca, Pfizer/BioNTech",648125,https://www.fhi.no/sv/vaksine/koronavaksinasjonsprogrammet/koronavaksinasjonsstatistikk/,Norway,
2021-03-10,444088,243389,"Moderna, Oxford/AstraZeneca, Pfizer/BioNTech",687477,https://www.fhi.no/sv/vaksine/koronavaksinasjonsprogrammet/koronavaksinasjonsstatistikk/,Norway,
2021-03-11,456184,260749,"Moderna, Pfizer/BioNTech",716933,https://www.fhi.no/sv/vaksine/koronavaksinasjonsprogrammet/koronavaksinasjonsstatistikk/,Norway,
2021-03-12,458634,269369,"Moderna, Pfizer/BioNTech",728003,https://www.fhi.no/sv/vaksine/koronavaksinasjonsprogrammet/koronavaksinasjonsstatistikk/,Norway,
2021-03-13,458781,269715,"Moderna, Pfizer/BioNTech",728496,https://www.fhi.no/sv/vaksine/koronavaksinasjonsprogrammet/koronavaksinasjonsstatistikk/,Norway,
2021-03-14,458843,269856,"Moderna, Pfizer/BioNTech",728699,https://www.fhi.no/sv/vaksine/koronavaksinasjonsprogrammet/koronavaksinasjonsstatistikk/,Norway,
2021-03-15,459031,270332,"Moderna, Pfizer/BioNTech",729363,https://www.fhi.no/sv/vaksine/koronavaksinasjonsprogrammet/koronavaksinasjonsstatistikk/,Norway,
2021-03-16,464988,271115,"Moderna, Pfizer/BioNTech",736103,https://www.fhi.no/sv/vaksine/koronavaksinasjonsprogrammet/koronavaksinasjonsstatistikk/,Norway,
2021-03-17,488551,273074,"Moderna, Pfizer/BioNTech",761625,https://www.fhi.no/sv/vaksine/koronavaksinasjonsprogrammet/koronavaksinasjonsstatistikk/,Norway,
2021-03-18,509962,274702,"Moderna, Pfizer/BioNTech",784664,https://www.fhi.no/sv/vaksine/koronavaksinasjonsprogrammet/koronavaksinasjonsstatistikk/,Norway,
2021-03-19,517007,275776,"Moderna, Pfizer/BioNTech",792783,https://www.fhi.no/sv/vaksine/koronavaksinasjonsprogrammet/koronavaksinasjonsstatistikk/,Norway,
2021-03-20,517633,275826,"Moderna, Pfizer/BioNTech",793459,https://www.fhi.no/sv/vaksine/koronavaksinasjonsprogrammet/koronavaksinasjonsstatistikk/,Norway,
2021-03-21,517909,275907,"Moderna, Pfizer/BioNTech",793816,https://www.fhi.no/sv/vaksine/koronavaksinasjonsprogrammet/koronavaksinasjonsstatistikk/,Norway,
2021-03-22,519588,276030,"Moderna, Pfizer/BioNTech",795618,https://www.fhi.no/sv/vaksine/koronavaksinasjonsprogrammet/koronavaksinasjonsstatistikk/,Norway,
2021-03-23,533011,277097,"Moderna, Pfizer/BioNTech",810108,https://www.fhi.no/sv/vaksine/koronavaksinasjonsprogrammet/koronavaksinasjonsstatistikk/,Norway,
2021-03-24,572693,281073,"Moderna, Pfizer/BioNTech",853766,https://www.fhi.no/sv/vaksine/koronavaksinasjonsprogrammet/koronavaksinasjonsstatistikk/,Norway,
2021-03-25,611953,283716,"Moderna, Pfizer/BioNTech",895669,https://www.fhi.no/sv/vaksine/koronavaksinasjonsprogrammet/koronavaksinasjonsstatistikk/,Norway,
2021-03-26,629630,284995,"Moderna, Pfizer/BioNTech",914625,https://www.fhi.no/sv/vaksine/koronavaksinasjonsprogrammet/koronavaksinasjonsstatistikk/,Norway,
2021-03-27,630491,285039,"Moderna, Pfizer/BioNTech",915530,https://www.fhi.no/sv/vaksine/koronavaksinasjonsprogrammet/koronavaksinasjonsstatistikk/,Norway,
2021-03-28,630901,285076,"Moderna, Pfizer/BioNTech",915977,https://www.fhi.no/sv/vaksine/koronavaksinasjonsprogrammet/koronavaksinasjonsstatistikk/,Norway,
2021-03-29,635849,285245,"Moderna, Pfizer/BioNTech",921094,https://www.fhi.no/sv/vaksine/koronavaksinasjonsprogrammet/koronavaksinasjonsstatistikk/,Norway,
2021-03-30,668605,289755,"Moderna, Pfizer/BioNTech",958360,https://www.fhi.no/sv/vaksine/koronavaksinasjonsprogrammet/koronavaksinasjonsstatistikk/,Norway,
2021-03-31,706044,297721,"Moderna, Pfizer/BioNTech",1003765,https://www.fhi.no/sv/vaksine/koronavaksinasjonsprogrammet/koronavaksinasjonsstatistikk/,Norway,
2021-04-01,715769,299307,"Moderna, Pfizer/BioNTech",1015076,https://www.fhi.no/sv/vaksine/koronavaksinasjonsprogrammet/koronavaksinasjonsstatistikk/,Norway,
2021-04-02,720268,300090,"Moderna, Pfizer/BioNTech",1020358,https://www.fhi.no/sv/vaksine/koronavaksinasjonsprogrammet/koronavaksinasjonsstatistikk/,Norway,
2021-04-03,720646,300140,"Moderna, Pfizer/BioNTech",1020786,https://www.fhi.no/sv/vaksine/koronavaksinasjonsprogrammet/koronavaksinasjonsstatistikk/,Norway,
2021-04-04,721110,300210,"Moderna, Pfizer/BioNTech",1021320,https://www.fhi.no/sv/vaksine/koronavaksinasjonsprogrammet/koronavaksinasjonsstatistikk/,Norway,
2021-04-05,722631,300356,"Moderna, Pfizer/BioNTech",1022987,https://www.fhi.no/sv/vaksine/koronavaksinasjonsprogrammet/koronavaksinasjonsstatistikk/,Norway,
2021-04-06,741709,303107,"Moderna, Pfizer/BioNTech",1044816,https://www.fhi.no/sv/vaksine/koronavaksinasjonsprogrammet/koronavaksinasjonsstatistikk/,Norway,
2021-04-07,801265,306950,"Moderna, Pfizer/BioNTech",1108215,https://www.fhi.no/sv/vaksine/koronavaksinasjonsprogrammet/koronavaksinasjonsstatistikk/,Norway,
2021-04-08,859376,311328,"Moderna, Pfizer/BioNTech",1170704,https://www.fhi.no/sv/vaksine/koronavaksinasjonsprogrammet/koronavaksinasjonsstatistikk/,Norway,
2021-04-09,887217,312089,"Moderna, Pfizer/BioNTech",1199306,https://www.fhi.no/sv/vaksine/koronavaksinasjonsprogrammet/koronavaksinasjonsstatistikk/,Norway,
2021-04-10,888436,312197,"Moderna, Pfizer/BioNTech",1200633,https://www.fhi.no/sv/vaksine/koronavaksinasjonsprogrammet/koronavaksinasjonsstatistikk/,Norway,
2021-04-11,889069,312255,"Moderna, Pfizer/BioNTech",1201324,https://www.fhi.no/sv/vaksine/koronavaksinasjonsprogrammet/koronavaksinasjonsstatistikk/,Norway,
2021-04-12,892938,312427,"Moderna, Pfizer/BioNTech",1205365,https://www.fhi.no/sv/vaksine/koronavaksinasjonsprogrammet/koronavaksinasjonsstatistikk/,Norway,
2021-04-13,918910,312937,"Moderna, Pfizer/BioNTech",1231847,https://www.fhi.no/sv/vaksine/koronavaksinasjonsprogrammet/koronavaksinasjonsstatistikk/,Norway,
2021-04-14,986968,314518,"Moderna, Pfizer/BioNTech",1301486,https://www.fhi.no/sv/vaksine/koronavaksinasjonsprogrammet/koronavaksinasjonsstatistikk/,Norway,
2021-04-15,1053041,315877,"Moderna, Pfizer/BioNTech",1368918,https://www.fhi.no/sv/vaksine/koronavaksinasjonsprogrammet/koronavaksinasjonsstatistikk/,Norway,
2021-04-16,1082440,316861,"Moderna, Pfizer/BioNTech",1399301,https://www.fhi.no/sv/vaksine/koronavaksinasjonsprogrammet/koronavaksinasjonsstatistikk/,Norway,
2021-04-17,1084568,317083,"Moderna, Pfizer/BioNTech",1401651,https://www.fhi.no/sv/vaksine/koronavaksinasjonsprogrammet/koronavaksinasjonsstatistikk/,Norway,
2021-04-18,1085936,317141,"Moderna, Pfizer/BioNTech",1403077,https://www.fhi.no/sv/vaksine/koronavaksinasjonsprogrammet/koronavaksinasjonsstatistikk/,Norway,
2021-04-19,1092553,317410,"Moderna, Pfizer/BioNTech",1409963,https://www.fhi.no/sv/vaksine/koronavaksinasjonsprogrammet/koronavaksinasjonsstatistikk/,Norway,
2021-04-20,1112460,318376,"Moderna, Pfizer/BioNTech",1430836,https://www.fhi.no/sv/vaksine/koronavaksinasjonsprogrammet/koronavaksinasjonsstatistikk/,Norway,
2021-04-21,1172281,321497,"Moderna, Pfizer/BioNTech",1493778,https://www.fhi.no/sv/vaksine/koronavaksinasjonsprogrammet/koronavaksinasjonsstatistikk/,Norway,
2021-04-22,1223877,324134,"Moderna, Pfizer/BioNTech",1548011,https://www.fhi.no/sv/vaksine/koronavaksinasjonsprogrammet/koronavaksinasjonsstatistikk/,Norway,
2021-04-23,1242510,325603,"Moderna, Pfizer/BioNTech",1568113,https://www.fhi.no/sv/vaksine/koronavaksinasjonsprogrammet/koronavaksinasjonsstatistikk/,Norway,
2021-04-24,1243002,325738,"Moderna, Pfizer/BioNTech",1568740,https://www.fhi.no/sv/vaksine/koronavaksinasjonsprogrammet/koronavaksinasjonsstatistikk/,Norway,
2021-04-25,1243365,325790,"Moderna, Pfizer/BioNTech",1569155,https://www.fhi.no/sv/vaksine/koronavaksinasjonsprogrammet/koronavaksinasjonsstatistikk/,Norway,
2021-04-26,1245823,326409,"Moderna, Pfizer/BioNTech",1572232,https://www.fhi.no/sv/vaksine/koronavaksinasjonsprogrammet/koronavaksinasjonsstatistikk/,Norway,
2021-04-27,1265480,332607,"Moderna, Pfizer/BioNTech",1598087,https://www.fhi.no/sv/vaksine/koronavaksinasjonsprogrammet/koronavaksinasjonsstatistikk/,Norway,
2021-04-28,1324542,357771,"Moderna, Pfizer/BioNTech",1682313,https://www.fhi.no/sv/vaksine/koronavaksinasjonsprogrammet/koronavaksinasjonsstatistikk/,Norway,
2021-04-29,1379127,379097,"Moderna, Pfizer/BioNTech",1758224,https://www.fhi.no/sv/vaksine/koronavaksinasjonsprogrammet/koronavaksinasjonsstatistikk/,Norway,
2021-04-30,1404903,387493,"Moderna, Pfizer/BioNTech",1792396,https://www.fhi.no/sv/vaksine/koronavaksinasjonsprogrammet/koronavaksinasjonsstatistikk/,Norway,
2021-05-01,1406491,387883,"Moderna, Pfizer/BioNTech",1794374,https://www.fhi.no/sv/vaksine/koronavaksinasjonsprogrammet/koronavaksinasjonsstatistikk/,Norway,
2021-05-02,1407577,388193,"Moderna, Pfizer/BioNTech",1795770,https://www.fhi.no/sv/vaksine/koronavaksinasjonsprogrammet/koronavaksinasjonsstatistikk/,Norway,
2021-05-03,1410770,389736,"Moderna, Pfizer/BioNTech",1800506,https://www.fhi.no/sv/vaksine/koronavaksinasjonsprogrammet/koronavaksinasjonsstatistikk/,Norway,
2021-05-04,1421111,402081,"Moderna, Pfizer/BioNTech",1823192,https://www.fhi.no/sv/vaksine/koronavaksinasjonsprogrammet/koronavaksinasjonsstatistikk/,Norway,
2021-05-05,1461980,441151,"Moderna, Pfizer/BioNTech",1903131,https://www.fhi.no/sv/vaksine/koronavaksinasjonsprogrammet/koronavaksinasjonsstatistikk/,Norway,
2021-05-06,1497264,477479,"Moderna, Pfizer/BioNTech",1974743,https://www.fhi.no/sv/vaksine/koronavaksinasjonsprogrammet/koronavaksinasjonsstatistikk/,Norway,
2021-05-07,1512779,493927,"Moderna, Pfizer/BioNTech",2006706,https://www.fhi.no/sv/vaksine/koronavaksinasjonsprogrammet/koronavaksinasjonsstatistikk/,Norway,
2021-05-08,1513382,494589,"Moderna, Pfizer/BioNTech",2007971,https://www.fhi.no/sv/vaksine/koronavaksinasjonsprogrammet/koronavaksinasjonsstatistikk/,Norway,
2021-05-09,1513688,494998,"Moderna, Pfizer/BioNTech",2008686,https://www.fhi.no/sv/vaksine/koronavaksinasjonsprogrammet/koronavaksinasjonsstatistikk/,Norway,
2021-05-10,1516150,501594,"Moderna, Pfizer/BioNTech",2017744,https://www.fhi.no/sv/vaksine/koronavaksinasjonsprogrammet/koronavaksinasjonsstatistikk/,Norway,
2021-05-11,1534244,533482,"Moderna, Pfizer/BioNTech",2067726,https://www.fhi.no/sv/vaksine/koronavaksinasjonsprogrammet/koronavaksinasjonsstatistikk/,Norway,
2021-05-12,1576612,587342,"Moderna, Pfizer/BioNTech",2163954,https://www.fhi.no/sv/vaksine/koronavaksinasjonsprogrammet/koronavaksinasjonsstatistikk/,Norway,
2021-05-13,1589512,596204,"Moderna, Pfizer/BioNTech",2185716,https://www.fhi.no/sv/vaksine/koronavaksinasjonsprogrammet/koronavaksinasjonsstatistikk/,Norway,
2021-05-14,1600777,604672,"Moderna, Pfizer/BioNTech",2205449,https://www.fhi.no/sv/vaksine/koronavaksinasjonsprogrammet/koronavaksinasjonsstatistikk/,Norway,
2021-05-15,1602816,605510,"Moderna, Pfizer/BioNTech",2208326,https://www.fhi.no/sv/vaksine/koronavaksinasjonsprogrammet/koronavaksinasjonsstatistikk/,Norway,
2021-05-16,1604146,606609,"Moderna, Pfizer/BioNTech",2210755,https://www.fhi.no/sv/vaksine/koronavaksinasjonsprogrammet/koronavaksinasjonsstatistikk/,Norway,
2021-05-17,1604429,607083,"Moderna, Pfizer/BioNTech",2211512,https://www.fhi.no/sv/vaksine/koronavaksinasjonsprogrammet/koronavaksinasjonsstatistikk/,Norway,
2021-05-18,1609061,631019,"Moderna, Pfizer/BioNTech",2240080,https://www.fhi.no/sv/vaksine/koronavaksinasjonsprogrammet/koronavaksinasjonsstatistikk/,Norway,
2021-05-19,1617318,703790,"Moderna, Pfizer/BioNTech",2321108,https://www.fhi.no/sv/vaksine/koronavaksinasjonsprogrammet/koronavaksinasjonsstatistikk/,Norway,
2021-05-20,1626142,772992,"Moderna, Pfizer/BioNTech",2399134,https://www.fhi.no/sv/vaksine/koronavaksinasjonsprogrammet/koronavaksinasjonsstatistikk/,Norway,
2021-05-21,1631235,804405,"Moderna, Pfizer/BioNTech",2435640,https://www.fhi.no/sv/vaksine/koronavaksinasjonsprogrammet/koronavaksinasjonsstatistikk/,Norway,
2021-05-22,1632627,805496,"Moderna, Pfizer/BioNTech",2438123,https://www.fhi.no/sv/vaksine/koronavaksinasjonsprogrammet/koronavaksinasjonsstatistikk/,Norway,
2021-05-23,1633507,805931,"Moderna, Pfizer/BioNTech",2439438,https://www.fhi.no/sv/vaksine/koronavaksinasjonsprogrammet/koronavaksinasjonsstatistikk/,Norway,
2021-05-24,1634421,808540,"Moderna, Pfizer/BioNTech",2442961,https://www.fhi.no/sv/vaksine/koronavaksinasjonsprogrammet/koronavaksinasjonsstatistikk/,Norway,
2021-05-25,1638592,837889,"Moderna, Pfizer/BioNTech",2476481,https://www.fhi.no/sv/vaksine/koronavaksinasjonsprogrammet/koronavaksinasjonsstatistikk/,Norway,
2021-05-26,1648400,922290,"Moderna, Pfizer/BioNTech",2570690,https://www.fhi.no/sv/vaksine/koronavaksinasjonsprogrammet/koronavaksinasjonsstatistikk/,Norway,
2021-05-27,1657975,996759,"Moderna, Pfizer/BioNTech",2654734,https://www.fhi.no/sv/vaksine/koronavaksinasjonsprogrammet/koronavaksinasjonsstatistikk/,Norway,
2021-05-28,1663090,1028997,"Moderna, Pfizer/BioNTech",2692087,https://www.fhi.no/sv/vaksine/koronavaksinasjonsprogrammet/koronavaksinasjonsstatistikk/,Norway,
2021-05-29,1663815,1031169,"Moderna, Pfizer/BioNTech",2694984,https://www.fhi.no/sv/vaksine/koronavaksinasjonsprogrammet/koronavaksinasjonsstatistikk/,Norway,
2021-05-30,1664011,1032809,"Moderna, Pfizer/BioNTech",2696820,https://www.fhi.no/sv/vaksine/koronavaksinasjonsprogrammet/koronavaksinasjonsstatistikk/,Norway,
2021-05-31,1667249,1039493,"Moderna, Pfizer/BioNTech",2706742,https://www.fhi.no/sv/vaksine/koronavaksinasjonsprogrammet/koronavaksinasjonsstatistikk/,Norway,
2021-06-01,1686229,1062809,"Moderna, Pfizer/BioNTech",2749038,https://www.fhi.no/sv/vaksine/koronavaksinasjonsprogrammet/koronavaksinasjonsstatistikk/,Norway,
2021-06-02,1739561,1133454,"Moderna, Pfizer/BioNTech",2873015,https://www.fhi.no/sv/vaksine/koronavaksinasjonsprogrammet/koronavaksinasjonsstatistikk/,Norway,
2021-06-03,1794978,1192394,"Moderna, Pfizer/BioNTech",2987372,https://www.fhi.no/sv/vaksine/koronavaksinasjonsprogrammet/koronavaksinasjonsstatistikk/,Norway,
2021-06-04,1826716,1212253,"Moderna, Pfizer/BioNTech",3038969,https://www.fhi.no/sv/vaksine/koronavaksinasjonsprogrammet/koronavaksinasjonsstatistikk/,Norway,
2021-06-05,1830528,1213021,"Moderna, Pfizer/BioNTech",3043549,https://www.fhi.no/sv/vaksine/koronavaksinasjonsprogrammet/koronavaksinasjonsstatistikk/,Norway,
2021-06-06,1833654,1213396,"Moderna, Pfizer/BioNTech",3047050,https://www.fhi.no/sv/vaksine/koronavaksinasjonsprogrammet/koronavaksinasjonsstatistikk/,Norway,
2021-06-07,1849471,1216347,"Moderna, Pfizer/BioNTech",3065818,https://www.fhi.no/sv/vaksine/koronavaksinasjonsprogrammet/koronavaksinasjonsstatistikk/,Norway,
2021-06-08,1876897,1235880,"Moderna, Pfizer/BioNTech",3112777,https://www.fhi.no/sv/vaksine/koronavaksinasjonsprogrammet/koronavaksinasjonsstatistikk/,Norway,
2021-06-09,1917319,1296751,"Moderna, Pfizer/BioNTech",3214070,https://www.fhi.no/sv/vaksine/koronavaksinasjonsprogrammet/koronavaksinasjonsstatistikk/,Norway,
2021-06-10,1957428,1352435,"Moderna, Pfizer/BioNTech",3309863,https://www.fhi.no/sv/vaksine/koronavaksinasjonsprogrammet/koronavaksinasjonsstatistikk/,Norway,
2021-06-11,1979253,1373515,"Moderna, Pfizer/BioNTech",3352768,https://www.fhi.no/sv/vaksine/koronavaksinasjonsprogrammet/koronavaksinasjonsstatistikk/,Norway,
2021-06-12,1982481,1374402,"Moderna, Pfizer/BioNTech",3356883,https://www.fhi.no/sv/vaksine/koronavaksinasjonsprogrammet/koronavaksinasjonsstatistikk/,Norway,
2021-06-13,1984809,1375103,"Moderna, Pfizer/BioNTech",3359912,https://www.fhi.no/sv/vaksine/koronavaksinasjonsprogrammet/koronavaksinasjonsstatistikk/,Norway,
2021-06-14,2004535,1377722,"Moderna, Pfizer/BioNTech",3382257,https://www.fhi.no/sv/vaksine/koronavaksinasjonsprogrammet/koronavaksinasjonsstatistikk/,Norway,
2021-06-15,2033860,1388384,"Moderna, Pfizer/BioNTech",3422244,https://www.fhi.no/sv/vaksine/koronavaksinasjonsprogrammet/koronavaksinasjonsstatistikk/,Norway,
2021-06-16,2098827,1429684,"Moderna, Pfizer/BioNTech",3528511,https://www.fhi.no/sv/vaksine/koronavaksinasjonsprogrammet/koronavaksinasjonsstatistikk/,Norway,
2021-06-17,2158729,1462525,"Moderna, Pfizer/BioNTech",3621254,https://www.fhi.no/sv/vaksine/koronavaksinasjonsprogrammet/koronavaksinasjonsstatistikk/,Norway,
2021-06-18,2190817,1474951,"Moderna, Pfizer/BioNTech",3665768,https://www.fhi.no/sv/vaksine/koronavaksinasjonsprogrammet/koronavaksinasjonsstatistikk/,Norway,
2021-06-19,2197263,1475676,"Moderna, Pfizer/BioNTech",3672939,https://www.fhi.no/sv/vaksine/koronavaksinasjonsprogrammet/koronavaksinasjonsstatistikk/,Norway,
2021-06-20,2201730,1475810,"Moderna, Pfizer/BioNTech",3677540,https://www.fhi.no/sv/vaksine/koronavaksinasjonsprogrammet/koronavaksinasjonsstatistikk/,Norway,
2021-06-21,2219617,1478624,"Moderna, Pfizer/BioNTech",3698241,https://www.fhi.no/sv/vaksine/koronavaksinasjonsprogrammet/koronavaksinasjonsstatistikk/,Norway,
2021-06-22,2256998,1491933,"Moderna, Pfizer/BioNTech",3748931,https://www.fhi.no/sv/vaksine/koronavaksinasjonsprogrammet/koronavaksinasjonsstatistikk/,Norway,
2021-06-23,2335374,1524232,"Moderna, Pfizer/BioNTech",3859606,https://www.fhi.no/sv/vaksine/koronavaksinasjonsprogrammet/koronavaksinasjonsstatistikk/,Norway,
2021-06-24,2426969,1546208,"Moderna, Pfizer/BioNTech",3973177,https://www.fhi.no/sv/vaksine/koronavaksinasjonsprogrammet/koronavaksinasjonsstatistikk/,Norway,
2021-06-25,2471915,1555703,"Moderna, Pfizer/BioNTech",4027618,https://www.fhi.no/sv/vaksine/koronavaksinasjonsprogrammet/koronavaksinasjonsstatistikk/,Norway,
2021-06-26,2480681,1557392,"Moderna, Pfizer/BioNTech",4038073,https://www.fhi.no/sv/vaksine/koronavaksinasjonsprogrammet/koronavaksinasjonsstatistikk/,Norway,
2021-06-27,2485256,1558664,"Moderna, Pfizer/BioNTech",4043920,https://www.fhi.no/sv/vaksine/koronavaksinasjonsprogrammet/koronavaksinasjonsstatistikk/,Norway,
2021-06-28,2517605,1559933,"Moderna, Pfizer/BioNTech",4077538,https://www.fhi.no/sv/vaksine/koronavaksinasjonsprogrammet/koronavaksinasjonsstatistikk/,Norway,
2021-06-29,2565839,1563295,"Moderna, Pfizer/BioNTech",4129134,https://www.fhi.no/sv/vaksine/koronavaksinasjonsprogrammet/koronavaksinasjonsstatistikk/,Norway,
2021-06-30,2671330,1570005,"Moderna, Pfizer/BioNTech",4241335,https://www.fhi.no/sv/vaksine/koronavaksinasjonsprogrammet/koronavaksinasjonsstatistikk/,Norway,
2021-07-01,2774233,1577967,"Moderna, Pfizer/BioNTech",4352200,https://www.fhi.no/sv/vaksine/koronavaksinasjonsprogrammet/koronavaksinasjonsstatistikk/,Norway,
2021-07-02,2825567,1581233,"Moderna, Pfizer/BioNTech",4406800,https://www.fhi.no/sv/vaksine/koronavaksinasjonsprogrammet/koronavaksinasjonsstatistikk/,Norway,
2021-07-03,2834833,1581838,"Moderna, Pfizer/BioNTech",4416671,https://www.fhi.no/sv/vaksine/koronavaksinasjonsprogrammet/koronavaksinasjonsstatistikk/,Norway,
2021-07-04,2840888,1582349,"Moderna, Pfizer/BioNTech",4423237,https://www.fhi.no/sv/vaksine/koronavaksinasjonsprogrammet/koronavaksinasjonsstatistikk/,Norway,
2021-07-05,2867674,1583018,"Moderna, Pfizer/BioNTech",4450692,https://www.fhi.no/sv/vaksine/koronavaksinasjonsprogrammet/koronavaksinasjonsstatistikk/,Norway,
2021-07-06,2909677,1586456,"Moderna, Pfizer/BioNTech",4496133,https://www.fhi.no/sv/vaksine/koronavaksinasjonsprogrammet/koronavaksinasjonsstatistikk/,Norway,
2021-07-07,2986962,1595223,"Moderna, Pfizer/BioNTech",4582185,https://www.fhi.no/sv/vaksine/koronavaksinasjonsprogrammet/koronavaksinasjonsstatistikk/,Norway,
2021-07-08,3056291,1604240,"Moderna, Pfizer/BioNTech",4660531,https://www.fhi.no/sv/vaksine/koronavaksinasjonsprogrammet/koronavaksinasjonsstatistikk/,Norway,
2021-07-09,3083348,1607678,"Moderna, Pfizer/BioNTech",4691026,https://www.fhi.no/sv/vaksine/koronavaksinasjonsprogrammet/koronavaksinasjonsstatistikk/,Norway,
2021-07-10,3087503,1607990,"Moderna, Pfizer/BioNTech",4695493,https://www.fhi.no/sv/vaksine/koronavaksinasjonsprogrammet/koronavaksinasjonsstatistikk/,Norway,
2021-07-11,3090478,1608163,"Moderna, Pfizer/BioNTech",4698641,https://www.fhi.no/sv/vaksine/koronavaksinasjonsprogrammet/koronavaksinasjonsstatistikk/,Norway,
2021-07-12,3103699,1610134,"Moderna, Pfizer/BioNTech",4713833,https://www.fhi.no/sv/vaksine/koronavaksinasjonsprogrammet/koronavaksinasjonsstatistikk/,Norway,
2021-07-13,3127430,1619214,"Moderna, Pfizer/BioNTech",4746644,https://www.fhi.no/sv/vaksine/koronavaksinasjonsprogrammet/koronavaksinasjonsstatistikk/,Norway,
2021-07-14,3175961,1648539,"Moderna, Pfizer/BioNTech",4824500,https://www.fhi.no/sv/vaksine/koronavaksinasjonsprogrammet/koronavaksinasjonsstatistikk/,Norway,
2021-07-15,3219038,1677979,"Moderna, Pfizer/BioNTech",4897017,https://www.fhi.no/sv/vaksine/koronavaksinasjonsprogrammet/koronavaksinasjonsstatistikk/,Norway,
2021-07-16,3235454,1688008,"Moderna, Pfizer/BioNTech",4923462,https://www.fhi.no/sv/vaksine/koronavaksinasjonsprogrammet/koronavaksinasjonsstatistikk/,Norway,
2021-07-17,3235938,1688581,"Moderna, Pfizer/BioNTech",4924519,https://www.fhi.no/sv/vaksine/koronavaksinasjonsprogrammet/koronavaksinasjonsstatistikk/,Norway,
2021-07-18,3236229,1688827,"Moderna, Pfizer/BioNTech",4925056,https://www.fhi.no/sv/vaksine/koronavaksinasjonsprogrammet/koronavaksinasjonsstatistikk/,Norway,
2021-07-19,3245224,1692112,"Moderna, Pfizer/BioNTech",4937336,https://www.fhi.no/sv/vaksine/koronavaksinasjonsprogrammet/koronavaksinasjonsstatistikk/,Norway,
2021-07-20,3266878,1700754,"Moderna, Pfizer/BioNTech",4967632,https://www.fhi.no/sv/vaksine/koronavaksinasjonsprogrammet/koronavaksinasjonsstatistikk/,Norway,
2021-07-21,3332264,1720646,"Moderna, Pfizer/BioNTech",5052910,https://www.fhi.no/sv/vaksine/koronavaksinasjonsprogrammet/koronavaksinasjonsstatistikk/,Norway,
2021-07-22,3400373,1742862,"Moderna, Pfizer/BioNTech",5143235,https://www.fhi.no/sv/vaksine/koronavaksinasjonsprogrammet/koronavaksinasjonsstatistikk/,Norway,
2021-07-23,3422106,1750310,"Moderna, Pfizer/BioNTech",5172416,https://www.fhi.no/sv/vaksine/koronavaksinasjonsprogrammet/koronavaksinasjonsstatistikk/,Norway,
2021-07-24,3422251,1750715,"Moderna, Pfizer/BioNTech",5172966,https://www.fhi.no/sv/vaksine/koronavaksinasjonsprogrammet/koronavaksinasjonsstatistikk/,Norway,
2021-07-25,3422318,1750971,"Moderna, Pfizer/BioNTech",5173289,https://www.fhi.no/sv/vaksine/koronavaksinasjonsprogrammet/koronavaksinasjonsstatistikk/,Norway,
2021-07-26,3431079,1754134,"Moderna, Pfizer/BioNTech",5185213,https://www.fhi.no/sv/vaksine/koronavaksinasjonsprogrammet/koronavaksinasjonsstatistikk/,Norway,
2021-07-27,3452530,1762972,"Moderna, Pfizer/BioNTech",5215502,https://www.fhi.no/sv/vaksine/koronavaksinasjonsprogrammet/koronavaksinasjonsstatistikk/,Norway,
2021-07-28,3520512,1788983,"Moderna, Pfizer/BioNTech",5309495,https://www.fhi.no/sv/vaksine/koronavaksinasjonsprogrammet/koronavaksinasjonsstatistikk/,Norway,
2021-07-29,3587760,1815705,"Moderna, Pfizer/BioNTech",5403465,https://www.fhi.no/sv/vaksine/koronavaksinasjonsprogrammet/koronavaksinasjonsstatistikk/,Norway,
2021-07-30,3609550,1826712,"Moderna, Pfizer/BioNTech",5436262,https://www.fhi.no/sv/vaksine/koronavaksinasjonsprogrammet/koronavaksinasjonsstatistikk/,Norway,
2021-07-31,3609967,1827508,"Moderna, Pfizer/BioNTech",5437475,https://www.fhi.no/sv/vaksine/koronavaksinasjonsprogrammet/koronavaksinasjonsstatistikk/,Norway,
2021-08-01,3610019,1827647,"Moderna, Pfizer/BioNTech",5437666,https://www.fhi.no/sv/vaksine/koronavaksinasjonsprogrammet/koronavaksinasjonsstatistikk/,Norway,
2021-08-02,3619230,1836735,"Moderna, Pfizer/BioNTech",5455965,https://www.fhi.no/sv/vaksine/koronavaksinasjonsprogrammet/koronavaksinasjonsstatistikk/,Norway,
2021-08-03,3634668,1854389,"Moderna, Pfizer/BioNTech",5489057,https://www.fhi.no/sv/vaksine/koronavaksinasjonsprogrammet/koronavaksinasjonsstatistikk/,Norway,
2021-08-04,3676612,1897951,"Moderna, Pfizer/BioNTech",5574563,https://www.fhi.no/sv/vaksine/koronavaksinasjonsprogrammet/koronavaksinasjonsstatistikk/,Norway,
2021-08-05,3712539,1946483,"Moderna, Pfizer/BioNTech",5659022,https://www.fhi.no/sv/vaksine/koronavaksinasjonsprogrammet/koronavaksinasjonsstatistikk/,Norway,
2021-08-06,3723103,1968030,"Moderna, Pfizer/BioNTech",5691133,https://www.fhi.no/sv/vaksine/koronavaksinasjonsprogrammet/koronavaksinasjonsstatistikk/,Norway,
2021-08-07,3723349,1969293,"Moderna, Pfizer/BioNTech",5692642,https://www.fhi.no/sv/vaksine/koronavaksinasjonsprogrammet/koronavaksinasjonsstatistikk/,Norway,
2021-08-08,3723427,1970141,"Moderna, Pfizer/BioNTech",5693568,https://www.fhi.no/sv/vaksine/koronavaksinasjonsprogrammet/koronavaksinasjonsstatistikk/,Norway,
2021-08-09,3726444,1991632,"Moderna, Pfizer/BioNTech",5718076,https://www.fhi.no/sv/vaksine/koronavaksinasjonsprogrammet/koronavaksinasjonsstatistikk/,Norway,
2021-08-10,3733549,2025668,"Moderna, Pfizer/BioNTech",5759217,https://www.fhi.no/sv/vaksine/koronavaksinasjonsprogrammet/koronavaksinasjonsstatistikk/,Norway,
2021-08-11,3754996,2107481,"Moderna, Pfizer/BioNTech",5862477,https://www.fhi.no/sv/vaksine/koronavaksinasjonsprogrammet/koronavaksinasjonsstatistikk/,Norway,
2021-08-12,3773646,2192495,"Moderna, Pfizer/BioNTech",5966141,https://www.fhi.no/sv/vaksine/koronavaksinasjonsprogrammet/koronavaksinasjonsstatistikk/,Norway,
2021-08-13,3779364,2231818,"Moderna, Pfizer/BioNTech",6011182,https://www.fhi.no/sv/vaksine/koronavaksinasjonsprogrammet/koronavaksinasjonsstatistikk/,Norway,
2021-08-14,3779618,2234119,"Moderna, Pfizer/BioNTech",6013737,https://www.fhi.no/sv/vaksine/koronavaksinasjonsprogrammet/koronavaksinasjonsstatistikk/,Norway,
2021-08-15,3779681,2235255,"Moderna, Pfizer/BioNTech",6014936,https://www.fhi.no/sv/vaksine/koronavaksinasjonsprogrammet/koronavaksinasjonsstatistikk/,Norway,
2021-08-16,3781979,2266296,"Moderna, Pfizer/BioNTech",6048275,https://www.fhi.no/sv/vaksine/koronavaksinasjonsprogrammet/koronavaksinasjonsstatistikk/,Norway,
2021-08-17,3786413,2311275,"Moderna, Pfizer/BioNTech",6097688,https://www.fhi.no/sv/vaksine/koronavaksinasjonsprogrammet/koronavaksinasjonsstatistikk/,Norway,
2021-08-18,3797572,2418007,"Moderna, Pfizer/BioNTech",6215579,https://www.fhi.no/sv/vaksine/koronavaksinasjonsprogrammet/koronavaksinasjonsstatistikk/,Norway,
2021-08-19,3807461,2519280,"Moderna, Pfizer/BioNTech",6326741,https://www.fhi.no/sv/vaksine/koronavaksinasjonsprogrammet/koronavaksinasjonsstatistikk/,Norway,
2021-08-20,3812384,2572679,"Moderna, Pfizer/BioNTech",6385063,https://www.fhi.no/sv/vaksine/koronavaksinasjonsprogrammet/koronavaksinasjonsstatistikk/,Norway,
2021-08-21,3812732,2579529,"Moderna, Pfizer/BioNTech",6392261,https://www.fhi.no/sv/vaksine/koronavaksinasjonsprogrammet/koronavaksinasjonsstatistikk/,Norway,
2021-08-22,3812851,2581357,"Moderna, Pfizer/BioNTech",6394208,https://www.fhi.no/sv/vaksine/koronavaksinasjonsprogrammet/koronavaksinasjonsstatistikk/,Norway,
2021-08-23,3815123,2622771,"Moderna, Pfizer/BioNTech",6437894,https://www.fhi.no/sv/vaksine/koronavaksinasjonsprogrammet/koronavaksinasjonsstatistikk/,Norway,
2021-08-24,3820434,2689512,"Moderna, Pfizer/BioNTech",6509946,https://www.fhi.no/sv/vaksine/koronavaksinasjonsprogrammet/koronavaksinasjonsstatistikk/,Norway,
2021-08-25,3832641,2815425,"Moderna, Pfizer/BioNTech",6648066,https://www.fhi.no/sv/vaksine/koronavaksinasjonsprogrammet/koronavaksinasjonsstatistikk/,Norway,
2021-08-26,3846114,2940498,"Moderna, Pfizer/BioNTech",6786612,https://www.fhi.no/sv/vaksine/koronavaksinasjonsprogrammet/koronavaksinasjonsstatistikk/,Norway,
2021-08-27,3854923,3002024,"Moderna, Pfizer/BioNTech",6856947,https://www.fhi.no/sv/vaksine/koronavaksinasjonsprogrammet/koronavaksinasjonsstatistikk/,Norway,
2021-08-28,3857262,3012067,"Moderna, Pfizer/BioNTech",6869329,https://www.fhi.no/sv/vaksine/koronavaksinasjonsprogrammet/koronavaksinasjonsstatistikk/,Norway,
2021-08-29,3857420,3016806,"Moderna, Pfizer/BioNTech",6874226,https://www.fhi.no/sv/vaksine/koronavaksinasjonsprogrammet/koronavaksinasjonsstatistikk/,Norway,
2021-08-30,3866205,3054294,"Moderna, Pfizer/BioNTech",6920499,https://www.fhi.no/sv/vaksine/koronavaksinasjonsprogrammet/koronavaksinasjonsstatistikk/,Norway,
2021-08-31,3874850,3100539,"Moderna, Pfizer/BioNTech",6975389,https://www.fhi.no/sv/vaksine/koronavaksinasjonsprogrammet/koronavaksinasjonsstatistikk/,Norway,
2021-09-01,3891023,3180591,"Moderna, Pfizer/BioNTech",7071614,https://www.fhi.no/sv/vaksine/koronavaksinasjonsprogrammet/koronavaksinasjonsstatistikk/,Norway,
2021-09-02,3908028,3260265,"Moderna, Pfizer/BioNTech",7168293,https://www.fhi.no/sv/vaksine/koronavaksinasjonsprogrammet/koronavaksinasjonsstatistikk/,Norway,
2021-09-03,3917100,3296345,"Moderna, Pfizer/BioNTech",7213445,https://www.fhi.no/sv/vaksine/koronavaksinasjonsprogrammet/koronavaksinasjonsstatistikk/,Norway,
2021-09-04,3918247,3302274,"Moderna, Pfizer/BioNTech",7220521,https://www.fhi.no/sv/vaksine/koronavaksinasjonsprogrammet/koronavaksinasjonsstatistikk/,Norway,
2021-09-05,3918487,3303292,"Moderna, Pfizer/BioNTech",7221779,https://www.fhi.no/sv/vaksine/koronavaksinasjonsprogrammet/koronavaksinasjonsstatistikk/,Norway,
2021-09-06,3923393,3323455,"Moderna, Pfizer/BioNTech",7246848,https://www.fhi.no/sv/vaksine/koronavaksinasjonsprogrammet/koronavaksinasjonsstatistikk/,Norway,
2021-09-07,3931288,3349396,"Moderna, Pfizer/BioNTech",7280684,https://www.fhi.no/sv/vaksine/koronavaksinasjonsprogrammet/koronavaksinasjonsstatistikk/,Norway,
2021-09-08,3951152,3402079,"Moderna, Pfizer/BioNTech",7353231,https://www.fhi.no/sv/vaksine/koronavaksinasjonsprogrammet/koronavaksinasjonsstatistikk/,Norway,
2021-09-09,3969564,3447199,"Moderna, Pfizer/BioNTech",7416763,https://www.fhi.no/sv/vaksine/koronavaksinasjonsprogrammet/koronavaksinasjonsstatistikk/,Norway,
2021-09-10,3978939,3467633,"Moderna, Pfizer/BioNTech",7446572,https://www.fhi.no/sv/vaksine/koronavaksinasjonsprogrammet/koronavaksinasjonsstatistikk/,Norway,
2021-09-11,3980028,3470389,"Moderna, Pfizer/BioNTech",7450417,https://www.fhi.no/sv/vaksine/koronavaksinasjonsprogrammet/koronavaksinasjonsstatistikk/,Norway,
2021-09-12,3980431,3470516,"Moderna, Pfizer/BioNTech",7450947,https://www.fhi.no/sv/vaksine/koronavaksinasjonsprogrammet/koronavaksinasjonsstatistikk/,Norway,
2021-09-13,3985537,3481372,"Moderna, Pfizer/BioNTech",7466909,https://www.fhi.no/sv/vaksine/koronavaksinasjonsprogrammet/koronavaksinasjonsstatistikk/,Norway,
2021-09-14,4001681,3493742,"Moderna, Pfizer/BioNTech",7495423,https://www.fhi.no/sv/vaksine/koronavaksinasjonsprogrammet/koronavaksinasjonsstatistikk/,Norway,
2021-09-15,4031389,3523765,"Moderna, Pfizer/BioNTech",7555154,https://www.fhi.no/sv/vaksine/koronavaksinasjonsprogrammet/koronavaksinasjonsstatistikk/,Norway,
2021-09-16,4057734,3548087,"Moderna, Pfizer/BioNTech",7605821,https://www.fhi.no/sv/vaksine/koronavaksinasjonsprogrammet/koronavaksinasjonsstatistikk/,Norway,
2021-09-17,4071025,3558819,"Moderna, Pfizer/BioNTech",7629844,https://www.fhi.no/sv/vaksine/koronavaksinasjonsprogrammet/koronavaksinasjonsstatistikk/,Norway,
2021-09-18,4073316,3559282,"Moderna, Pfizer/BioNTech",7632598,https://www.fhi.no/sv/vaksine/koronavaksinasjonsprogrammet/koronavaksinasjonsstatistikk/,Norway,
2021-09-19,4073335,3559355,"Moderna, Pfizer/BioNTech",7632690,https://www.fhi.no/sv/vaksine/koronavaksinasjonsprogrammet/koronavaksinasjonsstatistikk/,Norway,
2021-09-20,4086115,3565969,"Moderna, Pfizer/BioNTech",7652084,https://www.fhi.no/sv/vaksine/koronavaksinasjonsprogrammet/koronavaksinasjonsstatistikk/,Norway,
2021-09-21,4101437,3575413,"Moderna, Pfizer/BioNTech",7676850,https://www.fhi.no/sv/vaksine/koronavaksinasjonsprogrammet/koronavaksinasjonsstatistikk/,Norway,
2021-09-22,4118279,3594308,"Moderna, Pfizer/BioNTech",7712587,https://www.fhi.no/sv/vaksine/koronavaksinasjonsprogrammet/koronavaksinasjonsstatistikk/,Norway,
2021-09-23,4133231,3611118,"Moderna, Pfizer/BioNTech",7744349,https://www.fhi.no/sv/vaksine/koronavaksinasjonsprogrammet/koronavaksinasjonsstatistikk/,Norway,
2021-09-24,4139807,3618453,"Moderna, Pfizer/BioNTech",7758260,https://www.fhi.no/sv/vaksine/koronavaksinasjonsprogrammet/koronavaksinasjonsstatistikk/,Norway,
2021-09-25,4141444,3618608,"Moderna, Pfizer/BioNTech",7760052,https://www.fhi.no/sv/vaksine/koronavaksinasjonsprogrammet/koronavaksinasjonsstatistikk/,Norway,
2021-09-26,4141451,3618678,"Moderna, Pfizer/BioNTech",7760129,https://www.fhi.no/sv/vaksine/koronavaksinasjonsprogrammet/koronavaksinasjonsstatistikk/,Norway,
2021-09-27,4145795,3623873,"Moderna, Pfizer/BioNTech",7769668,https://www.fhi.no/sv/vaksine/koronavaksinasjonsprogrammet/koronavaksinasjonsstatistikk/,Norway,
2021-09-28,4150824,3631171,"Moderna, Pfizer/BioNTech",7781995,https://www.fhi.no/sv/vaksine/koronavaksinasjonsprogrammet/koronavaksinasjonsstatistikk/,Norway,
2021-09-29,4160934,3645819,"Moderna, Pfizer/BioNTech",7806753,https://www.fhi.no/sv/vaksine/koronavaksinasjonsprogrammet/koronavaksinasjonsstatistikk/,Norway,
2021-09-30,4171151,3659715,"Moderna, Pfizer/BioNTech",7830866,https://www.fhi.no/sv/vaksine/koronavaksinasjonsprogrammet/koronavaksinasjonsstatistikk/,Norway,
2021-10-01,4173704,3665976,"Moderna, Pfizer/BioNTech",7839680,https://www.fhi.no/sv/vaksine/koronavaksinasjonsprogrammet/koronavaksinasjonsstatistikk/,Norway,
2021-10-02,4173822,3666256,"Moderna, Pfizer/BioNTech",7840078,https://www.fhi.no/sv/vaksine/koronavaksinasjonsprogrammet/koronavaksinasjonsstatistikk/,Norway,
2021-10-03,4173822,3666262,"Moderna, Pfizer/BioNTech",7840084,https://www.fhi.no/sv/vaksine/koronavaksinasjonsprogrammet/koronavaksinasjonsstatistikk/,Norway,
2021-10-04,4174931,3669256,"Moderna, Pfizer/BioNTech",7844187,https://www.fhi.no/sv/vaksine/koronavaksinasjonsprogrammet/koronavaksinasjonsstatistikk/,Norway,
2021-10-05,4177635,3674370,"Moderna, Pfizer/BioNTech",7852005,https://www.fhi.no/sv/vaksine/koronavaksinasjonsprogrammet/koronavaksinasjonsstatistikk/,Norway,
2021-10-06,4181323,3681437,"Moderna, Pfizer/BioNTech",7862760,https://www.fhi.no/sv/vaksine/koronavaksinasjonsprogrammet/koronavaksinasjonsstatistikk/,Norway,
2021-10-07,4184827,3689044,"Moderna, Pfizer/BioNTech",7873871,https://www.fhi.no/sv/vaksine/koronavaksinasjonsprogrammet/koronavaksinasjonsstatistikk/,Norway,
2021-10-08,4186202,3692810,"Moderna, Pfizer/BioNTech",7879012,https://www.fhi.no/sv/vaksine/koronavaksinasjonsprogrammet/koronavaksinasjonsstatistikk/,Norway,
2021-10-09,4186227,3692894,"Moderna, Pfizer/BioNTech",7879121,https://www.fhi.no/sv/vaksine/koronavaksinasjonsprogrammet/koronavaksinasjonsstatistikk/,Norway,
2021-10-10,4186240,3692904,"Moderna, Pfizer/BioNTech",7879144,https://www.fhi.no/sv/vaksine/koronavaksinasjonsprogrammet/koronavaksinasjonsstatistikk/,Norway,
2021-10-11,4187330,3694850,"Moderna, Pfizer/BioNTech",7882180,https://www.fhi.no/sv/vaksine/koronavaksinasjonsprogrammet/koronavaksinasjonsstatistikk/,Norway,
2021-10-12,4188634,3697434,"Moderna, Pfizer/BioNTech",7886068,https://www.fhi.no/sv/vaksine/koronavaksinasjonsprogrammet/koronavaksinasjonsstatistikk/,Norway,
2021-10-13,4190704,3702999,"Moderna, Pfizer/BioNTech",7893703,https://www.fhi.no/sv/vaksine/koronavaksinasjonsprogrammet/koronavaksinasjonsstatistikk/,Norway,
2021-10-14,4191993,3706546,"Moderna, Pfizer/BioNTech",7898539,https://www.fhi.no/sv/vaksine/koronavaksinasjonsprogrammet/koronavaksinasjonsstatistikk/,Norway,
2021-10-15,4192850,3708719,"Moderna, Pfizer/BioNTech",7901569,https://www.fhi.no/sv/vaksine/koronavaksinasjonsprogrammet/koronavaksinasjonsstatistikk/,Norway,
2021-10-16,4192863,3708753,"Moderna, Pfizer/BioNTech",7901616,https://www.fhi.no/sv/vaksine/koronavaksinasjonsprogrammet/koronavaksinasjonsstatistikk/,Norway,
2021-10-17,4192869,3708772,"Moderna, Pfizer/BioNTech",7901641,https://www.fhi.no/sv/vaksine/koronavaksinasjonsprogrammet/koronavaksinasjonsstatistikk/,Norway,
2021-10-18,4193274,3710131,"Moderna, Pfizer/BioNTech",7903405,https://www.fhi.no/sv/vaksine/koronavaksinasjonsprogrammet/koronavaksinasjonsstatistikk/,Norway,
2021-10-19,4194189,3712480,"Moderna, Pfizer/BioNTech",7906669,https://www.fhi.no/sv/vaksine/koronavaksinasjonsprogrammet/koronavaksinasjonsstatistikk/,Norway,
2021-10-20,4196482,3717213,"Moderna, Pfizer/BioNTech",7913695,https://www.fhi.no/sv/vaksine/koronavaksinasjonsprogrammet/koronavaksinasjonsstatistikk/,Norway,
2021-10-21,4198353,3722315,"Moderna, Pfizer/BioNTech",7920668,https://www.fhi.no/sv/vaksine/koronavaksinasjonsprogrammet/koronavaksinasjonsstatistikk/,Norway,
2021-10-22,4199190,3724677,"Moderna, Pfizer/BioNTech",7923867,https://www.fhi.no/sv/vaksine/koronavaksinasjonsprogrammet/koronavaksinasjonsstatistikk/,Norway,
2021-10-23,4199228,3724709,"Moderna, Pfizer/BioNTech",7923937,https://www.fhi.no/sv/vaksine/koronavaksinasjonsprogrammet/koronavaksinasjonsstatistikk/,Norway,
2021-10-24,4199228,3724709,"Moderna, Pfizer/BioNTech",7923937,https://www.fhi.no/sv/vaksine/koronavaksinasjonsprogrammet/koronavaksinasjonsstatistikk/,Norway,
2021-10-25,4199768,3726309,"Moderna, Pfizer/BioNTech",7926077,https://www.fhi.no/sv/vaksine/koronavaksinasjonsprogrammet/koronavaksinasjonsstatistikk/,Norway,
2021-10-26,4200691,3728367,"Moderna, Pfizer/BioNTech",7929058,https://www.fhi.no/sv/vaksine/koronavaksinasjonsprogrammet/koronavaksinasjonsstatistikk/,Norway,
2021-10-27,4202427,3733889,"Moderna, Pfizer/BioNTech",7936316,https://www.fhi.no/sv/vaksine/koronavaksinasjonsprogrammet/koronavaksinasjonsstatistikk/,Norway,
2021-10-28,4203887,3739809,"Moderna, Pfizer/BioNTech",7943696,https://www.fhi.no/sv/vaksine/koronavaksinasjonsprogrammet/koronavaksinasjonsstatistikk/,Norway,
2021-10-29,4204599,3741597,"Moderna, Pfizer/BioNTech",7946196,https://www.fhi.no/sv/vaksine/koronavaksinasjonsprogrammet/koronavaksinasjonsstatistikk/,Norway,
2021-10-30,4204658,3741645,"Moderna, Pfizer/BioNTech",7946303,https://www.fhi.no/sv/vaksine/koronavaksinasjonsprogrammet/koronavaksinasjonsstatistikk/,Norway,
2021-10-31,4204658,3741645,"Moderna, Pfizer/BioNTech",7946303,https://www.fhi.no/sv/vaksine/koronavaksinasjonsprogrammet/koronavaksinasjonsstatistikk/,Norway,
2021-11-01,4205172,3742730,"Moderna, Pfizer/BioNTech",7947902,https://www.fhi.no/sv/vaksine/koronavaksinasjonsprogrammet/koronavaksinasjonsstatistikk/,Norway,
2021-11-02,4206099,3744490,"Moderna, Pfizer/BioNTech",7950589,https://www.fhi.no/sv/vaksine/koronavaksinasjonsprogrammet/koronavaksinasjonsstatistikk/,Norway,
2021-11-03,4208095,3749034,"Moderna, Pfizer/BioNTech",7957129,https://www.fhi.no/sv/vaksine/koronavaksinasjonsprogrammet/koronavaksinasjonsstatistikk/,Norway,
2021-11-04,4210216,3753435,"Moderna, Pfizer/BioNTech",7963651,https://www.fhi.no/sv/vaksine/koronavaksinasjonsprogrammet/koronavaksinasjonsstatistikk/,Norway,
