location,date,vaccine,source_url,total_vaccinations,people_vaccinated,people_fully_vaccinated,total_boosters
Panama,2021-01-20,Pfizer/BioNTech,https://twitter.com/EstrellaOnline/status/1362232004868194312,641,641,0,
Panama,2021-01-21,Pfizer/BioNTech,https://twitter.com/EstrellaOnline/status/1362232004868194312,2728,2728,0,
Panama,2021-01-22,Pfizer/BioNTech,https://twitter.com/EstrellaOnline/status/1362232004868194312,5081,5081,0,
Panama,2021-01-23,Pfizer/BioNTech,https://twitter.com/EstrellaOnline/status/1362232004868194312,5594,5594,0,
Panama,2021-01-24,Pfizer/BioNTech,https://twitter.com/EstrellaOnline/status/1362232004868194312,6420,6420,0,
Panama,2021-01-25,Pfizer/BioNTech,https://twitter.com/EstrellaOnline/status/1362232004868194312,6597,6597,0,
Panama,2021-01-26,Pfizer/BioNTech,https://twitter.com/EstrellaOnline/status/1362232004868194312,7497,7497,0,
Panama,2021-01-27,Pfizer/BioNTech,https://twitter.com/EstrellaOnline/status/1362232004868194312,8546,8546,0,
Panama,2021-01-28,Pfizer/BioNTech,https://twitter.com/EstrellaOnline/status/1362232004868194312,8723,8723,0,
Panama,2021-01-29,Pfizer/BioNTech,https://twitter.com/EstrellaOnline/status/1362232004868194312,8772,8772,0,
Panama,2021-02-01,Pfizer/BioNTech,https://twitter.com/EstrellaOnline/status/1362232004868194312,10549,10549,0,
Panama,2021-02-02,Pfizer/BioNTech,https://twitter.com/EstrellaOnline/status/1362232004868194312,12013,12013,0,
Panama,2021-02-03,Pfizer/BioNTech,https://twitter.com/EstrellaOnline/status/1362232004868194312,12362,12362,0,
Panama,2021-02-04,Pfizer/BioNTech,https://twitter.com/EstrellaOnline/status/1362232004868194312,12428,12428,0,
Panama,2021-02-05,Pfizer/BioNTech,https://twitter.com/EstrellaOnline/status/1362232004868194312,12441,12441,0,
Panama,2021-02-09,Pfizer/BioNTech,https://twitter.com/MINSAPma/status/1359303504859381760,12806,12806,0,
Panama,2021-02-18,Pfizer/BioNTech,https://twitter.com/MINSAPma/status/1362557418790617090,30776,28549,2227,
Panama,2021-02-19,Pfizer/BioNTech,https://twitter.com/MINSAPma/status/1362933407471255556,40830,38262,2568,
Panama,2021-02-20,Pfizer/BioNTech,https://twitter.com/MINSAPma/status/1363278482596388864,45535,42867,2668,
Panama,2021-02-21,Pfizer/BioNTech,https://twitter.com/MINSAPma/status/1363635393103597569,47848,45014,2834,
Panama,2021-02-22,Pfizer/BioNTech,https://twitter.com/MINSAPma/status/1364009616124878848,61168,57896,3272,
Panama,2021-02-23,Pfizer/BioNTech,https://twitter.com/MINSAPma/status/1364406068848263168,64636,61104,3534,
Panama,2021-02-24,Pfizer/BioNTech,https://twitter.com/MINSAPma/status/1364744967843962882,79989,74711,5278,
Panama,2021-02-25,Pfizer/BioNTech,https://twitter.com/MINSAPma/status/1365092686705930241,89419,83733,5686,
Panama,2021-02-26,Pfizer/BioNTech,https://twitter.com/MINSAPma/status/1365468967503089665,106667,100819,5848,
Panama,2021-02-27,Pfizer/BioNTech,https://twitter.com/MINSAPma/status/1365813317542031363,114529,108675,5854,
Panama,2021-02-28,Pfizer/BioNTech,https://twitter.com/MINSAPma/status/1366177026168791046,119176,113320,5856,
Panama,2021-03-01,Pfizer/BioNTech,https://twitter.com/MINSAPma/status/1366559904119414785,122189,116326,5863,
Panama,2021-03-02,Pfizer/BioNTech,https://twitter.com/MINSAPma/status/1366920535129657348,132610,126732,5878,
Panama,2021-03-03,Pfizer/BioNTech,https://twitter.com/MINSAPma/status/1367254075000119297,136343,130462,5881,
Panama,2021-03-04,Pfizer/BioNTech,https://twitter.com/MINSAPma/status/1367614807063601154,150411,144529,5882,
Panama,2021-03-05,Pfizer/BioNTech,https://twitter.com/MINSAPma/status/1367995799452409856,166931,161039,5892,
Panama,2021-03-06,Pfizer/BioNTech,https://twitter.com/MINSAPma/status/1368360967390822403,194715,191140,5892,
Panama,2021-03-07,Pfizer/BioNTech,https://twitter.com/MINSAPma/status/1368733547956219907,208415,202522,5893,
Panama,2021-03-08,Pfizer/BioNTech,https://twitter.com/MINSAPma/status/1369072778230501376,211751,205850,5901,
Panama,2021-03-09,Pfizer/BioNTech,https://twitter.com/MINSAPma/status/1369457216869306371,214492,208590,5902,
Panama,2021-03-10,Pfizer/BioNTech,https://twitter.com/MINSAPma/status/1369826724284923914,224765,218861,5904,
Panama,2021-03-11,Pfizer/BioNTech,https://twitter.com/MINSAPma/status/1370185311289016326,233365,227461,5904,
Panama,2021-03-18,Pfizer/BioNTech,https://twitter.com/MINSAPma/status/1372715275716558855,287086,235570,51516,
Panama,2021-03-25,Pfizer/BioNTech,https://twitter.com/MINSAPma/status/1375225055714623488,329822,238228,91594,
Panama,2021-03-26,Pfizer/BioNTech,https://twitter.com/MINSAPma/status/1375583976727977985,342716,243926,98790,
Panama,2021-03-27,Pfizer/BioNTech,https://twitter.com/MINSAPma/status/1375970370679930880,352876,251650,101226,
Panama,2021-03-28,Pfizer/BioNTech,https://twitter.com/MINSAPma/status/1376326017917333507,357431,255881,101550,
Panama,2021-03-29,Pfizer/BioNTech,https://twitter.com/MINSAPma/status/1376662708737675300,358277,256704,101577,
Panama,2021-04-01,Pfizer/BioNTech,https://twitter.com/MINSAPma/status/1377778846490054656,373491,269072,101722,
Panama,2021-04-05,Pfizer/BioNTech,https://twitter.com/MINSAPma/status/1379229927845810177,387580,269747,117833,
Panama,2021-04-06,Pfizer/BioNTech,https://twitter.com/MINSAPma/status/1379615388573519874,408618,276374,132244,
Panama,2021-04-07,Pfizer/BioNTech,https://twitter.com/MINSAPma/status/1379973785332244486,440787,300804,139983,
Panama,2021-04-08,Pfizer/BioNTech,https://twitter.com/MINSAPma/status/1380301588263268352,456929,311480,145449,
Panama,2021-04-09,Pfizer/BioNTech,https://twitter.com/MINSAPma/status/1380688588652826625,478146,332630,145516,
Panama,2021-04-10,Pfizer/BioNTech,https://twitter.com/MINSAPma/status/1381036525102710785,490911,345248,145663,
Panama,2021-04-12,Pfizer/BioNTech,https://twitter.com/MINSAPma/status/1381779875862880259,505005,345894,159111,
Panama,2021-04-13,Pfizer/BioNTech,https://twitter.com/MINSAPma/status/1382141574864379905,518629,349033,169596,
Panama,2021-04-14,Pfizer/BioNTech,https://twitter.com/MINSAPma/status/1382468563919900672,529017,352276,176741,
Panama,2021-04-15,Pfizer/BioNTech,https://twitter.com/MINSAPma/status/1382832727108546565,550860,368217,182643,
Panama,2021-04-16,Pfizer/BioNTech,https://twitter.com/MINSAPma/status/1383225885428371456,557510,374250,183260,
Panama,2021-04-17,Pfizer/BioNTech,https://twitter.com/MINSAPma/status/1383225885428371456,560691,377215,183476,
Panama,2021-04-18,Pfizer/BioNTech,https://twitter.com/MINSAPma/status/1383949793446162432,564725,380939,183786,
Panama,2021-04-19,Pfizer/BioNTech,https://twitter.com/MINSAPma/status/1384281960583860233,565471,381070,184401,
Panama,2021-04-20,Pfizer/BioNTech,https://twitter.com/MINSAPma/status/1384674823624970242,569267,383997,185270,
Panama,2021-04-21,Pfizer/BioNTech,https://twitter.com/MINSAPma/status/1385028828918075394,574212,388362,185850,
Panama,2021-04-22,"Oxford/AstraZeneca, Pfizer/BioNTech",https://twitter.com/MINSAPma/status/1385372295603044356,590703,403926,186777,
Panama,2021-04-23,"Oxford/AstraZeneca, Pfizer/BioNTech",https://twitter.com/MINSAPma/status/1385734678951440388,595807,408366,187441,
Panama,2021-04-24,"Oxford/AstraZeneca, Pfizer/BioNTech",https://twitter.com/MINSAPma/status/1386097203106697216,608957,421297,187660,
Panama,2021-04-25,"Oxford/AstraZeneca, Pfizer/BioNTech",https://twitter.com/MINSAPma/status/1386468166671519744,619190,431461,187729,
Panama,2021-04-26,"Oxford/AstraZeneca, Pfizer/BioNTech",https://twitter.com/MINSAPma/status/1386817108328304642,622720,434695,188025,
Panama,2021-04-27,"Oxford/AstraZeneca, Pfizer/BioNTech",https://twitter.com/MINSAPma/status/1387216977845002243,640507,452242,188265,
Panama,2021-04-28,"Oxford/AstraZeneca, Pfizer/BioNTech",https://twitter.com/MINSAPma/status/1387585701131264000,643939,453873,190066,
Panama,2021-04-29,"Oxford/AstraZeneca, Pfizer/BioNTech",https://twitter.com/MINSAPma/status/1387935992707964931,672159,482089,190070,
Panama,2021-04-30,"Oxford/AstraZeneca, Pfizer/BioNTech",https://twitter.com/MINSAPma/status/1388268461294563338,672846,,190781,
Panama,2021-05-02,"Oxford/AstraZeneca, Pfizer/BioNTech",https://twitter.com/MINSAPma/status/1389025402946035712,687653,,191204,
Panama,2021-05-03,"Oxford/AstraZeneca, Pfizer/BioNTech",https://twitter.com/MINSAPma/status/1389360276970131456,692764,,191709,
Panama,2021-05-04,"Oxford/AstraZeneca, Pfizer/BioNTech",https://twitter.com/MINSAPma/status/1389744278679826434,695783,,192016,
Panama,2021-05-05,"Oxford/AstraZeneca, Pfizer/BioNTech",https://twitter.com/MINSAPma/status/1390085715032256518,706271,492348,213923,
Panama,2021-05-06,"Oxford/AstraZeneca, Pfizer/BioNTech",https://twitter.com/MINSAPma/status/1390441358050144263,731189,496131,235058,
Panama,2021-05-07,"Oxford/AstraZeneca, Pfizer/BioNTech",https://twitter.com/MINSAPma/status/1390810993421398026,758563,507759,250804,
Panama,2021-05-08,"Oxford/AstraZeneca, Pfizer/BioNTech",https://twitter.com/MINSAPma/status/1391200262400974854,769842,514300,255542,
Panama,2021-05-09,"Oxford/AstraZeneca, Pfizer/BioNTech",https://twitter.com/MINSAPma/status/1391548126616592387,770569,514959,255610,
Panama,2021-05-10,"Oxford/AstraZeneca, Pfizer/BioNTech",https://twitter.com/MINSAPma/status/1391900694798651392,775995,518957,256998,
Panama,2021-05-11,"Oxford/AstraZeneca, Pfizer/BioNTech",https://twitter.com/MINSAPma/status/1392296148459741187,778174,519371,258803,
Panama,2021-05-12,"Oxford/AstraZeneca, Pfizer/BioNTech",https://twitter.com/MINSAPma/status/1392621192981397513,779163,520260,258903,
Panama,2021-05-13,"Oxford/AstraZeneca, Pfizer/BioNTech",https://twitter.com/MINSAPma/status/1392983979825958915,787434,521445,265989,
Panama,2021-05-14,"Oxford/AstraZeneca, Pfizer/BioNTech",https://twitter.com/MINSAPma/status/1393346624966074371,798711,525481,273230,
Panama,2021-05-15,"Oxford/AstraZeneca, Pfizer/BioNTech",https://twitter.com/MINSAPma/status/1393707836182605837,825811,547567,278244,
Panama,2021-05-16,"Oxford/AstraZeneca, Pfizer/BioNTech",https://twitter.com/MINSAPma/status/1394099728200130560,834556,556257,278299,
Panama,2021-05-17,"Oxford/AstraZeneca, Pfizer/BioNTech",https://twitter.com/MINSAPma/status/1394434806352601088,844078,565026,279052,
Panama,2021-05-18,"Oxford/AstraZeneca, Pfizer/BioNTech",https://twitter.com/MINSAPma/status/1394825822566068231,849376,570226,279150,
Panama,2021-05-19,"Oxford/AstraZeneca, Pfizer/BioNTech",https://twitter.com/MINSAPma/status/1395157563155566598,863325,570640,292685,
Panama,2021-05-20,"Oxford/AstraZeneca, Pfizer/BioNTech",https://twitter.com/MINSAPma/status/1395551618993639425,882282,576954,305328,
Panama,2021-05-21,"Oxford/AstraZeneca, Pfizer/BioNTech",https://twitter.com/MINSAPma/status/1395551618993639425,908452,592674,315778,
Panama,2021-05-22,"Oxford/AstraZeneca, Pfizer/BioNTech",https://twitter.com/MINSAPma/status/1396245577692819456,939728,622987,316741,
Panama,2021-05-23,"Oxford/AstraZeneca, Pfizer/BioNTech",https://twitter.com/MINSAPma/status/1396612310991527938,946249,,317882,
Panama,2021-05-24,"Oxford/AstraZeneca, Pfizer/BioNTech",https://twitter.com/MINSAPma/status/1396971431704113153,953508,623682,329826,
Panama,2021-05-25,"Oxford/AstraZeneca, Pfizer/BioNTech",https://twitter.com/MINSAPma/status/1397359263866052609,968604,630432,338172,
Panama,2021-05-26,"Oxford/AstraZeneca, Pfizer/BioNTech",https://twitter.com/MINSAPma/status/1397711293507948545,987818,646405,341413,
Panama,2021-05-29,"Oxford/AstraZeneca, Pfizer/BioNTech",https://twitter.com/MINSAPma/status/1398782484180000768,1031694,662381,369313,
Panama,2021-05-30,"Oxford/AstraZeneca, Pfizer/BioNTech",https://twitter.com/MINSAPma/status/1399168168833212418,1056258,680689,375569,
Panama,2021-05-31,"Oxford/AstraZeneca, Pfizer/BioNTech",https://twitter.com/MINSAPma/status/1399508328699600901,1071998,694254,377734,
Panama,2021-06-01,"Oxford/AstraZeneca, Pfizer/BioNTech",https://twitter.com/MINSAPma/status/1399902802231635972,1080005,700503,379502,
Panama,2021-06-02,"Oxford/AstraZeneca, Pfizer/BioNTech",https://twitter.com/MINSAPma/status/1400230318855143432,1083855,,384240,
Panama,2021-06-03,"Oxford/AstraZeneca, Pfizer/BioNTech",https://twitter.com/MINSAPma/status/1400622902219874305,1100689,714117,386572,
Panama,2021-06-04,"Oxford/AstraZeneca, Pfizer/BioNTech",https://twitter.com/MINSAPma/status/1400958164065992707,1112847,723356,389491,
Panama,2021-06-06,"Oxford/AstraZeneca, Pfizer/BioNTech",https://twitter.com/MINSAPma/status/1401698487662690305,1134516,744160,390356,
Panama,2021-06-07,"Oxford/AstraZeneca, Pfizer/BioNTech",https://twitter.com/MINSAPma/status/1402063554593755168,1143067,749786,393282,
Panama,2021-06-08,"Oxford/AstraZeneca, Pfizer/BioNTech",https://twitter.com/MINSAPma/status/1402431045908287490,1145654,750805,394849,
Panama,2021-06-09,"Oxford/AstraZeneca, Pfizer/BioNTech",https://twitter.com/MINSAPma/status/1402776839018459139,1164396,757307,407089,
Panama,2021-06-10,"Oxford/AstraZeneca, Pfizer/BioNTech",https://twitter.com/MINSAPma/status/1403145455329067012,1188731,769415,419316,
Panama,2021-06-11,"Oxford/AstraZeneca, Pfizer/BioNTech",https://twitter.com/MINSAPma/status/1403517143426215939,1220209,788633,429434,
Panama,2021-06-12,"Oxford/AstraZeneca, Pfizer/BioNTech",https://twitter.com/MINSAPma/status/1403889865842962432,1233583,796486,434955,
Panama,2021-06-13,"Oxford/AstraZeneca, Pfizer/BioNTech",https://twitter.com/MINSAPma/status/1404281079662526465,1281550,846566,434984,
Panama,2021-06-14,"Oxford/AstraZeneca, Pfizer/BioNTech",https://twitter.com/MINSAPma/status/1404579992038785026,1294993,858628,436365,
Panama,2021-06-15,"Oxford/AstraZeneca, Pfizer/BioNTech",https://twitter.com/MINSAPma/status/1404984589123211264,1327999,891151,436848,
Panama,2021-06-16,"Oxford/AstraZeneca, Pfizer/BioNTech",https://twitter.com/MINSAPma/status/1405346203030675463,1343784,,452808,
Panama,2021-06-17,"Oxford/AstraZeneca, Pfizer/BioNTech",https://twitter.com/MINSAPma/status/1405670570650390532,1370895,,467699,
Panama,2021-06-18,"Oxford/AstraZeneca, Pfizer/BioNTech",https://twitter.com/MINSAPma/status/1406075877713141761,1396100,,478426,
Panama,2021-06-19,"Oxford/AstraZeneca, Pfizer/BioNTech",https://twitter.com/MINSAPma/status/1406448055692541952,1412477,929180,483297,
Panama,2021-06-21,"Oxford/AstraZeneca, Pfizer/BioNTech",https://twitter.com/MINSAPma/status/1407128854414626816,1441439,953974,487465,
Panama,2021-06-22,"Oxford/AstraZeneca, Pfizer/BioNTech",https://twitter.com/MINSAPma/status/1407505270117445636,1441646,,490211,
Panama,2021-06-23,"Oxford/AstraZeneca, Pfizer/BioNTech",https://twitter.com/MINSAPma/status/1407846614111293440,1444047,,499244,
Panama,2021-06-24,"Oxford/AstraZeneca, Pfizer/BioNTech",https://twitter.com/MINSAPma/status/1408217109243498500,1469057,961168,507889,
Panama,2021-06-25,"Oxford/AstraZeneca, Pfizer/BioNTech",https://twitter.com/MINSAPma/status/1408565107412586497,1485288,970196,515092,
Panama,2021-06-27,"Oxford/AstraZeneca, Pfizer/BioNTech",https://twitter.com/MINSAPma/status/1409287149573312517,1501657,,,
Panama,2021-06-28,"Oxford/AstraZeneca, Pfizer/BioNTech",https://twitter.com/MINSAPma/status/1409673206315712512,1518049,994064,523985,
Panama,2021-06-29,"Oxford/AstraZeneca, Pfizer/BioNTech",https://twitter.com/MINSAPma/status/1410038067730259969,1534248,1007646,526602,
Panama,2021-06-30,"Oxford/AstraZeneca, Pfizer/BioNTech",https://twitter.com/MINSAPma/status/1410375110029189124,1553711,1018935,534776,
Panama,2021-07-01,"Oxford/AstraZeneca, Pfizer/BioNTech",https://twitter.com/MINSAPma/status/1410763397411508224,1572931,1026456,546475,
Panama,2021-07-04,"Oxford/AstraZeneca, Pfizer/BioNTech",https://twitter.com/MINSAPma/status/1411856133225123840,1600437,1038281,562156,
Panama,2021-07-05,"Oxford/AstraZeneca, Pfizer/BioNTech",https://twitter.com/MINSAPma/status/1412237642519961605,1614850,1045711,569139,
Panama,2021-07-06,"Oxford/AstraZeneca, Pfizer/BioNTech",https://twitter.com/MINSAPma/status/1412582466158743554,1646855,1073286,573569,
Panama,2021-07-07,"Oxford/AstraZeneca, Pfizer/BioNTech",https://twitter.com/MINSAPma/status/1412933928902664196,1664002,1082807,581195,
Panama,2021-07-08,"Oxford/AstraZeneca, Pfizer/BioNTech",https://twitter.com/MINSAPma/status/1413311945717977092,1688479,1096941,591538,
Panama,2021-07-09,"Oxford/AstraZeneca, Pfizer/BioNTech",https://twitter.com/MINSAPma/status/1413692845190430720,1724646,1121704,602942,
Panama,2021-07-11,"Oxford/AstraZeneca, Pfizer/BioNTech",https://twitter.com/MINSAPma/status/1414380513914245124,1736269,1127967,608302,
Panama,2021-07-12,"Oxford/AstraZeneca, Pfizer/BioNTech",https://twitter.com/MINSAPma/status/1414756099950092288,1749605,1133139,616466,
Panama,2021-07-13,"Oxford/AstraZeneca, Pfizer/BioNTech",https://twitter.com/MINSAPma/status/1415090465976770568,1763511,1139416,624095,
Panama,2021-07-14,"Oxford/AstraZeneca, Pfizer/BioNTech",https://twitter.com/MINSAPma/status/1415484837385932804,1781542,1149802,631740,
Panama,2021-07-15,"Oxford/AstraZeneca, Pfizer/BioNTech",https://twitter.com/MINSAPma/status/1415850797699579906,1810017,1169979,640038,
Panama,2021-07-16,"Oxford/AstraZeneca, Pfizer/BioNTech",https://twitter.com/MINSAPma/status/1416195498751447041,1841890,1193334,648556,
Panama,2021-07-19,"Oxford/AstraZeneca, Pfizer/BioNTech",https://twitter.com/MINSAPma/status/1417275252913156099,1877009,1220227,656782,
Panama,2021-07-20,"Oxford/AstraZeneca, Pfizer/BioNTech",https://twitter.com/MINSAPma/status/1417668955867648002,1890415,1226715,663700,
Panama,2021-07-21,"Oxford/AstraZeneca, Pfizer/BioNTech",https://twitter.com/MINSAPma/status/1418035562129264646,1911404,1241588,669816,
Panama,2021-07-22,"Oxford/AstraZeneca, Pfizer/BioNTech",https://twitter.com/MINSAPma/status/1418400270539710464,1975276,1300265,675011,
Panama,2021-07-23,"Oxford/AstraZeneca, Pfizer/BioNTech",https://twitter.com/MINSAPma/status/1418708119245533187,2066597,1384491,682106,
Panama,2021-07-24,"Oxford/AstraZeneca, Pfizer/BioNTech",https://twitter.com/MINSAPma/status/1419134309554864137,2168541,1485279,683262,
Panama,2021-07-25,"Oxford/AstraZeneca, Pfizer/BioNTech",https://twitter.com/MINSAPma/status/1419493740465557504,2252051,1567945,684106,
Panama,2021-07-28,"Oxford/AstraZeneca, Pfizer/BioNTech",https://twitter.com/MINSAPma/status/1420518329077403652,2327152,1637695,689457,
Panama,2021-07-29,"Oxford/AstraZeneca, Pfizer/BioNTech",https://twitter.com/MINSAPma/status/1420888782094622721,2408895,1717496,691399,
Panama,2021-07-30,"Oxford/AstraZeneca, Pfizer/BioNTech",https://twitter.com/MINSAPma/status/1421285755272454144,2573226,1878898,694328,
Panama,2021-07-31,"Oxford/AstraZeneca, Pfizer/BioNTech",https://twitter.com/MINSAPma/status/1421617684215648257,2679699,1984082,695617,
Panama,2021-08-01,"Oxford/AstraZeneca, Pfizer/BioNTech",https://twitter.com/MINSAPma/status/1422001839428472833,2753083,2056138,696945,
Panama,2021-08-02,"Oxford/AstraZeneca, Pfizer/BioNTech",https://twitter.com/MINSAPma/status/1422352037346414596,2803185,2103939,699246,
Panama,2021-08-03,"Oxford/AstraZeneca, Pfizer/BioNTech",https://twitter.com/MINSAPma/status/1422746622476304385,2818065,2117800,700225,
Panama,2021-08-04,"Oxford/AstraZeneca, Pfizer/BioNTech",https://twitter.com/MINSAPma/status/1423088817817460736,2844241,2133336,710905,
Panama,2021-08-05,"Oxford/AstraZeneca, Pfizer/BioNTech",https://twitter.com/MINSAPma/status/1423456158493315072,2929481,2208721,720760,
Panama,2021-08-06,"Oxford/AstraZeneca, Pfizer/BioNTech",https://twitter.com/MINSAPma/status/1423853658580652037,3006726,2280937,725789,
Panama,2021-08-07,"Oxford/AstraZeneca, Pfizer/BioNTech",https://twitter.com/MINSAPma/status/1424188377969176576,3092971,2354177,738794,
Panama,2021-08-08,"Oxford/AstraZeneca, Pfizer/BioNTech",https://twitter.com/MINSAPma/status/1424529389589606402,3142065,2398106,743959,
Panama,2021-08-10,"Oxford/AstraZeneca, Pfizer/BioNTech",https://twitter.com/MINSAPma/status/1425275454425083907,3182124,2425133,756991,
Panama,2021-08-11,"Oxford/AstraZeneca, Pfizer/BioNTech",https://twitter.com/MINSAPma/status/1425612079826939904,3217064,2429164,787900,
Panama,2021-08-12,"Oxford/AstraZeneca, Pfizer/BioNTech",https://twitter.com/MINSAPma/status/1426026305397604355,3292229,2469405,822824,
Panama,2021-08-13,"Oxford/AstraZeneca, Pfizer/BioNTech",https://twitter.com/MINSAPma/status/1426335034697568259,3418466,2572417,846049,
Panama,2021-08-17,"Oxford/AstraZeneca, Pfizer/BioNTech",https://twitter.com/MINSAPma/status/1427803331158847493,3583005,,,
Panama,2021-08-18,"Oxford/AstraZeneca, Pfizer/BioNTech",https://twitter.com/MINSAPma/status/1428174851076935684,3644906,2669294,975612,
Panama,2021-08-19,"Oxford/AstraZeneca, Pfizer/BioNTech",https://twitter.com/MINSAPma/status/1428502417335848960,3749768,2700687,1049081,
Panama,2021-08-20,"Oxford/AstraZeneca, Pfizer/BioNTech",https://twitter.com/MINSAPma/status/1428862276774334464,3844380,,,
Panama,2021-08-22,"Oxford/AstraZeneca, Pfizer/BioNTech",https://twitter.com/MINSAPma/status/1429605955591974914,4028510,,,
Panama,2021-08-24,"Oxford/AstraZeneca, Pfizer/BioNTech",https://twitter.com/MINSAPma/status/1430334175639375873,4073049,,,
Panama,2021-08-25,"Oxford/AstraZeneca, Pfizer/BioNTech",https://twitter.com/MINSAPma/status/1430665270201311237,4124375,,,
Panama,2021-08-26,"Oxford/AstraZeneca, Pfizer/BioNTech",https://twitter.com/MINSAPma/status/1431029213625298944,4226317,,,
Panama,2021-08-29,"Oxford/AstraZeneca, Pfizer/BioNTech",https://vacunas.panamasolidario.gob.pa/vacunometro,4275927,2703694,1572233,
Panama,2021-08-30,"Oxford/AstraZeneca, Pfizer/BioNTech",https://vacunas.panamasolidario.gob.pa/vacunometro,4355184,2725107,1630077,
Panama,2021-08-31,"Oxford/AstraZeneca, Pfizer/BioNTech",https://vacunas.panamasolidario.gob.pa/vacunometro,4359910,2727201,1632709,
Panama,2021-09-01,"Oxford/AstraZeneca, Pfizer/BioNTech",https://vacunas.panamasolidario.gob.pa/vacunometro,4403083,2741559,1661524,
Panama,2021-09-02,"Oxford/AstraZeneca, Pfizer/BioNTech",https://vacunas.panamasolidario.gob.pa/vacunometro,4466517,2759060,1707457,
Panama,2021-09-03,"Oxford/AstraZeneca, Pfizer/BioNTech",https://vacunas.panamasolidario.gob.pa/vacunometro,4535919,2777021,1758898,
Panama,2021-09-04,"Oxford/AstraZeneca, Pfizer/BioNTech",https://vacunas.panamasolidario.gob.pa/vacunometro,4599156,2792782,1806374,
Panama,2021-09-05,"Oxford/AstraZeneca, Pfizer/BioNTech",https://vacunas.panamasolidario.gob.pa/vacunometro,4668005,2807467,1860538,
Panama,2021-09-06,"Oxford/AstraZeneca, Pfizer/BioNTech",https://vacunas.panamasolidario.gob.pa/vacunometro,4711715,2819641,1892074,
Panama,2021-09-07,"Oxford/AstraZeneca, Pfizer/BioNTech",https://vacunas.panamasolidario.gob.pa/vacunometro,4727750,2823194,1904556,
Panama,2021-09-08,"Oxford/AstraZeneca, Pfizer/BioNTech",https://vacunas.panamasolidario.gob.pa/vacunometro,4729327,2823629,1905698,
Panama,2021-09-09,"Oxford/AstraZeneca, Pfizer/BioNTech",https://vacunas.panamasolidario.gob.pa/vacunometro,4771874,2833211,1938663,
Panama,2021-09-10,"Oxford/AstraZeneca, Pfizer/BioNTech",https://vacunas.panamasolidario.gob.pa/vacunometro,4819132,2844061,1975071,
Panama,2021-09-11,"Oxford/AstraZeneca, Pfizer/BioNTech",https://vacunas.panamasolidario.gob.pa/vacunometro,4864862,2854742,2010120,
Panama,2021-09-12,"Oxford/AstraZeneca, Pfizer/BioNTech",https://vacunas.panamasolidario.gob.pa/vacunometro,4905120,2862765,2042355,
Panama,2021-09-13,"Oxford/AstraZeneca, Pfizer/BioNTech",https://vacunas.panamasolidario.gob.pa/vacunometro,4947260,2870776,2076484,
Panama,2021-09-14,"Oxford/AstraZeneca, Pfizer/BioNTech",https://vacunas.panamasolidario.gob.pa/vacunometro,4955162,2872878,2082284,
Panama,2021-09-15,"Oxford/AstraZeneca, Pfizer/BioNTech",https://vacunas.panamasolidario.gob.pa/vacunometro,4964341,2875314,2089027,
Panama,2021-09-16,"Oxford/AstraZeneca, Pfizer/BioNTech",https://vacunas.panamasolidario.gob.pa/vacunometro,4996138,2881519,2114619,
Panama,2021-09-17,"Oxford/AstraZeneca, Pfizer/BioNTech",https://vacunas.panamasolidario.gob.pa/vacunometro,5042581,2891906,2150675,
Panama,2021-09-18,"Oxford/AstraZeneca, Pfizer/BioNTech",https://vacunas.panamasolidario.gob.pa/vacunometro,5042684,2891920,2150764,
Panama,2021-09-19,"Oxford/AstraZeneca, Pfizer/BioNTech",https://vacunas.panamasolidario.gob.pa/vacunometro,5051989,2894417,2157572,
Panama,2021-09-20,"Oxford/AstraZeneca, Pfizer/BioNTech",https://vacunas.panamasolidario.gob.pa/vacunometro,5055799,2895346,2160453,
Panama,2021-09-21,"Oxford/AstraZeneca, Pfizer/BioNTech",https://vacunas.panamasolidario.gob.pa/vacunometro,5061909,2897110,2164799,
Panama,2021-09-22,"Oxford/AstraZeneca, Pfizer/BioNTech",https://vacunas.panamasolidario.gob.pa/vacunometro,5084912,2903867,2181122,
Panama,2021-09-23,"Oxford/AstraZeneca, Pfizer/BioNTech",https://vacunas.panamasolidario.gob.pa/vacunometro,5087853,2904686,2183167,
Panama,2021-09-24,"Oxford/AstraZeneca, Pfizer/BioNTech",https://vacunas.panamasolidario.gob.pa/vacunometro,5110779,2911190,2199589,
Panama,2021-09-25,"Oxford/AstraZeneca, Pfizer/BioNTech",https://vacunas.panamasolidario.gob.pa/vacunometro,5122694,2915017,2207676,
Panama,2021-09-26,"Oxford/AstraZeneca, Pfizer/BioNTech",https://vacunas.panamasolidario.gob.pa/vacunometro,5127756,2916523,2211232,
Panama,2021-09-27,"Oxford/AstraZeneca, Pfizer/BioNTech",https://vacunas.panamasolidario.gob.pa/vacunometro,5128455,2916716,2211738,
Panama,2021-09-28,"Oxford/AstraZeneca, Pfizer/BioNTech",https://vacunas.panamasolidario.gob.pa/vacunometro,5132961,2918490,2214470,
Panama,2021-09-29,"Oxford/AstraZeneca, Pfizer/BioNTech",https://vacunas.panamasolidario.gob.pa/vacunometro,5138545,2920193,2218103,
Panama,2021-09-30,"Oxford/AstraZeneca, Pfizer/BioNTech",https://vacunas.panamasolidario.gob.pa/vacunometro,5156649,2923913,2232005,
Panama,2021-10-02,"Oxford/AstraZeneca, Pfizer/BioNTech",https://vacunas.panamasolidario.gob.pa/vacunometro,5160573,2924521,2235197,
Panama,2021-10-03,"Oxford/AstraZeneca, Pfizer/BioNTech",https://vacunas.panamasolidario.gob.pa/vacunometro,5215017,2934616,2278878,
Panama,2021-10-04,"Oxford/AstraZeneca, Pfizer/BioNTech",https://vacunas.panamasolidario.gob.pa/vacunometro,5218682,2935489,2281668,
Panama,2021-10-05,"Oxford/AstraZeneca, Pfizer/BioNTech",https://vacunas.panamasolidario.gob.pa/vacunometro,5222348,2936709,2283962,
Panama,2021-10-06,"Oxford/AstraZeneca, Pfizer/BioNTech",https://vacunas.panamasolidario.gob.pa/vacunometro,5227466,2938275,2287101,
Panama,2021-10-07,"Oxford/AstraZeneca, Pfizer/BioNTech",https://vacunas.panamasolidario.gob.pa/vacunometro,5238929,2941251,2295012,
Panama,2021-10-08,"Oxford/AstraZeneca, Pfizer/BioNTech",https://vacunas.panamasolidario.gob.pa/vacunometro,5250011,2944499,2302443,
Panama,2021-10-09,"Oxford/AstraZeneca, Pfizer/BioNTech",https://vacunas.panamasolidario.gob.pa/vacunometro,5260471,2947820,2309258,
Panama,2021-10-10,"Oxford/AstraZeneca, Pfizer/BioNTech",https://vacunas.panamasolidario.gob.pa/vacunometro,5265750,2949561,2312785,
Panama,2021-10-11,"Oxford/AstraZeneca, Pfizer/BioNTech",https://vacunas.panamasolidario.gob.pa/vacunometro,5271936,2951452,2316857,
Panama,2021-10-13,"Oxford/AstraZeneca, Pfizer/BioNTech",https://vacunas.panamasolidario.gob.pa/vacunometro,5277886,2952849,2319720,
Panama,2021-10-14,"Oxford/AstraZeneca, Pfizer/BioNTech",https://vacunas.panamasolidario.gob.pa/vacunometro,5296080,2954943,2324259,
Panama,2021-10-15,"Oxford/AstraZeneca, Pfizer/BioNTech",https://vacunas.panamasolidario.gob.pa/vacunometro,5314680,2956849,2329139,
Panama,2021-10-16,"Oxford/AstraZeneca, Pfizer/BioNTech",https://vacunas.panamasolidario.gob.pa/vacunometro,5334950,2959378,2336653,
Panama,2021-10-17,"Oxford/AstraZeneca, Pfizer/BioNTech",https://vacunas.panamasolidario.gob.pa/vacunometro,5334965,2959378,2336664,
Panama,2021-10-18,"Oxford/AstraZeneca, Pfizer/BioNTech",https://vacunas.panamasolidario.gob.pa/vacunometro,5338097,2960028,2338282,
Panama,2021-10-19,"Oxford/AstraZeneca, Pfizer/BioNTech",https://vacunas.panamasolidario.gob.pa/vacunometro,5346431,2961391,2340962,
Panama,2021-10-20,"Oxford/AstraZeneca, Pfizer/BioNTech",https://vacunas.panamasolidario.gob.pa/vacunometro,5364077,2963668,2345238,
Panama,2021-10-21,"Oxford/AstraZeneca, Pfizer/BioNTech",https://vacunas.panamasolidario.gob.pa/vacunometro,5369891,2964477,2347148,
Panama,2021-10-22,"Oxford/AstraZeneca, Pfizer/BioNTech",https://vacunas.panamasolidario.gob.pa/vacunometro,5383580,2966144,2351122,
Panama,2021-10-23,"Oxford/AstraZeneca, Pfizer/BioNTech",https://vacunas.panamasolidario.gob.pa/vacunometro,5396795,2967699,2354976,
Panama,2021-10-24,"Oxford/AstraZeneca, Pfizer/BioNTech",https://vacunas.panamasolidario.gob.pa/vacunometro,5403579,2968439,2357052,
Panama,2021-10-25,"Oxford/AstraZeneca, Pfizer/BioNTech",https://vacunas.panamasolidario.gob.pa/vacunometro,5408906,2968949,2358576,
Panama,2021-10-26,"Oxford/AstraZeneca, Pfizer/BioNTech",https://vacunas.panamasolidario.gob.pa/vacunometro,5415924,2970183,2361202,
Panama,2021-10-27,"Oxford/AstraZeneca, Pfizer/BioNTech",https://vacunas.panamasolidario.gob.pa/vacunometro,5423075,2971641,2363501,
Panama,2021-10-28,"Oxford/AstraZeneca, Pfizer/BioNTech",https://vacunas.panamasolidario.gob.pa/vacunometro,5434540,2973429,2367229,
Panama,2021-10-29,"Oxford/AstraZeneca, Pfizer/BioNTech",https://vacunas.panamasolidario.gob.pa/vacunometro,5445837,2975590,2371160,
Panama,2021-10-30,"Oxford/AstraZeneca, Pfizer/BioNTech",https://vacunas.panamasolidario.gob.pa/vacunometro,5455265,2977256,2374775,
Panama,2021-10-31,"Oxford/AstraZeneca, Pfizer/BioNTech",https://vacunas.panamasolidario.gob.pa/vacunometro,5461140,2978131,2377349,
Panama,2021-11-01,"Oxford/AstraZeneca, Pfizer/BioNTech",https://vacunas.panamasolidario.gob.pa/vacunometro,5464743,2978656,2378778,
Panama,2021-11-02,"Oxford/AstraZeneca, Pfizer/BioNTech",https://vacunas.panamasolidario.gob.pa/vacunometro,5467881,2979419,2379886,
Panama,2021-11-03,"Oxford/AstraZeneca, Pfizer/BioNTech",https://vacunas.panamasolidario.gob.pa/vacunometro,5468574,2979607,2380223,
Panama,2021-11-04,"Oxford/AstraZeneca, Pfizer/BioNTech",https://vacunas.panamasolidario.gob.pa/vacunometro,5468923,2979701,2380409,
