location,date,vaccine,source_url,total_vaccinations,people_vaccinated,people_fully_vaccinated,total_boosters
Paraguay,2021-02-22,Sputnik V,https://www.vacunate.gov.py/index-listado-vacunados.html,200,200,0,
Paraguay,2021-02-23,"Oxford/AstraZeneca, Sputnik V",https://www.vacunate.gov.py/index-listado-vacunados.html,546,546,0,
Paraguay,2021-02-24,"Oxford/AstraZeneca, Sputnik V",https://www.vacunate.gov.py/index-listado-vacunados.html,1001,1001,0,
Paraguay,2021-02-25,"Oxford/AstraZeneca, Sputnik V",https://www.vacunate.gov.py/index-listado-vacunados.html,1361,1361,0,
Paraguay,2021-02-26,"Oxford/AstraZeneca, Sputnik V",https://www.vacunate.gov.py/index-listado-vacunados.html,1521,1521,0,
Paraguay,2021-02-28,"Oxford/AstraZeneca, Sinopharm/Beijing, Sputnik V",https://www.vacunate.gov.py/index-listado-vacunados.html,1522,1522,0,
Paraguay,2021-03-01,"Covaxin, Oxford/AstraZeneca, Sinopharm/Beijing, Sputnik V",https://www.vacunate.gov.py/index-listado-vacunados.html,1523,1523,0,
Paraguay,2021-03-02,"Covaxin, Oxford/AstraZeneca, Sinopharm/Beijing, Sputnik V",https://www.vacunate.gov.py/index-listado-vacunados.html,1634,1633,1,
Paraguay,2021-03-03,"Covaxin, Oxford/AstraZeneca, Sinopharm/Beijing, Sputnik V",https://www.vacunate.gov.py/index-listado-vacunados.html,1702,1699,3,
Paraguay,2021-03-04,"Covaxin, Oxford/AstraZeneca, Sinopharm/Beijing, Sputnik V",https://www.vacunate.gov.py/index-listado-vacunados.html,1733,1730,3,
Paraguay,2021-03-05,"Covaxin, Oxford/AstraZeneca, Sinopharm/Beijing, Sputnik V",https://www.vacunate.gov.py/index-listado-vacunados.html,1783,1780,3,
Paraguay,2021-03-06,"Covaxin, Oxford/AstraZeneca, Sinopharm/Beijing, Sputnik V",https://www.vacunate.gov.py/index-listado-vacunados.html,1784,1781,3,
Paraguay,2021-03-08,"Covaxin, Oxford/AstraZeneca, Sinopharm/Beijing, Sputnik V",https://www.vacunate.gov.py/index-listado-vacunados.html,1884,1881,3,
Paraguay,2021-03-09,"Covaxin, Oxford/AstraZeneca, Sinopharm/Beijing, Sputnik V",https://www.vacunate.gov.py/index-listado-vacunados.html,1934,1931,3,
Paraguay,2021-03-10,"Covaxin, Oxford/AstraZeneca, Sinopharm/Beijing, Sinovac, Sputnik V",https://www.vacunate.gov.py/index-listado-vacunados.html,2895,2892,3,
Paraguay,2021-03-11,"Covaxin, Oxford/AstraZeneca, Sinopharm/Beijing, Sinovac, Sputnik V",https://www.vacunate.gov.py/index-listado-vacunados.html,4726,4723,3,
Paraguay,2021-03-12,"Covaxin, Oxford/AstraZeneca, Sinopharm/Beijing, Sinovac, Sputnik V",https://www.vacunate.gov.py/index-listado-vacunados.html,7864,7861,3,
Paraguay,2021-03-13,"Covaxin, Oxford/AstraZeneca, Sinopharm/Beijing, Sinovac, Sputnik V",https://www.vacunate.gov.py/index-listado-vacunados.html,9932,9929,3,
Paraguay,2021-03-14,"Covaxin, Oxford/AstraZeneca, Sinopharm/Beijing, Sinovac, Sputnik V",https://www.vacunate.gov.py/index-listado-vacunados.html,11667,11664,3,
Paraguay,2021-03-15,"Covaxin, Oxford/AstraZeneca, Sinopharm/Beijing, Sinovac, Sputnik V",https://www.vacunate.gov.py/index-listado-vacunados.html,12103,11950,153,
Paraguay,2021-03-16,"Covaxin, Oxford/AstraZeneca, Sinopharm/Beijing, Sinovac, Sputnik V",https://www.vacunate.gov.py/index-listado-vacunados.html,13129,12631,498,
Paraguay,2021-03-17,"Covaxin, Oxford/AstraZeneca, Sinopharm/Beijing, Sinovac, Sputnik V",https://www.vacunate.gov.py/index-listado-vacunados.html,14007,13089,918,
Paraguay,2021-03-18,"Covaxin, Oxford/AstraZeneca, Sinopharm/Beijing, Sinovac, Sputnik V",https://www.vacunate.gov.py/index-listado-vacunados.html,14545,13322,1223,
Paraguay,2021-03-19,"Covaxin, Oxford/AstraZeneca, Sinopharm/Beijing, Sinovac, Sputnik V",https://www.vacunate.gov.py/index-listado-vacunados.html,14785,13407,1378,
Paraguay,2021-03-20,"Covaxin, Oxford/AstraZeneca, Sinopharm/Beijing, Sinovac, Sputnik V",https://www.vacunate.gov.py/index-listado-vacunados.html,14790,13412,1378,
Paraguay,2021-03-21,"Covaxin, Oxford/AstraZeneca, Sinopharm/Beijing, Sinovac, Sputnik V",https://www.vacunate.gov.py/index-listado-vacunados.html,14793,13415,1378,
Paraguay,2021-03-22,"Covaxin, Oxford/AstraZeneca, Sinopharm/Beijing, Sinovac, Sputnik V",https://www.vacunate.gov.py/index-listado-vacunados.html,14821,13418,1403,
Paraguay,2021-03-23,"Covaxin, Oxford/AstraZeneca, Sinopharm/Beijing, Sinovac, Sputnik V",https://www.vacunate.gov.py/index-listado-vacunados.html,19062,17553,1509,
Paraguay,2021-03-24,"Covaxin, Oxford/AstraZeneca, Sinopharm/Beijing, Sinovac, Sputnik V",https://www.vacunate.gov.py/index-listado-vacunados.html,24815,23226,1589,
Paraguay,2021-03-25,"Covaxin, Oxford/AstraZeneca, Sinopharm/Beijing, Sinovac, Sputnik V",https://www.vacunate.gov.py/index-listado-vacunados.html,30791,29167,1624,
Paraguay,2021-03-26,"Covaxin, Oxford/AstraZeneca, Sinopharm/Beijing, Sinovac, Sputnik V",https://www.vacunate.gov.py/index-listado-vacunados.html,35917,34261,1656,
Paraguay,2021-03-27,"Covaxin, Oxford/AstraZeneca, Sinopharm/Beijing, Sinovac, Sputnik V",https://www.vacunate.gov.py/index-listado-vacunados.html,38279,36623,1656,
Paraguay,2021-03-28,"Covaxin, Oxford/AstraZeneca, Sinopharm/Beijing, Sinovac, Sputnik V",https://www.vacunate.gov.py/index-listado-vacunados.html,39227,37571,1656,
Paraguay,2021-03-29,"Covaxin, Oxford/AstraZeneca, Sinopharm/Beijing, Sinovac, Sputnik V",https://www.vacunate.gov.py/index-listado-vacunados.html,42575,40837,1738,
Paraguay,2021-03-30,"Covaxin, Oxford/AstraZeneca, Sinopharm/Beijing, Sinovac, Sputnik V",https://www.vacunate.gov.py/index-listado-vacunados.html,44982,43203,1779,
Paraguay,2021-03-31,"Covaxin, Oxford/AstraZeneca, Sinopharm/Beijing, Sinovac, Sputnik V",https://www.vacunate.gov.py/index-listado-vacunados.html,46348,44527,1821,
Paraguay,2021-04-01,"Covaxin, Oxford/AstraZeneca, Sinopharm/Beijing, Sinovac, Sputnik V",https://www.vacunate.gov.py/index-listado-vacunados.html,46419,44597,1822,
Paraguay,2021-04-03,"Covaxin, Oxford/AstraZeneca, Sinopharm/Beijing, Sinovac, Sputnik V",https://www.vacunate.gov.py/index-listado-vacunados.html,46728,44905,1823,
Paraguay,2021-04-04,"Covaxin, Oxford/AstraZeneca, Sinopharm/Beijing, Sinovac, Sputnik V",https://www.vacunate.gov.py/index-listado-vacunados.html,46731,44908,1823,
Paraguay,2021-04-05,"Covaxin, Oxford/AstraZeneca, Sinopharm/Beijing, Sinovac, Sputnik V",https://www.vacunate.gov.py/index-listado-vacunados.html,47292,45449,1843,
Paraguay,2021-04-06,"Covaxin, Oxford/AstraZeneca, Sinopharm/Beijing, Sinovac, Sputnik V",https://www.vacunate.gov.py/index-listado-vacunados.html,47970,46034,1936,
Paraguay,2021-04-07,"Covaxin, Oxford/AstraZeneca, Sinopharm/Beijing, Sinovac, Sputnik V",https://www.vacunate.gov.py/index-listado-vacunados.html,49365,46576,2789,
Paraguay,2021-04-08,"Covaxin, Oxford/AstraZeneca, Sinopharm/Beijing, Sinovac, Sputnik V",https://www.vacunate.gov.py/index-listado-vacunados.html,51527,47276,4251,
Paraguay,2021-04-09,"Covaxin, Oxford/AstraZeneca, Sinopharm/Beijing, Sinovac, Sputnik V",https://www.vacunate.gov.py/index-listado-vacunados.html,53967,47506,6461,
Paraguay,2021-04-10,"Covaxin, Oxford/AstraZeneca, Sinopharm/Beijing, Sinovac, Sputnik V",https://www.vacunate.gov.py/index-listado-vacunados.html,56053,48493,7560,
Paraguay,2021-04-11,"Covaxin, Oxford/AstraZeneca, Sinopharm/Beijing, Sinovac, Sputnik V",https://www.vacunate.gov.py/index-listado-vacunados.html,57754,49786,7968,
Paraguay,2021-04-12,"Covaxin, Oxford/AstraZeneca, Sinopharm/Beijing, Sinovac, Sputnik V",https://www.vacunate.gov.py/index-listado-vacunados.html,62422,52974,9448,
Paraguay,2021-04-13,"Covaxin, Oxford/AstraZeneca, Sinopharm/Beijing, Sinovac, Sputnik V",https://www.vacunate.gov.py/index-listado-vacunados.html,70770,60494,10276,
Paraguay,2021-04-14,"Covaxin, Oxford/AstraZeneca, Sinopharm/Beijing, Sinovac, Sputnik V",https://www.vacunate.gov.py/index-listado-vacunados.html,78722,67849,10873,
Paraguay,2021-04-15,"Covaxin, Oxford/AstraZeneca, Sinopharm/Beijing, Sinovac, Sputnik V",https://www.vacunate.gov.py/index-listado-vacunados.html,85894,74599,11295,
Paraguay,2021-04-16,"Covaxin, Oxford/AstraZeneca, Sinopharm/Beijing, Sinovac, Sputnik V",https://www.vacunate.gov.py/index-listado-vacunados.html,91464,79757,11707,
Paraguay,2021-04-17,"Covaxin, Oxford/AstraZeneca, Sinopharm/Beijing, Sinovac, Sputnik V",https://www.vacunate.gov.py/index-listado-vacunados.html,92691,80943,11748,
Paraguay,2021-04-18,"Covaxin, Oxford/AstraZeneca, Sinopharm/Beijing, Sinovac, Sputnik V",https://www.vacunate.gov.py/index-listado-vacunados.html,93056,81292,11764,
Paraguay,2021-04-19,"Covaxin, Oxford/AstraZeneca, Sinopharm/Beijing, Sinovac, Sputnik V",https://www.vacunate.gov.py/index-listado-vacunados.html,95615,83706,11909,
Paraguay,2021-04-20,"Covaxin, Oxford/AstraZeneca, Sinopharm/Beijing, Sinovac, Sputnik V",https://www.vacunate.gov.py/index-listado-vacunados.html,97806,85804,12002,
Paraguay,2021-04-21,"Covaxin, Oxford/AstraZeneca, Sinopharm/Beijing, Sinovac, Sputnik V",https://www.vacunate.gov.py/index-listado-vacunados.html,99599,87519,12080,
Paraguay,2021-04-22,"Covaxin, Oxford/AstraZeneca, Sinopharm/Beijing, Sinovac, Sputnik V",https://www.vacunate.gov.py/index-listado-vacunados.html,101290,89140,12150,
Paraguay,2021-04-23,"Covaxin, Moderna, Oxford/AstraZeneca, Sinopharm/Beijing, Sinovac, Sputnik V",https://www.vacunate.gov.py/index-listado-vacunados.html,102677,90452,12225,
Paraguay,2021-04-24,"Covaxin, Moderna, Oxford/AstraZeneca, Sinopharm/Beijing, Sinovac, Sputnik V",https://www.vacunate.gov.py/index-listado-vacunados.html,102933,90665,12268,
Paraguay,2021-04-25,"Covaxin, Moderna, Oxford/AstraZeneca, Sinopharm/Beijing, Sinovac, Sputnik V",https://www.vacunate.gov.py/index-listado-vacunados.html,103070,90788,12282,
Paraguay,2021-04-26,"Covaxin, Moderna, Oxford/AstraZeneca, Sinopharm/Beijing, Sinovac, Sputnik V",https://www.vacunate.gov.py/index-listado-vacunados.html,104139,91798,12341,
Paraguay,2021-04-27,"Covaxin, Moderna, Oxford/AstraZeneca, Sinopharm/Beijing, Sinovac, Sputnik V",https://www.vacunate.gov.py/index-listado-vacunados.html,109255,96876,12379,
Paraguay,2021-04-28,"Covaxin, Moderna, Oxford/AstraZeneca, Sinopharm/Beijing, Sinovac, Sputnik V",https://www.vacunate.gov.py/index-listado-vacunados.html,116585,104157,12428,
Paraguay,2021-04-29,"Covaxin, Moderna, Oxford/AstraZeneca, Sinopharm/Beijing, Sinovac, Sputnik V",https://www.vacunate.gov.py/index-listado-vacunados.html,126375,113900,12475,
Paraguay,2021-04-30,"Covaxin, Moderna, Oxford/AstraZeneca, Sinopharm/Beijing, Sinovac, Sputnik V",https://www.vacunate.gov.py/index-listado-vacunados.html,134680,122149,12531,
Paraguay,2021-05-01,"Covaxin, Moderna, Oxford/AstraZeneca, Sinopharm/Beijing, Sinovac, Sputnik V",https://www.vacunate.gov.py/index-listado-vacunados.html,135374,122837,12537,
Paraguay,2021-05-02,"Covaxin, Moderna, Oxford/AstraZeneca, Sinopharm/Beijing, Sinovac, Sputnik V",https://www.vacunate.gov.py/index-listado-vacunados.html,135915,123367,12548,
Paraguay,2021-05-03,"Covaxin, Moderna, Oxford/AstraZeneca, Sinopharm/Beijing, Sinovac, Sputnik V",https://www.vacunate.gov.py/index-listado-vacunados.html,143597,130891,12706,
Paraguay,2021-05-04,"Covaxin, Moderna, Oxford/AstraZeneca, Sinopharm/Beijing, Sinovac, Sputnik V",https://www.vacunate.gov.py/index-listado-vacunados.html,151011,138000,13011,
Paraguay,2021-05-05,"Covaxin, Moderna, Oxford/AstraZeneca, Sinopharm/Beijing, Sinovac, Sputnik V",https://www.vacunate.gov.py/index-listado-vacunados.html,158538,145155,13383,
Paraguay,2021-05-06,"Covaxin, Moderna, Oxford/AstraZeneca, Sinopharm/Beijing, Sinovac, Sputnik V",https://www.vacunate.gov.py/index-listado-vacunados.html,164978,151266,13712,
Paraguay,2021-05-07,"Covaxin, Moderna, Oxford/AstraZeneca, Sinopharm/Beijing, Sinovac, Sputnik V",https://www.vacunate.gov.py/index-listado-vacunados.html,170832,156682,14150,
Paraguay,2021-05-08,"Covaxin, Moderna, Oxford/AstraZeneca, Sinopharm/Beijing, Sinovac, Sputnik V",https://www.vacunate.gov.py/index-listado-vacunados.html,171954,157524,14430,
Paraguay,2021-05-09,"Covaxin, Moderna, Oxford/AstraZeneca, Sinopharm/Beijing, Sinovac, Sputnik V",https://www.vacunate.gov.py/index-listado-vacunados.html,172797,158125,14672,
Paraguay,2021-05-10,"Covaxin, Moderna, Oxford/AstraZeneca, Sinopharm/Beijing, Sinovac, Sputnik V",https://www.vacunate.gov.py/index-listado-vacunados.html,184880,167888,16992,
Paraguay,2021-05-11,"Covaxin, Moderna, Oxford/AstraZeneca, Sinopharm/Beijing, Sinovac, Sputnik V",https://www.vacunate.gov.py/index-listado-vacunados.html,199199,178491,20708,
Paraguay,2021-05-12,"Covaxin, Moderna, Oxford/AstraZeneca, Sinopharm/Beijing, Sinovac, Sputnik V",https://www.vacunate.gov.py/index-listado-vacunados.html,214439,189578,24861,
Paraguay,2021-05-13,"Covaxin, Moderna, Oxford/AstraZeneca, Pfizer/BioNTech, Sinopharm/Beijing, Sinovac, Sputnik V",https://www.vacunate.gov.py/index-listado-vacunados.html,232673,202016,30657,
Paraguay,2021-05-14,"Covaxin, Moderna, Oxford/AstraZeneca, Pfizer/BioNTech, Sinopharm/Beijing, Sinovac, Sputnik V",https://www.vacunate.gov.py/index-listado-vacunados.html,242213,210050,32163,
Paraguay,2021-05-15,"Covaxin, Moderna, Oxford/AstraZeneca, Pfizer/BioNTech, Sinopharm/Beijing, Sinovac, Sputnik V",https://www.vacunate.gov.py/index-listado-vacunados.html,244012,211543,32469,
Paraguay,2021-05-16,"Covaxin, Moderna, Oxford/AstraZeneca, Pfizer/BioNTech, Sinopharm/Beijing, Sinovac, Sputnik V",https://www.vacunate.gov.py/index-listado-vacunados.html,246156,213284,32872,
Paraguay,2021-05-17,"Covaxin, Moderna, Oxford/AstraZeneca, Pfizer/BioNTech, Sinopharm/Beijing, Sinovac, Sputnik V",https://www.vacunate.gov.py/index-listado-vacunados.html,258364,218439,39925,
Paraguay,2021-05-18,"Covaxin, Moderna, Oxford/AstraZeneca, Pfizer/BioNTech, Sinopharm/Beijing, Sinovac, Sputnik V",https://www.vacunate.gov.py/index-listado-vacunados.html,279316,233904,45412,
Paraguay,2021-05-19,"Covaxin, Moderna, Oxford/AstraZeneca, Pfizer/BioNTech, Sinopharm/Beijing, Sinovac, Sputnik V",https://www.vacunate.gov.py/index-listado-vacunados.html,299231,248488,50743,
Paraguay,2021-05-20,"Covaxin, Moderna, Oxford/AstraZeneca, Pfizer/BioNTech, Sinopharm/Beijing, Sinovac, Sputnik V",https://www.vacunate.gov.py/index-listado-vacunados.html,318803,263215,55588,
Paraguay,2021-05-21,"Covaxin, Moderna, Oxford/AstraZeneca, Pfizer/BioNTech, Sinopharm/Beijing, Sinovac, Sputnik V",https://www.vacunate.gov.py/index-listado-vacunados.html,335822,275830,59992,
Paraguay,2021-05-22,"Covaxin, Moderna, Oxford/AstraZeneca, Pfizer/BioNTech, Sinopharm/Beijing, Sinovac, Sputnik V",https://www.vacunate.gov.py/index-listado-vacunados.html,344560,283602,60958,
Paraguay,2021-05-23,"Covaxin, Moderna, Oxford/AstraZeneca, Pfizer/BioNTech, Sinopharm/Beijing, Sinovac, Sputnik V",https://www.vacunate.gov.py/index-listado-vacunados.html,344679,283654,61025,
Paraguay,2021-05-24,"Covaxin, Moderna, Oxford/AstraZeneca, Pfizer/BioNTech, Sinopharm/Beijing, Sinovac, Sputnik V",https://www.vacunate.gov.py/index-listado-vacunados.html,353582,287675,65907,
Paraguay,2021-05-25,"Covaxin, Moderna, Oxford/AstraZeneca, Pfizer/BioNTech, Sinopharm/Beijing, Sinovac, Sputnik V",https://www.vacunate.gov.py/index-listado-vacunados.html,364261,294151,70110,
Paraguay,2021-05-26,"Covaxin, Moderna, Oxford/AstraZeneca, Pfizer/BioNTech, Sinopharm/Beijing, Sinovac, Sputnik V",https://www.vacunate.gov.py/index-listado-vacunados.html,379957,305812,74145,
Paraguay,2021-05-27,"Covaxin, Moderna, Oxford/AstraZeneca, Pfizer/BioNTech, Sinopharm/Beijing, Sinovac, Sputnik V",https://www.vacunate.gov.py/index-listado-vacunados.html,398806,320259,78547,
Paraguay,2021-05-28,"Covaxin, Moderna, Oxford/AstraZeneca, Pfizer/BioNTech, Sinopharm/Beijing, Sinovac, Sputnik V",https://www.vacunate.gov.py/index-listado-vacunados.html,414365,330058,84307,
Paraguay,2021-05-29,"Covaxin, Moderna, Oxford/AstraZeneca, Pfizer/BioNTech, Sinopharm/Beijing, Sinovac, Sputnik V",https://www.vacunate.gov.py/index-listado-vacunados.html,417613,332235,85378,
Paraguay,2021-05-30,"Covaxin, Moderna, Oxford/AstraZeneca, Pfizer/BioNTech, Sinopharm/Beijing, Sinovac, Sputnik V",https://www.vacunate.gov.py/index-listado-vacunados.html,418574,332938,85636,
Paraguay,2021-05-31,"Covaxin, Moderna, Oxford/AstraZeneca, Pfizer/BioNTech, Sinopharm/Beijing, Sinovac, Sputnik V",https://www.vacunate.gov.py/index-listado-vacunados.html,436936,346729,90207,
Paraguay,2021-06-01,"Covaxin, Moderna, Oxford/AstraZeneca, Pfizer/BioNTech, Sinopharm/Beijing, Sinovac, Sputnik V",https://www.vacunate.gov.py/index-listado-vacunados.html,453294,360295,92999,
Paraguay,2021-06-02,"Covaxin, Moderna, Oxford/AstraZeneca, Pfizer/BioNTech, Sinopharm/Beijing, Sinovac, Sputnik V",https://www.vacunate.gov.py/index-listado-vacunados.html,468574,373592,94982,
Paraguay,2021-06-03,"Covaxin, Moderna, Oxford/AstraZeneca, Pfizer/BioNTech, Sinopharm/Beijing, Sinovac, Sputnik V",https://www.vacunate.gov.py/index-listado-vacunados.html,484707,386347,98360,
Paraguay,2021-06-04,"Covaxin, Moderna, Oxford/AstraZeneca, Pfizer/BioNTech, Sinopharm/Beijing, Sinovac, Sputnik V",https://www.vacunate.gov.py/index-listado-vacunados.html,500838,398836,102002,
Paraguay,2021-06-05,"Covaxin, Moderna, Oxford/AstraZeneca, Pfizer/BioNTech, Sinopharm/Beijing, Sinovac, Sputnik V",https://www.vacunate.gov.py/index-listado-vacunados.html,506340,403710,102630,
Paraguay,2021-06-06,"Covaxin, Moderna, Oxford/AstraZeneca, Pfizer/BioNTech, Sinopharm/Beijing, Sinovac, Sputnik V",https://www.vacunate.gov.py/index-listado-vacunados.html,507894,405089,102805,
Paraguay,2021-06-07,"Covaxin, Moderna, Oxford/AstraZeneca, Pfizer/BioNTech, Sinopharm/Beijing, Sinovac, Sputnik V",https://www.vacunate.gov.py/index-listado-vacunados.html,523447,416263,107184,
Paraguay,2021-06-08,"Covaxin, Moderna, Oxford/AstraZeneca, Pfizer/BioNTech, Sinopharm/Beijing, Sinovac, Sputnik V",https://www.vacunate.gov.py/index-listado-vacunados.html,536151,426608,109543,
Paraguay,2021-06-09,"Covaxin, Moderna, Oxford/AstraZeneca, Pfizer/BioNTech, Sinopharm/Beijing, Sinovac, Sputnik V",https://www.vacunate.gov.py/index-listado-vacunados.html,548438,437075,111363,
Paraguay,2021-06-10,"Covaxin, Moderna, Oxford/AstraZeneca, Pfizer/BioNTech, Sinopharm/Beijing, Sinovac, Sputnik V",https://www.vacunate.gov.py/index-listado-vacunados.html,563565,447697,115868,
Paraguay,2021-06-11,"Covaxin, Moderna, Oxford/AstraZeneca, Pfizer/BioNTech, Sinopharm/Beijing, Sinovac, Sputnik V",https://www.vacunate.gov.py/index-listado-vacunados.html,579647,458631,121016,
Paraguay,2021-06-12,"Covaxin, Moderna, Oxford/AstraZeneca, Pfizer/BioNTech, Sinopharm/Beijing, Sinovac, Sputnik V",https://www.vacunate.gov.py/index-listado-vacunados.html,603497,482316,121181,
Paraguay,2021-06-13,"Covaxin, Moderna, Oxford/AstraZeneca, Pfizer/BioNTech, Sinopharm/Beijing, Sinovac, Sputnik V",https://www.vacunate.gov.py/index-listado-vacunados.html,629791,508483,121308,
Paraguay,2021-06-14,"Covaxin, Moderna, Oxford/AstraZeneca, Pfizer/BioNTech, Sinopharm/Beijing, Sinovac, Sputnik V",https://www.vacunate.gov.py/index-listado-vacunados.html,657479,531792,125687,
Paraguay,2021-06-15,"Covaxin, Moderna, Oxford/AstraZeneca, Pfizer/BioNTech, Sinopharm/Beijing, Sinovac, Sputnik V",https://www.vacunate.gov.py/index-listado-vacunados.html,681847,554310,127537,
Paraguay,2021-06-16,"Covaxin, Moderna, Oxford/AstraZeneca, Pfizer/BioNTech, Sinopharm/Beijing, Sinovac, Sputnik V",https://www.vacunate.gov.py/index-listado-vacunados.html,702008,573008,129000,
Paraguay,2021-06-17,"Covaxin, Moderna, Oxford/AstraZeneca, Pfizer/BioNTech, Sinopharm/Beijing, Sinovac, Sputnik V",https://www.vacunate.gov.py/index-listado-vacunados.html,730179,599615,130564,
Paraguay,2021-06-18,"Covaxin, Moderna, Oxford/AstraZeneca, Pfizer/BioNTech, Sinopharm/Beijing, Sinovac, Sputnik V",https://www.vacunate.gov.py/index-listado-vacunados.html,751509,617542,133967,
Paraguay,2021-06-19,"Covaxin, Moderna, Oxford/AstraZeneca, Pfizer/BioNTech, Sinopharm/Beijing, Sinovac, Sputnik V",https://www.vacunate.gov.py/index-listado-vacunados.html,756172,622180,133992,
Paraguay,2021-06-20,"Covaxin, Moderna, Oxford/AstraZeneca, Pfizer/BioNTech, Sinopharm/Beijing, Sinovac, Sputnik V",https://www.vacunate.gov.py/index-listado-vacunados.html,757066,623063,134003,
Paraguay,2021-06-21,"Covaxin, Moderna, Oxford/AstraZeneca, Pfizer/BioNTech, Sinopharm/Beijing, Sinovac, Sputnik V",https://www.vacunate.gov.py/index-listado-vacunados.html,783408,646521,136887,
Paraguay,2021-06-22,"Covaxin, Moderna, Oxford/AstraZeneca, Pfizer/BioNTech, Sinopharm/Beijing, Sinovac, Sputnik V",https://www.vacunate.gov.py/index-listado-vacunados.html,809524,671003,138521,
Paraguay,2021-06-23,"Covaxin, Moderna, Oxford/AstraZeneca, Pfizer/BioNTech, Sinopharm/Beijing, Sinovac, Sputnik V",https://www.vacunate.gov.py/index-listado-vacunados.html,836174,696866,139308,
Paraguay,2021-06-24,"Covaxin, Moderna, Oxford/AstraZeneca, Pfizer/BioNTech, Sinopharm/Beijing, Sinovac, Sputnik V",https://www.vacunate.gov.py/index-listado-vacunados.html,848192,699873,148319,
Paraguay,2021-06-25,"Covaxin, Moderna, Oxford/AstraZeneca, Pfizer/BioNTech, Sinopharm/Beijing, Sinovac, Sputnik V",https://www.vacunate.gov.py/index-listado-vacunados.html,865093,700656,164437,
Paraguay,2021-06-26,"Covaxin, Moderna, Oxford/AstraZeneca, Pfizer/BioNTech, Sinopharm/Beijing, Sinovac, Sputnik V",https://www.vacunate.gov.py/index-listado-vacunados.html,871066,706492,164574,
Paraguay,2021-06-27,"Covaxin, Moderna, Oxford/AstraZeneca, Pfizer/BioNTech, Sinopharm/Beijing, Sinovac, Sputnik V",https://www.vacunate.gov.py/index-listado-vacunados.html,873949,709332,164617,
Paraguay,2021-06-28,"Covaxin, Moderna, Oxford/AstraZeneca, Pfizer/BioNTech, Sinopharm/Beijing, Sinovac, Sputnik V",https://www.vacunate.gov.py/index-listado-vacunados.html,897683,731924,165759,
Paraguay,2021-06-29,"Covaxin, Moderna, Oxford/AstraZeneca, Pfizer/BioNTech, Sinopharm/Beijing, Sinovac, Sputnik V",https://www.vacunate.gov.py/index-listado-vacunados.html,917170,750863,166307,
Paraguay,2021-06-30,"Covaxin, Moderna, Oxford/AstraZeneca, Pfizer/BioNTech, Sinopharm/Beijing, Sinovac, Sputnik V",https://www.vacunate.gov.py/index-listado-vacunados.html,936503,769709,166794,
Paraguay,2021-07-01,"Covaxin, Moderna, Oxford/AstraZeneca, Pfizer/BioNTech, Sinopharm/Beijing, Sinovac, Sputnik V",https://www.vacunate.gov.py/index-listado-vacunados.html,965924,770460,195464,
Paraguay,2021-07-02,"Covaxin, Moderna, Oxford/AstraZeneca, Pfizer/BioNTech, Sinopharm/Beijing, Sinovac, Sputnik V",https://www.vacunate.gov.py/index-listado-vacunados.html,985554,771023,214531,
Paraguay,2021-07-03,"Covaxin, Moderna, Oxford/AstraZeneca, Pfizer/BioNTech, Sinopharm/Beijing, Sinovac, Sputnik V",https://www.vacunate.gov.py/index-listado-vacunados.html,1017969,803343,214626,
Paraguay,2021-07-04,"Covaxin, Moderna, Oxford/AstraZeneca, Pfizer/BioNTech, Sinopharm/Beijing, Sinovac, Sputnik V",https://www.vacunate.gov.py/index-listado-vacunados.html,1060147,845514,214633,
Paraguay,2021-07-05,"Covaxin, Moderna, Oxford/AstraZeneca, Pfizer/BioNTech, Sinopharm/Beijing, Sinovac, Sputnik V",https://www.vacunate.gov.py/index-listado-vacunados.html,1101032,885836,215196,
Paraguay,2021-07-06,"Covaxin, Moderna, Oxford/AstraZeneca, Pfizer/BioNTech, Sinopharm/Beijing, Sinovac, Sputnik V",https://www.vacunate.gov.py/index-listado-vacunados.html,1152330,936454,215876,
Paraguay,2021-07-07,"Covaxin, Moderna, Oxford/AstraZeneca, Pfizer/BioNTech, Sinopharm/Beijing, Sinovac, Sputnik V",https://www.vacunate.gov.py/index-listado-vacunados.html,1209588,992979,216609,
Paraguay,2021-07-08,"Covaxin, Moderna, Oxford/AstraZeneca, Pfizer/BioNTech, Sinopharm/Beijing, Sinovac, Sputnik V",https://www.vacunate.gov.py/index-listado-vacunados.html,1227517,994692,232825,
Paraguay,2021-07-09,"Covaxin, Moderna, Oxford/AstraZeneca, Pfizer/BioNTech, Sinopharm/Beijing, Sinovac, Sputnik V",https://www.vacunate.gov.py/index-listado-vacunados.html,1245458,995472,249986,
Paraguay,2021-07-10,"Covaxin, Moderna, Oxford/AstraZeneca, Pfizer/BioNTech, Sinopharm/Beijing, Sinovac, Sputnik V",https://www.vacunate.gov.py/index-listado-vacunados.html,1246075,995950,250125,
Paraguay,2021-07-11,"Covaxin, Moderna, Oxford/AstraZeneca, Pfizer/BioNTech, Sinopharm/Beijing, Sinovac, Sputnik V",https://www.vacunate.gov.py/index-listado-vacunados.html,1246213,996085,250128,
Paraguay,2021-07-12,"Covaxin, Moderna, Oxford/AstraZeneca, Pfizer/BioNTech, Sinopharm/Beijing, Sinovac, Sputnik V",https://www.vacunate.gov.py/index-listado-vacunados.html,1346377,1095999,250378,
Paraguay,2021-07-13,"Covaxin, Moderna, Oxford/AstraZeneca, Pfizer/BioNTech, Sinopharm/Beijing, Sinovac, Sputnik V",https://www.vacunate.gov.py/index-listado-vacunados.html,1453983,1203249,250734,
Paraguay,2021-07-14,"Covaxin, Moderna, Oxford/AstraZeneca, Pfizer/BioNTech, Sinopharm/Beijing, Sinovac, Sputnik V",https://www.vacunate.gov.py/index-listado-vacunados.html,1570665,1319448,251217,
Paraguay,2021-07-15,"Covaxin, Moderna, Oxford/AstraZeneca, Pfizer/BioNTech, Sinopharm/Beijing, Sinovac, Sputnik V",https://www.vacunate.gov.py/index-listado-vacunados.html,1661158,1408998,252160,
Paraguay,2021-07-16,"Covaxin, Moderna, Oxford/AstraZeneca, Pfizer/BioNTech, Sinopharm/Beijing, Sinovac, Sputnik V",https://www.vacunate.gov.py/index-listado-vacunados.html,1740542,1487544,252998,
Paraguay,2021-07-17,"Covaxin, Moderna, Oxford/AstraZeneca, Pfizer/BioNTech, Sinopharm/Beijing, Sinovac, Sputnik V",https://www.vacunate.gov.py/index-listado-vacunados.html,1757174,1493341,263833,
Paraguay,2021-07-18,"Covaxin, Moderna, Oxford/AstraZeneca, Pfizer/BioNTech, Sinopharm/Beijing, Sinovac, Sputnik V",https://www.vacunate.gov.py/index-listado-vacunados.html,1764680,1497901,266779,
Paraguay,2021-07-19,"Covaxin, Moderna, Oxford/AstraZeneca, Pfizer/BioNTech, Sinopharm/Beijing, Sinovac, Sputnik V",https://www.vacunate.gov.py/index-listado-vacunados.html,1860944,1593135,267809,
Paraguay,2021-07-20,"Covaxin, Moderna, Oxford/AstraZeneca, Pfizer/BioNTech, Sinopharm/Beijing, Sinovac, Sputnik V",https://www.vacunate.gov.py/index-listado-vacunados.html,1911936,1643323,268613,
Paraguay,2021-07-21,"Covaxin, Moderna, Oxford/AstraZeneca, Pfizer/BioNTech, Sinopharm/Beijing, Sinovac, Sputnik V",https://www.vacunate.gov.py/index-listado-vacunados.html,2045055,1775384,269671,
Paraguay,2021-07-22,"Covaxin, Moderna, Oxford/AstraZeneca, Pfizer/BioNTech, Sinopharm/Beijing, Sinovac, Sputnik V",https://www.vacunate.gov.py/index-listado-vacunados.html,2186151,1915003,271148,
Paraguay,2021-07-23,"Covaxin, Moderna, Oxford/AstraZeneca, Pfizer/BioNTech, Sinopharm/Beijing, Sinovac, Sputnik V",https://www.vacunate.gov.py/index-listado-vacunados.html,2239190,1965251,273939,
Paraguay,2021-07-24,"Covaxin, Moderna, Oxford/AstraZeneca, Pfizer/BioNTech, Sinopharm/Beijing, Sinovac, Sputnik V",https://www.vacunate.gov.py/index-listado-vacunados.html,2288891,1976012,312879,
Paraguay,2021-07-25,"Covaxin, Moderna, Oxford/AstraZeneca, Pfizer/BioNTech, Sinopharm/Beijing, Sinovac, Sputnik V",https://www.vacunate.gov.py/index-listado-vacunados.html,2308046,1987264,320782,
Paraguay,2021-07-26,"Covaxin, Moderna, Oxford/AstraZeneca, Pfizer/BioNTech, Sinopharm/Beijing, Sinovac, Sputnik V",https://www.vacunate.gov.py/index-listado-vacunados.html,2427296,2105679,321617,
Paraguay,2021-07-27,"Covaxin, Moderna, Oxford/AstraZeneca, Pfizer/BioNTech, Sinopharm/Beijing, Sinovac, Sputnik V",https://www.vacunate.gov.py/index-listado-vacunados.html,2521582,2199592,321990,
Paraguay,2021-07-28,"Covaxin, Moderna, Oxford/AstraZeneca, Pfizer/BioNTech, Sinopharm/Beijing, Sinovac, Sputnik V",https://www.vacunate.gov.py/index-listado-vacunados.html,2593193,2270698,322495,
Paraguay,2021-07-29,"Covaxin, Moderna, Oxford/AstraZeneca, Pfizer/BioNTech, Sinopharm/Beijing, Sinovac, Sputnik V",https://www.vacunate.gov.py/index-listado-vacunados.html,2607031,2274966,332065,
Paraguay,2021-07-30,"Covaxin, Moderna, Oxford/AstraZeneca, Pfizer/BioNTech, Sinopharm/Beijing, Sinovac, Sputnik V",https://www.vacunate.gov.py/index-listado-vacunados.html,2615642,2276969,338673,
Paraguay,2021-07-31,"Covaxin, Moderna, Oxford/AstraZeneca, Pfizer/BioNTech, Sinopharm/Beijing, Sinovac, Sputnik V",https://www.vacunate.gov.py/index-listado-vacunados.html,2616835,2277822,339013,
Paraguay,2021-08-01,"Covaxin, Moderna, Oxford/AstraZeneca, Pfizer/BioNTech, Sinopharm/Beijing, Sinovac, Sputnik V",https://www.vacunate.gov.py/index-listado-vacunados.html,2616866,2277833,339033,
Paraguay,2021-08-02,"Covaxin, Moderna, Oxford/AstraZeneca, Pfizer/BioNTech, Sinopharm/Beijing, Sinovac, Sputnik V",https://www.vacunate.gov.py/index-listado-vacunados.html,2688388,2278302,410086,
Paraguay,2021-08-03,"Covaxin, Moderna, Oxford/AstraZeneca, Pfizer/BioNTech, Sinopharm/Beijing, Sinovac, Sputnik V",https://www.vacunate.gov.py/index-listado-vacunados.html,2754431,2279251,475180,
Paraguay,2021-08-04,"Covaxin, Moderna, Oxford/AstraZeneca, Pfizer/BioNTech, Sinopharm/Beijing, Sinovac, Sputnik V",https://www.vacunate.gov.py/index-listado-vacunados.html,2841656,2279409,562247,
Paraguay,2021-08-05,"Covaxin, Moderna, Oxford/AstraZeneca, Pfizer/BioNTech, Sinopharm/Beijing, Sinovac, Sputnik V",https://www.vacunate.gov.py/index-listado-vacunados.html,2908588,2279555,629033,
Paraguay,2021-08-06,"Covaxin, Moderna, Oxford/AstraZeneca, Pfizer/BioNTech, Sinopharm/Beijing, Sinovac, Sputnik V",https://www.vacunate.gov.py/index-listado-vacunados.html,2957986,2279880,678106,
Paraguay,2021-08-07,"Covaxin, Moderna, Oxford/AstraZeneca, Pfizer/BioNTech, Sinopharm/Beijing, Sinovac, Sputnik V",https://www.vacunate.gov.py/index-listado-vacunados.html,3017146,2280059,737087,
Paraguay,2021-08-08,"Covaxin, Moderna, Oxford/AstraZeneca, Pfizer/BioNTech, Sinopharm/Beijing, Sinovac, Sputnik V",https://www.vacunate.gov.py/index-listado-vacunados.html,3038751,2280079,758672,
Paraguay,2021-08-09,"Covaxin, Moderna, Oxford/AstraZeneca, Pfizer/BioNTech, Sinopharm/Beijing, Sinovac, Sputnik V",https://www.vacunate.gov.py/index-listado-vacunados.html,3100348,2280910,819438,
Paraguay,2021-08-10,"Covaxin, Moderna, Oxford/AstraZeneca, Pfizer/BioNTech, Sinopharm/Beijing, Sinovac, Sputnik V",https://www.vacunate.gov.py/index-listado-vacunados.html,3136259,2281572,854687,
Paraguay,2021-08-11,"Covaxin, Moderna, Oxford/AstraZeneca, Pfizer/BioNTech, Sinopharm/Beijing, Sinovac, Sputnik V",https://www.vacunate.gov.py/index-listado-vacunados.html,3242292,2281936,960356,
Paraguay,2021-08-12,"Covaxin, Moderna, Oxford/AstraZeneca, Pfizer/BioNTech, Sinopharm/Beijing, Sinovac, Sputnik V",https://www.vacunate.gov.py/index-listado-vacunados.html,3358681,2281997,1076684,
Paraguay,2021-08-13,"Covaxin, Moderna, Oxford/AstraZeneca, Pfizer/BioNTech, Sinopharm/Beijing, Sinovac, Sputnik V",https://www.vacunate.gov.py/index-listado-vacunados.html,3435784,2282030,1153754,
Paraguay,2021-08-14,"Covaxin, Moderna, Oxford/AstraZeneca, Pfizer/BioNTech, Sinopharm/Beijing, Sinovac, Sputnik V",https://www.vacunate.gov.py/index-listado-vacunados.html,3515083,2282052,1233031,
Paraguay,2021-08-15,"Covaxin, Moderna, Oxford/AstraZeneca, Pfizer/BioNTech, Sinopharm/Beijing, Sinovac, Sputnik V",https://www.vacunate.gov.py/index-listado-vacunados.html,3559985,2282078,1277907,
Paraguay,2021-08-16,"Covaxin, Moderna, Oxford/AstraZeneca, Pfizer/BioNTech, Sinopharm/Beijing, Sinovac, Sputnik V",https://www.vacunate.gov.py/index-listado-vacunados.html,3675208,2282093,1393115,
Paraguay,2021-08-17,"Covaxin, Moderna, Oxford/AstraZeneca, Pfizer/BioNTech, Sinopharm/Beijing, Sinovac, Sputnik V",https://www.vacunate.gov.py/index-listado-vacunados.html,3770345,2282193,1488152,
Paraguay,2021-08-18,"Covaxin, Moderna, Oxford/AstraZeneca, Pfizer/BioNTech, Sinopharm/Beijing, Sinovac, Sputnik V",https://www.vacunate.gov.py/index-listado-vacunados.html,3850053,2282245,1567808,
Paraguay,2021-08-19,"Covaxin, Moderna, Oxford/AstraZeneca, Pfizer/BioNTech, Sinopharm/Beijing, Sinovac, Sputnik V",https://www.vacunate.gov.py/index-listado-vacunados.html,3864589,2282263,1582326,
Paraguay,2021-08-20,"Covaxin, Moderna, Oxford/AstraZeneca, Pfizer/BioNTech, Sinopharm/Beijing, Sinovac, Sputnik V",https://www.vacunate.gov.py/index-listado-vacunados.html,3875222,2282298,1592924,
Paraguay,2021-08-21,"Covaxin, Moderna, Oxford/AstraZeneca, Pfizer/BioNTech, Sinopharm/Beijing, Sinovac, Sputnik V",https://www.vacunate.gov.py/index-listado-vacunados.html,3876055,2282300,1593755,
Paraguay,2021-08-22,"Covaxin, Moderna, Oxford/AstraZeneca, Pfizer/BioNTech, Sinopharm/Beijing, Sinovac, Sputnik V",https://www.vacunate.gov.py/index-listado-vacunados.html,3876106,2282300,1593806,
Paraguay,2021-08-23,"Covaxin, Moderna, Oxford/AstraZeneca, Pfizer/BioNTech, Sinopharm/Beijing, Sinovac, Sputnik V",https://www.vacunate.gov.py/index-listado-vacunados.html,3885177,2282354,1602823,
Paraguay,2021-08-24,"Covaxin, Moderna, Oxford/AstraZeneca, Pfizer/BioNTech, Sinopharm/Beijing, Sinovac, Sputnik V",https://www.vacunate.gov.py/index-listado-vacunados.html,3896898,2282527,1614371,
Paraguay,2021-08-25,"Covaxin, Moderna, Oxford/AstraZeneca, Pfizer/BioNTech, Sinopharm/Beijing, Sinovac, Sputnik V",https://www.vacunate.gov.py/index-listado-vacunados.html,3914416,2282798,1631618,
Paraguay,2021-08-26,"Covaxin, Moderna, Oxford/AstraZeneca, Pfizer/BioNTech, Sinopharm/Beijing, Sinovac, Sputnik V",https://www.vacunate.gov.py/index-listado-vacunados.html,3961197,2282871,1678326,
Paraguay,2021-08-27,"Covaxin, Moderna, Oxford/AstraZeneca, Pfizer/BioNTech, Sinopharm/Beijing, Sinovac, Sputnik V",https://www.vacunate.gov.py/index-listado-vacunados.html,4013624,2284778,1728846,
Paraguay,2021-08-28,"Covaxin, Moderna, Oxford/AstraZeneca, Pfizer/BioNTech, Sinopharm/Beijing, Sinovac, Sputnik V",https://www.vacunate.gov.py/index-listado-vacunados.html,4014209,2285028,1729181,
Paraguay,2021-08-29,"Covaxin, Moderna, Oxford/AstraZeneca, Pfizer/BioNTech, Sinopharm/Beijing, Sinovac, Sputnik V",https://www.vacunate.gov.py/index-listado-vacunados.html,4014226,2285036,1729190,
Paraguay,2021-08-30,"Covaxin, Moderna, Oxford/AstraZeneca, Pfizer/BioNTech, Sinopharm/Beijing, Sinovac, Sputnik V",https://www.vacunate.gov.py/index-listado-vacunados.html,4036572,2285429,1751143,
Paraguay,2021-08-31,"Covaxin, Moderna, Oxford/AstraZeneca, Pfizer/BioNTech, Sinopharm/Beijing, Sinovac, Sputnik V",https://www.vacunate.gov.py/index-listado-vacunados.html,4059098,2285695,1773403,
Paraguay,2021-09-01,"Covaxin, Moderna, Oxford/AstraZeneca, Pfizer/BioNTech, Sinopharm/Beijing, Sinovac, Sputnik V",https://www.vacunate.gov.py/index-listado-vacunados.html,4083148,2285829,1797319,
Paraguay,2021-09-02,"Covaxin, Moderna, Oxford/AstraZeneca, Pfizer/BioNTech, Sinopharm/Beijing, Sinovac, Sputnik V",https://www.vacunate.gov.py/index-listado-vacunados.html,4085003,2285863,1799140,
Paraguay,2021-09-03,"Covaxin, Moderna, Oxford/AstraZeneca, Pfizer/BioNTech, Sinopharm/Beijing, Sinovac, Sputnik V",https://www.vacunate.gov.py/index-listado-vacunados.html,4089382,2286067,1803315,
Paraguay,2021-09-04,"Covaxin, Moderna, Oxford/AstraZeneca, Pfizer/BioNTech, Sinopharm/Beijing, Sinovac, Sputnik V",https://www.vacunate.gov.py/index-listado-vacunados.html,4095680,2286112,1809568,
Paraguay,2021-09-05,"Covaxin, Moderna, Oxford/AstraZeneca, Pfizer/BioNTech, Sinopharm/Beijing, Sinovac, Sputnik V",https://www.vacunate.gov.py/index-listado-vacunados.html,4095681,2286112,1809569,
Paraguay,2021-09-10,"Covaxin, Moderna, Oxford/AstraZeneca, Pfizer/BioNTech, Sinopharm/Beijing, Sinovac, Sputnik V",https://ais.paho.org/imm/IM_DosisAdmin-Vacunacion.asp,4271051,2439006,1832045,0
Paraguay,2021-09-17,"Covaxin, Moderna, Oxford/AstraZeneca, Pfizer/BioNTech, Sinopharm/Beijing, Sinovac, Sputnik V",https://ais.paho.org/imm/IM_DosisAdmin-Vacunacion.asp,4401222,2550991,1850231,0
Paraguay,2021-09-24,"Covaxin, Moderna, Oxford/AstraZeneca, Pfizer/BioNTech, Sinopharm/Beijing, Sinovac, Sputnik V",https://ais.paho.org/imm/IM_DosisAdmin-Vacunacion.asp,4477723,2615841,1861882,0
Paraguay,2021-09-25,"Covaxin, Moderna, Oxford/AstraZeneca, Pfizer/BioNTech, Sinopharm/Beijing, Sinovac, Sputnik V",https://ais.paho.org/imm/IM_DosisAdmin-Vacunacion.asp,4488153,2621847,1866306,0
Paraguay,2021-10-01,"Covaxin, Moderna, Oxford/AstraZeneca, Pfizer/BioNTech, Sinopharm/Beijing, Sinovac, Sputnik V",https://ais.paho.org/imm/IM_DosisAdmin-Vacunacion.asp,4640590,2766899,1873691,0
Paraguay,2021-10-08,"Covaxin, Moderna, Oxford/AstraZeneca, Pfizer/BioNTech, Sinopharm/Beijing, Sinovac, Sputnik V",https://ais.paho.org/imm/IM_DosisAdmin-Vacunacion.asp,4836914,2838640,1998274,0
Paraguay,2021-10-15,"Covaxin, Moderna, Oxford/AstraZeneca, Pfizer/BioNTech, Sinopharm/Beijing, Sinovac, Sputnik V",https://ais.paho.org/imm/IM_DosisAdmin-Vacunacion.asp,4926677,2868610,2058067,0
Paraguay,2021-10-22,"Covaxin, Moderna, Oxford/AstraZeneca, Pfizer/BioNTech, Sinopharm/Beijing, Sinovac, Sputnik V",https://ais.paho.org/imm/IM_DosisAdmin-Vacunacion.asp,5165112,,,6360
Paraguay,2021-10-29,"Covaxin, Moderna, Oxford/AstraZeneca, Pfizer/BioNTech, Sinopharm/Beijing, Sinovac, Sputnik V",https://ais.paho.org/imm/IM_DosisAdmin-Vacunacion.asp,5289785,2919121,2361819,8845
Paraguay,2021-11-05,"Covaxin, Moderna, Oxford/AstraZeneca, Pfizer/BioNTech, Sinopharm/Beijing, Sinovac, Sputnik V",https://ais.paho.org/imm/IM_DosisAdmin-Vacunacion.asp,5316775,2927343,2380170,9262
