location,date,vaccine,total_vaccinations,source_url,people_vaccinated,people_fully_vaccinated,total_boosters
Poland,2020-12-28,Pfizer/BioNTech,2000,"https://next.gazeta.pl/next/7,173953,26642987,wiemy-ile-osob-zaszczepiono-przeciw-covid-19-w-niedziele-rzecznik.html",2000,,
Poland,2020-12-29,Pfizer/BioNTech,6300,https://wiadomosci.radiozet.pl/Koronawirus/Koronawirus-w-Polsce.-Trzeci-dzien-szczepien-przeciw-Covid-19.-Zaszczepili-sie-Grodzki-i-Karczewski,6300,,
Poland,2020-12-30,Pfizer/BioNTech,36300,https://twitter.com/MZ_GOV_PL/status/1344557383499055104,36300,,
Poland,2020-12-31,Pfizer/BioNTech,47600,https://twitter.com/MZ_GOV_PL/status/1344923704799719424,47600,,
Poland,2021-01-02,Pfizer/BioNTech,50391,https://tvn24.pl/polska/szczepienia-ile-osob-zaszczepiono-w-polsce-przeciw-covid-19kiedy-szczepienia-osob-z-kolejnej-grupy-1-4919939,50391,,
Poland,2021-01-03,Pfizer/BioNTech,50833,https://twitter.com/MZ_GOV_PL/status/1346074068798332929,50833,,
Poland,2021-01-04,Pfizer/BioNTech,92220,https://twitter.com/MZ_GOV_PL/status/1346396023334133770,92220,,
Poland,2021-01-05,Pfizer/BioNTech,140226,https://twitter.com/MZ_GOV_PL/status/1346760607622684673,140226,,
Poland,2021-01-06,Pfizer/BioNTech,160359,https://twitter.com/MZ_GOV_PL/status/1347120797895294976,160359,,
Poland,2021-01-07,Pfizer/BioNTech,188956,https://twitter.com/szczepimysie/status/1347472053063081984,188956,,
Poland,2021-01-08,Pfizer/BioNTech,198787,https://twitter.com/szczepimysie/status/1347840116090408960,198787,,
Poland,2021-01-09,Pfizer/BioNTech,200022,https://twitter.com/szczepimysie/status/1348196682756993025,200022,,
Poland,2021-01-10,Pfizer/BioNTech,203053,https://twitter.com/szczepimysie/status/1348564252215402498,203053,,
Poland,2021-01-11,Pfizer/BioNTech,257834,https://twitter.com/szczepimysie/status/1348930712859242496,257834,,
Poland,2021-01-12,Pfizer/BioNTech,309620,https://twitter.com/szczepimysie/status/1349284555627388928,309620,,
Poland,2021-01-13,Pfizer/BioNTech,369212,https://twitter.com/szczepimysie/status/1349646581092519936,369212,,
Poland,2021-01-14,Pfizer/BioNTech,410480,https://www.gov.pl/web/szczepimysie/raport-szczepien-przeciwko-covid-19,410480,,
Poland,2021-01-15,Pfizer/BioNTech,436963,https://www.gov.pl/web/szczepimysie/raport-szczepien-przeciwko-covid-19,436963,,
Poland,2021-01-16,Pfizer/BioNTech,457303,https://www.gov.pl/web/szczepimysie/raport-szczepien-przeciwko-covid-19,457303,,
Poland,2021-01-17,Pfizer/BioNTech,469466,https://www.gov.pl/web/szczepimysie/raport-szczepien-przeciwko-covid-19,468795,671,
Poland,2021-01-18,Pfizer/BioNTech,495164,https://www.gov.pl/web/szczepimysie/raport-szczepien-przeciwko-covid-19,491696,3468,
Poland,2021-01-19,Pfizer/BioNTech,541229,https://www.gov.pl/web/szczepimysie/raport-szczepien-przeciwko-covid-19,530055,11174,
Poland,2021-01-20,Pfizer/BioNTech,591785,https://www.gov.pl/web/szczepimysie/raport-szczepien-przeciwko-covid-19,566793,24992,
Poland,2021-01-21,Pfizer/BioNTech,644999,https://www.gov.pl/web/szczepimysie/raport-szczepien-przeciwko-covid-19,605313,39686,
Poland,2021-01-22,Pfizer/BioNTech,684277,https://www.gov.pl/web/szczepimysie/raport-szczepien-przeciwko-covid-19,638798,45479,
Poland,2021-01-23,Pfizer/BioNTech,701164,https://www.gov.pl/web/szczepimysie/raport-szczepien-przeciwko-covid-19,654184,46980,
Poland,2021-01-24,Pfizer/BioNTech,707474,https://www.gov.pl/web/szczepimysie/raport-szczepien-przeciwko-covid-19,659753,47721,
Poland,2021-01-25,Pfizer/BioNTech,776987,https://www.gov.pl/web/szczepimysie/raport-szczepien-przeciwko-covid-19,701222,75765,
Poland,2021-01-26,Pfizer/BioNTech,905457,https://www.gov.pl/web/szczepimysie/raport-szczepien-przeciwko-covid-19,782413,123044,
Poland,2021-01-27,Pfizer/BioNTech,1008253,https://www.gov.pl/web/szczepimysie/raport-szczepien-przeciwko-covid-19,858474,149779,
Poland,2021-01-28,Pfizer/BioNTech,1097036,https://www.gov.pl/web/szczepimysie/raport-szczepien-przeciwko-covid-19,917908,179128,
Poland,2021-01-29,Pfizer/BioNTech,1141081,https://www.gov.pl/web/szczepimysie/raport-szczepien-przeciwko-covid-19,945600,195481,
Poland,2021-01-30,Pfizer/BioNTech,1156931,https://www.gov.pl/web/szczepimysie/raport-szczepien-przeciwko-covid-19,958453,198478,
Poland,2021-01-31,Pfizer/BioNTech,1176904,https://www.gov.pl/web/szczepimysie/raport-szczepien-przeciwko-covid-19,976367,200537,
Poland,2021-02-01,Pfizer/BioNTech,1231716,https://www.gov.pl/web/szczepimysie/raport-szczepien-przeciwko-covid-19,998587,233129,
Poland,2021-02-02,Pfizer/BioNTech,1342435,https://www.gov.pl/web/szczepimysie/raport-szczepien-przeciwko-covid-19,1053245,289190,
Poland,2021-02-03,Pfizer/BioNTech,1461578,https://www.gov.pl/web/szczepimysie/raport-szczepien-przeciwko-covid-19,1117146,344432,
Poland,2021-02-04,Pfizer/BioNTech,1566604,https://www.gov.pl/web/szczepimysie/raport-szczepien-przeciwko-covid-19,1171229,395375,
Poland,2021-02-05,Pfizer/BioNTech,1617764,https://www.gov.pl/web/szczepimysie/raport-szczepien-przeciwko-covid-19,1193034,424730,
Poland,2021-02-06,Pfizer/BioNTech,1641158,https://www.gov.pl/web/szczepimysie/raport-szczepien-przeciwko-covid-19,1200793,440365,
Poland,2021-02-07,Pfizer/BioNTech,1656708,https://www.gov.pl/web/szczepimysie/raport-szczepien-przeciwko-covid-19,1206212,450496,
Poland,2021-02-09,"Moderna, Oxford/AstraZeneca, Pfizer/BioNTech",1773715,https://www.gov.pl/web/szczepimysie/raport-szczepien-przeciwko-covid-19,1291569,482146,
Poland,2021-02-11,"Moderna, Oxford/AstraZeneca, Pfizer/BioNTech",1993739,https://www.gov.pl/web/szczepimysie/raport-szczepien-przeciwko-covid-19,1413132,580607,
Poland,2021-02-12,"Moderna, Oxford/AstraZeneca, Pfizer/BioNTech",2071009,https://www.gov.pl/web/szczepimysie/raport-szczepien-przeciwko-covid-19,1446102,624907,
Poland,2021-02-13,"Moderna, Oxford/AstraZeneca, Pfizer/BioNTech",2107089,https://www.gov.pl/web/szczepimysie/raport-szczepien-przeciwko-covid-19,1466439,640650,
Poland,2021-02-14,"Moderna, Oxford/AstraZeneca, Pfizer/BioNTech",2122245,https://www.gov.pl/web/szczepimysie/raport-szczepien-przeciwko-covid-19,1476274,645971,
Poland,2021-02-15,"Moderna, Oxford/AstraZeneca, Pfizer/BioNTech",2159146,https://www.gov.pl/web/szczepimysie/raport-szczepien-przeciwko-covid-19,1500911,658235,
Poland,2021-02-16,"Moderna, Oxford/AstraZeneca, Pfizer/BioNTech",2230117,https://www.gov.pl/web/szczepimysie/raport-szczepien-przeciwko-covid-19,1538737,691380,
Poland,2021-02-17,"Moderna, Oxford/AstraZeneca, Pfizer/BioNTech",2384794,https://www.gov.pl/web/szczepimysie/raport-szczepien-przeciwko-covid-19,1610734,774060,
Poland,2021-02-18,"Moderna, Oxford/AstraZeneca, Pfizer/BioNTech",2556999,https://www.gov.pl/web/szczepimysie/raport-szczepien-przeciwko-covid-19,1691115,865884,
Poland,2021-02-19,"Moderna, Oxford/AstraZeneca, Pfizer/BioNTech",2660776,https://www.gov.pl/web/szczepimysie/raport-szczepien-przeciwko-covid-19,1743841,916935,
Poland,2021-02-20,"Moderna, Oxford/AstraZeneca, Pfizer/BioNTech",2697815,https://www.gov.pl/web/szczepimysie/raport-szczepien-przeciwko-covid-19,1772133,925682,
Poland,2021-02-21,"Moderna, Oxford/AstraZeneca, Pfizer/BioNTech",2715159,https://www.gov.pl/web/szczepimysie/raport-szczepien-przeciwko-covid-19,1785194,929965,
Poland,2021-02-22,"Moderna, Oxford/AstraZeneca, Pfizer/BioNTech",2759436,https://www.gov.pl/web/szczepimysie/raport-szczepien-przeciwko-covid-19,1824654,934782,
Poland,2021-02-24,"Moderna, Oxford/AstraZeneca, Pfizer/BioNTech",2990683,https://www.gov.pl/web/szczepimysie/raport-szczepien-przeciwko-covid-19,1959165,1031518,
Poland,2021-02-26,"Moderna, Oxford/AstraZeneca, Pfizer/BioNTech",3269812,https://www.gov.pl/web/szczepimysie/raport-szczepien-przeciwko-covid-19,2101754,1168058,
Poland,2021-02-28,"Moderna, Oxford/AstraZeneca, Pfizer/BioNTech",3336354,https://www.gov.pl/web/szczepimysie/raport-szczepien-przeciwko-covid-19,2149607,1186747,
Poland,2021-03-01,"Moderna, Oxford/AstraZeneca, Pfizer/BioNTech",3383426,https://www.gov.pl/web/szczepimysie/raport-szczepien-przeciwko-covid-19,2190526,1192900,
Poland,2021-03-03,"Moderna, Oxford/AstraZeneca, Pfizer/BioNTech",3619316,https://www.gov.pl/web/szczepimysie/raport-szczepien-przeciwko-covid-19,2338137,1281179,
Poland,2021-03-04,"Moderna, Oxford/AstraZeneca, Pfizer/BioNTech",3791577,https://www.gov.pl/web/szczepimysie/raport-szczepien-przeciwko-covid-19,2424929,1366648,
Poland,2021-03-06,"Moderna, Oxford/AstraZeneca, Pfizer/BioNTech",3951104,https://www.gov.pl/web/szczepimysie/raport-szczepien-przeciwko-covid-19,2526389,1424715,
Poland,2021-03-08,"Moderna, Oxford/AstraZeneca, Pfizer/BioNTech",4004734,https://www.gov.pl/web/szczepimysie/raport-szczepien-przeciwko-covid-19,2570094,1434640,
Poland,2021-03-09,"Moderna, Oxford/AstraZeneca, Pfizer/BioNTech",4086863,https://www.gov.pl/web/szczepimysie/raport-szczepien-przeciwko-covid-19,2641693,1445170,
Poland,2021-03-11,"Moderna, Oxford/AstraZeneca, Pfizer/BioNTech",4391256,https://www.gov.pl/web/szczepimysie/raport-szczepien-przeciwko-covid-19,2835856,1555400,
Poland,2021-03-12,"Moderna, Oxford/AstraZeneca, Pfizer/BioNTech",4487273,https://www.gov.pl/web/szczepimysie/raport-szczepien-przeciwko-covid-19,2891753,1595520,
Poland,2021-03-13,"Moderna, Oxford/AstraZeneca, Pfizer/BioNTech",4517537,https://www.gov.pl/web/szczepimysie/raport-szczepien-przeciwko-covid-19,2914792,1602745,
Poland,2021-03-14,"Moderna, Oxford/AstraZeneca, Pfizer/BioNTech",4530783,https://www.gov.pl/web/szczepimysie/raport-szczepien-przeciwko-covid-19,2924629,1606154,
Poland,2021-03-15,"Moderna, Oxford/AstraZeneca, Pfizer/BioNTech",4557060,https://www.gov.pl/web/szczepimysie/raport-szczepien-przeciwko-covid-19,2946767,1610293,
Poland,2021-03-16,"Moderna, Oxford/AstraZeneca, Pfizer/BioNTech",4605929,https://www.gov.pl/web/szczepimysie/raport-szczepien-przeciwko-covid-19,2984642,1621287,
Poland,2021-03-17,"Moderna, Oxford/AstraZeneca, Pfizer/BioNTech",4738902,https://www.gov.pl/web/szczepimysie/raport-szczepien-przeciwko-covid-19,3074378,1664524,
Poland,2021-03-18,"Moderna, Oxford/AstraZeneca, Pfizer/BioNTech",4893320,https://www.gov.pl/web/szczepimysie/raport-szczepien-przeciwko-covid-19,3162971,1730349,
Poland,2021-03-19,"Moderna, Oxford/AstraZeneca, Pfizer/BioNTech",4983494,https://www.gov.pl/web/szczepimysie/raport-szczepien-przeciwko-covid-19,3213724,1769770,
Poland,2021-03-20,"Moderna, Oxford/AstraZeneca, Pfizer/BioNTech",5014167,https://www.gov.pl/web/szczepimysie/raport-szczepien-przeciwko-covid-19,3233998,1780169,
Poland,2021-03-21,"Moderna, Oxford/AstraZeneca, Pfizer/BioNTech",5026182,https://www.gov.pl/web/szczepimysie/raport-szczepien-przeciwko-covid-19,3242462,1783720,
Poland,2021-03-22,"Moderna, Oxford/AstraZeneca, Pfizer/BioNTech",5077928,https://www.gov.pl/web/szczepimysie/raport-szczepien-przeciwko-covid-19,3289482,1788446,
Poland,2021-03-23,"Moderna, Oxford/AstraZeneca, Pfizer/BioNTech",5193835,https://www.gov.pl/web/szczepimysie/raport-szczepien-przeciwko-covid-19,3385827,1808008,
Poland,2021-03-24,"Moderna, Oxford/AstraZeneca, Pfizer/BioNTech",5381726,https://www.gov.pl/web/szczepimysie/raport-szczepien-przeciwko-covid-19,3524209,1857517,
Poland,2021-03-26,"Moderna, Oxford/AstraZeneca, Pfizer/BioNTech",5755551,https://www.gov.pl/web/szczepimysie/raport-szczepien-przeciwko-covid-19,3785646,1969905,
Poland,2021-03-28,"Moderna, Oxford/AstraZeneca, Pfizer/BioNTech",5882581,https://www.gov.pl/web/szczepimysie/raport-szczepien-przeciwko-covid-19,3889970,1992611,
Poland,2021-03-30,"Moderna, Oxford/AstraZeneca, Pfizer/BioNTech",6081824,https://www.gov.pl/web/szczepimysie/raport-szczepien-przeciwko-covid-19,4062784,2019040,
Poland,2021-03-31,"Moderna, Oxford/AstraZeneca, Pfizer/BioNTech",6270976,https://www.gov.pl/web/szczepimysie/raport-szczepien-przeciwko-covid-19,4231313,2039663,
Poland,2021-04-01,"Moderna, Oxford/AstraZeneca, Pfizer/BioNTech",6462769,https://www.gov.pl/web/szczepimysie/raport-szczepien-przeciwko-covid-19,4404565,2058204,
Poland,2021-04-02,"Moderna, Oxford/AstraZeneca, Pfizer/BioNTech",6614819,https://www.gov.pl/web/szczepimysie/raport-szczepien-przeciwko-covid-19,4544816,2070003,
Poland,2021-04-04,"Moderna, Oxford/AstraZeneca, Pfizer/BioNTech",6658909,https://www.gov.pl/web/szczepimysie/raport-szczepien-przeciwko-covid-19,4585575,2073334,
Poland,2021-04-05,"Moderna, Oxford/AstraZeneca, Pfizer/BioNTech",6665384,https://www.gov.pl/web/szczepimysie/raport-szczepien-przeciwko-covid-19,4591351,2074033,
Poland,2021-04-07,"Moderna, Oxford/AstraZeneca, Pfizer/BioNTech",6999652,https://www.gov.pl/web/szczepimysie/raport-szczepien-przeciwko-covid-19,4909594,2090058,
Poland,2021-04-08,"Moderna, Oxford/AstraZeneca, Pfizer/BioNTech",7263426,https://www.gov.pl/web/szczepimysie/raport-szczepien-przeciwko-covid-19,5167241,2096185,
Poland,2021-04-10,"Moderna, Oxford/AstraZeneca, Pfizer/BioNTech",7635264,https://www.gov.pl/web/szczepimysie/raport-szczepien-przeciwko-covid-19,5529714,2105550,
Poland,2021-04-11,"Moderna, Oxford/AstraZeneca, Pfizer/BioNTech",7687617,https://www.gov.pl/web/szczepimysie/raport-szczepien-przeciwko-covid-19,5581068,2106549,
Poland,2021-04-12,"Moderna, Oxford/AstraZeneca, Pfizer/BioNTech",7784384,https://www.gov.pl/web/szczepimysie/raport-szczepien-przeciwko-covid-19,5670769,2113615,
Poland,2021-04-13,"Moderna, Oxford/AstraZeneca, Pfizer/BioNTech",7970164,https://www.gov.pl/web/szczepimysie/raport-szczepien-przeciwko-covid-19,5832860,2137304,
Poland,2021-04-15,"Moderna, Oxford/AstraZeneca, Pfizer/BioNTech",8484815,https://www.gov.pl/web/szczepimysie/raport-szczepien-przeciwko-covid-19,6236689,2248126,
Poland,2021-04-19,"Johnson&Johnson, Moderna, Oxford/AstraZeneca, Pfizer/BioNTech",9006539,https://www.gov.pl/web/szczepimysie/raport-szczepien-przeciwko-covid-19,6699255,2307284,
Poland,2021-04-20,"Johnson&Johnson, Moderna, Oxford/AstraZeneca, Pfizer/BioNTech",9210419,https://www.gov.pl/web/szczepimysie/raport-szczepien-przeciwko-covid-19,6868703,2341716,
Poland,2021-04-21,"Johnson&Johnson, Moderna, Oxford/AstraZeneca, Pfizer/BioNTech",9495317,https://www.gov.pl/web/szczepimysie/raport-szczepien-przeciwko-covid-19,7079324,2415993,
Poland,2021-04-22,"Johnson&Johnson, Moderna, Oxford/AstraZeneca, Pfizer/BioNTech",9806966,https://www.gov.pl/web/szczepimysie/raport-szczepien-przeciwko-covid-19,7311128,2495838,
Poland,2021-04-23,"Johnson&Johnson, Moderna, Oxford/AstraZeneca, Pfizer/BioNTech",10069710,https://www.gov.pl/web/szczepimysie/raport-szczepien-przeciwko-covid-19,7526598,2543112,
Poland,2021-04-25,"Johnson&Johnson, Moderna, Oxford/AstraZeneca, Pfizer/BioNTech",10343967,https://www.gov.pl/web/szczepimysie/raport-szczepien-przeciwko-covid-19,7765723,2578244,
Poland,2021-04-27,"Johnson&Johnson, Moderna, Oxford/AstraZeneca, Pfizer/BioNTech",10740169,https://www.gov.pl/web/szczepimysie/raport-szczepien-przeciwko-covid-19,8072900,2746824,
Poland,2021-04-28,"Johnson&Johnson, Moderna, Oxford/AstraZeneca, Pfizer/BioNTech",11081369,https://www.gov.pl/web/szczepimysie/raport-szczepien-przeciwko-covid-19,8229040,2852329,
Poland,2021-04-29,"Johnson&Johnson, Moderna, Oxford/AstraZeneca, Pfizer/BioNTech",11470800,https://www.gov.pl/web/szczepimysie/raport-szczepien-przeciwko-covid-19,8597875,2872925,
Poland,2021-05-01,"Johnson&Johnson, Moderna, Oxford/AstraZeneca, Pfizer/BioNTech",11877060,https://www.gov.pl/web/szczepimysie/raport-szczepien-przeciwko-covid-19,8917338,2959722,
Poland,2021-05-03,"Johnson&Johnson, Moderna, Oxford/AstraZeneca, Pfizer/BioNTech",11995786,https://www.gov.pl/web/szczepimysie/raport-szczepien-przeciwko-covid-19,9018412,2977374,
Poland,2021-05-05,"Johnson&Johnson, Moderna, Oxford/AstraZeneca, Pfizer/BioNTech",12614827,https://www.gov.pl/web/szczepimysie/raport-szczepien-przeciwko-covid-19,9454765,3308889,
Poland,2021-05-06,"Johnson&Johnson, Moderna, Oxford/AstraZeneca, Pfizer/BioNTech",13034348,https://www.gov.pl/web/szczepimysie/raport-szczepien-przeciwko-covid-19,9735602,3451651,
Poland,2021-05-07,"Johnson&Johnson, Moderna, Oxford/AstraZeneca, Pfizer/BioNTech",13409463,https://www.gov.pl/web/szczepimysie/raport-szczepien-przeciwko-covid-19,9987919,3579910,
Poland,2021-05-08,"Johnson&Johnson, Moderna, Oxford/AstraZeneca, Pfizer/BioNTech",13670541,https://www.gov.pl/web/szczepimysie/raport-szczepien-przeciwko-covid-19,10185393,3650119,
Poland,2021-05-09,"Johnson&Johnson, Moderna, Oxford/AstraZeneca, Pfizer/BioNTech",13764238,https://www.gov.pl/web/szczepimysie/raport-szczepien-przeciwko-covid-19,10260941,3671671,
Poland,2021-05-10,"Johnson&Johnson, Moderna, Oxford/AstraZeneca, Pfizer/BioNTech",13957627,https://www.gov.pl/web/szczepimysie/raport-szczepien-przeciwko-covid-19,10400987,3728697,
Poland,2021-05-11,"Johnson&Johnson, Moderna, Oxford/AstraZeneca, Pfizer/BioNTech",14274291,https://www.gov.pl/web/szczepimysie/raport-szczepien-przeciwko-covid-19,10609955,3839390,
Poland,2021-05-13,"Johnson&Johnson, Moderna, Oxford/AstraZeneca, Pfizer/BioNTech",15144771,https://www.gov.pl/web/szczepimysie/raport-szczepien-przeciwko-covid-19,11112068,4241956,
Poland,2021-05-14,"Johnson&Johnson, Moderna, Oxford/AstraZeneca, Pfizer/BioNTech",15509013,https://www.gov.pl/web/szczepimysie/raport-szczepien-przeciwko-covid-19,11329356,4415044,
Poland,2021-05-15,"Johnson&Johnson, Moderna, Oxford/AstraZeneca, Pfizer/BioNTech",15776030,https://www.gov.pl/web/szczepimysie/raport-szczepien-przeciwko-covid-19,11490114,4535597,
Poland,2021-05-16,"Johnson&Johnson, Moderna, Oxford/AstraZeneca, Pfizer/BioNTech",15879467,https://www.gov.pl/web/szczepimysie/raport-szczepien-przeciwko-covid-19,11556822,4577701,
Poland,2021-05-17,"Johnson&Johnson, Moderna, Oxford/AstraZeneca, Pfizer/BioNTech",16043547,https://www.gov.pl/web/szczepimysie/raport-szczepien-przeciwko-covid-19,11664606,4642010,
Poland,2021-05-18,"Johnson&Johnson, Moderna, Oxford/AstraZeneca, Pfizer/BioNTech",16372436,https://www.gov.pl/web/szczepimysie/raport-szczepien-przeciwko-covid-19,11868779,4794334,
Poland,2021-05-20,"Johnson&Johnson, Moderna, Oxford/AstraZeneca, Pfizer/BioNTech",17254902,https://www.gov.pl/web/szczepimysie/raport-szczepien-przeciwko-covid-19,12369238,5222430,
Poland,2021-05-21,"Johnson&Johnson, Moderna, Oxford/AstraZeneca, Pfizer/BioNTech",17620338,https://www.gov.pl/web/szczepimysie/raport-szczepien-przeciwko-covid-19,12577946,5410599,
Poland,2021-05-22,"Johnson&Johnson, Moderna, Oxford/AstraZeneca, Pfizer/BioNTech",17866586,https://www.gov.pl/web/szczepimysie/raport-szczepien-przeciwko-covid-19,12710402,5553678,
Poland,2021-05-23,"Johnson&Johnson, Moderna, Oxford/AstraZeneca, Pfizer/BioNTech",17941112,https://www.gov.pl/web/szczepimysie/raport-szczepien-przeciwko-covid-19,12748812,5597165,
Poland,2021-05-24,"Johnson&Johnson, Moderna, Oxford/AstraZeneca, Pfizer/BioNTech",18085811,https://www.gov.pl/web/szczepimysie/raport-szczepien-przeciwko-covid-19,12814730,5689744,
Poland,2021-05-25,"Johnson&Johnson, Moderna, Oxford/AstraZeneca, Pfizer/BioNTech",18389807,https://www.gov.pl/web/szczepimysie/raport-szczepien-przeciwko-covid-19,12960092,5855700,
Poland,2021-05-26,"Johnson&Johnson, Moderna, Oxford/AstraZeneca, Pfizer/BioNTech",18785240,https://www.gov.pl/web/szczepimysie/raport-szczepien-przeciwko-covid-19,13145222,6071067,
Poland,2021-05-27,"Johnson&Johnson, Moderna, Oxford/AstraZeneca, Pfizer/BioNTech",19175171,https://www.gov.pl/web/szczepimysie/raport-szczepien-przeciwko-covid-19,13302965,6308403,
Poland,2021-05-28,"Johnson&Johnson, Moderna, Oxford/AstraZeneca, Pfizer/BioNTech",19525032,https://www.gov.pl/web/szczepimysie/raport-szczepien-przeciwko-covid-19,13451439,6562897,
Poland,2021-05-29,"Johnson&Johnson, Moderna, Oxford/AstraZeneca, Pfizer/BioNTech",19807955,https://www.gov.pl/web/szczepimysie/raport-szczepien-przeciwko-covid-19,13580235,6786561,
Poland,2021-05-30,"Johnson&Johnson, Moderna, Oxford/AstraZeneca, Pfizer/BioNTech",19909052,https://www.gov.pl/web/szczepimysie/raport-szczepien-przeciwko-covid-19,13633827,6868820,
Poland,2021-05-31,"Johnson&Johnson, Moderna, Oxford/AstraZeneca, Pfizer/BioNTech",20084619,https://www.gov.pl/web/szczepimysie/raport-szczepien-przeciwko-covid-19,13707350,7019149,
Poland,2021-06-01,"Johnson&Johnson, Moderna, Oxford/AstraZeneca, Pfizer/BioNTech",20536042,https://www.gov.pl/web/szczepimysie/raport-szczepien-przeciwko-covid-19,13896798,7300303,
Poland,2021-06-02,"Johnson&Johnson, Moderna, Oxford/AstraZeneca, Pfizer/BioNTech",21174546,https://www.gov.pl/web/szczepimysie/raport-szczepien-przeciwko-covid-19,14145161,7700322,
Poland,2021-06-03,"Johnson&Johnson, Moderna, Oxford/AstraZeneca, Pfizer/BioNTech",21326996,https://www.gov.pl/web/szczepimysie/raport-szczepien-przeciwko-covid-19,14224874,7777048,
Poland,2021-06-04,"Johnson&Johnson, Moderna, Oxford/AstraZeneca, Pfizer/BioNTech",21753938,https://www.gov.pl/web/szczepimysie/raport-szczepien-przeciwko-covid-19,14400079,8039881,
Poland,2021-06-05,"Johnson&Johnson, Moderna, Oxford/AstraZeneca, Pfizer/BioNTech",22025871,https://www.gov.pl/web/szczepimysie/raport-szczepien-przeciwko-covid-19,14551620,8169746,
Poland,2021-06-06,"Johnson&Johnson, Moderna, Oxford/AstraZeneca, Pfizer/BioNTech",22134362,https://www.gov.pl/web/szczepimysie/raport-szczepien-przeciwko-covid-19,14613790,8223526,
Poland,2021-06-07,"Johnson&Johnson, Moderna, Oxford/AstraZeneca, Pfizer/BioNTech",22340624,https://www.gov.pl/web/szczepimysie/raport-szczepien-przeciwko-covid-19,14690217,8368827,
Poland,2021-06-08,"Johnson&Johnson, Moderna, Oxford/AstraZeneca, Pfizer/BioNTech",22737088,https://www.gov.pl/web/szczepimysie/raport-szczepien-przeciwko-covid-19,14845783,8621029,
Poland,2021-06-09,"Johnson&Johnson, Moderna, Oxford/AstraZeneca, Pfizer/BioNTech",23240142,https://www.gov.pl/web/szczepimysie/raport-szczepien-przeciwko-covid-19,15048382,8930085,
Poland,2021-06-10,"Johnson&Johnson, Moderna, Oxford/AstraZeneca, Pfizer/BioNTech",23628450,https://www.gov.pl/web/szczepimysie/raport-szczepien-przeciwko-covid-19,15168747,9204705,
Poland,2021-06-11,"Johnson&Johnson, Moderna, Oxford/AstraZeneca, Pfizer/BioNTech",24045826,https://www.gov.pl/web/szczepimysie/raport-szczepien-przeciwko-covid-19,15324134,9479766,
Poland,2021-06-12,"Johnson&Johnson, Moderna, Oxford/AstraZeneca, Pfizer/BioNTech",24360781,https://www.gov.pl/web/szczepimysie/raport-szczepien-przeciwko-covid-19,15457211,9675538,
Poland,2021-06-13,"Johnson&Johnson, Moderna, Oxford/AstraZeneca, Pfizer/BioNTech",24470301,https://www.gov.pl/web/szczepimysie/raport-szczepien-przeciwko-covid-19,15503070,9747952,
Poland,2021-06-14,"Johnson&Johnson, Moderna, Oxford/AstraZeneca, Pfizer/BioNTech",24687629,https://www.gov.pl/web/szczepimysie/raport-szczepien-przeciwko-covid-19,15549895,9929923,
Poland,2021-06-16,"Johnson&Johnson, Moderna, Oxford/AstraZeneca, Pfizer/BioNTech",25482985,https://www.gov.pl/web/szczepimysie/raport-szczepien-przeciwko-covid-19,15810905,10485703,
Poland,2021-06-17,"Johnson&Johnson, Moderna, Oxford/AstraZeneca, Pfizer/BioNTech",25884468,https://www.gov.pl/web/szczepimysie/raport-szczepien-przeciwko-covid-19,15940640,10765849,
Poland,2021-06-18,"Johnson&Johnson, Moderna, Oxford/AstraZeneca, Pfizer/BioNTech",26206854,https://www.gov.pl/web/szczepimysie/raport-szczepien-przeciwko-covid-19,16045779,10993055,
Poland,2021-06-19,"Johnson&Johnson, Moderna, Oxford/AstraZeneca, Pfizer/BioNTech",26422469,https://www.gov.pl/web/szczepimysie/raport-szczepien-przeciwko-covid-19,16127860,11136832,
Poland,2021-06-20,"Johnson&Johnson, Moderna, Oxford/AstraZeneca, Pfizer/BioNTech",26494562,https://www.gov.pl/web/szczepimysie/raport-szczepien-przeciwko-covid-19,16152134,11190284,
Poland,2021-06-21,"Johnson&Johnson, Moderna, Oxford/AstraZeneca, Pfizer/BioNTech",26665528,https://www.gov.pl/web/szczepimysie/raport-szczepien-przeciwko-covid-19,16184242,11337728,
Poland,2021-06-22,"Johnson&Johnson, Moderna, Oxford/AstraZeneca, Pfizer/BioNTech",27078372,https://www.gov.pl/web/szczepimysie/raport-szczepien-przeciwko-covid-19,16302839,11643337,
Poland,2021-06-23,"Johnson&Johnson, Moderna, Oxford/AstraZeneca, Pfizer/BioNTech",27467853,https://www.gov.pl/web/szczepimysie/raport-szczepien-przeciwko-covid-19,16409509,11934134,
Poland,2021-06-24,"Johnson&Johnson, Moderna, Oxford/AstraZeneca, Pfizer/BioNTech",27621910,https://www.gov.pl/web/szczepimysie/raport-szczepien-przeciwko-covid-19,16447968,12052910,
Poland,2021-06-26,"Johnson&Johnson, Moderna, Oxford/AstraZeneca, Pfizer/BioNTech",28354710,https://www.gov.pl/web/szczepimysie/raport-szczepien-przeciwko-covid-19,16649656,12612947,
Poland,2021-06-27,"Johnson&Johnson, Moderna, Oxford/AstraZeneca, Pfizer/BioNTech",28447379,https://www.gov.pl/web/szczepimysie/raport-szczepien-przeciwko-covid-19,16681699,12682542,
Poland,2021-06-28,"Johnson&Johnson, Moderna, Oxford/AstraZeneca, Pfizer/BioNTech",28601320,https://www.gov.pl/web/szczepimysie/raport-szczepien-przeciwko-covid-19,16716871,12810211,
Poland,2021-06-29,"Johnson&Johnson, Moderna, Oxford/AstraZeneca, Pfizer/BioNTech",28888753,https://www.gov.pl/web/szczepimysie/raport-szczepien-przeciwko-covid-19,16788252,13034402,
Poland,2021-06-30,"Johnson&Johnson, Moderna, Oxford/AstraZeneca, Pfizer/BioNTech",29242214,https://www.gov.pl/web/szczepimysie/raport-szczepien-przeciwko-covid-19,16890799,13293459,
Poland,2021-07-01,"Johnson&Johnson, Moderna, Oxford/AstraZeneca, Pfizer/BioNTech",29544033,https://www.gov.pl/web/szczepimysie/raport-szczepien-przeciwko-covid-19,16971186,13524896,
Poland,2021-07-02,"Johnson&Johnson, Moderna, Oxford/AstraZeneca, Pfizer/BioNTech",29791445,https://www.gov.pl/web/szczepimysie/raport-szczepien-przeciwko-covid-19,17041184,13716258,
Poland,2021-07-03,"Johnson&Johnson, Moderna, Oxford/AstraZeneca, Pfizer/BioNTech",29965841,https://www.gov.pl/web/szczepimysie/raport-szczepien-przeciwko-covid-19,17094868,13854142,
Poland,2021-07-04,"Johnson&Johnson, Moderna, Oxford/AstraZeneca, Pfizer/BioNTech",30024149,https://www.gov.pl/web/szczepimysie/raport-szczepien-przeciwko-covid-19,17114524,13902713,
Poland,2021-07-05,"Johnson&Johnson, Moderna, Oxford/AstraZeneca, Pfizer/BioNTech",30148610,https://www.gov.pl/web/szczepimysie/raport-szczepien-przeciwko-covid-19,17149431,14004587,
Poland,2021-07-06,"Johnson&Johnson, Moderna, Oxford/AstraZeneca, Pfizer/BioNTech",30397872,https://www.gov.pl/web/szczepimysie/raport-szczepien-przeciwko-covid-19,17194359,14218165,
Poland,2021-07-07,"Johnson&Johnson, Moderna, Oxford/AstraZeneca, Pfizer/BioNTech",30739367,https://www.gov.pl/web/szczepimysie/raport-szczepien-przeciwko-covid-19,17254158,14511120,
Poland,2021-07-08,"Johnson&Johnson, Moderna, Oxford/AstraZeneca, Pfizer/BioNTech",31004510,https://www.gov.pl/web/szczepimysie/raport-szczepien-przeciwko-covid-19,17315918,14727053,
Poland,2021-07-09,"Johnson&Johnson, Moderna, Oxford/AstraZeneca, Pfizer/BioNTech",31258249,https://www.gov.pl/web/szczepimysie/raport-szczepien-przeciwko-covid-19,17374533,14938143,
Poland,2021-07-11,"Johnson&Johnson, Moderna, Oxford/AstraZeneca, Pfizer/BioNTech",31535478,https://www.gov.pl/web/szczepimysie/raport-szczepien-przeciwko-covid-19,17430956,15181701,
Poland,2021-07-12,"Johnson&Johnson, Moderna, Oxford/AstraZeneca, Pfizer/BioNTech",31653505,https://www.gov.pl/web/szczepimysie/raport-szczepien-przeciwko-covid-19,17464202,15277111,
Poland,2021-07-13,"Johnson&Johnson, Moderna, Oxford/AstraZeneca, Pfizer/BioNTech",31863546,https://www.gov.pl/web/szczepimysie/raport-szczepien-przeciwko-covid-19,17507308,15453502,
Poland,2021-07-14,"Johnson&Johnson, Moderna, Oxford/AstraZeneca, Pfizer/BioNTech",32158852,https://www.gov.pl/web/szczepimysie/raport-szczepien-przeciwko-covid-19,17569346,15700212,
Poland,2021-07-15,"Johnson&Johnson, Moderna, Oxford/AstraZeneca, Pfizer/BioNTech",32413199,https://www.gov.pl/web/szczepimysie/raport-szczepien-przeciwko-covid-19,17635269,15907199,
Poland,2021-07-17,"Johnson&Johnson, Moderna, Oxford/AstraZeneca, Pfizer/BioNTech",32788403,https://www.gov.pl/web/szczepimysie/raport-szczepien-przeciwko-covid-19,17742406,16211976,
Poland,2021-07-19,"Johnson&Johnson, Moderna, Oxford/AstraZeneca, Pfizer/BioNTech",32923412,https://www.gov.pl/web/szczepimysie/raport-szczepien-przeciwko-covid-19,17797365,16316648,
Poland,2021-07-20,"Johnson&Johnson, Moderna, Oxford/AstraZeneca, Pfizer/BioNTech",33083693,https://www.gov.pl/web/szczepimysie/raport-szczepien-przeciwko-covid-19,17843723,16443569,
Poland,2021-07-21,"Johnson&Johnson, Moderna, Oxford/AstraZeneca, Pfizer/BioNTech",33280946,https://www.gov.pl/web/szczepimysie/raport-szczepien-przeciwko-covid-19,17894628,16603052,
Poland,2021-07-22,"Johnson&Johnson, Moderna, Oxford/AstraZeneca, Pfizer/BioNTech",33482067,https://www.gov.pl/web/szczepimysie/raport-szczepien-przeciwko-covid-19,17956225,16759941,
Poland,2021-07-23,"Johnson&Johnson, Moderna, Oxford/AstraZeneca, Pfizer/BioNTech",33641540,https://www.gov.pl/web/szczepimysie/raport-szczepien-przeciwko-covid-19,18012081,16881997,
Poland,2021-07-25,"Johnson&Johnson, Moderna, Oxford/AstraZeneca, Pfizer/BioNTech",33770147,https://www.gov.pl/web/szczepimysie/raport-szczepien-przeciwko-covid-19,18064022,16986230,
Poland,2021-07-26,"Johnson&Johnson, Moderna, Oxford/AstraZeneca, Pfizer/BioNTech",33843941,https://www.gov.pl/web/szczepimysie/raport-szczepien-przeciwko-covid-19,18095178,17040924,
Poland,2021-07-27,"Johnson&Johnson, Moderna, Oxford/AstraZeneca, Pfizer/BioNTech",33945590,https://www.gov.pl/web/szczepimysie/raport-szczepien-przeciwko-covid-19,18133454,17116255,
Poland,2021-07-28,"Johnson&Johnson, Moderna, Oxford/AstraZeneca, Pfizer/BioNTech",34096548,https://www.gov.pl/web/szczepimysie/raport-szczepien-przeciwko-covid-19,18192439,17225194,
Poland,2021-07-29,"Johnson&Johnson, Moderna, Oxford/AstraZeneca, Pfizer/BioNTech",34221338,https://www.gov.pl/web/szczepimysie/raport-szczepien-przeciwko-covid-19,18239525,17316491,
Poland,2021-07-30,"Johnson&Johnson, Moderna, Oxford/AstraZeneca, Pfizer/BioNTech",34334259,https://www.gov.pl/web/szczepimysie/raport-szczepien-przeciwko-covid-19,18285323,17398999,
Poland,2021-07-31,"Johnson&Johnson, Moderna, Oxford/AstraZeneca, Pfizer/BioNTech",34429956,https://www.gov.pl/web/szczepimysie/raport-szczepien-przeciwko-covid-19,18332060,17470071,
Poland,2021-08-01,"Johnson&Johnson, Moderna, Oxford/AstraZeneca, Pfizer/BioNTech",34463736,https://www.gov.pl/web/szczepimysie/raport-szczepien-przeciwko-covid-19,18357076,17498174,
Poland,2021-08-02,"Johnson&Johnson, Moderna, Oxford/AstraZeneca, Pfizer/BioNTech",34521740,https://www.gov.pl/web/szczepimysie/raport-szczepien-przeciwko-covid-19,18387784,17538257,
Poland,2021-08-03,"Johnson&Johnson, Moderna, Oxford/AstraZeneca, Pfizer/BioNTech",34597705,https://www.gov.pl/web/szczepimysie/raport-szczepien-przeciwko-covid-19,18423513,17590257,
Poland,2021-08-04,"Johnson&Johnson, Moderna, Oxford/AstraZeneca, Pfizer/BioNTech",34702058,https://www.gov.pl/web/szczepimysie/raport-szczepien-przeciwko-covid-19,18469353,17663125,
Poland,2021-08-05,"Johnson&Johnson, Moderna, Oxford/AstraZeneca, Pfizer/BioNTech",34806538,https://www.gov.pl/web/szczepimysie/raport-szczepien-przeciwko-covid-19,18515393,17735484,
Poland,2021-08-07,"Johnson&Johnson, Moderna, Oxford/AstraZeneca, Pfizer/BioNTech",34986764,https://www.gov.pl/web/szczepimysie/raport-szczepien-przeciwko-covid-19,18605722,17863405,
Poland,2021-08-09,"Johnson&Johnson, Moderna, Oxford/AstraZeneca, Pfizer/BioNTech",35050510,https://www.gov.pl/web/szczepimysie/raport-szczepien-przeciwko-covid-19,18643526,17910610,
Poland,2021-08-10,"Johnson&Johnson, Moderna, Oxford/AstraZeneca, Pfizer/BioNTech",35114129,https://www.gov.pl/web/szczepimysie/raport-szczepien-przeciwko-covid-19,18676038,17953396,
Poland,2021-08-11,"Johnson&Johnson, Moderna, Oxford/AstraZeneca, Pfizer/BioNTech",35189762,https://www.gov.pl/web/szczepimysie/raport-szczepien-przeciwko-covid-19,18714190,18003250,
Poland,2021-08-12,"Johnson&Johnson, Moderna, Oxford/AstraZeneca, Pfizer/BioNTech",35281208,https://www.gov.pl/web/szczepimysie/raport-szczepien-przeciwko-covid-19,18759946,18064134,
Poland,2021-08-14,"Johnson&Johnson, Moderna, Oxford/AstraZeneca, Pfizer/BioNTech",35409730,https://www.gov.pl/web/szczepimysie/raport-szczepien-przeciwko-covid-19,18825714,18156083,
Poland,2021-08-15,"Johnson&Johnson, Moderna, Oxford/AstraZeneca, Pfizer/BioNTech",35430974,https://www.gov.pl/web/szczepimysie/raport-szczepien-przeciwko-covid-19,18842300,18173552,
Poland,2021-08-16,"Johnson&Johnson, Moderna, Oxford/AstraZeneca, Pfizer/BioNTech",35474489,https://www.gov.pl/web/szczepimysie/raport-szczepien-przeciwko-covid-19,18863709,18205787,
Poland,2021-08-17,"Johnson&Johnson, Moderna, Oxford/AstraZeneca, Pfizer/BioNTech",35528975,https://www.gov.pl/web/szczepimysie/raport-szczepien-przeciwko-covid-19,18890548,18244397,
Poland,2021-08-18,"Johnson&Johnson, Moderna, Oxford/AstraZeneca, Pfizer/BioNTech",35621237,https://www.gov.pl/web/szczepimysie/raport-szczepien-przeciwko-covid-19,18942274,18309754,
Poland,2021-08-19,"Johnson&Johnson, Moderna, Oxford/AstraZeneca, Pfizer/BioNTech",35690920,https://www.gov.pl/web/szczepimysie/raport-szczepien-przeciwko-covid-19,18974615,18358017,
Poland,2021-08-20,"Johnson&Johnson, Moderna, Oxford/AstraZeneca, Pfizer/BioNTech",35763435,https://www.gov.pl/web/szczepimysie/raport-szczepien-przeciwko-covid-19,19008598,18410561,
Poland,2021-08-21,"Johnson&Johnson, Moderna, Oxford/AstraZeneca, Pfizer/BioNTech",35805427,https://www.gov.pl/web/szczepimysie/raport-szczepien-przeciwko-covid-19,19031403,18443277,
Poland,2021-08-22,"Johnson&Johnson, Moderna, Oxford/AstraZeneca, Pfizer/BioNTech",35824579,https://www.gov.pl/web/szczepimysie/raport-szczepien-przeciwko-covid-19,19046468,18459139,
Poland,2021-08-24,"Johnson&Johnson, Moderna, Oxford/AstraZeneca, Pfizer/BioNTech",35917007,https://www.gov.pl/web/szczepimysie/raport-szczepien-przeciwko-covid-19,19092270,18524940,
Poland,2021-08-26,"Johnson&Johnson, Moderna, Oxford/AstraZeneca, Pfizer/BioNTech",36053472,https://www.gov.pl/web/szczepimysie/raport-szczepien-przeciwko-covid-19,19158536,18618197,
Poland,2021-08-27,"Johnson&Johnson, Moderna, Oxford/AstraZeneca, Pfizer/BioNTech",36127090,https://www.gov.pl/web/szczepimysie/raport-szczepien-przeciwko-covid-19,19194135,18670217,
Poland,2021-08-28,"Johnson&Johnson, Moderna, Oxford/AstraZeneca, Pfizer/BioNTech",36171384,https://www.gov.pl/web/szczepimysie/raport-szczepien-przeciwko-covid-19,19219260,18704011,
Poland,2021-08-29,"Johnson&Johnson, Moderna, Oxford/AstraZeneca, Pfizer/BioNTech",36194405,https://www.gov.pl/web/szczepimysie/raport-szczepien-przeciwko-covid-19,19237695,18722803,
Poland,2021-08-30,"Johnson&Johnson, Moderna, Oxford/AstraZeneca, Pfizer/BioNTech",36232370,https://www.gov.pl/web/szczepimysie/raport-szczepien-przeciwko-covid-19,19257631,18750231,
Poland,2021-08-31,"Johnson&Johnson, Moderna, Oxford/AstraZeneca, Pfizer/BioNTech",36286614,https://www.gov.pl/web/szczepimysie/raport-szczepien-przeciwko-covid-19,19284686,18787636,
Poland,2021-09-01,"Johnson&Johnson, Moderna, Oxford/AstraZeneca, Pfizer/BioNTech",36335572,https://www.gov.pl/web/szczepimysie/raport-szczepien-przeciwko-covid-19,19307400,18821841,
Poland,2021-09-02,"Johnson&Johnson, Moderna, Oxford/AstraZeneca, Pfizer/BioNTech",36391474,https://www.gov.pl/web/szczepimysie/raport-szczepien-przeciwko-covid-19,19333347,18860734,
Poland,2021-09-03,"Johnson&Johnson, Moderna, Oxford/AstraZeneca, Pfizer/BioNTech",36452021,https://www.gov.pl/web/szczepimysie/raport-szczepien-przeciwko-covid-19,19363616,18902890,
Poland,2021-09-04,"Johnson&Johnson, Moderna, Oxford/AstraZeneca, Pfizer/BioNTech",36485044,https://www.gov.pl/web/szczepimysie/raport-szczepien-przeciwko-covid-19,19382663,18927433,
Poland,2021-09-05,"Johnson&Johnson, Moderna, Oxford/AstraZeneca, Pfizer/BioNTech",36499891,https://www.gov.pl/web/szczepimysie/raport-szczepien-przeciwko-covid-19,19394323,18939077,
Poland,2021-09-06,"Johnson&Johnson, Moderna, Oxford/AstraZeneca, Pfizer/BioNTech",36525458,https://www.gov.pl/web/szczepimysie/raport-szczepien-przeciwko-covid-19,19408281,18957376,
Poland,2021-09-07,"Johnson&Johnson, Moderna, Oxford/AstraZeneca, Pfizer/BioNTech",36561654,https://www.gov.pl/web/szczepimysie/raport-szczepien-przeciwko-covid-19,19427000,18982051,
Poland,2021-09-08,"Johnson&Johnson, Moderna, Oxford/AstraZeneca, Pfizer/BioNTech",36604902,https://www.gov.pl/web/szczepimysie/raport-szczepien-przeciwko-covid-19,19448585,19011042,
Poland,2021-09-10,"Johnson&Johnson, Moderna, Oxford/AstraZeneca, Pfizer/BioNTech",36709898,https://www.gov.pl/web/szczepimysie/raport-szczepien-przeciwko-covid-19,19501432,19082133,
Poland,2021-09-11,"Johnson&Johnson, Moderna, Oxford/AstraZeneca, Pfizer/BioNTech",36737087,https://www.gov.pl/web/szczepimysie/raport-szczepien-przeciwko-covid-19,19523117,19096932,
Poland,2021-09-12,"Johnson&Johnson, Moderna, Oxford/AstraZeneca, Pfizer/BioNTech",36749445,https://www.gov.pl/web/szczepimysie/raport-szczepien-przeciwko-covid-19,19532718,19106619,
Poland,2021-09-14,"Johnson&Johnson, Moderna, Oxford/AstraZeneca, Pfizer/BioNTech",36803305,https://www.gov.pl/web/szczepimysie/raport-szczepien-przeciwko-covid-19,19561992,19143244,
Poland,2021-09-15,"Johnson&Johnson, Moderna, Oxford/AstraZeneca, Pfizer/BioNTech",36841191,https://www.gov.pl/web/szczepimysie/raport-szczepien-przeciwko-covid-19,19581730,19167754,
Poland,2021-09-16,"Johnson&Johnson, Moderna, Oxford/AstraZeneca, Pfizer/BioNTech",36878694,https://www.gov.pl/web/szczepimysie/raport-szczepien-przeciwko-covid-19,19601546,19191249,
Poland,2021-09-17,"Johnson&Johnson, Moderna, Oxford/AstraZeneca, Pfizer/BioNTech",36922081,https://www.gov.pl/web/szczepimysie/raport-szczepien-przeciwko-covid-19,19625034,19219358,
Poland,2021-09-19,"Johnson&Johnson, Moderna, Oxford/AstraZeneca, Pfizer/BioNTech",36956930,https://www.gov.pl/web/szczepimysie/raport-szczepien-przeciwko-covid-19,19648110,19244807,
Poland,2021-09-20,"Johnson&Johnson, Moderna, Oxford/AstraZeneca, Pfizer/BioNTech",36977687,https://www.gov.pl/web/szczepimysie/raport-szczepien-przeciwko-covid-19,19659451,19259376,
Poland,2021-09-21,"Johnson&Johnson, Moderna, Oxford/AstraZeneca, Pfizer/BioNTech",37007048,https://www.gov.pl/web/szczepimysie/raport-szczepien-przeciwko-covid-19,19675679,19278324,
Poland,2021-09-22,"Johnson&Johnson, Moderna, Oxford/AstraZeneca, Pfizer/BioNTech",37073097,https://www.gov.pl/web/szczepimysie/raport-szczepien-przeciwko-covid-19,19712418,19320780,
Poland,2021-09-23,"Johnson&Johnson, Moderna, Oxford/AstraZeneca, Pfizer/BioNTech",37104651,https://www.gov.pl/web/szczepimysie/raport-szczepien-przeciwko-covid-19,19730125,19340905,
Poland,2021-09-24,"Johnson&Johnson, Moderna, Oxford/AstraZeneca, Pfizer/BioNTech",37144805,https://www.gov.pl/web/szczepimysie/raport-szczepien-przeciwko-covid-19,19752578,19367855,
Poland,2021-09-25,"Johnson&Johnson, Moderna, Oxford/AstraZeneca, Pfizer/BioNTech",37147012,https://www.gov.pl/web/szczepimysie/raport-szczepien-przeciwko-covid-19,19756349,19374121,
Poland,2021-09-27,"Johnson&Johnson, Moderna, Oxford/AstraZeneca, Pfizer/BioNTech",37158644,https://www.gov.pl/web/szczepimysie/raport-szczepien-przeciwko-covid-19,19766904,19386322,
Poland,2021-09-28,"Johnson&Johnson, Moderna, Oxford/AstraZeneca, Pfizer/BioNTech",37186150,https://www.gov.pl/web/szczepimysie/raport-szczepien-przeciwko-covid-19,19798940,19386695,
Poland,2021-09-29,"Johnson&Johnson, Moderna, Oxford/AstraZeneca, Pfizer/BioNTech",37212955,https://www.gov.pl/web/szczepimysie/raport-szczepien-przeciwko-covid-19,19813605,19404212,
Poland,2021-10-01,"Johnson&Johnson, Moderna, Oxford/AstraZeneca, Pfizer/BioNTech",37317759,https://www.gov.pl/web/szczepimysie/raport-szczepien-przeciwko-covid-19,19845939,19489903,
Poland,2021-10-02,"Johnson&Johnson, Moderna, Oxford/AstraZeneca, Pfizer/BioNTech",37331309,https://www.gov.pl/web/szczepimysie/raport-szczepien-przeciwko-covid-19,19853542,19500218,
Poland,2021-10-03,"Johnson&Johnson, Moderna, Oxford/AstraZeneca, Pfizer/BioNTech",37377609,https://www.gov.pl/web/szczepimysie/raport-szczepien-przeciwko-covid-19,19880124,19531281,
Poland,2021-10-04,"Johnson&Johnson, Moderna, Oxford/AstraZeneca, Pfizer/BioNTech",37666261,https://www.gov.pl/web/szczepimysie/raport-szczepien-przeciwko-covid-19,19885124,19540515,
Poland,2021-10-12,"Johnson&Johnson, Moderna, Oxford/AstraZeneca, Pfizer/BioNTech",38043351,https://www.gov.pl/web/szczepimysie/raport-szczepien-przeciwko-covid-19,19967292,19648767,
Poland,2021-10-13,"Johnson&Johnson, Moderna, Oxford/AstraZeneca, Pfizer/BioNTech",38051598,https://www.gov.pl/web/szczepimysie/raport-szczepien-przeciwko-covid-19,19968901,19651359,
Poland,2021-10-15,"Johnson&Johnson, Moderna, Oxford/AstraZeneca, Pfizer/BioNTech",38252125,https://www.gov.pl/web/szczepimysie/raport-szczepien-przeciwko-covid-19,20016102,19714288,
Poland,2021-10-16,"Johnson&Johnson, Moderna, Oxford/AstraZeneca, Pfizer/BioNTech",38280933,https://www.gov.pl/web/szczepimysie/raport-szczepien-przeciwko-covid-19,20026009,19725793,
Poland,2021-10-17,"Johnson&Johnson, Moderna, Oxford/AstraZeneca, Pfizer/BioNTech",38286490,https://www.gov.pl/web/szczepimysie/raport-szczepien-przeciwko-covid-19,20028338,19728692,
Poland,2021-10-19,"Johnson&Johnson, Moderna, Oxford/AstraZeneca, Pfizer/BioNTech",38373412,https://www.gov.pl/web/szczepimysie/raport-szczepien-przeciwko-covid-19,20050972,19756793,
Poland,2021-10-20,"Johnson&Johnson, Moderna, Oxford/AstraZeneca, Pfizer/BioNTech",38439839,https://www.gov.pl/web/szczepimysie/raport-szczepien-przeciwko-covid-19,20065807,19774453,
Poland,2021-10-21,"Johnson&Johnson, Moderna, Oxford/AstraZeneca, Pfizer/BioNTech",38510829,https://www.gov.pl/web/szczepimysie/raport-szczepien-przeciwko-covid-19,20081239,19793580,
Poland,2021-10-23,"Johnson&Johnson, Moderna, Oxford/AstraZeneca, Pfizer/BioNTech",38621872,https://www.gov.pl/web/szczepimysie/raport-szczepien-przeciwko-covid-19,20113535,19830320,
Poland,2021-10-24,"Johnson&Johnson, Moderna, Oxford/AstraZeneca, Pfizer/BioNTech",38629517,https://www.gov.pl/web/szczepimysie/raport-szczepien-przeciwko-covid-19,20117277,19833946,
Poland,2021-10-25,"Johnson&Johnson, Moderna, Oxford/AstraZeneca, Pfizer/BioNTech",38671357,https://www.gov.pl/web/szczepimysie/raport-szczepien-przeciwko-covid-19,20129987,19846726,836725
Poland,2021-10-26,"Johnson&Johnson, Moderna, Oxford/AstraZeneca, Pfizer/BioNTech",38802190,https://www.gov.pl/web/szczepimysie/raport-szczepien-przeciwko-covid-19,20166722,19886266,907537
Poland,2021-10-28,"Johnson&Johnson, Moderna, Oxford/AstraZeneca, Pfizer/BioNTech",38951997,https://www.gov.pl/web/szczepimysie/raport-szczepien-przeciwko-covid-19,20206425,19924766,994699
Poland,2021-10-29,"Johnson&Johnson, Moderna, Oxford/AstraZeneca, Pfizer/BioNTech",39031279,https://www.gov.pl/web/szczepimysie/raport-szczepien-przeciwko-covid-19,20232132,19950503,1033542
Poland,2021-10-31,"Johnson&Johnson, Moderna, Oxford/AstraZeneca, Pfizer/BioNTech",39064978,https://www.gov.pl/web/szczepimysie/raport-szczepien-przeciwko-covid-19,20248449,19965507,1045109
Poland,2021-11-01,"Johnson&Johnson, Moderna, Oxford/AstraZeneca, Pfizer/BioNTech",39067239,https://www.gov.pl/web/szczepimysie/raport-szczepien-przeciwko-covid-19,20249639,19966504,1045982
Poland,2021-11-02,"Johnson&Johnson, Moderna, Oxford/AstraZeneca, Pfizer/BioNTech",39120916,https://www.gov.pl/web/szczepimysie/raport-szczepien-przeciwko-covid-19,20264839,19981458,1076047
Poland,2021-11-03,"Johnson&Johnson, Moderna, Oxford/AstraZeneca, Pfizer/BioNTech",39207074,https://www.gov.pl/web/szczepimysie/raport-szczepien-przeciwko-covid-19,20285036,19999420,1131722
Poland,2021-11-04,"Johnson&Johnson, Moderna, Oxford/AstraZeneca, Pfizer/BioNTech",39299459,https://www.gov.pl/web/szczepimysie/raport-szczepien-przeciwko-covid-19,20306537,20018204,1191638
