date,total_vaccinations,people_vaccinated,people_fully_vaccinated,vaccine,location,source_url,total_boosters
2020-12-27,4963,4963,0,Pfizer/BioNTech,Portugal,https://github.com/dssg-pt/covid19pt-data,
2020-12-28,7754,7754,0,Pfizer/BioNTech,Portugal,https://github.com/dssg-pt/covid19pt-data,
2020-12-29,20368,20368,0,Pfizer/BioNTech,Portugal,https://github.com/dssg-pt/covid19pt-data,
2020-12-30,30543,30543,0,Pfizer/BioNTech,Portugal,https://github.com/dssg-pt/covid19pt-data,
2020-12-31,32749,32749,0,Pfizer/BioNTech,Portugal,https://github.com/dssg-pt/covid19pt-data,
2021-01-01,32749,32749,0,Pfizer/BioNTech,Portugal,https://github.com/dssg-pt/covid19pt-data,
2021-01-02,32750,32750,0,Pfizer/BioNTech,Portugal,https://github.com/dssg-pt/covid19pt-data,
2021-01-03,32750,32750,0,Pfizer/BioNTech,Portugal,https://github.com/dssg-pt/covid19pt-data,
2021-01-04,33670,33670,0,Pfizer/BioNTech,Portugal,https://github.com/dssg-pt/covid19pt-data,
2021-01-05,46433,46433,0,Pfizer/BioNTech,Portugal,https://github.com/dssg-pt/covid19pt-data,
2021-01-06,61454,61454,0,Pfizer/BioNTech,Portugal,https://github.com/dssg-pt/covid19pt-data,
2021-01-07,71751,71751,0,Pfizer/BioNTech,Portugal,https://github.com/dssg-pt/covid19pt-data,
2021-01-08,74254,74254,0,Pfizer/BioNTech,Portugal,https://github.com/dssg-pt/covid19pt-data,
2021-01-09,74352,74352,0,Pfizer/BioNTech,Portugal,https://github.com/dssg-pt/covid19pt-data,
2021-01-10,74392,74392,0,Pfizer/BioNTech,Portugal,https://github.com/dssg-pt/covid19pt-data,
2021-01-11,85165,85050,131,Pfizer/BioNTech,Portugal,https://github.com/dssg-pt/covid19pt-data,
2021-01-12,96047,95932,131,Pfizer/BioNTech,Portugal,https://github.com/dssg-pt/covid19pt-data,
2021-01-13,109846,109731,131,Pfizer/BioNTech,Portugal,https://github.com/dssg-pt/covid19pt-data,
2021-01-14,120996,120881,131,Pfizer/BioNTech,Portugal,https://github.com/dssg-pt/covid19pt-data,
2021-01-15,128482,128367,131,Pfizer/BioNTech,Portugal,https://github.com/dssg-pt/covid19pt-data,
2021-01-16,130017,129902,131,Pfizer/BioNTech,Portugal,https://github.com/dssg-pt/covid19pt-data,
2021-01-17,131185,129909,1292,Pfizer/BioNTech,Portugal,https://github.com/dssg-pt/covid19pt-data,
2021-01-18,136587,135253,1405,Pfizer/BioNTech,Portugal,https://github.com/dssg-pt/covid19pt-data,
2021-01-19,160317,151365,9023,Pfizer/BioNTech,Portugal,https://github.com/dssg-pt/covid19pt-data,
2021-01-20,189250,171123,18198,Pfizer/BioNTech,Portugal,https://github.com/dssg-pt/covid19pt-data,
2021-01-21,222354,199253,23172,Pfizer/BioNTech,Portugal,https://github.com/dssg-pt/covid19pt-data,
2021-01-22,248613,223108,25576,Pfizer/BioNTech,Portugal,https://github.com/dssg-pt/covid19pt-data,
2021-01-23,263407,233862,29616,Pfizer/BioNTech,Portugal,https://github.com/dssg-pt/covid19pt-data,
2021-01-24,267582,237520,30133,Pfizer/BioNTech,Portugal,https://github.com/dssg-pt/covid19pt-data,
2021-01-26,275382,,,Pfizer/BioNTech,Portugal,https://github.com/dssg-pt/covid19pt-data,
2021-01-27,290296,,,Pfizer/BioNTech,Portugal,https://github.com/dssg-pt/covid19pt-data,
2021-01-28,307887,,,Pfizer/BioNTech,Portugal,https://github.com/dssg-pt/covid19pt-data,
2021-01-29,327620,,,Pfizer/BioNTech,Portugal,https://github.com/dssg-pt/covid19pt-data,
2021-01-30,342116,277146,65041,Pfizer/BioNTech,Portugal,https://github.com/dssg-pt/covid19pt-data,
2021-01-31,348654,280760,67965,Pfizer/BioNTech,Portugal,https://github.com/dssg-pt/covid19pt-data,
2021-02-01,380139,300004,80472,Pfizer/BioNTech,Portugal,https://github.com/dssg-pt/covid19pt-data,
2021-02-02,383692,301614,82415,Pfizer/BioNTech,Portugal,https://github.com/dssg-pt/covid19pt-data,
2021-02-03,392518,305283,87572,Pfizer/BioNTech,Portugal,https://github.com/dssg-pt/covid19pt-data,
2021-02-04,405784,309426,96695,Pfizer/BioNTech,Portugal,https://github.com/dssg-pt/covid19pt-data,
2021-02-05,420951,314652,106636,Pfizer/BioNTech,Portugal,https://github.com/dssg-pt/covid19pt-data,
2021-02-06,435661,320492,115506,Pfizer/BioNTech,Portugal,https://github.com/dssg-pt/covid19pt-data,
2021-02-07,437477,321568,116246,Pfizer/BioNTech,Portugal,https://github.com/dssg-pt/covid19pt-data,
2021-02-08,442015,324240,118147,Pfizer/BioNTech,Portugal,https://github.com/dssg-pt/covid19pt-data,
2021-02-09,445834,326617,119589,"Moderna, Oxford/AstraZeneca, Pfizer/BioNTech",Portugal,https://github.com/dssg-pt/covid19pt-data,
2021-02-10,460927,331206,130093,"Moderna, Oxford/AstraZeneca, Pfizer/BioNTech",Portugal,https://github.com/dssg-pt/covid19pt-data,
2021-02-11,481864,335624,146612,"Moderna, Oxford/AstraZeneca, Pfizer/BioNTech",Portugal,https://github.com/dssg-pt/covid19pt-data,
2021-02-12,513963,343197,171138,"Moderna, Oxford/AstraZeneca, Pfizer/BioNTech",Portugal,https://github.com/dssg-pt/covid19pt-data,
2021-02-13,551015,353159,198228,"Moderna, Oxford/AstraZeneca, Pfizer/BioNTech",Portugal,https://github.com/dssg-pt/covid19pt-data,
2021-02-14,568993,361301,208064,"Moderna, Oxford/AstraZeneca, Pfizer/BioNTech",Portugal,https://github.com/dssg-pt/covid19pt-data,
2021-02-15,582711,365308,218062,"Moderna, Oxford/AstraZeneca, Pfizer/BioNTech",Portugal,https://github.com/dssg-pt/covid19pt-data,
2021-02-16,593476,370487,223648,"Moderna, Oxford/AstraZeneca, Pfizer/BioNTech",Portugal,https://github.com/dssg-pt/covid19pt-data,
2021-02-17,610021,381000,229680,"Moderna, Oxford/AstraZeneca, Pfizer/BioNTech",Portugal,https://github.com/dssg-pt/covid19pt-data,
2021-02-18,632392,395418,237633,"Moderna, Oxford/AstraZeneca, Pfizer/BioNTech",Portugal,https://github.com/dssg-pt/covid19pt-data,
2021-02-19,672326,422648,250337,"Moderna, Oxford/AstraZeneca, Pfizer/BioNTech",Portugal,https://github.com/dssg-pt/covid19pt-data,
2021-02-20,710101,447469,263291,"Moderna, Oxford/AstraZeneca, Pfizer/BioNTech",Portugal,https://github.com/dssg-pt/covid19pt-data,
2021-02-21,729143,463007,266795,"Moderna, Oxford/AstraZeneca, Pfizer/BioNTech",Portugal,https://github.com/dssg-pt/covid19pt-data,
2021-02-22,737051,469174,269099,"Moderna, Oxford/AstraZeneca, Pfizer/BioNTech",Portugal,https://github.com/dssg-pt/covid19pt-data,
2021-02-23,751091,481490,270823,"Moderna, Oxford/AstraZeneca, Pfizer/BioNTech",Portugal,https://github.com/dssg-pt/covid19pt-data,
2021-02-24,777511,505689,273044,"Moderna, Oxford/AstraZeneca, Pfizer/BioNTech",Portugal,https://github.com/dssg-pt/covid19pt-data,
2021-02-25,809111,533800,276533,"Moderna, Oxford/AstraZeneca, Pfizer/BioNTech",Portugal,https://github.com/dssg-pt/covid19pt-data,
2021-02-26,853799,575396,279625,"Moderna, Oxford/AstraZeneca, Pfizer/BioNTech",Portugal,https://github.com/dssg-pt/covid19pt-data,
2021-02-27,894681,610822,285081,"Moderna, Oxford/AstraZeneca, Pfizer/BioNTech",Portugal,https://github.com/dssg-pt/covid19pt-data,
2021-02-28,918716,633572,286366,"Moderna, Oxford/AstraZeneca, Pfizer/BioNTech",Portugal,https://github.com/dssg-pt/covid19pt-data,
2021-03-01,935254,646551,290508,"Moderna, Oxford/AstraZeneca, Pfizer/BioNTech",Portugal,https://github.com/dssg-pt/covid19pt-data,
2021-03-02,951412,661359,291858,"Moderna, Oxford/AstraZeneca, Pfizer/BioNTech",Portugal,https://github.com/dssg-pt/covid19pt-data,
2021-03-03,967134,675416,293523,"Moderna, Oxford/AstraZeneca, Pfizer/BioNTech",Portugal,https://github.com/dssg-pt/covid19pt-data,
2021-03-04,995436,698685,298556,"Moderna, Oxford/AstraZeneca, Pfizer/BioNTech",Portugal,https://github.com/dssg-pt/covid19pt-data,
2021-03-05,1038486,735926,304365,"Moderna, Oxford/AstraZeneca, Pfizer/BioNTech",Portugal,https://github.com/dssg-pt/covid19pt-data,
2021-03-06,1078335,767168,312972,"Moderna, Oxford/AstraZeneca, Pfizer/BioNTech",Portugal,https://github.com/dssg-pt/covid19pt-data,
2021-03-07,1095492,780172,317125,"Moderna, Oxford/AstraZeneca, Pfizer/BioNTech",Portugal,https://github.com/dssg-pt/covid19pt-data,
2021-03-08,1108724,786215,324702,"Moderna, Oxford/AstraZeneca, Pfizer/BioNTech",Portugal,https://github.com/dssg-pt/covid19pt-data,
2021-03-09,1119715,795028,326880,"Moderna, Oxford/AstraZeneca, Pfizer/BioNTech",Portugal,https://github.com/dssg-pt/covid19pt-data,
2021-03-10,1130709,804116,328786,"Moderna, Oxford/AstraZeneca, Pfizer/BioNTech",Portugal,https://github.com/dssg-pt/covid19pt-data,
2021-03-11,1154387,818796,337784,"Moderna, Oxford/AstraZeneca, Pfizer/BioNTech",Portugal,https://github.com/dssg-pt/covid19pt-data,
2021-03-12,1189509,839615,352087,"Moderna, Oxford/AstraZeneca, Pfizer/BioNTech",Portugal,https://github.com/dssg-pt/covid19pt-data,
2021-03-13,1223199,859833,365559,"Moderna, Oxford/AstraZeneca, Pfizer/BioNTech",Portugal,https://github.com/dssg-pt/covid19pt-data,
2021-03-14,1239497,870766,370924,"Moderna, Oxford/AstraZeneca, Pfizer/BioNTech",Portugal,https://github.com/dssg-pt/covid19pt-data,
2021-03-15,1257746,883000,377273,"Moderna, Oxford/AstraZeneca, Pfizer/BioNTech",Portugal,https://github.com/dssg-pt/covid19pt-data,
2021-03-16,1282717,904956,380288,"Moderna, Oxford/AstraZeneca, Pfizer/BioNTech",Portugal,https://github.com/dssg-pt/covid19pt-data,
2021-03-17,1290222,906514,386235,"Moderna, Oxford/AstraZeneca, Pfizer/BioNTech",Portugal,https://github.com/dssg-pt/covid19pt-data,
2021-03-18,1324667,919062,408132,"Moderna, Oxford/AstraZeneca, Pfizer/BioNTech",Portugal,https://github.com/dssg-pt/covid19pt-data,
2021-03-19,1369940,930982,441485,"Moderna, Oxford/AstraZeneca, Pfizer/BioNTech",Portugal,https://github.com/dssg-pt/covid19pt-data,
2021-03-20,1414797,947864,469460,"Moderna, Oxford/AstraZeneca, Pfizer/BioNTech",Portugal,https://github.com/dssg-pt/covid19pt-data,
2021-03-21,1437862,958019,482370,"Moderna, Oxford/AstraZeneca, Pfizer/BioNTech",Portugal,https://github.com/dssg-pt/covid19pt-data,
2021-03-22,1450942,965641,487985,"Moderna, Oxford/AstraZeneca, Pfizer/BioNTech",Portugal,https://github.com/dssg-pt/covid19pt-data,
2021-03-23,1468668,975735,495617,"Moderna, Oxford/AstraZeneca, Pfizer/BioNTech",Portugal,https://github.com/dssg-pt/covid19pt-data,
2021-03-24,1490977,995972,497689,"Moderna, Oxford/AstraZeneca, Pfizer/BioNTech",Portugal,https://github.com/dssg-pt/covid19pt-data,
2021-03-25,1533470,1034858,501296,"Moderna, Oxford/AstraZeneca, Pfizer/BioNTech",Portugal,https://github.com/dssg-pt/covid19pt-data,
2021-03-26,1604902,1101786,505800,"Moderna, Oxford/AstraZeneca, Pfizer/BioNTech",Portugal,https://github.com/dssg-pt/covid19pt-data,
2021-03-27,1635610,1130038,508256,"Moderna, Oxford/AstraZeneca, Pfizer/BioNTech",Portugal,https://github.com/dssg-pt/covid19pt-data,
2021-03-28,1699025,1191935,509774,"Moderna, Oxford/AstraZeneca, Pfizer/BioNTech",Portugal,https://github.com/dssg-pt/covid19pt-data,
2021-03-29,1731434,1223895,510762,"Moderna, Oxford/AstraZeneca, Pfizer/BioNTech",Portugal,https://github.com/dssg-pt/covid19pt-data,
2021-03-30,1754981,1244814,513390,"Moderna, Oxford/AstraZeneca, Pfizer/BioNTech",Portugal,https://github.com/dssg-pt/covid19pt-data,
2021-03-31,1785928,1272165,516986,"Moderna, Oxford/AstraZeneca, Pfizer/BioNTech",Portugal,https://github.com/dssg-pt/covid19pt-data,
2021-04-01,1809604,1286134,526693,"Moderna, Oxford/AstraZeneca, Pfizer/BioNTech",Portugal,https://github.com/dssg-pt/covid19pt-data,
2021-04-02,1892885,1327367,568741,"Moderna, Oxford/AstraZeneca, Pfizer/BioNTech",Portugal,https://github.com/dssg-pt/covid19pt-data,
2021-04-03,1928319,1346045,585497,"Moderna, Oxford/AstraZeneca, Pfizer/BioNTech",Portugal,https://github.com/dssg-pt/covid19pt-data,
2021-04-04,1946253,1356856,592620,"Moderna, Oxford/AstraZeneca, Pfizer/BioNTech",Portugal,https://github.com/dssg-pt/covid19pt-data,
2021-04-05,1955352,1362573,596257,"Moderna, Oxford/AstraZeneca, Pfizer/BioNTech",Portugal,https://github.com/dssg-pt/covid19pt-data,
2021-04-06,1987997,1389298,602177,"Moderna, Oxford/AstraZeneca, Pfizer/BioNTech",Portugal,https://github.com/dssg-pt/covid19pt-data,
2021-04-07,2027715,1425934,605259,"Moderna, Oxford/AstraZeneca, Pfizer/BioNTech",Portugal,https://github.com/dssg-pt/covid19pt-data,
2021-04-08,2089563,1477343,615698,"Moderna, Oxford/AstraZeneca, Pfizer/BioNTech",Portugal,https://github.com/dssg-pt/covid19pt-data,
2021-04-09,2160055,1532829,630704,"Moderna, Oxford/AstraZeneca, Pfizer/BioNTech",Portugal,https://github.com/dssg-pt/covid19pt-data,
2021-04-10,2229614,1589803,643289,"Moderna, Oxford/AstraZeneca, Pfizer/BioNTech",Portugal,https://github.com/dssg-pt/covid19pt-data,
2021-04-11,2242525,1600608,645395,"Moderna, Oxford/AstraZeneca, Pfizer/BioNTech",Portugal,https://github.com/dssg-pt/covid19pt-data,
2021-04-12,2266615,1619947,650683,"Moderna, Oxford/AstraZeneca, Pfizer/BioNTech",Portugal,https://github.com/dssg-pt/covid19pt-data,
2021-04-13,2298599,1649769,652845,"Moderna, Oxford/AstraZeneca, Pfizer/BioNTech",Portugal,https://github.com/dssg-pt/covid19pt-data,
2021-04-14,2342826,1692216,654625,"Moderna, Oxford/AstraZeneca, Pfizer/BioNTech",Portugal,https://github.com/dssg-pt/covid19pt-data,
2021-04-15,2406379,1744876,665518,"Moderna, Oxford/AstraZeneca, Pfizer/BioNTech",Portugal,https://github.com/dssg-pt/covid19pt-data,
2021-04-16,2476023,1804389,675649,"Moderna, Oxford/AstraZeneca, Pfizer/BioNTech",Portugal,https://github.com/dssg-pt/covid19pt-data,
2021-04-17,2543818,1852229,695604,"Moderna, Oxford/AstraZeneca, Pfizer/BioNTech",Portugal,https://github.com/dssg-pt/covid19pt-data,
2021-04-18,2662636,1966117,700534,"Moderna, Oxford/AstraZeneca, Pfizer/BioNTech",Portugal,https://github.com/dssg-pt/covid19pt-data,
2021-04-19,2747949,2046297,706174,"Moderna, Oxford/AstraZeneca, Pfizer/BioNTech",Portugal,https://github.com/dssg-pt/covid19pt-data,
2021-04-20,2780313,2067494,717341,"Moderna, Oxford/AstraZeneca, Pfizer/BioNTech",Portugal,https://github.com/dssg-pt/covid19pt-data,
2021-04-21,2818526,2096731,726317,"Moderna, Oxford/AstraZeneca, Pfizer/BioNTech",Portugal,https://github.com/dssg-pt/covid19pt-data,
2021-04-22,2872395,2126713,750204,"Moderna, Oxford/AstraZeneca, Pfizer/BioNTech",Portugal,https://github.com/dssg-pt/covid19pt-data,
2021-04-23,2940203,2155190,789535,"Moderna, Oxford/AstraZeneca, Pfizer/BioNTech",Portugal,https://github.com/dssg-pt/covid19pt-data,
2021-04-24,3017759,2194811,827470,"Moderna, Oxford/AstraZeneca, Pfizer/BioNTech",Portugal,https://github.com/dssg-pt/covid19pt-data,
2021-04-25,3061372,2226142,839752,"Moderna, Oxford/AstraZeneca, Pfizer/BioNTech",Portugal,https://github.com/dssg-pt/covid19pt-data,
2021-04-26,3099352,2257959,846864,"Johnson&Johnson, Moderna, Oxford/AstraZeneca, Pfizer/BioNTech",Portugal,https://github.com/dssg-pt/covid19pt-data,
2021-04-27,3148251,2298241,855481,"Johnson&Johnson, Moderna, Oxford/AstraZeneca, Pfizer/BioNTech",Portugal,https://github.com/dssg-pt/covid19pt-data,
2021-04-28,3197632,2337422,865681,"Johnson&Johnson, Moderna, Oxford/AstraZeneca, Pfizer/BioNTech",Portugal,https://github.com/dssg-pt/covid19pt-data,
2021-04-29,3270403,2391335,884539,"Johnson&Johnson, Moderna, Oxford/AstraZeneca, Pfizer/BioNTech",Portugal,https://github.com/dssg-pt/covid19pt-data,
2021-04-30,3351210,2453911,902770,"Johnson&Johnson, Moderna, Oxford/AstraZeneca, Pfizer/BioNTech",Portugal,https://github.com/dssg-pt/covid19pt-data,
2021-05-01,3437513,2523186,919798,"Johnson&Johnson, Moderna, Oxford/AstraZeneca, Pfizer/BioNTech",Portugal,https://github.com/dssg-pt/covid19pt-data,
2021-05-02,3489017,2565246,929242,"Johnson&Johnson, Moderna, Oxford/AstraZeneca, Pfizer/BioNTech",Portugal,https://github.com/dssg-pt/covid19pt-data,
2021-05-03,3536738,2606008,938211,"Johnson&Johnson, Moderna, Oxford/AstraZeneca, Pfizer/BioNTech",Portugal,https://github.com/dssg-pt/covid19pt-data,
2021-05-04,3601798,2657452,951827,"Johnson&Johnson, Moderna, Oxford/AstraZeneca, Pfizer/BioNTech",Portugal,https://github.com/dssg-pt/covid19pt-data,
2021-05-05,3678905,2717650,968736,"Johnson&Johnson, Moderna, Oxford/AstraZeneca, Pfizer/BioNTech",Portugal,https://github.com/dssg-pt/covid19pt-data,
2021-05-06,3769834,2766207,1011108,"Johnson&Johnson, Moderna, Oxford/AstraZeneca, Pfizer/BioNTech",Portugal,https://github.com/dssg-pt/covid19pt-data,
2021-05-07,3870858,2815934,1062405,"Johnson&Johnson, Moderna, Oxford/AstraZeneca, Pfizer/BioNTech",Portugal,https://github.com/dssg-pt/covid19pt-data,
2021-05-08,3975108,2863366,1119223,"Johnson&Johnson, Moderna, Oxford/AstraZeneca, Pfizer/BioNTech",Portugal,https://github.com/dssg-pt/covid19pt-data,
2021-05-09,4057593,2931963,1133111,"Johnson&Johnson, Moderna, Oxford/AstraZeneca, Pfizer/BioNTech",Portugal,https://github.com/dssg-pt/covid19pt-data,
2021-05-10,4129236,2990455,1159774,"Johnson&Johnson, Moderna, Oxford/AstraZeneca, Pfizer/BioNTech",Portugal,https://github.com/dssg-pt/covid19pt-data,
2021-05-11,4207782,3049316,1179459,"Johnson&Johnson, Moderna, Oxford/AstraZeneca, Pfizer/BioNTech",Portugal,https://github.com/dssg-pt/covid19pt-data,
2021-05-12,4277093,3102560,1195526,"Johnson&Johnson, Moderna, Oxford/AstraZeneca, Pfizer/BioNTech",Portugal,https://github.com/dssg-pt/covid19pt-data,
2021-05-13,4345492,3155842,1210643,"Johnson&Johnson, Moderna, Oxford/AstraZeneca, Pfizer/BioNTech",Portugal,https://github.com/dssg-pt/covid19pt-data,
2021-05-14,4417989,3208742,1230240,"Johnson&Johnson, Moderna, Oxford/AstraZeneca, Pfizer/BioNTech",Portugal,https://github.com/dssg-pt/covid19pt-data,
2021-05-15,4497830,3232391,1286432,"Johnson&Johnson, Moderna, Oxford/AstraZeneca, Pfizer/BioNTech",Portugal,https://github.com/dssg-pt/covid19pt-data,
2021-05-16,4627680,3238413,1410260,"Johnson&Johnson, Moderna, Oxford/AstraZeneca, Pfizer/BioNTech",Portugal,https://github.com/dssg-pt/covid19pt-data,
2021-05-17,4726018,3298518,1468049,"Johnson&Johnson, Moderna, Oxford/AstraZeneca, Pfizer/BioNTech",Portugal,https://github.com/dssg-pt/covid19pt-data,
2021-05-18,4794488,3346293,1488744,"Johnson&Johnson, Moderna, Oxford/AstraZeneca, Pfizer/BioNTech",Portugal,https://github.com/dssg-pt/covid19pt-data,
2021-05-19,4873984,3402228,1512305,"Johnson&Johnson, Moderna, Oxford/AstraZeneca, Pfizer/BioNTech",Portugal,https://github.com/dssg-pt/covid19pt-data,
2021-05-20,4953280,3454975,1538854,"Johnson&Johnson, Moderna, Oxford/AstraZeneca, Pfizer/BioNTech",Portugal,https://github.com/dssg-pt/covid19pt-data,
2021-05-21,5035931,3509382,1567098,"Johnson&Johnson, Moderna, Oxford/AstraZeneca, Pfizer/BioNTech",Portugal,https://github.com/dssg-pt/covid19pt-data,
2021-05-22,5121385,3558722,1603212,"Johnson&Johnson, Moderna, Oxford/AstraZeneca, Pfizer/BioNTech",Portugal,https://github.com/dssg-pt/covid19pt-data,
2021-05-23,5192451,3595251,1637749,"Johnson&Johnson, Moderna, Oxford/AstraZeneca, Pfizer/BioNTech",Portugal,https://github.com/dssg-pt/covid19pt-data,
2021-05-24,5253618,3629043,1700405,"Johnson&Johnson, Moderna, Oxford/AstraZeneca, Pfizer/BioNTech",Portugal,https://github.com/dssg-pt/covid19pt-data,
2021-05-25,5321564,3672565,1724829,"Johnson&Johnson, Moderna, Oxford/AstraZeneca, Pfizer/BioNTech",Portugal,https://github.com/dssg-pt/covid19pt-data,
2021-05-26,5390366,3722045,1744151,"Johnson&Johnson, Moderna, Oxford/AstraZeneca, Pfizer/BioNTech",Portugal,https://github.com/dssg-pt/covid19pt-data,
2021-05-27,5478210,3766438,1787602,"Johnson&Johnson, Moderna, Oxford/AstraZeneca, Pfizer/BioNTech",Portugal,https://github.com/dssg-pt/covid19pt-data,
2021-05-28,5577229,3808297,1844762,"Johnson&Johnson, Moderna, Oxford/AstraZeneca, Pfizer/BioNTech",Portugal,https://github.com/dssg-pt/covid19pt-data,
2021-05-29,5680987,3847679,1909138,"Johnson&Johnson, Moderna, Oxford/AstraZeneca, Pfizer/BioNTech",Portugal,https://github.com/dssg-pt/covid19pt-data,
2021-05-30,5754236,3881791,1948275,"Johnson&Johnson, Moderna, Oxford/AstraZeneca, Pfizer/BioNTech",Portugal,https://github.com/dssg-pt/covid19pt-data,
2021-05-31,5816606,3911509,2053294,"Johnson&Johnson, Moderna, Oxford/AstraZeneca, Pfizer/BioNTech",Portugal,https://github.com/dssg-pt/covid19pt-data,
2021-06-01,5886726,3943564,2091359,"Johnson&Johnson, Moderna, Oxford/AstraZeneca, Pfizer/BioNTech",Portugal,https://github.com/dssg-pt/covid19pt-data,
2021-06-02,5975482,3985204,2138475,"Johnson&Johnson, Moderna, Oxford/AstraZeneca, Pfizer/BioNTech",Portugal,https://github.com/dssg-pt/covid19pt-data,
2021-06-03,6064963,4038394,2174766,"Johnson&Johnson, Moderna, Oxford/AstraZeneca, Pfizer/BioNTech",Portugal,https://github.com/dssg-pt/covid19pt-data,
2021-06-04,6136607,4080253,2204551,"Johnson&Johnson, Moderna, Oxford/AstraZeneca, Pfizer/BioNTech",Portugal,https://github.com/dssg-pt/covid19pt-data,
2021-06-05,6227280,4129300,2246177,"Johnson&Johnson, Moderna, Oxford/AstraZeneca, Pfizer/BioNTech",Portugal,https://github.com/dssg-pt/covid19pt-data,
2021-06-06,6308210,4165130,2291277,"Johnson&Johnson, Moderna, Oxford/AstraZeneca, Pfizer/BioNTech",Portugal,https://github.com/dssg-pt/covid19pt-data,
2021-06-07,6388044,4199484,2408601,"Johnson&Johnson, Moderna, Oxford/AstraZeneca, Pfizer/BioNTech",Portugal,https://github.com/dssg-pt/covid19pt-data,
2021-06-08,6492259,4252489,2459811,"Johnson&Johnson, Moderna, Oxford/AstraZeneca, Pfizer/BioNTech",Portugal,https://github.com/dssg-pt/covid19pt-data,
2021-06-09,6587762,4314091,2493712,"Johnson&Johnson, Moderna, Oxford/AstraZeneca, Pfizer/BioNTech",Portugal,https://github.com/dssg-pt/covid19pt-data,
2021-06-10,6687079,4379468,2527652,"Johnson&Johnson, Moderna, Oxford/AstraZeneca, Pfizer/BioNTech",Portugal,https://github.com/dssg-pt/covid19pt-data,
2021-06-11,6799468,4453586,2565923,"Johnson&Johnson, Moderna, Oxford/AstraZeneca, Pfizer/BioNTech",Portugal,https://github.com/dssg-pt/covid19pt-data,
2021-06-12,6855912,4484340,2591613,"Johnson&Johnson, Moderna, Oxford/AstraZeneca, Pfizer/BioNTech",Portugal,https://github.com/dssg-pt/covid19pt-data,
2021-06-13,6926935,4549347,2597629,"Johnson&Johnson, Moderna, Oxford/AstraZeneca, Pfizer/BioNTech",Portugal,https://github.com/dssg-pt/covid19pt-data,
2021-06-14,7001037,4588835,2680760,"Johnson&Johnson, Moderna, Oxford/AstraZeneca, Pfizer/BioNTech",Portugal,https://github.com/dssg-pt/covid19pt-data,
2021-06-15,7094206,4646282,2716482,"Johnson&Johnson, Moderna, Oxford/AstraZeneca, Pfizer/BioNTech",Portugal,https://github.com/dssg-pt/covid19pt-data,
2021-06-16,7196624,4696999,2768183,"Johnson&Johnson, Moderna, Oxford/AstraZeneca, Pfizer/BioNTech",Portugal,https://github.com/dssg-pt/covid19pt-data,
2021-06-17,7307660,4758716,2817502,"Johnson&Johnson, Moderna, Oxford/AstraZeneca, Pfizer/BioNTech",Portugal,https://github.com/dssg-pt/covid19pt-data,
2021-06-18,7475980,4857140,2887398,"Johnson&Johnson, Moderna, Oxford/AstraZeneca, Pfizer/BioNTech",Portugal,https://github.com/dssg-pt/covid19pt-data,
2021-06-19,7526825,4880537,2914846,"Johnson&Johnson, Moderna, Oxford/AstraZeneca, Pfizer/BioNTech",Portugal,https://github.com/dssg-pt/covid19pt-data,
2021-06-20,7665302,4927896,3005964,"Johnson&Johnson, Moderna, Oxford/AstraZeneca, Pfizer/BioNTech",Portugal,https://github.com/dssg-pt/covid19pt-data,
2021-06-21,7735699,4969079,3090936,"Johnson&Johnson, Moderna, Oxford/AstraZeneca, Pfizer/BioNTech",Portugal,https://github.com/dssg-pt/covid19pt-data,
2021-06-22,7766810,4984593,3106533,"Johnson&Johnson, Moderna, Oxford/AstraZeneca, Pfizer/BioNTech",Portugal,https://github.com/dssg-pt/covid19pt-data,
2021-06-23,7873430,5039765,3157981,"Johnson&Johnson, Moderna, Oxford/AstraZeneca, Pfizer/BioNTech",Portugal,https://github.com/dssg-pt/covid19pt-data,
2021-06-24,7983938,5100411,3207843,"Johnson&Johnson, Moderna, Oxford/AstraZeneca, Pfizer/BioNTech",Portugal,https://github.com/dssg-pt/covid19pt-data,
2021-06-25,8095324,5163660,3255980,"Johnson&Johnson, Moderna, Oxford/AstraZeneca, Pfizer/BioNTech",Portugal,https://github.com/dssg-pt/covid19pt-data,
2021-06-26,8204951,5228998,3300269,"Johnson&Johnson, Moderna, Oxford/AstraZeneca, Pfizer/BioNTech",Portugal,https://github.com/dssg-pt/covid19pt-data,
2021-06-27,8303035,5290021,3337330,"Johnson&Johnson, Moderna, Oxford/AstraZeneca, Pfizer/BioNTech",Portugal,https://github.com/dssg-pt/covid19pt-data,
2021-06-28,8459608,5390977,3464161,"Johnson&Johnson, Moderna, Oxford/AstraZeneca, Pfizer/BioNTech",Portugal,https://github.com/dssg-pt/covid19pt-data,
2021-06-29,8574295,5453447,3516378,"Johnson&Johnson, Moderna, Oxford/AstraZeneca, Pfizer/BioNTech",Portugal,https://github.com/dssg-pt/covid19pt-data,
2021-07-05,9282716,5807205,3927225,"Johnson&Johnson, Moderna, Oxford/AstraZeneca, Pfizer/BioNTech",Portugal,https://github.com/dssg-pt/covid19pt-data,
2021-07-06,9429084,5875655,4005143,"Johnson&Johnson, Moderna, Oxford/AstraZeneca, Pfizer/BioNTech",Portugal,https://github.com/dssg-pt/covid19pt-data,
2021-07-07,9587787,5944182,4095319,"Johnson&Johnson, Moderna, Oxford/AstraZeneca, Pfizer/BioNTech",Portugal,https://github.com/dssg-pt/covid19pt-data,
2021-07-12,10338499,6279397,4585935,"Johnson&Johnson, Moderna, Oxford/AstraZeneca, Pfizer/BioNTech",Portugal,https://github.com/dssg-pt/covid19pt-data,
2021-07-13,10456571,6324056,4659348,"Johnson&Johnson, Moderna, Oxford/AstraZeneca, Pfizer/BioNTech",Portugal,https://github.com/dssg-pt/covid19pt-data,
2021-07-14,10571854,6380715,4717972,"Johnson&Johnson, Moderna, Oxford/AstraZeneca, Pfizer/BioNTech",Portugal,https://github.com/dssg-pt/covid19pt-data,
2021-07-15,10692190,6437106,4781917,"Johnson&Johnson, Moderna, Oxford/AstraZeneca, Pfizer/BioNTech",Portugal,https://github.com/dssg-pt/covid19pt-data,
2021-07-16,10808514,6492390,4842957,"Johnson&Johnson, Moderna, Oxford/AstraZeneca, Pfizer/BioNTech",Portugal,https://github.com/dssg-pt/covid19pt-data,
2021-07-17,10924349,6543363,4907819,"Johnson&Johnson, Moderna, Oxford/AstraZeneca, Pfizer/BioNTech",Portugal,https://github.com/dssg-pt/covid19pt-data,
2021-07-18,11022520,6598523,4950830,"Johnson&Johnson, Moderna, Oxford/AstraZeneca, Pfizer/BioNTech",Portugal,https://github.com/dssg-pt/covid19pt-data,
2021-07-19,11106609,6641358,5141418,"Johnson&Johnson, Moderna, Oxford/AstraZeneca, Pfizer/BioNTech",Portugal,https://github.com/dssg-pt/covid19pt-data,
2021-07-20,11206337,6684986,5197518,"Johnson&Johnson, Moderna, Oxford/AstraZeneca, Pfizer/BioNTech",Portugal,https://github.com/dssg-pt/covid19pt-data,
2021-07-21,11305476,6729977,5251666,"Johnson&Johnson, Moderna, Oxford/AstraZeneca, Pfizer/BioNTech",Portugal,https://github.com/dssg-pt/covid19pt-data,
2021-07-22,11401346,6767323,5310190,"Johnson&Johnson, Moderna, Oxford/AstraZeneca, Pfizer/BioNTech",Portugal,https://github.com/dssg-pt/covid19pt-data,
2021-07-23,11503766,6811559,5368374,"Johnson&Johnson, Moderna, Oxford/AstraZeneca, Pfizer/BioNTech",Portugal,https://github.com/dssg-pt/covid19pt-data,
2021-07-24,11606432,6853840,5428759,"Johnson&Johnson, Moderna, Oxford/AstraZeneca, Pfizer/BioNTech",Portugal,https://github.com/dssg-pt/covid19pt-data,
2021-07-25,11700257,6892119,5484305,"Johnson&Johnson, Moderna, Oxford/AstraZeneca, Pfizer/BioNTech",Portugal,https://github.com/dssg-pt/covid19pt-data,
2021-07-26,11776159,6918643,5698235,"Johnson&Johnson, Moderna, Oxford/AstraZeneca, Pfizer/BioNTech",Portugal,https://github.com/dssg-pt/covid19pt-data,
2021-07-27,11862501,6944285,5758935,"Johnson&Johnson, Moderna, Oxford/AstraZeneca, Pfizer/BioNTech",Portugal,https://github.com/dssg-pt/covid19pt-data,
2021-07-28,11948122,6972201,5816640,"Johnson&Johnson, Moderna, Oxford/AstraZeneca, Pfizer/BioNTech",Portugal,https://github.com/dssg-pt/covid19pt-data,
2021-07-29,12035434,7000275,5875878,"Johnson&Johnson, Moderna, Oxford/AstraZeneca, Pfizer/BioNTech",Portugal,https://github.com/dssg-pt/covid19pt-data,
2021-07-30,12123233,7029990,5933962,"Johnson&Johnson, Moderna, Oxford/AstraZeneca, Pfizer/BioNTech",Portugal,https://github.com/dssg-pt/covid19pt-data,
2021-07-31,12216656,7063766,5993609,"Johnson&Johnson, Moderna, Oxford/AstraZeneca, Pfizer/BioNTech",Portugal,https://github.com/dssg-pt/covid19pt-data,
2021-08-02,12382153,7126420,6229748,"Johnson&Johnson, Moderna, Oxford/AstraZeneca, Pfizer/BioNTech",Portugal,https://github.com/dssg-pt/covid19pt-data,
2021-08-03,12468409,7152709,6289715,"Johnson&Johnson, Moderna, Oxford/AstraZeneca, Pfizer/BioNTech",Portugal,https://github.com/dssg-pt/covid19pt-data,
2021-08-04,12553580,7180703,6346892,"Johnson&Johnson, Moderna, Oxford/AstraZeneca, Pfizer/BioNTech",Portugal,https://github.com/dssg-pt/covid19pt-data,
2021-08-05,12659502,7227088,6406429,"Johnson&Johnson, Moderna, Oxford/AstraZeneca, Pfizer/BioNTech",Portugal,https://github.com/dssg-pt/covid19pt-data,
2021-08-06,12761990,7264566,6471439,"Johnson&Johnson, Moderna, Oxford/AstraZeneca, Pfizer/BioNTech",Portugal,https://github.com/dssg-pt/covid19pt-data,
2021-08-07,12862872,7304758,6532129,"Johnson&Johnson, Moderna, Oxford/AstraZeneca, Pfizer/BioNTech",Portugal,https://github.com/dssg-pt/covid19pt-data,
2021-08-08,12950358,7339847,6584526,"Johnson&Johnson, Moderna, Oxford/AstraZeneca, Pfizer/BioNTech",Portugal,https://github.com/dssg-pt/covid19pt-data,
2021-08-09,13021072,7373784,6772175,"Johnson&Johnson, Moderna, Oxford/AstraZeneca, Pfizer/BioNTech",Portugal,https://github.com/dssg-pt/covid19pt-data,
2021-08-10,13107462,7423849,6808500,"Johnson&Johnson, Moderna, Oxford/AstraZeneca, Pfizer/BioNTech",Portugal,https://github.com/dssg-pt/covid19pt-data,
2021-08-11,13208266,7486880,6846273,"Johnson&Johnson, Moderna, Oxford/AstraZeneca, Pfizer/BioNTech",Portugal,https://github.com/dssg-pt/covid19pt-data,
2021-08-12,13300878,7547983,6877782,"Johnson&Johnson, Moderna, Oxford/AstraZeneca, Pfizer/BioNTech",Portugal,https://github.com/dssg-pt/covid19pt-data,
2021-08-13,13392081,7594058,6922910,"Johnson&Johnson, Moderna, Oxford/AstraZeneca, Pfizer/BioNTech",Portugal,https://github.com/dssg-pt/covid19pt-data,
2021-08-14,13510449,7672490,6962846,"Johnson&Johnson, Moderna, Oxford/AstraZeneca, Pfizer/BioNTech",Portugal,https://github.com/dssg-pt/covid19pt-data,
2021-08-15,13614168,7771471,6967584,"Johnson&Johnson, Moderna, Oxford/AstraZeneca, Pfizer/BioNTech",Portugal,https://github.com/dssg-pt/covid19pt-data,
2021-08-16,13689435,7831294,7176576,"Johnson&Johnson, Moderna, Oxford/AstraZeneca, Pfizer/BioNTech",Portugal,https://github.com/dssg-pt/covid19pt-data,
2021-08-17,13787983,7898436,7207982,"Johnson&Johnson, Moderna, Oxford/AstraZeneca, Pfizer/BioNTech",Portugal,https://github.com/dssg-pt/covid19pt-data,
2021-08-18,13868800,7953544,7233691,"Johnson&Johnson, Moderna, Oxford/AstraZeneca, Pfizer/BioNTech",Portugal,https://github.com/dssg-pt/covid19pt-data,
2021-08-19,13948408,8014410,7252433,"Johnson&Johnson, Moderna, Oxford/AstraZeneca, Pfizer/BioNTech",Portugal,https://github.com/dssg-pt/covid19pt-data,
2021-08-20,14023003,8073663,7267775,"Johnson&Johnson, Moderna, Oxford/AstraZeneca, Pfizer/BioNTech",Portugal,https://github.com/dssg-pt/covid19pt-data,
2021-08-21,14103017,8129297,7292155,"Johnson&Johnson, Moderna, Oxford/AstraZeneca, Pfizer/BioNTech",Portugal,https://github.com/dssg-pt/covid19pt-data,
2021-08-22,14231551,8255486,7294500,"Johnson&Johnson, Moderna, Oxford/AstraZeneca, Pfizer/BioNTech",Portugal,https://github.com/dssg-pt/covid19pt-data,
2021-08-23,14291572,8303356,7462754,"Johnson&Johnson, Moderna, Oxford/AstraZeneca, Pfizer/BioNTech",Portugal,https://github.com/dssg-pt/covid19pt-data,
2021-08-24,14361068,8358260,7477346,"Johnson&Johnson, Moderna, Oxford/AstraZeneca, Pfizer/BioNTech",Portugal,https://github.com/dssg-pt/covid19pt-data,
2021-08-25,14421633,8405392,7490779,"Johnson&Johnson, Moderna, Oxford/AstraZeneca, Pfizer/BioNTech",Portugal,https://github.com/dssg-pt/covid19pt-data,
2021-08-26,14485775,8454084,7506229,"Johnson&Johnson, Moderna, Oxford/AstraZeneca, Pfizer/BioNTech",Portugal,https://github.com/dssg-pt/covid19pt-data,
2021-08-27,14541089,8494814,7520813,"Johnson&Johnson, Moderna, Oxford/AstraZeneca, Pfizer/BioNTech",Portugal,https://github.com/dssg-pt/covid19pt-data,
2021-08-28,14601089,8532084,7543543,"Johnson&Johnson, Moderna, Oxford/AstraZeneca, Pfizer/BioNTech",Portugal,https://github.com/dssg-pt/covid19pt-data,
2021-08-29,14679934,8607147,7547325,"Johnson&Johnson, Moderna, Oxford/AstraZeneca, Pfizer/BioNTech",Portugal,https://github.com/dssg-pt/covid19pt-data,
2021-08-30,14725597,8639081,7641779,"Johnson&Johnson, Moderna, Oxford/AstraZeneca, Pfizer/BioNTech",Portugal,https://github.com/dssg-pt/covid19pt-data,
2021-08-31,14780430,8670076,7665617,"Johnson&Johnson, Moderna, Oxford/AstraZeneca, Pfizer/BioNTech",Portugal,https://github.com/dssg-pt/covid19pt-data,
2021-09-01,14831201,8693875,7692589,"Johnson&Johnson, Moderna, Oxford/AstraZeneca, Pfizer/BioNTech",Portugal,https://github.com/dssg-pt/covid19pt-data,
2021-09-02,14885315,8713894,7726684,"Johnson&Johnson, Moderna, Oxford/AstraZeneca, Pfizer/BioNTech",Portugal,https://github.com/dssg-pt/covid19pt-data,
2021-09-03,14934865,8737820,7752308,"Johnson&Johnson, Moderna, Oxford/AstraZeneca, Pfizer/BioNTech",Portugal,https://github.com/dssg-pt/covid19pt-data,
2021-09-05,15098303,8773742,7879824,"Johnson&Johnson, Moderna, Oxford/AstraZeneca, Pfizer/BioNTech",Portugal,https://github.com/dssg-pt/covid19pt-data,
2021-09-06,15157081,8785698,7973218,"Johnson&Johnson, Moderna, Oxford/AstraZeneca, Pfizer/BioNTech",Portugal,https://github.com/dssg-pt/covid19pt-data,
2021-09-07,15203901,8797751,8007985,"Johnson&Johnson, Moderna, Oxford/AstraZeneca, Pfizer/BioNTech",Portugal,https://github.com/dssg-pt/covid19pt-data,
2021-09-08,15245509,8808900,8038444,"Johnson&Johnson, Moderna, Oxford/AstraZeneca, Pfizer/BioNTech",Portugal,https://github.com/dssg-pt/covid19pt-data,
2021-09-09,15286335,8818805,8069365,"Johnson&Johnson, Moderna, Oxford/AstraZeneca, Pfizer/BioNTech",Portugal,https://github.com/dssg-pt/covid19pt-data,
2021-09-10,15327916,8830581,8099170,"Johnson&Johnson, Moderna, Oxford/AstraZeneca, Pfizer/BioNTech",Portugal,https://github.com/dssg-pt/covid19pt-data,
2021-09-11,15368780,8841583,8129032,"Johnson&Johnson, Moderna, Oxford/AstraZeneca, Pfizer/BioNTech",Portugal,https://github.com/dssg-pt/covid19pt-data,
2021-09-12,15494462,8851406,8244891,"Johnson&Johnson, Moderna, Oxford/AstraZeneca, Pfizer/BioNTech",Portugal,https://github.com/dssg-pt/covid19pt-data,
2021-09-13,15535505,8856699,8297711,"Johnson&Johnson, Moderna, Oxford/AstraZeneca, Pfizer/BioNTech",Portugal,https://github.com/dssg-pt/covid19pt-data,
2021-09-14,15590946,8866540,8343311,"Johnson&Johnson, Moderna, Oxford/AstraZeneca, Pfizer/BioNTech",Portugal,https://github.com/dssg-pt/covid19pt-data,
2021-09-20,15809057,8889941,8546688,"Johnson&Johnson, Moderna, Oxford/AstraZeneca, Pfizer/BioNTech",Portugal,https://github.com/dssg-pt/covid19pt-data,
2021-09-21,15873673,8915261,8577317,"Johnson&Johnson, Moderna, Oxford/AstraZeneca, Pfizer/BioNTech",Portugal,https://github.com/dssg-pt/covid19pt-data,
2021-09-22,15898820,8921495,8596230,"Johnson&Johnson, Moderna, Oxford/AstraZeneca, Pfizer/BioNTech",Portugal,https://github.com/dssg-pt/covid19pt-data,
2021-09-23,15918299,8927672,8609532,"Johnson&Johnson, Moderna, Oxford/AstraZeneca, Pfizer/BioNTech",Portugal,https://github.com/dssg-pt/covid19pt-data,
2021-09-26,15949645,8928921,8658945,"Johnson&Johnson, Moderna, Oxford/AstraZeneca, Pfizer/BioNTech",Portugal,https://github.com/dssg-pt/covid19pt-data,
2021-09-27,15978861,8942896,8676181,"Johnson&Johnson, Moderna, Oxford/AstraZeneca, Pfizer/BioNTech",Portugal,https://github.com/dssg-pt/covid19pt-data,
2021-10-04,16060184,8967105,8741742,"Johnson&Johnson, Moderna, Oxford/AstraZeneca, Pfizer/BioNTech",Portugal,https://github.com/dssg-pt/covid19pt-data,
2021-10-11,16118156,8982460,8789390,"Johnson&Johnson, Moderna, Oxford/AstraZeneca, Pfizer/BioNTech",Portugal,https://github.com/dssg-pt/covid19pt-data,
2021-10-18,16172707,9000217,8830624,"Johnson&Johnson, Moderna, Oxford/AstraZeneca, Pfizer/BioNTech",Portugal,https://github.com/dssg-pt/covid19pt-data,
2021-10-25,16215726,9013764,8863886,"Johnson&Johnson, Moderna, Oxford/AstraZeneca, Pfizer/BioNTech",Portugal,https://github.com/dssg-pt/covid19pt-data,
2021-11-01,16246592,9026755,8885782,"Johnson&Johnson, Moderna, Oxford/AstraZeneca, Pfizer/BioNTech",Portugal,https://github.com/dssg-pt/covid19pt-data,
