location,date,vaccine,total_vaccinations,people_vaccinated,source_url,people_fully_vaccinated,total_boosters
Qatar,2020-12-22,Pfizer/BioNTech,0,,https://www.aljazeera.com/news/2020/12/23/qatar-begins-coronavirus-vaccination-campaign,,
Qatar,2021-01-28,Pfizer/BioNTech,50000,,https://www.gulf-times.com/story/683467/If-Covid-cases-increase-more-restrictions-may-be-e,,
Qatar,2021-02-17,Pfizer/BioNTech,,100000,https://www.gulf-times.com/story/684927/More-than-100-000-vaccinated-in-Qatar-so-far-says-,,
Qatar,2021-02-18,Pfizer/BioNTech,140000,,https://www.gulf-times.com/story/685040,,
Qatar,2021-03-07,"Moderna, Pfizer/BioNTech",327000,,https://twitter.com/MOPHQatar/status/1368573172711370756,,
Qatar,2021-03-10,"Moderna, Pfizer/BioNTech",380000,,https://twitter.com/QNAEnglish/status/1369767228703449106,,
Qatar,2021-03-16,"Moderna, Pfizer/BioNTech",510000,,https://twitter.com/QNAEnglish/status/1371853178195607558,,
Qatar,2021-03-21,"Moderna, Pfizer/BioNTech",594613,,https://covid19.moph.gov.qa/EN/Pages/default.aspx,,
Qatar,2021-03-22,"Moderna, Pfizer/BioNTech",615655,,https://covid19.moph.gov.qa/EN/Pages/default.aspx,,
Qatar,2021-03-23,"Moderna, Pfizer/BioNTech",637461,,https://covid19.moph.gov.qa/EN/Pages/default.aspx,,
Qatar,2021-03-24,"Moderna, Pfizer/BioNTech",658325,,https://covid19.moph.gov.qa/EN/Pages/default.aspx,,
Qatar,2021-03-25,"Moderna, Pfizer/BioNTech",679278,,https://covid19.moph.gov.qa/EN/Pages/default.aspx,,
Qatar,2021-03-26,"Moderna, Pfizer/BioNTech",701943,,https://covid19.moph.gov.qa/EN/Pages/default.aspx,,
Qatar,2021-03-27,"Moderna, Pfizer/BioNTech",721236,,https://covid19.moph.gov.qa/EN/Pages/default.aspx,,
Qatar,2021-03-28,"Moderna, Pfizer/BioNTech",740309,,https://covid19.moph.gov.qa/EN/Pages/default.aspx,,
Qatar,2021-03-29,"Moderna, Pfizer/BioNTech",765110,,https://covid19.moph.gov.qa/EN/Pages/default.aspx,,
Qatar,2021-03-30,"Moderna, Pfizer/BioNTech",790676,,https://covid19.moph.gov.qa/EN/Pages/default.aspx,,
Qatar,2021-03-31,"Moderna, Pfizer/BioNTech",816484,,https://covid19.moph.gov.qa/EN/Pages/default.aspx,,
Qatar,2021-04-01,"Moderna, Pfizer/BioNTech",842000,,https://covid19.moph.gov.qa/EN/Pages/default.aspx,,
Qatar,2021-04-02,"Moderna, Pfizer/BioNTech",867209,,https://covid19.moph.gov.qa/EN/Pages/default.aspx,,
Qatar,2021-04-03,"Moderna, Pfizer/BioNTech",889202,,https://covid19.moph.gov.qa/EN/Pages/default.aspx,,
Qatar,2021-04-04,"Moderna, Pfizer/BioNTech",910851,,https://covid19.moph.gov.qa/EN/Pages/default.aspx,,
Qatar,2021-04-05,"Moderna, Pfizer/BioNTech",934843,,https://covid19.moph.gov.qa/EN/Pages/default.aspx,,
Qatar,2021-04-06,"Moderna, Pfizer/BioNTech",961555,,https://covid19.moph.gov.qa/EN/Pages/default.aspx,,
Qatar,2021-04-07,"Moderna, Pfizer/BioNTech",987673,,https://covid19.moph.gov.qa/EN/Pages/default.aspx,,
Qatar,2021-04-08,"Moderna, Pfizer/BioNTech",1012716,,https://covid19.moph.gov.qa/EN/Pages/default.aspx,,
Qatar,2021-04-09,"Moderna, Pfizer/BioNTech",1041632,,https://covid19.moph.gov.qa/EN/Pages/default.aspx,,
Qatar,2021-04-10,"Moderna, Pfizer/BioNTech",1062250,,https://covid19.moph.gov.qa/EN/Pages/default.aspx,,
Qatar,2021-04-11,"Moderna, Pfizer/BioNTech",1079776,,https://covid19.moph.gov.qa/EN/Pages/default.aspx,,
Qatar,2021-04-12,"Moderna, Pfizer/BioNTech",1104726,,https://covid19.moph.gov.qa/EN/Pages/default.aspx,,
Qatar,2021-04-13,"Moderna, Pfizer/BioNTech",1131631,,https://covid19.moph.gov.qa/EN/Pages/default.aspx,,
Qatar,2021-04-14,"Moderna, Pfizer/BioNTech",1159479,,https://covid19.moph.gov.qa/EN/Pages/default.aspx,,
Qatar,2021-04-15,"Moderna, Pfizer/BioNTech",1183191,,https://covid19.moph.gov.qa/EN/Pages/default.aspx,,
Qatar,2021-04-16,"Moderna, Pfizer/BioNTech",1209648,,https://covid19.moph.gov.qa/EN/Pages/default.aspx,,
Qatar,2021-04-17,"Moderna, Pfizer/BioNTech",1225110,,https://covid19.moph.gov.qa/EN/Pages/default.aspx,,
Qatar,2021-04-18,"Moderna, Pfizer/BioNTech",1248229,,https://covid19.moph.gov.qa/EN/Pages/default.aspx,,
Qatar,2021-04-19,"Moderna, Pfizer/BioNTech",1271478,,https://covid19.moph.gov.qa/EN/Pages/default.aspx,,
Qatar,2021-04-20,"Moderna, Pfizer/BioNTech",1296520,,https://covid19.moph.gov.qa/EN/Pages/default.aspx,,
Qatar,2021-04-21,"Moderna, Pfizer/BioNTech",1320866,,https://covid19.moph.gov.qa/EN/Pages/default.aspx,,
Qatar,2021-04-22,"Moderna, Pfizer/BioNTech",1345423,,https://covid19.moph.gov.qa/EN/Pages/default.aspx,,
Qatar,2021-04-23,"Moderna, Pfizer/BioNTech",1372396,,https://covid19.moph.gov.qa/EN/Pages/default.aspx,,
Qatar,2021-04-24,"Moderna, Pfizer/BioNTech",1394781,,https://covid19.moph.gov.qa/EN/Pages/default.aspx,,
Qatar,2021-04-25,"Moderna, Pfizer/BioNTech",1415761,,https://covid19.moph.gov.qa/EN/Pages/default.aspx,,
Qatar,2021-04-26,"Moderna, Pfizer/BioNTech",1442708,,https://covid19.moph.gov.qa/EN/Pages/default.aspx,,
Qatar,2021-04-27,"Moderna, Pfizer/BioNTech",1469633,,https://covid19.moph.gov.qa/EN/Pages/default.aspx,,
Qatar,2021-04-28,"Moderna, Pfizer/BioNTech",1496833,,https://covid19.moph.gov.qa/EN/Pages/default.aspx,,
Qatar,2021-04-29,"Moderna, Pfizer/BioNTech",1526775,971973,https://covid19.moph.gov.qa/EN/Pages/Vaccination-Program-Data.aspx,554982,
Qatar,2021-04-30,"Moderna, Pfizer/BioNTech",1556203,989627,https://covid19.moph.gov.qa/EN/Pages/Vaccination-Program-Data.aspx,566576,
Qatar,2021-05-01,"Moderna, Pfizer/BioNTech",1579002,1002748,https://covid19.moph.gov.qa/EN/Pages/Vaccination-Program-Data.aspx,576254,
Qatar,2021-05-02,"Moderna, Pfizer/BioNTech",1603913,1017019,https://covid19.moph.gov.qa/EN/Pages/Vaccination-Program-Data.aspx,586894,
Qatar,2021-05-03,"Moderna, Pfizer/BioNTech",1635398,1031300,https://covid19.moph.gov.qa/EN/Pages/Vaccination-Program-Data.aspx,604098,
Qatar,2021-05-04,"Moderna, Pfizer/BioNTech",1670911,1047196,https://covid19.moph.gov.qa/EN/Pages/Vaccination-Program-Data.aspx,623715,
Qatar,2021-05-05,"Moderna, Pfizer/BioNTech",1701914,1064294,https://covid19.moph.gov.qa/EN/Pages/Vaccination-Program-Data.aspx,637620,
Qatar,2021-05-06,"Moderna, Pfizer/BioNTech",1732471,1080415,https://covid19.moph.gov.qa/EN/Pages/Vaccination-Program-Data.aspx,652056,
Qatar,2021-05-07,"Moderna, Pfizer/BioNTech",1762545,1094976,https://covid19.moph.gov.qa/EN/Pages/Vaccination-Program-Data.aspx,667569,
Qatar,2021-05-08,"Moderna, Pfizer/BioNTech",1787160,1103747,https://covid19.moph.gov.qa/EN/Pages/Vaccination-Program-Data.aspx,683413,
Qatar,2021-05-09,"Moderna, Pfizer/BioNTech",1813240,1115842,https://covid19.moph.gov.qa/EN/Pages/Vaccination-Program-Data.aspx,697398,
Qatar,2021-05-10,"Moderna, Pfizer/BioNTech",1844658,1127091,https://covid19.moph.gov.qa/EN/Pages/Vaccination-Program-Data.aspx,717567,
Qatar,2021-05-11,"Moderna, Pfizer/BioNTech",1876178,1137843,https://covid19.moph.gov.qa/EN/Pages/Vaccination-Program-Data.aspx,738335,
Qatar,2021-05-12,"Moderna, Pfizer/BioNTech",1911663,1149854,https://covid19.moph.gov.qa/EN/Pages/Vaccination-Program-Data.aspx,761809,
Qatar,2021-05-13,"Moderna, Pfizer/BioNTech",1944628,1160213,https://covid19.moph.gov.qa/EN/Pages/Vaccination-Program-Data.aspx,784415,
Qatar,2021-05-14,"Moderna, Pfizer/BioNTech",1976748,1168975,https://covid19.moph.gov.qa/EN/Pages/Vaccination-Program-Data.aspx,807773,
Qatar,2021-05-15,"Moderna, Pfizer/BioNTech",2002018,1177725,https://covid19.moph.gov.qa/EN/Pages/Vaccination-Program-Data.aspx,824293,
Qatar,2021-05-16,"Moderna, Pfizer/BioNTech",2035475,1190700,https://covid19.moph.gov.qa/EN/Pages/Vaccination-Program-Data.aspx,844775,
Qatar,2021-05-17,"Moderna, Pfizer/BioNTech",2073354,1206737,https://covid19.moph.gov.qa/EN/Pages/Vaccination-Program-Data.aspx,866617,
Qatar,2021-05-18,"Moderna, Pfizer/BioNTech",2109980,1221996,https://covid19.moph.gov.qa/EN/Pages/Vaccination-Program-Data.aspx,887984,
Qatar,2021-05-19,"Moderna, Pfizer/BioNTech",2150749,1240202,https://covid19.moph.gov.qa/EN/Pages/Vaccination-Program-Data.aspx,910547,
Qatar,2021-05-20,"Moderna, Pfizer/BioNTech",2190807,1261828,https://covid19.moph.gov.qa/EN/Pages/Vaccination-Program-Data.aspx,928979,
Qatar,2021-05-21,"Moderna, Pfizer/BioNTech",2233616,1288584,https://covid19.moph.gov.qa/EN/Pages/Vaccination-Program-Data.aspx,945022,
Qatar,2021-05-23,"Moderna, Pfizer/BioNTech",2293240,1321233,https://covid19.moph.gov.qa/EN/Pages/Vaccination-Program-Data.aspx,972007,
Qatar,2021-05-24,"Moderna, Pfizer/BioNTech",2329338,1341921,https://covid19.moph.gov.qa/EN/Pages/Vaccination-Program-Data.aspx,987417,
Qatar,2021-05-25,"Moderna, Pfizer/BioNTech",2365647,1361511,https://covid19.moph.gov.qa/EN/Pages/Vaccination-Program-Data.aspx,1004136,
Qatar,2021-05-26,"Moderna, Pfizer/BioNTech",2403165,1381456,https://covid19.moph.gov.qa/EN/Pages/Vaccination-Program-Data.aspx,1021709,
Qatar,2021-05-27,"Moderna, Pfizer/BioNTech",2440930,1400720,https://covid19.moph.gov.qa/EN/Pages/Vaccination-Program-Data.aspx,1040210,
Qatar,2021-05-28,"Moderna, Pfizer/BioNTech",2475837,1420090,https://covid19.moph.gov.qa/EN/Pages/Vaccination-Program-Data.aspx,1055747,
Qatar,2021-05-29,"Moderna, Pfizer/BioNTech",2491638,1430121,https://covid19.moph.gov.qa/EN/Pages/Vaccination-Program-Data.aspx,1061517,
Qatar,2021-05-30,"Moderna, Pfizer/BioNTech",2514585,1443882,https://covid19.moph.gov.qa/EN/Pages/Vaccination-Program-Data.aspx,1070703,
Qatar,2021-05-31,"Moderna, Pfizer/BioNTech",2545193,1461871,https://covid19.moph.gov.qa/EN/Pages/Vaccination-Program-Data.aspx,1083322,
Qatar,2021-06-01,"Moderna, Pfizer/BioNTech",2574692,1479717,https://covid19.moph.gov.qa/EN/Pages/Vaccination-Program-Data.aspx,1094975,
Qatar,2021-06-02,"Moderna, Pfizer/BioNTech",2600344,1494265,https://covid19.moph.gov.qa/EN/Pages/Vaccination-Program-Data.aspx,1106079,
Qatar,2021-06-03,"Moderna, Pfizer/BioNTech",2622285,1510561,https://covid19.moph.gov.qa/EN/Pages/Vaccination-Program-Data.aspx,1111724,
Qatar,2021-06-04,"Moderna, Pfizer/BioNTech",2643573,1526103,https://covid19.moph.gov.qa/EN/Pages/Vaccination-Program-Data.aspx,1117470,
Qatar,2021-06-05,"Moderna, Pfizer/BioNTech",2656695,1531477,https://covid19.moph.gov.qa/EN/Pages/Vaccination-Program-Data.aspx,1125218,
Qatar,2021-06-06,"Moderna, Pfizer/BioNTech",2676239,1541863,https://covid19.moph.gov.qa/EN/Pages/Vaccination-Program-Data.aspx,1134376,
Qatar,2021-06-07,"Moderna, Pfizer/BioNTech",2700942,1554740,https://covid19.moph.gov.qa/EN/Pages/Vaccination-Program-Data.aspx,1146202,
Qatar,2021-06-08,"Moderna, Pfizer/BioNTech",2716670,1561481,https://covid19.moph.gov.qa/EN/Pages/Vaccination-Program-Data.aspx,1155189,
Qatar,2021-06-09,"Moderna, Pfizer/BioNTech",2729437,1566366,https://covid19.moph.gov.qa/EN/Pages/Vaccination-Program-Data.aspx,1163071,
Qatar,2021-06-10,"Moderna, Pfizer/BioNTech",2748452,1572212,https://covid19.moph.gov.qa/EN/Pages/Vaccination-Program-Data.aspx,1176240,
Qatar,2021-06-11,"Moderna, Pfizer/BioNTech",2768028,1578669,https://covid19.moph.gov.qa/EN/Pages/Vaccination-Program-Data.aspx,1189359,
Qatar,2021-06-12,"Moderna, Pfizer/BioNTech",2780916,1583143,https://covid19.moph.gov.qa/EN/Pages/Vaccination-Program-Data.aspx,1197773,
Qatar,2021-06-13,"Moderna, Pfizer/BioNTech",2795091,1587414,https://covid19.moph.gov.qa/EN/Pages/Vaccination-Program-Data.aspx,1207677,
Qatar,2021-06-14,"Moderna, Pfizer/BioNTech",2813022,1593600,https://covid19.moph.gov.qa/EN/Pages/Vaccination-Program-Data.aspx,1219422,
Qatar,2021-06-15,"Moderna, Pfizer/BioNTech",2833984,1601801,https://covid19.moph.gov.qa/EN/Pages/Vaccination-Program-Data.aspx,1232183,
Qatar,2021-06-16,"Moderna, Pfizer/BioNTech",2845587,1605854,https://covid19.moph.gov.qa/EN/Pages/Vaccination-Program-Data.aspx,1239733,
Qatar,2021-06-17,"Moderna, Pfizer/BioNTech",2856149,1609775,https://covid19.moph.gov.qa/EN/Pages/Vaccination-Program-Data.aspx,1246374,
Qatar,2021-06-18,"Moderna, Pfizer/BioNTech",2868162,1614039,https://covid19.moph.gov.qa/EN/Pages/Vaccination-Program-Data.aspx,1254123,
Qatar,2021-06-19,"Moderna, Pfizer/BioNTech",2876509,1616899,https://covid19.moph.gov.qa/EN/Pages/Vaccination-Program-Data.aspx,1259610,
Qatar,2021-06-20,"Moderna, Pfizer/BioNTech",2886323,1620571,https://covid19.moph.gov.qa/EN/Pages/Vaccination-Program-Data.aspx,1265752,
Qatar,2021-06-21,"Moderna, Pfizer/BioNTech",2898814,1625178,https://covid19.moph.gov.qa/EN/Pages/Vaccination-Program-Data.aspx,1273636,
Qatar,2021-06-22,"Moderna, Pfizer/BioNTech",2908963,1629077,https://covid19.moph.gov.qa/EN/Pages/Vaccination-Program-Data.aspx,1279866,
Qatar,2021-06-23,"Moderna, Pfizer/BioNTech",2926066,1635054,https://covid19.moph.gov.qa/EN/Pages/Vaccination-Program-Data.aspx,1291012,
Qatar,2021-06-24,"Moderna, Pfizer/BioNTech",2956057,1647722,https://covid19.moph.gov.qa/EN/Pages/Vaccination-Program-Data.aspx,1308335,
Qatar,2021-06-25,"Moderna, Pfizer/BioNTech",2989246,1658860,https://covid19.moph.gov.qa/EN/Pages/Vaccination-Program-Data.aspx,1330386,
Qatar,2021-06-26,"Moderna, Pfizer/BioNTech",3008822,1665031,https://covid19.moph.gov.qa/EN/Pages/Vaccination-Program-Data.aspx,1343791,
Qatar,2021-06-27,"Moderna, Pfizer/BioNTech",3041661,1676351,https://covid19.moph.gov.qa/EN/Pages/Vaccination-Program-Data.aspx,1365310,
Qatar,2021-06-28,"Moderna, Pfizer/BioNTech",3075375,1689837,https://covid19.moph.gov.qa/EN/Pages/Vaccination-Program-Data.aspx,1385538,
Qatar,2021-06-29,"Moderna, Pfizer/BioNTech",3109044,1701777,https://covid19.moph.gov.qa/EN/Pages/Vaccination-Program-Data.aspx,1407267,
Qatar,2021-06-30,"Moderna, Pfizer/BioNTech",3145062,1714847,https://covid19.moph.gov.qa/EN/Pages/Vaccination-Program-Data.aspx,1430215,
Qatar,2021-07-01,"Moderna, Pfizer/BioNTech",3177744,1728760,https://covid19.moph.gov.qa/EN/Pages/Vaccination-Program-Data.aspx,1448984,
Qatar,2021-07-02,"Moderna, Pfizer/BioNTech",3211237,1739012,https://covid19.moph.gov.qa/EN/Pages/Vaccination-Program-Data.aspx,1472225,
Qatar,2021-07-03,"Moderna, Pfizer/BioNTech",3226308,1745702,https://covid19.moph.gov.qa/EN/Pages/Vaccination-Program-Data.aspx,1480606,
Qatar,2021-07-04,"Moderna, Pfizer/BioNTech",3249265,1760633,https://covid19.moph.gov.qa/EN/Pages/Vaccination-Program-Data.aspx,1488632,
Qatar,2021-07-05,"Moderna, Pfizer/BioNTech",3276416,1778906,https://covid19.moph.gov.qa/EN/Pages/Vaccination-Program-Data.aspx,1497510,
Qatar,2021-07-06,"Moderna, Pfizer/BioNTech",3304045,1797077,https://covid19.moph.gov.qa/EN/Pages/Vaccination-Program-Data.aspx,1506968,
Qatar,2021-07-07,"Moderna, Pfizer/BioNTech",3333203,1815518,https://covid19.moph.gov.qa/EN/Pages/Vaccination-Program-Data.aspx,1517685,
Qatar,2021-07-08,"Moderna, Pfizer/BioNTech",3369163,1839827,https://covid19.moph.gov.qa/EN/Pages/Vaccination-Program-Data.aspx,1529336,
Qatar,2021-07-09,"Moderna, Pfizer/BioNTech",3383787,1844917,https://covid19.moph.gov.qa/EN/Pages/Vaccination-Program-Data.aspx,1538870,
Qatar,2021-07-10,"Moderna, Pfizer/BioNTech",3390306,1847262,https://covid19.moph.gov.qa/EN/Pages/Vaccination-Program-Data.aspx,1543044,
Qatar,2021-07-11,"Moderna, Pfizer/BioNTech",3396963,1849825,https://covid19.moph.gov.qa/EN/Pages/Vaccination-Program-Data.aspx,1547138,
Qatar,2021-07-12,"Moderna, Pfizer/BioNTech",3408423,1854292,https://covid19.moph.gov.qa/EN/Pages/Vaccination-Program-Data.aspx,1554131,
Qatar,2021-07-13,"Moderna, Pfizer/BioNTech",3428791,1867049,https://covid19.moph.gov.qa/EN/Pages/Vaccination-Program-Data.aspx,1561742,
Qatar,2021-07-14,"Moderna, Pfizer/BioNTech",3452235,1880175,https://covid19.moph.gov.qa/EN/Pages/Vaccination-Program-Data.aspx,1572060,
Qatar,2021-07-15,"Moderna, Pfizer/BioNTech",3474944,1893112,https://covid19.moph.gov.qa/EN/Pages/Vaccination-Program-Data.aspx,1581832,
Qatar,2021-07-16,"Moderna, Pfizer/BioNTech",3497554,1904659,https://covid19.moph.gov.qa/EN/Pages/Vaccination-Program-Data.aspx,1592895,
Qatar,2021-07-17,"Moderna, Pfizer/BioNTech",3503040,1906753,https://covid19.moph.gov.qa/EN/Pages/Vaccination-Program-Data.aspx,1596287,
Qatar,2021-07-18,"Moderna, Pfizer/BioNTech",3523001,1915950,https://covid19.moph.gov.qa/EN/Pages/Vaccination-Program-Data.aspx,1607051,
Qatar,2021-07-19,"Moderna, Pfizer/BioNTech",3559312,1934983,https://covid19.moph.gov.qa/EN/Pages/Vaccination-Program-Data.aspx,1624329,
Qatar,2021-07-20,"Moderna, Pfizer/BioNTech",3580870,1944020,https://covid19.moph.gov.qa/EN/Pages/Vaccination-Program-Data.aspx,1636850,
Qatar,2021-07-21,"Moderna, Pfizer/BioNTech",3587683,1945508,https://covid19.moph.gov.qa/EN/Pages/Vaccination-Program-Data.aspx,1642175,
Qatar,2021-07-22,"Moderna, Pfizer/BioNTech",3614811,1956183,https://covid19.moph.gov.qa/EN/Pages/Vaccination-Program-Data.aspx,1658628,
Qatar,2021-07-23,"Moderna, Pfizer/BioNTech",3636272,1965422,https://covid19.moph.gov.qa/EN/Pages/Vaccination-Program-Data.aspx,1670850,
Qatar,2021-07-24,"Moderna, Pfizer/BioNTech",3642002,1967377,https://covid19.moph.gov.qa/EN/Pages/Vaccination-Program-Data.aspx,1674625,
Qatar,2021-07-26,"Moderna, Pfizer/BioNTech",3685591,1997576,https://covid19.moph.gov.qa/EN/Pages/Vaccination-Program-Data.aspx,1688015,
Qatar,2021-07-27,"Moderna, Pfizer/BioNTech",3708551,2013080,https://covid19.moph.gov.qa/EN/Pages/Vaccination-Program-Data.aspx,1695471,
Qatar,2021-07-28,"Moderna, Pfizer/BioNTech",3730856,2028988,https://covid19.moph.gov.qa/EN/Pages/Vaccination-Program-Data.aspx,1701868,
Qatar,2021-07-29,"Moderna, Pfizer/BioNTech",3752281,2044639,https://covid19.moph.gov.qa/EN/Pages/Vaccination-Program-Data.aspx,1707642,
Qatar,2021-07-30,"Moderna, Pfizer/BioNTech",3775560,2050819,https://covid19.moph.gov.qa/EN/Pages/Vaccination-Program-Data.aspx,1724741,
Qatar,2021-07-31,"Moderna, Pfizer/BioNTech",3780468,2053529,https://covid19.moph.gov.qa/EN/Pages/Vaccination-Program-Data.aspx,1726939,
Qatar,2021-08-01,"Moderna, Pfizer/BioNTech",3804298,2065408,https://covid19.moph.gov.qa/EN/Pages/Vaccination-Program-Data.aspx,1738890,
Qatar,2021-08-02,"Moderna, Pfizer/BioNTech",3831811,2077049,https://covid19.moph.gov.qa/EN/Pages/Vaccination-Program-Data.aspx,1754762,
Qatar,2021-08-03,"Moderna, Pfizer/BioNTech",3859284,2089771,https://covid19.moph.gov.qa/EN/Pages/Vaccination-Program-Data.aspx,1769513,
Qatar,2021-08-04,"Moderna, Pfizer/BioNTech",3872889,2100664,https://covid19.moph.gov.qa/EN/Pages/Vaccination-Program-Data.aspx,1772225,
Qatar,2021-08-05,"Moderna, Pfizer/BioNTech",3916863,2113896,https://covid19.moph.gov.qa/EN/Pages/Vaccination-Program-Data.aspx,1802967,
Qatar,2021-08-06,"Moderna, Pfizer/BioNTech",3938599,2125355,https://covid19.moph.gov.qa/EN/Pages/Vaccination-Program-Data.aspx,1813244,
Qatar,2021-08-07,"Moderna, Pfizer/BioNTech",3942271,2127479,https://covid19.moph.gov.qa/EN/Pages/Vaccination-Program-Data.aspx,1814792,
Qatar,2021-08-08,"Moderna, Pfizer/BioNTech",3951518,2134729,https://covid19.moph.gov.qa/EN/Pages/Vaccination-Program-Data.aspx,1816789,
Qatar,2021-08-09,"Moderna, Pfizer/BioNTech",3990966,2165071,https://covid19.moph.gov.qa/EN/Pages/Vaccination-Program-Data.aspx,1825895,
Qatar,2021-08-10,"Moderna, Pfizer/BioNTech",4012536,2175812,https://covid19.moph.gov.qa/EN/Pages/Vaccination-Program-Data.aspx,1836724,
Qatar,2021-08-11,"Moderna, Pfizer/BioNTech",4038555,2185670,https://covid19.moph.gov.qa/EN/Pages/Vaccination-Program-Data.aspx,1852885,
Qatar,2021-08-13,"Moderna, Pfizer/BioNTech",4067088,2200646,https://covid19.moph.gov.qa/EN/Pages/Vaccination-Program-Data.aspx,1866442,
Qatar,2021-08-14,"Moderna, Pfizer/BioNTech",4076666,2205363,https://covid19.moph.gov.qa/EN/Pages/Vaccination-Program-Data.aspx,1871303,
Qatar,2021-08-15,"Moderna, Pfizer/BioNTech",4091569,2214028,https://covid19.moph.gov.qa/EN/Pages/Vaccination-Program-Data.aspx,1877541,
Qatar,2021-08-16,"Moderna, Pfizer/BioNTech",4135062,2225919,https://covid19.moph.gov.qa/EN/Pages/Vaccination-Program-Data.aspx,1909143,
Qatar,2021-08-17,"Moderna, Pfizer/BioNTech",4162791,2235625,https://covid19.moph.gov.qa/EN/Pages/Vaccination-Program-Data.aspx,1927166,
Qatar,2021-08-18,"Moderna, Pfizer/BioNTech",4179382,2244116,https://covid19.moph.gov.qa/EN/Pages/Vaccination-Program-Data.aspx,1935266,
Qatar,2021-08-19,"Moderna, Pfizer/BioNTech",4202478,2256097,https://covid19.moph.gov.qa/EN/Pages/Vaccination-Program-Data.aspx,1946381,
Qatar,2021-08-20,"Moderna, Pfizer/BioNTech",4228126,2269446,https://covid19.moph.gov.qa/EN/Pages/Vaccination-Program-Data.aspx,1958680,
Qatar,2021-08-21,"Moderna, Pfizer/BioNTech",4231970,,https://covid19.moph.gov.qa/EN/Pages/Vaccination-Program-Data.aspx,,
Qatar,2021-08-22,"Moderna, Pfizer/BioNTech",4252387,2270775,https://covid19.moph.gov.qa/EN/Pages/Vaccination-Program-Data.aspx,1981612,
Qatar,2021-08-23,"Moderna, Pfizer/BioNTech",4268255,2277158,https://covid19.moph.gov.qa/EN/Pages/Vaccination-Program-Data.aspx,1991097,
Qatar,2021-08-24,"Moderna, Pfizer/BioNTech",4287922,2281413,https://covid19.moph.gov.qa/EN/Pages/Vaccination-Program-Data.aspx,2006509,
Qatar,2021-08-25,"Moderna, Pfizer/BioNTech",4314791,2287632,https://covid19.moph.gov.qa/EN/Pages/Vaccination-Program-Data.aspx,2027159,
Qatar,2021-08-26,"Moderna, Pfizer/BioNTech",4333672,2294297,https://covid19.moph.gov.qa/EN/Pages/Vaccination-Program-Data.aspx,2039375,
Qatar,2021-08-27,"Moderna, Pfizer/BioNTech",4363903,,https://covid19.moph.gov.qa/EN/Pages/Vaccination-Program-Data.aspx,,
Qatar,2021-08-28,"Moderna, Pfizer/BioNTech",4369584,,https://covid19.moph.gov.qa/EN/Pages/Vaccination-Program-Data.aspx,,
Qatar,2021-08-29,"Moderna, Pfizer/BioNTech",4413329,2318916,https://covid19.moph.gov.qa/EN/Pages/Vaccination-Program-Data.aspx,2094413,
Qatar,2021-08-31,"Moderna, Pfizer/BioNTech",4454401,2323543,https://covid19.moph.gov.qa/EN/Pages/Vaccination-Program-Data.aspx,2130858,
Qatar,2021-09-01,"Moderna, Pfizer/BioNTech",4479962,2327768,https://covid19.moph.gov.qa/EN/Pages/Vaccination-Program-Data.aspx,2152194,
Qatar,2021-09-02,"Moderna, Pfizer/BioNTech",4501397,2337318,https://covid19.moph.gov.qa/EN/Pages/Vaccination-Program-Data.aspx,2164079,
Qatar,2021-09-04,"Moderna, Pfizer/BioNTech",4504557,2337484,https://covid19.moph.gov.qa/EN/Pages/Vaccination-Program-Data.aspx,2167073,
Qatar,2021-09-06,"Moderna, Pfizer/BioNTech",4535813,2344353,https://covid19.moph.gov.qa/EN/Pages/Vaccination-Program-Data.aspx,2191460,
Qatar,2021-09-08,"Moderna, Pfizer/BioNTech",4550682,2349013,https://covid19.moph.gov.qa/EN/Pages/Vaccination-Program-Data.aspx,2201669,
Qatar,2021-09-09,"Moderna, Pfizer/BioNTech",4561509,2351673,https://covid19.moph.gov.qa/EN/Pages/Vaccination-Program-Data.aspx,2209836,
Qatar,2021-09-11,"Moderna, Pfizer/BioNTech",4578600,2360308,https://covid19.moph.gov.qa/EN/Pages/Vaccination-Program-Data.aspx,2218292,
Qatar,2021-09-12,"Moderna, Pfizer/BioNTech",4587397,,https://covid19.moph.gov.qa/EN/Pages/Vaccination-Program-Data.aspx,,
Qatar,2021-09-13,"Moderna, Pfizer/BioNTech",4605920,,https://covid19.moph.gov.qa/EN/Pages/Vaccination-Program-Data.aspx,,
Qatar,2021-09-14,"Moderna, Pfizer/BioNTech",4615678,,https://covid19.moph.gov.qa/EN/Pages/Vaccination-Program-Data.aspx,,
Qatar,2021-09-15,"Moderna, Pfizer/BioNTech",4624179,,https://covid19.moph.gov.qa/EN/Pages/Vaccination-Program-Data.aspx,,
Qatar,2021-09-16,"Moderna, Pfizer/BioNTech",4633897,,https://covid19.moph.gov.qa/EN/Pages/Vaccination-Program-Data.aspx,,
Qatar,2021-09-17,"Moderna, Pfizer/BioNTech",4647414,,https://covid19.moph.gov.qa/EN/Pages/Vaccination-Program-Data.aspx,,
Qatar,2021-09-18,"Moderna, Pfizer/BioNTech",4653019,,https://covid19.moph.gov.qa/EN/Pages/Vaccination-Program-Data.aspx,,
Qatar,2021-09-21,"Moderna, Pfizer/BioNTech",4675941,,https://covid19.moph.gov.qa/EN/Pages/Vaccination-Program-Data.aspx,,
Qatar,2021-09-23,"Moderna, Pfizer/BioNTech",4686559,,https://covid19.moph.gov.qa/EN/Pages/Vaccination-Program-Data.aspx,,
Qatar,2021-09-25,"Moderna, Pfizer/BioNTech",4690049,,https://covid19.moph.gov.qa/EN/Pages/Vaccination-Program-Data.aspx,,
Qatar,2021-09-26,"Moderna, Pfizer/BioNTech",4696753,,https://covid19.moph.gov.qa/EN/Pages/Vaccination-Program-Data.aspx,,
Qatar,2021-09-28,"Moderna, Pfizer/BioNTech",4702517,,https://covid19.moph.gov.qa/EN/Pages/Vaccination-Program-Data.aspx,,
Qatar,2021-09-29,"Moderna, Pfizer/BioNTech",4708867,,https://covid19.moph.gov.qa/EN/Pages/Vaccination-Program-Data.aspx,,
Qatar,2021-09-30,"Moderna, Pfizer/BioNTech",4712907,,https://covid19.moph.gov.qa/EN/Pages/Vaccination-Program-Data.aspx,,
Qatar,2021-10-01,"Moderna, Pfizer/BioNTech",4720147,,https://covid19.moph.gov.qa/EN/Pages/Vaccination-Program-Data.aspx,,
Qatar,2021-10-02,"Moderna, Pfizer/BioNTech",4722279,,https://covid19.moph.gov.qa/EN/Pages/Vaccination-Program-Data.aspx,,
Qatar,2021-10-03,"Moderna, Pfizer/BioNTech",4724998,,https://covid19.moph.gov.qa/EN/Pages/Vaccination-Program-Data.aspx,,
Qatar,2021-10-04,"Moderna, Pfizer/BioNTech",4734750,,https://covid19.moph.gov.qa/EN/Pages/Vaccination-Program-Data.aspx,,
Qatar,2021-10-05,"Moderna, Pfizer/BioNTech",4739995,,https://covid19.moph.gov.qa/EN/Pages/Vaccination-Program-Data.aspx,,
Qatar,2021-10-06,"Moderna, Pfizer/BioNTech",4744058,,https://covid19.moph.gov.qa/EN/Pages/Vaccination-Program-Data.aspx,,
Qatar,2021-10-07,"Moderna, Pfizer/BioNTech",4748753,,https://covid19.moph.gov.qa/EN/Pages/Vaccination-Program-Data.aspx,,
Qatar,2021-10-08,"Moderna, Pfizer/BioNTech",4754884,,https://covid19.moph.gov.qa/EN/Pages/Vaccination-Program-Data.aspx,,
Qatar,2021-10-09,"Moderna, Pfizer/BioNTech",4760876,,https://covid19.moph.gov.qa/EN/Pages/Vaccination-Program-Data.aspx,,
Qatar,2021-10-10,"Moderna, Pfizer/BioNTech",4767210,,https://covid19.moph.gov.qa/EN/Pages/Vaccination-Program-Data.aspx,,
Qatar,2021-10-12,"Moderna, Pfizer/BioNTech",4772142,,https://covid19.moph.gov.qa/EN/Pages/Vaccination-Program-Data.aspx,,
Qatar,2021-10-13,"Moderna, Pfizer/BioNTech",4776367,,https://covid19.moph.gov.qa/EN/Pages/Vaccination-Program-Data.aspx,,
Qatar,2021-10-14,"Moderna, Pfizer/BioNTech",4780790,,https://covid19.moph.gov.qa/EN/Pages/Vaccination-Program-Data.aspx,,
Qatar,2021-10-15,"Moderna, Pfizer/BioNTech",4785841,,https://covid19.moph.gov.qa/EN/Pages/Vaccination-Program-Data.aspx,,
Qatar,2021-10-16,"Moderna, Pfizer/BioNTech",4787360,,https://covid19.moph.gov.qa/EN/Pages/Vaccination-Program-Data.aspx,,
Qatar,2021-10-17,"Moderna, Pfizer/BioNTech",4790350,,https://covid19.moph.gov.qa/EN/Pages/Vaccination-Program-Data.aspx,,
Qatar,2021-10-18,"Moderna, Pfizer/BioNTech",4793618,,https://covid19.moph.gov.qa/EN/Pages/Vaccination-Program-Data.aspx,,
Qatar,2021-10-19,"Moderna, Pfizer/BioNTech",4799513,,https://covid19.moph.gov.qa/EN/Pages/Vaccination-Program-Data.aspx,,
Qatar,2021-10-21,"Moderna, Pfizer/BioNTech",4802306,,https://covid19.moph.gov.qa/EN/Pages/Vaccination-Program-Data.aspx,,
Qatar,2021-10-22,"Moderna, Pfizer/BioNTech",4805934,,https://covid19.moph.gov.qa/EN/Pages/Vaccination-Program-Data.aspx,,
Qatar,2021-10-23,"Moderna, Pfizer/BioNTech",4807293,,https://covid19.moph.gov.qa/EN/Pages/Vaccination-Program-Data.aspx,,
Qatar,2021-10-24,"Moderna, Pfizer/BioNTech",4811693,,https://covid19.moph.gov.qa/EN/Pages/Vaccination-Program-Data.aspx,,
Qatar,2021-10-25,"Moderna, Pfizer/BioNTech",4815431,,https://covid19.moph.gov.qa/EN/Pages/Vaccination-Program-Data.aspx,,
Qatar,2021-10-26,"Moderna, Pfizer/BioNTech",4819051,,https://covid19.moph.gov.qa/EN/Pages/Vaccination-Program-Data.aspx,,
Qatar,2021-10-27,"Moderna, Pfizer/BioNTech",4821695,,https://covid19.moph.gov.qa/EN/Pages/Vaccination-Program-Data.aspx,,
Qatar,2021-10-28,"Moderna, Pfizer/BioNTech",4826586,,https://covid19.moph.gov.qa/EN/Pages/Vaccination-Program-Data.aspx,,
Qatar,2021-10-29,"Moderna, Pfizer/BioNTech",4830809,,https://covid19.moph.gov.qa/EN/Pages/Vaccination-Program-Data.aspx,,
Qatar,2021-10-30,"Moderna, Pfizer/BioNTech",4832023,,https://covid19.moph.gov.qa/EN/Pages/Vaccination-Program-Data.aspx,,
Qatar,2021-10-31,"Moderna, Pfizer/BioNTech",4834881,,https://covid19.moph.gov.qa/EN/Pages/Vaccination-Program-Data.aspx,,
Qatar,2021-11-01,"Moderna, Pfizer/BioNTech",4838632,,https://covid19.moph.gov.qa/EN/Pages/Vaccination-Program-Data.aspx,,
Qatar,2021-11-02,"Moderna, Pfizer/BioNTech",4842210,,https://covid19.moph.gov.qa/EN/Pages/Vaccination-Program-Data.aspx,,
Qatar,2021-11-03,"Moderna, Pfizer/BioNTech",4845533,,https://covid19.moph.gov.qa/EN/Pages/Vaccination-Program-Data.aspx,,
Qatar,2021-11-04,"Moderna, Pfizer/BioNTech",4848914,,https://covid19.moph.gov.qa/EN/Pages/Vaccination-Program-Data.aspx,,
Qatar,2021-11-05,"Moderna, Pfizer/BioNTech",4852998,,https://covid19.moph.gov.qa/EN/Pages/Vaccination-Program-Data.aspx,,
