location,date,vaccine,total_vaccinations,people_vaccinated,people_fully_vaccinated,source_url,total_boosters
Russia,2020-12-15,Sputnik V,28500,28500,,http://government.ru/news/41122/,
Russia,2020-12-22,Sputnik V,52000,52000,,https://tass.com/society/1238521,
Russia,2021-01-02,Sputnik V,800000,800000,,https://tass.com/society/1241979,
Russia,2021-01-13,Sputnik V,1000000,1000000,,https://twitter.com/redouad/status/1350030539944820736,
Russia,2021-03-02,"Sputnik V, EpiVacCorona",5249831,4158334,1091497,https://gogov.ru/articles/covid-v-stats,
Russia,2021-03-03,"Sputnik V, EpiVacCorona",5489342,4287423,1201919,https://gogov.ru/articles/covid-v-stats,
Russia,2021-03-04,"Sputnik V, EpiVacCorona",6010744,4701175,1309569,https://gogov.ru/articles/covid-v-stats,
Russia,2021-03-05,"Sputnik V, EpiVacCorona",6301854,4908178,1393676,https://gogov.ru/articles/covid-v-stats,
Russia,2021-03-06,"Sputnik V, EpiVacCorona",6583873,5082127,1501746,https://gogov.ru/articles/covid-v-stats,
Russia,2021-03-07,"Sputnik V, EpiVacCorona",6655487,5128138,1527349,https://gogov.ru/articles/covid-v-stats,
Russia,2021-03-08,"Sputnik V, EpiVacCorona",6669466,5136605,1532861,https://gogov.ru/articles/covid-v-stats,
Russia,2021-03-09,"Sputnik V, EpiVacCorona",6694349,5149589,1544760,https://gogov.ru/articles/covid-v-stats,
Russia,2021-03-10,"Sputnik V, EpiVacCorona",7048129,5272651,1775478,https://gogov.ru/articles/covid-v-stats,
Russia,2021-03-11,"Sputnik V, EpiVacCorona",7273933,5366009,1907924,https://gogov.ru/articles/covid-v-stats,
Russia,2021-03-17,"Sputnik V, EpiVacCorona",7818009,5379359,2438650,https://gogov.ru/articles/covid-v-stats,
Russia,2021-03-18,"Sputnik V, EpiVacCorona",7909438,5431048,2478390,https://gogov.ru/articles/covid-v-stats,
Russia,2021-03-19,"Sputnik V, EpiVacCorona",8185944,5544777,2641167,https://gogov.ru/articles/covid-v-stats,
Russia,2021-03-20,"Sputnik V, EpiVacCorona",8306498,5595893,2710605,https://gogov.ru/articles/covid-v-stats,
Russia,2021-03-21,"Sputnik V, EpiVacCorona",8362575,5611139,2751436,https://gogov.ru/articles/covid-v-stats,
Russia,2021-03-29,"Sputnik V, EpiVacCorona",11124350,6846664,4277686,https://gogov.ru/articles/covid-v-stats,
Russia,2021-03-30,"Sputnik V, EpiVacCorona",11183108,6886259,4296849,https://gogov.ru/articles/covid-v-stats,
Russia,2021-03-31,"Sputnik V, EpiVacCorona",11373572,7004336,4369236,https://gogov.ru/articles/covid-v-stats,
Russia,2021-04-01,"Sputnik V, EpiVacCorona",11642295,7159411,4482884,https://gogov.ru/articles/covid-v-stats,
Russia,2021-04-02,"Sputnik V, EpiVacCorona",11779295,7247479,4531816,https://gogov.ru/articles/covid-v-stats,
Russia,2021-04-03,"Sputnik V, EpiVacCorona",12038859,7445035,4593824,https://gogov.ru/articles/covid-v-stats,
Russia,2021-04-04,"Sputnik V, EpiVacCorona",12120810,7505764,4615046,https://gogov.ru/articles/covid-v-stats,
Russia,2021-04-05,"Sputnik V, EpiVacCorona",12215342,7576640,4638702,https://gogov.ru/articles/covid-v-stats,
Russia,2021-04-06,"Sputnik V, EpiVacCorona",12474954,7753876,4721078,https://gogov.ru/articles/covid-v-stats,
Russia,2021-04-07,"Sputnik V, EpiVacCorona",13047800,7908918,5138882,https://gogov.ru/articles/covid-v-stats,
Russia,2021-04-08,"Sputnik V, EpiVacCorona",13354502,8146598,5207904,https://gogov.ru/articles/covid-v-stats,
Russia,2021-04-09,"Sputnik V, EpiVacCorona",13628879,8333331,5295548,https://gogov.ru/articles/covid-v-stats,
Russia,2021-04-10,"Sputnik V, EpiVacCorona",13977397,8575951,5401446,https://gogov.ru/articles/covid-v-stats,
Russia,2021-04-11,"Sputnik V, EpiVacCorona",14108341,8692848,5415493,https://gogov.ru/articles/covid-v-stats,
Russia,2021-04-12,"Sputnik V, EpiVacCorona",14269543,8808044,5461499,https://gogov.ru/articles/covid-v-stats,
Russia,2021-04-13,"Sputnik V, EpiVacCorona",14583881,9037705,5546176,https://gogov.ru/articles/covid-v-stats,
Russia,2021-04-14,"Sputnik V, EpiVacCorona",14967802,9343939,5623863,https://gogov.ru/articles/covid-v-stats,
Russia,2021-04-15,"Sputnik V, EpiVacCorona",15164099,9473241,5690858,https://gogov.ru/articles/covid-v-stats,
Russia,2021-04-16,"Sputnik V, EpiVacCorona",15469617,9731470,5738147,https://gogov.ru/articles/covid-v-stats,
Russia,2021-04-17,"Sputnik V, EpiVacCorona",15700803,9918665,5782138,https://gogov.ru/articles/covid-v-stats,
Russia,2021-04-18,"Sputnik V, EpiVacCorona",16167151,10019885,6147266,https://gogov.ru/articles/covid-v-stats,
Russia,2021-04-19,"Sputnik V, EpiVacCorona",16237319,10077017,6160302,https://gogov.ru/articles/covid-v-stats,
Russia,2021-04-20,"Sputnik V, EpiVacCorona",16567842,10341593,6226249,https://gogov.ru/articles/covid-v-stats,
Russia,2021-04-21,"Sputnik V, EpiVacCorona",16821267,10520393,6300874,https://gogov.ru/articles/covid-v-stats,
Russia,2021-04-22,"Sputnik V, EpiVacCorona",17218313,10787419,6430894,https://gogov.ru/articles/covid-v-stats,
Russia,2021-04-23,"Sputnik V, EpiVacCorona",17535826,10997801,6538025,https://gogov.ru/articles/covid-v-stats,
Russia,2021-04-24,"Sputnik V, EpiVacCorona",18080498,11312625,6767873,https://gogov.ru/articles/covid-v-stats,
Russia,2021-04-25,"Sputnik V, EpiVacCorona",18152707,11362893,6789814,https://gogov.ru/articles/covid-v-stats,
Russia,2021-04-26,"Sputnik V, EpiVacCorona",18315316,11445394,6869922,https://gogov.ru/articles/covid-v-stats,
Russia,2021-04-27,"Sputnik V, EpiVacCorona",18557064,11599037,6958027,https://gogov.ru/articles/covid-v-stats,
Russia,2021-04-28,"Sputnik V, EpiVacCorona",19043771,11913555,7130216,https://gogov.ru/articles/covid-v-stats,
Russia,2021-04-29,"Sputnik V, EpiVacCorona",19523861,12152170,7371691,https://gogov.ru/articles/covid-v-stats,
Russia,2021-04-30,"Sputnik V, EpiVacCorona",19834392,12299770,7534622,https://gogov.ru/articles/covid-v-stats,
Russia,2021-05-01,"Sputnik V, EpiVacCorona",19934399,12377978,7556421,https://gogov.ru/articles/covid-v-stats,
Russia,2021-05-02,"Sputnik V, EpiVacCorona",20070743,12431003,7639740,https://gogov.ru/articles/covid-v-stats,
Russia,2021-05-03,"Sputnik V, EpiVacCorona",20110554,12449156,7661398,https://gogov.ru/articles/covid-v-stats,
Russia,2021-05-04,"Sputnik V, EpiVacCorona",20168443,12478994,7689449,https://gogov.ru/articles/covid-v-stats,
Russia,2021-05-05,"Sputnik V, EpiVacCorona",20720147,12704207,8015940,https://gogov.ru/articles/covid-v-stats,
Russia,2021-05-06,"Sputnik V, EpiVacCorona",21177713,12893563,8284150,https://gogov.ru/articles/covid-v-stats,
Russia,2021-05-07,"Sputnik V, EpiVacCorona",21296747,12940465,8356282,https://gogov.ru/articles/covid-v-stats,
Russia,2021-05-08,"Sputnik V, EpiVacCorona",21597074,13056228,8540846,https://gogov.ru/articles/covid-v-stats,
Russia,2021-05-10,"Sputnik V, EpiVacCorona",21786131,13165465,8620666,https://gogov.ru/articles/covid-v-stats,
Russia,2021-05-11,"Sputnik V, EpiVacCorona",21844382,13205698,8638684,https://gogov.ru/articles/covid-v-stats,
Russia,2021-05-12,"Sputnik V, EpiVacCorona",22575945,13566658,9009287,https://gogov.ru/articles/covid-v-stats,
Russia,2021-05-13,"Sputnik V, EpiVacCorona",22782931,13653498,9129433,https://gogov.ru/articles/covid-v-stats,
Russia,2021-05-14,"Sputnik V, EpiVacCorona",23292045,13856566,9435479,https://gogov.ru/articles/covid-v-stats,
Russia,2021-05-15,"Sputnik V, EpiVacCorona",23858201,14265642,9592559,https://gogov.ru/articles/covid-v-stats,
Russia,2021-05-16,"Sputnik V, EpiVacCorona",23970334,14313416,9656918,https://gogov.ru/articles/covid-v-stats,
Russia,2021-05-17,"Sputnik V, EpiVacCorona",24087535,14361832,9725703,https://gogov.ru/articles/covid-v-stats,
Russia,2021-05-18,"Sputnik V, EpiVacCorona",24519227,14592957,9926270,https://gogov.ru/articles/covid-v-stats,
Russia,2021-05-19,"Sputnik V, EpiVacCorona",24862902,14718070,10144832,https://gogov.ru/articles/covid-v-stats,
Russia,2021-05-20,"Sputnik V, EpiVacCorona",25166959,14888987,10277972,https://gogov.ru/articles/covid-v-stats,
Russia,2021-05-21,"Sputnik V, EpiVacCorona",25468057,15031015,10437042,https://gogov.ru/articles/covid-v-stats,
Russia,2021-05-22,"Sputnik V, EpiVacCorona",26419720,15325919,11093801,https://gogov.ru/articles/covid-v-stats,
Russia,2021-05-23,"Sputnik V, EpiVacCorona",26472510,15360666,11111844,https://gogov.ru/articles/covid-v-stats,
Russia,2021-05-24,"Sputnik V, EpiVacCorona",26802324,15610238,11192086,https://gogov.ru/articles/covid-v-stats,
Russia,2021-05-25,"Sputnik V, EpiVacCorona",27026797,15768938,11257859,https://gogov.ru/articles/covid-v-stats,
Russia,2021-05-26,"Sputnik V, EpiVacCorona",27611859,16159658,11452201,https://gogov.ru/articles/covid-v-stats,
Russia,2021-05-27,"Sputnik V, EpiVacCorona",27739956,16225813,11514143,https://gogov.ru/articles/covid-v-stats,
Russia,2021-05-28,"Sputnik V, EpiVacCorona",28112894,16331436,11781458,https://gogov.ru/articles/covid-v-stats,
Russia,2021-05-29,"Sputnik V, EpiVacCorona",28365082,16470154,11894928,https://gogov.ru/articles/covid-v-stats,
Russia,2021-05-30,"Sputnik V, EpiVacCorona",28449552,16528341,11921211,https://gogov.ru/articles/covid-v-stats,
Russia,2021-05-31,"Sputnik V, EpiVacCorona",28501637,16576370,11925267,https://gogov.ru/articles/covid-v-stats,
Russia,2021-06-01,"Sputnik V, EpiVacCorona",29325191,16708973,12616218,https://gogov.ru/articles/covid-v-stats,
Russia,2021-06-02,"Sputnik V, EpiVacCorona",29792970,16995885,12797085,https://gogov.ru/articles/covid-v-stats,
Russia,2021-06-03,"Sputnik V, EpiVacCorona",30001530,17136365,12865165,https://gogov.ru/articles/covid-v-stats,
Russia,2021-06-04,"Sputnik V, EpiVacCorona",30501660,17426711,13074949,https://gogov.ru/articles/covid-v-stats,
Russia,2021-06-05,"Sputnik V, EpiVacCorona",30606544,17490525,13116019,https://gogov.ru/articles/covid-v-stats,
Russia,2021-06-06,"Sputnik V, EpiVacCorona",30708050,17556908,13151142,https://gogov.ru/articles/covid-v-stats,
Russia,2021-06-07,"Sputnik V, EpiVacCorona",31050172,17673241,13376931,https://gogov.ru/articles/covid-v-stats,
Russia,2021-06-08,"Sputnik V, EpiVacCorona",31295788,17782159,13513629,https://gogov.ru/articles/covid-v-stats,
Russia,2021-06-09,"Sputnik V, EpiVacCorona",31605719,17954601,13651118,https://gogov.ru/articles/covid-v-stats,
Russia,2021-06-10,"Sputnik V, EpiVacCorona",31953145,18119483,13833662,https://gogov.ru/articles/covid-v-stats,
Russia,2021-06-11,"Sputnik V, EpiVacCorona",32267143,18274820,13992323,https://gogov.ru/articles/covid-v-stats,
Russia,2021-06-12,"Sputnik V, EpiVacCorona",32734213,18462055,14272158,https://gogov.ru/articles/covid-v-stats,
Russia,2021-06-13,"Sputnik V, EpiVacCorona",32831196,18514644,14316552,https://gogov.ru/articles/covid-v-stats,
Russia,2021-06-14,"Sputnik V, EpiVacCorona",32865706,18533629,14332077,https://gogov.ru/articles/covid-v-stats,
Russia,2021-06-15,"Sputnik V, EpiVacCorona",32907158,18550270,14356888,https://gogov.ru/articles/covid-v-stats,
Russia,2021-06-16,"Sputnik V, EpiVacCorona",33220101,18712820,14507281,https://gogov.ru/articles/covid-v-stats,
Russia,2021-06-17,"Sputnik V, EpiVacCorona",33923089,19213483,14709606,https://gogov.ru/articles/covid-v-stats,
Russia,2021-06-18,"Sputnik V, EpiVacCorona",34337450,19436102,14901348,https://gogov.ru/articles/covid-v-stats,
Russia,2021-06-19,"Sputnik V, EpiVacCorona",34768902,19558487,15210415,https://gogov.ru/articles/covid-v-stats,
Russia,2021-06-20,"Sputnik V, EpiVacCorona",34901304,19657314,15243990,https://gogov.ru/articles/covid-v-stats,
Russia,2021-06-21,"Sputnik V, EpiVacCorona",35237844,19861002,15376842,https://gogov.ru/articles/covid-v-stats,
Russia,2021-06-22,"Sputnik V, EpiVacCorona",35983165,20345332,15637833,https://gogov.ru/articles/covid-v-stats,
Russia,2021-06-23,"Sputnik V, EpiVacCorona",36044137,20390788,15653349,https://gogov.ru/articles/covid-v-stats,
Russia,2021-06-24,"Sputnik V, EpiVacCorona",36970273,20682043,16288230,https://gogov.ru/articles/covid-v-stats,
Russia,2021-06-25,"Sputnik V, EpiVacCorona",37603085,21096764,16506321,https://gogov.ru/articles/covid-v-stats,
Russia,2021-06-26,"Sputnik V, EpiVacCorona",38098213,21461833,16636380,https://gogov.ru/articles/covid-v-stats,
Russia,2021-06-27,"Sputnik V, EpiVacCorona",38440164,21614318,16825846,https://gogov.ru/articles/covid-v-stats,
Russia,2021-06-28,"Sputnik V, EpiVacCorona",38773378,21790363,16983015,https://gogov.ru/articles/covid-v-stats,
Russia,2021-06-29,"Sputnik V, EpiVacCorona",39328425,22194585,17133840,https://gogov.ru/articles/covid-v-stats,
Russia,2021-06-30,"Sputnik V, EpiVacCorona",40027944,22691596,17336348,https://gogov.ru/articles/covid-v-stats,
Russia,2021-07-01,"Sputnik V, EpiVacCorona",40875355,23352344,17523011,https://gogov.ru/articles/covid-v-stats,
Russia,2021-07-02,"Sputnik V, EpiVacCorona",41821794,24221641,17600153,https://gogov.ru/articles/covid-v-stats,
Russia,2021-07-03,"Sputnik V, EpiVacCorona",42450067,24647625,17802442,https://gogov.ru/articles/covid-v-stats,
Russia,2021-07-04,"Sputnik V, EpiVacCorona",42830589,24969023,17861566,https://gogov.ru/articles/covid-v-stats,
Russia,2021-07-05,"Sputnik V, EpiVacCorona",43033292,25134026,17899266,https://gogov.ru/articles/covid-v-stats,
Russia,2021-07-06,"Sputnik V, EpiVacCorona",44317901,26086927,18230974,https://gogov.ru/articles/covid-v-stats,
Russia,2021-07-07,"Sputnik V, EpiVacCorona",45061139,26676560,18384579,https://gogov.ru/articles/covid-v-stats,
Russia,2021-07-08,"Sputnik V, EpiVacCorona",45570931,27056132,18514799,https://gogov.ru/articles/covid-v-stats,
Russia,2021-07-09,"Sputnik V, EpiVacCorona",46626243,27899062,18727181,https://gogov.ru/articles/covid-v-stats,
Russia,2021-07-10,"Sputnik V, EpiVacCorona",47334968,28443712,18891256,https://gogov.ru/articles/covid-v-stats,
Russia,2021-07-11,"Sputnik V, EpiVacCorona",47572228,28645936,18926292,https://gogov.ru/articles/covid-v-stats,
Russia,2021-07-12,"Sputnik V, EpiVacCorona",47809152,28738206,19070946,https://gogov.ru/articles/covid-v-stats,
Russia,2021-07-13,"Sputnik V, EpiVacCorona",48693756,29428872,19264884,https://gogov.ru/articles/covid-v-stats,
Russia,2021-07-14,"Sputnik V, EpiVacCorona",49757693,30101051,19656642,https://gogov.ru/articles/covid-v-stats,
Russia,2021-07-15,"Sputnik V, EpiVacCorona",50383638,30538845,19844793,https://gogov.ru/articles/covid-v-stats,
Russia,2021-07-16,"Sputnik V, EpiVacCorona",52329289,31765940,20563349,https://gogov.ru/articles/covid-v-stats,
Russia,2021-07-17,"Sputnik V, EpiVacCorona",52471287,31874482,20596805,https://gogov.ru/articles/covid-v-stats,
Russia,2021-07-18,"Sputnik V, EpiVacCorona",52782888,32086928,20695960,https://gogov.ru/articles/covid-v-stats,
Russia,2021-07-19,"Sputnik V, EpiVacCorona",52924914,32163192,20761722,https://gogov.ru/articles/covid-v-stats,
Russia,2021-07-20,"Sputnik V, EpiVacCorona",54765404,33185732,21579672,https://gogov.ru/articles/covid-v-stats,
Russia,2021-07-21,"Sputnik V, EpiVacCorona",55278232,33485064,21793168,https://gogov.ru/articles/covid-v-stats,
Russia,2021-07-22,"Sputnik V, EpiVacCorona",55829776,33840825,21988951,https://gogov.ru/articles/covid-v-stats,
Russia,2021-07-23,"Sputnik V, EpiVacCorona",57119002,34479522,22639480,https://gogov.ru/articles/covid-v-stats,
Russia,2021-07-24,"Sputnik V, EpiVacCorona",57313547,34561624,22751923,https://gogov.ru/articles/covid-v-stats,
Russia,2021-07-25,"Sputnik V, EpiVacCorona",57493823,34655066,22838757,https://gogov.ru/articles/covid-v-stats,
Russia,2021-07-26,"Sputnik V, EpiVacCorona",57730452,34775914,22954538,https://gogov.ru/articles/covid-v-stats,
Russia,2021-07-27,"Sputnik V, EpiVacCorona",58627941,35277439,23350502,https://gogov.ru/articles/covid-v-stats,
Russia,2021-07-28,"Sputnik V, EpiVacCorona",59222211,35565564,23656647,https://gogov.ru/articles/covid-v-stats,
Russia,2021-07-29,"Sputnik V, EpiVacCorona",60086288,36024370,24061918,https://gogov.ru/articles/covid-v-stats,
Russia,2021-07-30,"Sputnik V, EpiVacCorona",60996545,36287070,24709475,https://gogov.ru/articles/covid-v-stats,
Russia,2021-07-31,"Sputnik V, EpiVacCorona",61902078,36621627,25280451,https://gogov.ru/articles/covid-v-stats,
Russia,2021-08-01,"Sputnik V, EpiVacCorona",62225609,36759116,25466493,https://gogov.ru/articles/covid-v-stats,
Russia,2021-08-02,"Sputnik V, EpiVacCorona",62369448,36816173,25553275,https://gogov.ru/articles/covid-v-stats,
Russia,2021-08-03,"Sputnik V, EpiVacCorona",63106022,37159913,25946109,https://gogov.ru/articles/covid-v-stats,
Russia,2021-08-04,"Sputnik V, EpiVacCorona",64276556,37716498,26560058,https://gogov.ru/articles/covid-v-stats,
Russia,2021-08-05,"Sputnik V, EpiVacCorona",64612870,37841809,26771061,https://gogov.ru/articles/covid-v-stats,
Russia,2021-08-06,"Sputnik V, EpiVacCorona",65093022,38052430,27040592,https://gogov.ru/articles/covid-v-stats,
Russia,2021-08-07,"Sputnik V, EpiVacCorona",65886173,38390923,27495250,https://gogov.ru/articles/covid-v-stats,
Russia,2021-08-08,"Sputnik V, EpiVacCorona",66245526,38591963,27653563,https://gogov.ru/articles/covid-v-stats,
Russia,2021-08-09,"Sputnik V, EpiVacCorona",66369168,38619739,27749429,https://gogov.ru/articles/covid-v-stats,
Russia,2021-08-10,"Sputnik V, EpiVacCorona",67340478,38955619,28384859,https://gogov.ru/articles/covid-v-stats,
Russia,2021-08-11,"Sputnik V, EpiVacCorona",68010094,39355337,28654757,https://gogov.ru/articles/covid-v-stats,
Russia,2021-08-12,"Sputnik V, EpiVacCorona",68643798,39629817,29013981,https://gogov.ru/articles/covid-v-stats,
Russia,2021-08-13,"Sputnik V, EpiVacCorona",71033270,40386461,30646809,https://gogov.ru/articles/covid-v-stats,
Russia,2021-08-14,"Sputnik V, EpiVacCorona",72895650,40644013,32251637,https://gogov.ru/articles/covid-v-stats,
Russia,2021-08-15,"Sputnik V, EpiVacCorona",73164150,40731280,32432870,https://gogov.ru/articles/covid-v-stats,
Russia,2021-08-16,"Sputnik V, EpiVacCorona",73509691,40915730,32593961,https://gogov.ru/articles/covid-v-stats,
Russia,2021-08-17,"Sputnik V, EpiVacCorona",74000654,41108366,32892288,https://gogov.ru/articles/covid-v-stats,
Russia,2021-08-18,"Sputnik V, EpiVacCorona",74425863,41258604,33167259,https://gogov.ru/articles/covid-v-stats,
Russia,2021-08-19,"Sputnik V, EpiVacCorona",75043301,41551994,33491307,https://gogov.ru/articles/covid-v-stats,
Russia,2021-08-20,"Sputnik V, EpiVacCorona",75677887,41822606,33855281,https://gogov.ru/articles/covid-v-stats,
Russia,2021-08-21,"Sputnik V, EpiVacCorona",76458068,42167285,34290783,https://gogov.ru/articles/covid-v-stats,
Russia,2021-08-22,"Sputnik V, EpiVacCorona",76801879,42280854,34521025,https://gogov.ru/articles/covid-v-stats,
Russia,2021-08-23,"Sputnik V, EpiVacCorona",76957410,42336831,34620579,https://gogov.ru/articles/covid-v-stats,
Russia,2021-08-24,"Sputnik V, EpiVacCorona",77577311,42595754,34981557,https://gogov.ru/articles/covid-v-stats,
Russia,2021-08-25,"Sputnik V, EpiVacCorona",78053353,42821588,35231765,https://gogov.ru/articles/covid-v-stats,
Russia,2021-08-26,"Sputnik V, EpiVacCorona",78431369,42983698,35447671,https://gogov.ru/articles/covid-v-stats,
Russia,2021-08-27,"Sputnik V, EpiVacCorona",79130258,43270004,35860254,https://gogov.ru/articles/covid-v-stats,
Russia,2021-08-28,"Sputnik V, EpiVacCorona",79493362,43438051,36055311,https://gogov.ru/articles/covid-v-stats,
Russia,2021-08-29,"Sputnik V, EpiVacCorona",79708822,43523101,36185721,https://gogov.ru/articles/covid-v-stats,
Russia,2021-08-30,"Sputnik V, EpiVacCorona",80012028,43659462,36352566,https://gogov.ru/articles/covid-v-stats,
Russia,2021-08-31,"Sputnik V, EpiVacCorona",80244526,43771190,36473336,https://gogov.ru/articles/covid-v-stats,
Russia,2021-09-01,"Sputnik V, EpiVacCorona",81226019,43967990,37258029,https://gogov.ru/articles/covid-v-stats,
Russia,2021-09-02,"Sputnik V, EpiVacCorona",81609406,44148776,37460630,https://gogov.ru/articles/covid-v-stats,
Russia,2021-09-03,"Sputnik V, EpiVacCorona",82319804,44302410,38017394,https://gogov.ru/articles/covid-v-stats,
Russia,2021-09-04,"Sputnik V, EpiVacCorona",82550749,44418648,38132101,https://gogov.ru/articles/covid-v-stats,
Russia,2021-09-05,"Sputnik V, EpiVacCorona",82803898,44492958,38310940,https://gogov.ru/articles/covid-v-stats,
Russia,2021-09-06,"Sputnik V, EpiVacCorona",82918108,44549535,38368573,https://gogov.ru/articles/covid-v-stats,
Russia,2021-09-07,"Sputnik V, EpiVacCorona",83633913,44857289,38776624,https://gogov.ru/articles/covid-v-stats,
Russia,2021-09-08,"Sputnik V, EpiVacCorona",83818838,44912606,38906232,https://gogov.ru/articles/covid-v-stats,
Russia,2021-09-09,"Sputnik V, EpiVacCorona",84307408,45079017,39228391,https://gogov.ru/articles/covid-v-stats,
Russia,2021-09-10,"Sputnik V, EpiVacCorona",84915792,45449659,39466133,https://gogov.ru/articles/covid-v-stats,
Russia,2021-09-11,"Sputnik V, EpiVacCorona",85117353,45527817,39589536,https://gogov.ru/articles/covid-v-stats,
Russia,2021-09-12,"Sputnik V, EpiVacCorona",85282445,45598793,39683652,https://gogov.ru/articles/covid-v-stats,
Russia,2021-09-13,"Sputnik V, EpiVacCorona",85977322,46149116,39828206,https://gogov.ru/articles/covid-v-stats,
Russia,2021-09-14,"Sputnik V, EpiVacCorona",86073493,46169834,39903659,https://gogov.ru/articles/covid-v-stats,
Russia,2021-09-15,"Sputnik V, EpiVacCorona",86564229,46427518,40136711,https://gogov.ru/articles/covid-v-stats,
Russia,2021-09-16,"Sputnik V, EpiVacCorona",86956254,46600781,40355473,https://gogov.ru/articles/covid-v-stats,
Russia,2021-09-17,"Sputnik V, EpiVacCorona",87267626,46745074,40522552,https://gogov.ru/articles/covid-v-stats,
Russia,2021-09-19,"Sputnik V, EpiVacCorona",87736626,46811516,40925110,https://gogov.ru/articles/covid-v-stats,
Russia,2021-09-20,"Sputnik V, EpiVacCorona",87900632,46923762,40976870,https://gogov.ru/articles/covid-v-stats,
Russia,2021-09-21,"Sputnik V, EpiVacCorona",88138610,47092891,41045719,https://gogov.ru/articles/covid-v-stats,
Russia,2021-09-22,"Sputnik V, EpiVacCorona",88567925,47285157,41282768,https://gogov.ru/articles/covid-v-stats,
Russia,2021-09-24,"Sputnik V, EpiVacCorona",89028383,47468729,41559654,https://gogov.ru/articles/covid-v-stats,658982
Russia,2021-09-25,"Sputnik V, EpiVacCorona",89204756,47547409,41657347,https://gogov.ru/articles/covid-v-stats,661446
Russia,2021-09-26,"Sputnik V, EpiVacCorona",89301130,47594992,41706138,https://gogov.ru/articles/covid-v-stats,662363
Russia,2021-09-27,"Sputnik V, EpiVacCorona",89627918,47825957,41801961,https://gogov.ru/articles/covid-v-stats,667688
Russia,2021-09-28,"Sputnik V, EpiVacCorona",89704718,47867172,41837546,https://gogov.ru/articles/covid-v-stats,689524
Russia,2021-09-29,"Sputnik V, EpiVacCorona",90015699,47967752,42047947,https://gogov.ru/articles/covid-v-stats,723374
Russia,2021-09-30,"Sputnik V, EpiVacCorona",90298423,48079685,42218738,https://gogov.ru/articles/covid-v-stats,725352
Russia,2021-10-01,"Sputnik V, EpiVacCorona",90667000,48343684,42323316,https://gogov.ru/articles/covid-v-stats,747624
Russia,2021-10-02,"Sputnik V, EpiVacCorona",91015787,48535310,42480477,https://gogov.ru/articles/covid-v-stats,765175
Russia,2021-10-03,"Sputnik V, EpiVacCorona",91151285,48610971,42540314,https://gogov.ru/articles/covid-v-stats,819875
Russia,2021-10-04,"Sputnik V, EpiVacCorona",91243207,48654468,42588739,https://gogov.ru/articles/covid-v-stats,826286
Russia,2021-10-05,"Sputnik V, EpiVacCorona",91497450,48735780,42761670,https://gogov.ru/articles/covid-v-stats,842830
Russia,2021-10-06,"Sputnik V, EpiVacCorona",92192697,48891249,43301448,https://gogov.ru/articles/covid-v-stats,856589
Russia,2021-10-07,"Sputnik V, EpiVacCorona",93888467,49137773,44750694,https://gogov.ru/articles/covid-v-stats,859836
Russia,2021-10-08,"Sputnik V, EpiVacCorona",94115234,49235850,44879384,https://gogov.ru/articles/covid-v-stats,919496
Russia,2021-10-09,"Sputnik V, EpiVacCorona",94289464,49353510,44935954,https://gogov.ru/articles/covid-v-stats,960031
Russia,2021-10-10,"Sputnik V, EpiVacCorona",94491689,49463056,45028633,https://gogov.ru/articles/covid-v-stats,960453
Russia,2021-10-11,"Sputnik V, EpiVacCorona",94671192,49571462,45099730,https://gogov.ru/articles/covid-v-stats,967739
Russia,2021-10-12,"Sputnik V, EpiVacCorona",94790577,49684328,45106249,https://gogov.ru/articles/covid-v-stats,988595
Russia,2021-10-13,"Sputnik V, EpiVacCorona",95156230,49844230,45312000,https://gogov.ru/articles/covid-v-stats,
Russia,2021-10-14,"Sputnik V, EpiVacCorona",95345470,49981484,45363986,https://gogov.ru/articles/covid-v-stats,1070110
Russia,2021-10-15,"Sputnik V, EpiVacCorona",95885492,50182928,45702564,https://gogov.ru/articles/covid-v-stats,1190053
Russia,2021-10-20,"Sputnik V, EpiVacCorona",99382776,51965705,,https://gogov.ru/articles/covid-v-stats,
Russia,2021-10-21,"Sputnik V, EpiVacCorona",99443669,52015298,,https://gogov.ru/articles/covid-v-stats,1506586
Russia,2021-10-22,"Sputnik V, EpiVacCorona",100030674,52450463,,https://gogov.ru/articles/covid-v-stats,1544042
Russia,2021-10-23,"Sputnik V, EpiVacCorona",100766655,52861352,,https://gogov.ru/articles/covid-v-stats,1547684
Russia,2021-10-28,"Sputnik V, EpiVacCorona",102428563,53974920,47126515,https://gogov.ru/articles/covid-v-stats,1645659
Russia,2021-10-29,"Sputnik V, EpiVacCorona",103215462,54622022,47235849,https://gogov.ru/articles/covid-v-stats,1685331
Russia,2021-10-30,"Sputnik V, EpiVacCorona",104062261,55218327,47459477,https://gogov.ru/articles/covid-v-stats,1715807
Russia,2021-10-31,"Sputnik V, EpiVacCorona",104464268,55463950,47601622,https://gogov.ru/articles/covid-v-stats,1730473
Russia,2021-11-01,"Sputnik V, EpiVacCorona",104776681,55691008,47683391,https://gogov.ru/articles/covid-v-stats,1734131
Russia,2021-11-02,"Sputnik V, EpiVacCorona",105580822,56183972,47945546,https://gogov.ru/articles/covid-v-stats,1787514
Russia,2021-11-03,"Sputnik V, EpiVacCorona",106519046,56692011,48204924,https://gogov.ru/articles/covid-v-stats,1959957
Russia,2021-11-04,"Sputnik V, EpiVacCorona",108485269,57596873,49316326,https://gogov.ru/articles/covid-v-stats,1971353
