location,date,vaccine,source_url,total_vaccinations,people_vaccinated,people_fully_vaccinated,total_boosters
Saint Kitts and Nevis,2021-02-22,Oxford/AstraZeneca,https://wicnews.com/caribbean/st-kitts-and-nevis-vaccine-roll-out-begins-from-22-feb-for-70-population-035632875/,0,0,0,
Saint Kitts and Nevis,2021-03-16,Oxford/AstraZeneca,https://covid19.gov.kn/,6903,6903,0,
Saint Kitts and Nevis,2021-03-19,Oxford/AstraZeneca,https://www.facebook.com/StKittsHPU/photos/a.158729094910938/882416222542218/,7580,7580,0,
Saint Kitts and Nevis,2021-03-27,Oxford/AstraZeneca,https://www.facebook.com/StKittsHPU/posts/886964598754047,8573,8573,0,
Saint Kitts and Nevis,2021-04-10,Oxford/AstraZeneca,https://www.facebook.com/StKittsHPU/photos/895330671250773,10456,10456,0,
Saint Kitts and Nevis,2021-04-14,Oxford/AstraZeneca,https://www.facebook.com/StKittsHPU/posts/898518727598634,11152,11152,0,
Saint Kitts and Nevis,2021-04-15,Oxford/AstraZeneca,https://www.facebook.com/StKittsHPU/posts/898956950888145,11451,11451,0,
Saint Kitts and Nevis,2021-04-21,Oxford/AstraZeneca,https://www.facebook.com/StKittsHPU/posts/901952540588586,11848,11848,0,
Saint Kitts and Nevis,2021-05-04,Oxford/AstraZeneca,https://www.facebook.com/StKittsHPU/posts/909339976516509,13070,12943,127,
Saint Kitts and Nevis,2021-05-12,Oxford/AstraZeneca,https://www.facebook.com/StKittsHPU/photos/a.158729094910938/914012946049212,15567,13821,1746,
Saint Kitts and Nevis,2021-05-18,Oxford/AstraZeneca,https://www.facebook.com/StKittsHPU/photos/a.158729094910938/918012832315890/,18695,14588,4107,
Saint Kitts and Nevis,2021-05-22,Oxford/AstraZeneca,https://www.facebook.com/StKittsHPU/posts/919931132124060,21459,15619,5840,
Saint Kitts and Nevis,2021-05-27,Oxford/AstraZeneca,https://www.facebook.com/StKittsHPU/posts/922880981829075,25347,18425,6922,
Saint Kitts and Nevis,2021-06-01,Oxford/AstraZeneca,https://www.facebook.com/StKittsHPU/photos/a.158729094910938/925764214874085/,27749,20090,7659,
Saint Kitts and Nevis,2021-06-05,Oxford/AstraZeneca,https://www.facebook.com/StKittsHPU/posts/928133911303782,29628,21066,8562,
Saint Kitts and Nevis,2021-06-10,Oxford/AstraZeneca,https://www.facebook.com/StKittsHPU/photos/a.158729094910938/930957591021414/,31054,21469,9585,
Saint Kitts and Nevis,2021-06-15,Oxford/AstraZeneca,https://www.facebook.com/StKittsHPU/photos/a.158729094910938/934309337352906/,32415,22012,10403,
Saint Kitts and Nevis,2021-06-21,Oxford/AstraZeneca,https://www.facebook.com/StKittsHPU/photos/a.158729094910938/937510777032762/,33982,22403,11579,
Saint Kitts and Nevis,2021-06-22,Oxford/AstraZeneca,https://www.facebook.com/StKittsHPU/photos/a.158729094910938/940263366757503/,38006,22656,15350,
Saint Kitts and Nevis,2021-06-29,Oxford/AstraZeneca,https://www.facebook.com/StKittsHPU/photos/pcb.942056613244845/942055599911613/,40615,22831,17784,
Saint Kitts and Nevis,2021-06-30,Oxford/AstraZeneca,https://www.facebook.com/StKittsHPU/photos/a.158729094910938/942708426512997/,41850,22937,18913,
Saint Kitts and Nevis,2021-07-08,Oxford/AstraZeneca,https://www.facebook.com/StKittsHPU/photos/a.158729094910938/947663332684173/,41956,22972,18984,
Saint Kitts and Nevis,2021-07-13,Oxford/AstraZeneca,https://www.facebook.com/StKittsHPU/posts/950772285706611,42250,23131,19119,
Saint Kitts and Nevis,2021-07-14,Oxford/AstraZeneca,https://www.facebook.com/StKittsHPU/photos/a.158729094910938/951378138979359/,42345,23180,19165,
Saint Kitts and Nevis,2021-07-15,Oxford/AstraZeneca,https://www.facebook.com/StKittsHPU/photos/a.158729094910938/952028972247609/,42432,23232,19200,
Saint Kitts and Nevis,2021-07-20,Oxford/AstraZeneca,https://www.facebook.com/StKittsHPU/photos/pcb.955080385275801/955080108609162,42837,23448,19389,
Saint Kitts and Nevis,2021-07-22,Oxford/AstraZeneca,https://www.facebook.com/StKittsHPU/photos/pcb.956383145145525/956382848478888/,43003,23535,19468,
Saint Kitts and Nevis,2021-07-23,Oxford/AstraZeneca,https://www.facebook.com/StKittsHPU/photos/pcb.957013931749113/957013618415811/,43190,23627,19563,
Saint Kitts and Nevis,2021-07-26,Oxford/AstraZeneca,https://www.facebook.com/StKittsHPU/photos/a.158729094910938/958970054886834/,43298,23695,19603,
Saint Kitts and Nevis,2021-07-28,Oxford/AstraZeneca,https://www.facebook.com/StKittsHPU/photos/a.158729094910938/960211001429406/,43415,23755,19660,
Saint Kitts and Nevis,2021-07-31,Oxford/AstraZeneca,https://www.facebook.com/StKittsHPU/photos/a.158729094910938/962044444579395/,43640,23872,19768,
Saint Kitts and Nevis,2021-08-05,Oxford/AstraZeneca,https://www.facebook.com/StKittsHPU/photos/a.158729094910938/965348750915631/,43726,23881,19845,
Saint Kitts and Nevis,2021-08-07,Oxford/AstraZeneca,https://www.facebook.com/StKittsHPU/photos/a.158729094910938/966538960796610/,43873,23921,19952,
Saint Kitts and Nevis,2021-08-10,Oxford/AstraZeneca,https://www.facebook.com/StKittsHPU/photos/a.158729094910938/968520253931814/,43966,23966,20000,
Saint Kitts and Nevis,2021-08-12,Oxford/AstraZeneca,https://www.facebook.com/StKittsHPU/photos/a.158729094910938/970667403717099/,44124,24030,20094,
Saint Kitts and Nevis,2021-08-13,Oxford/AstraZeneca,https://www.facebook.com/StKittsHPU/photos/pcb.975603506556822/975603246556848,44750,24146,20604,
Saint Kitts and Nevis,2021-08-24,Oxford/AstraZeneca,https://www.facebook.com/StKittsHPU/photos/a.158729094910938/977409146376258/,45097,24189,20908,
Saint Kitts and Nevis,2021-08-27,"Oxford/AstraZeneca, Pfizer/BioNTech",https://ais.paho.org/imm/IM_DosisAdmin-Vacunacion.asp,45327,24208,21119,0
Saint Kitts and Nevis,2021-08-30,"Oxford/AstraZeneca, Pfizer/BioNTech",https://www.facebook.com/StKittsHPU/photos/a.158729094910938/981177302666109/,45980,24266,21714,0
Saint Kitts and Nevis,2021-09-03,"Oxford/AstraZeneca, Pfizer/BioNTech",https://ais.paho.org/imm/IM_DosisAdmin-Vacunacion.asp,46241,24335,21906,0
Saint Kitts and Nevis,2021-09-06,"Oxford/AstraZeneca, Pfizer/BioNTech",https://ais.paho.org/imm/IM_DosisAdmin-Vacunacion.asp,46372,24458,21914,0
Saint Kitts and Nevis,2021-09-10,"Oxford/AstraZeneca, Pfizer/BioNTech",https://ais.paho.org/imm/IM_DosisAdmin-Vacunacion.asp,46587,24671,21916,0
Saint Kitts and Nevis,2021-09-13,"Oxford/AstraZeneca, Pfizer/BioNTech",https://www.facebook.com/StKittsHPU/photos/a.158729094910938/990043335112839/,46716,24800,21916,
Saint Kitts and Nevis,2021-09-17,"Oxford/AstraZeneca, Pfizer/BioNTech",https://ais.paho.org/imm/IM_DosisAdmin-Vacunacion.asp,46884,24968,21916,0
Saint Kitts and Nevis,2021-09-22,"Oxford/AstraZeneca, Pfizer/BioNTech",https://www.facebook.com/StKittsHPU/photos/pcb.995880477862458/995879977862508/,47098,25178,21920,0
Saint Kitts and Nevis,2021-09-27,"Oxford/AstraZeneca, Pfizer/BioNTech",https://www.facebook.com/StKittsHPU/photos/a.158729094910938/998629747587531/,47415,25394,22021,0
Saint Kitts and Nevis,2021-10-01,"Oxford/AstraZeneca, Pfizer/BioNTech",https://ais.paho.org/imm/IM_DosisAdmin-Vacunacion.asp,48059,25637,22422,0
Saint Kitts and Nevis,2021-10-08,"Oxford/AstraZeneca, Pfizer/BioNTech",https://ais.paho.org/imm/IM_DosisAdmin-Vacunacion.asp,48755,,,0
Saint Kitts and Nevis,2021-10-15,"Oxford/AstraZeneca, Pfizer/BioNTech",https://ais.paho.org/imm/IM_DosisAdmin-Vacunacion.asp,49318,,23069,0
Saint Kitts and Nevis,2021-10-22,"Oxford/AstraZeneca, Pfizer/BioNTech",https://ais.paho.org/imm/IM_DosisAdmin-Vacunacion.asp,49817,25763,24054,0
Saint Kitts and Nevis,2021-10-29,"Oxford/AstraZeneca, Pfizer/BioNTech",https://ais.paho.org/imm/IM_DosisAdmin-Vacunacion.asp,50202,25921,24281,0
Saint Kitts and Nevis,2021-11-02,"Oxford/AstraZeneca, Pfizer/BioNTech",https://www.facebook.com/StKittsHPU/photos/pcb.1020956862021486/1020956245354881/,50525,26060,24465,0
Saint Kitts and Nevis,2021-11-05,"Oxford/AstraZeneca, Pfizer/BioNTech",https://ais.paho.org/imm/IM_DosisAdmin-Vacunacion.asp,50607,26094,24513,0
