date,people_vaccinated,people_fully_vaccinated,total_vaccinations,location,source_url,vaccine,total_boosters
2021-05-04,7411,,7411,Samoa,https://stats.pacificdata.org/vis?tm=covid&pg=0&df[ds]=SPC2&df[id]=DF_COVID_VACCINATION&df[ag]=SPC&df[vs]=1.0,Oxford/AstraZeneca,
2021-05-11,11950,0,11950,Samoa,https://stats.pacificdata.org/vis?tm=covid&pg=0&df[ds]=SPC2&df[id]=DF_COVID_VACCINATION&df[ag]=SPC&df[vs]=1.0,Oxford/AstraZeneca,
2021-05-18,20553,,20553,Samoa,https://stats.pacificdata.org/vis?tm=covid&pg=0&df[ds]=SPC2&df[id]=DF_COVID_VACCINATION&df[ag]=SPC&df[vs]=1.0,Oxford/AstraZeneca,
2021-05-25,28443,,28443,Samoa,https://stats.pacificdata.org/vis?tm=covid&pg=0&df[ds]=SPC2&df[id]=DF_COVID_VACCINATION&df[ag]=SPC&df[vs]=1.0,Oxford/AstraZeneca,
2021-06-01,32627,0,32627,Samoa,https://stats.pacificdata.org/vis?tm=covid&pg=0&df[ds]=SPC2&df[id]=DF_COVID_VACCINATION&df[ag]=SPC&df[vs]=1.0,Oxford/AstraZeneca,
2021-06-08,38361,0,38361,Samoa,https://stats.pacificdata.org/vis?tm=covid&pg=0&df[ds]=SPC2&df[id]=DF_COVID_VACCINATION&df[ag]=SPC&df[vs]=1.0,Oxford/AstraZeneca,
2021-06-15,40230,0,40230,Samoa,https://stats.pacificdata.org/vis?tm=covid&pg=0&df[ds]=SPC2&df[id]=DF_COVID_VACCINATION&df[ag]=SPC&df[vs]=1.0,Oxford/AstraZeneca,
2021-06-21,43983,1195,45178,Samoa,https://stats.pacificdata.org/vis?tm=covid&pg=0&df[ds]=SPC2&df[id]=DF_COVID_VACCINATION&df[ag]=SPC&df[vs]=1.0,Oxford/AstraZeneca,
2021-06-29,49546,5117,54663,Samoa,https://stats.pacificdata.org/vis?tm=covid&pg=0&df[ds]=SPC2&df[id]=DF_COVID_VACCINATION&df[ag]=SPC&df[vs]=1.0,Oxford/AstraZeneca,
2021-07-06,52907,9254,62161,Samoa,https://stats.pacificdata.org/vis?tm=covid&pg=0&df[ds]=SPC2&df[id]=DF_COVID_VACCINATION&df[ag]=SPC&df[vs]=1.0,Oxford/AstraZeneca,
2021-07-20,55061,15650,70711,Samoa,https://stats.pacificdata.org/vis?tm=covid&pg=0&df[ds]=SPC2&df[id]=DF_COVID_VACCINATION&df[ag]=SPC&df[vs]=1.0,Oxford/AstraZeneca,
2021-07-27,60044,21070,81114,Samoa,https://stats.pacificdata.org/vis?tm=covid&pg=0&df[ds]=SPC2&df[id]=DF_COVID_VACCINATION&df[ag]=SPC&df[vs]=1.0,Oxford/AstraZeneca,
2021-08-02,67014,25401,92415,Samoa,https://stats.pacificdata.org/vis?tm=covid&pg=0&df[ds]=SPC2&df[id]=DF_COVID_VACCINATION&df[ag]=SPC&df[vs]=1.0,Oxford/AstraZeneca,
2021-08-09,71957,28653,100610,Samoa,https://stats.pacificdata.org/vis?tm=covid&pg=0&df[ds]=SPC2&df[id]=DF_COVID_VACCINATION&df[ag]=SPC&df[vs]=1.0,Oxford/AstraZeneca,
2021-08-16,79072,32178,111250,Samoa,https://stats.pacificdata.org/vis?tm=covid&pg=0&df[ds]=SPC2&df[id]=DF_COVID_VACCINATION&df[ag]=SPC&df[vs]=1.0,Oxford/AstraZeneca,
2021-08-23,87436,37524,124960,Samoa,https://stats.pacificdata.org/vis?tm=covid&pg=0&df[ds]=SPC2&df[id]=DF_COVID_VACCINATION&df[ag]=SPC&df[vs]=1.0,Oxford/AstraZeneca,
2021-08-31,92319,41946,134265,Samoa,https://stats.pacificdata.org/vis?tm=covid&pg=0&df[ds]=SPC2&df[id]=DF_COVID_VACCINATION&df[ag]=SPC&df[vs]=1.0,Oxford/AstraZeneca,
2021-09-07,94441,43517,137958,Samoa,https://stats.pacificdata.org/vis?tm=covid&pg=0&df[ds]=SPC2&df[id]=DF_COVID_VACCINATION&df[ag]=SPC&df[vs]=1.0,Oxford/AstraZeneca,
2021-09-14,97032,45534,142566,Samoa,https://stats.pacificdata.org/vis?tm=covid&pg=0&df[ds]=SPC2&df[id]=DF_COVID_VACCINATION&df[ag]=SPC&df[vs]=1.0,Oxford/AstraZeneca,
2021-09-21,99163,50268,149431,Samoa,https://stats.pacificdata.org/vis?tm=covid&pg=0&df[ds]=SPC2&df[id]=DF_COVID_VACCINATION&df[ag]=SPC&df[vs]=1.0,Oxford/AstraZeneca,
2021-09-28,114698,57618,172316,Samoa,https://stats.pacificdata.org/vis?tm=covid&pg=0&df[ds]=SPC2&df[id]=DF_COVID_VACCINATION&df[ag]=SPC&df[vs]=1.0,Oxford/AstraZeneca,
2021-10-18,115354,73310,188664,Samoa,https://stats.pacificdata.org/vis?tm=covid&pg=0&df[ds]=SPC2&df[id]=DF_COVID_VACCINATION&df[ag]=SPC&df[vs]=1.0,Oxford/AstraZeneca,
2021-10-25,115545,78596,194141,Samoa,https://stats.pacificdata.org/vis?tm=covid&pg=0&df[ds]=SPC2&df[id]=DF_COVID_VACCINATION&df[ag]=SPC&df[vs]=1.0,Oxford/AstraZeneca,
2021-11-01,121713,81809,203522,Samoa,https://stats.pacificdata.org/vis?tm=covid&pg=0&df[ds]=SPC2&df[id]=DF_COVID_VACCINATION&df[ag]=SPC&df[vs]=1.0,Oxford/AstraZeneca,
