date,total_vaccinations,people_vaccinated,people_fully_vaccinated,location,vaccine,source_url,total_boosters
2021-01-06,137862,,,Saudi Arabia,Pfizer/BioNTech,https://covid19.moh.gov.sa/,
2021-01-09,178338,,,Saudi Arabia,Pfizer/BioNTech,https://covid19.moh.gov.sa/,
2021-01-16,295530,,,Saudi Arabia,Pfizer/BioNTech,https://covid19.moh.gov.sa/,
2021-01-23,391643,,,Saudi Arabia,Pfizer/BioNTech,https://covid19.moh.gov.sa/,
2021-01-30,440618,,,Saudi Arabia,Pfizer/BioNTech,https://covid19.moh.gov.sa/,
2021-02-10,444465,,,Saudi Arabia,Pfizer/BioNTech,https://covid19.moh.gov.sa/,
2021-02-13,446940,,,Saudi Arabia,Pfizer/BioNTech,https://covid19.moh.gov.sa/,
2021-02-15,462812,,,Saudi Arabia,Pfizer/BioNTech,https://covid19.moh.gov.sa/,
2021-02-17,501710,,,Saudi Arabia,Pfizer/BioNTech,https://covid19.moh.gov.sa/,
2021-02-22,600798,,,Saudi Arabia,"Oxford/AstraZeneca, Pfizer/BioNTech",https://covid19.moh.gov.sa/,
2021-02-24,639587,,,Saudi Arabia,"Oxford/AstraZeneca, Pfizer/BioNTech",https://covid19.moh.gov.sa/,
2021-02-27,780667,,,Saudi Arabia,"Oxford/AstraZeneca, Pfizer/BioNTech",https://covid19.moh.gov.sa/,
2021-03-01,885411,,,Saudi Arabia,"Oxford/AstraZeneca, Pfizer/BioNTech",https://covid19.moh.gov.sa/,
2021-03-02,1003287,,,Saudi Arabia,"Oxford/AstraZeneca, Pfizer/BioNTech",https://covid19.moh.gov.sa/,
2021-03-04,1182943,,,Saudi Arabia,"Oxford/AstraZeneca, Pfizer/BioNTech",https://covid19.moh.gov.sa/,
2021-03-05,1264878,,,Saudi Arabia,"Oxford/AstraZeneca, Pfizer/BioNTech",https://covid19.moh.gov.sa/,
2021-03-07,1332740,,,Saudi Arabia,"Oxford/AstraZeneca, Pfizer/BioNTech",https://covid19.moh.gov.sa/,
2021-03-08,1484935,,,Saudi Arabia,"Oxford/AstraZeneca, Pfizer/BioNTech",https://covid19.moh.gov.sa/,
2021-03-09,1585770,,,Saudi Arabia,"Oxford/AstraZeneca, Pfizer/BioNTech",https://covid19.moh.gov.sa/,
2021-03-10,1685881,,,Saudi Arabia,"Oxford/AstraZeneca, Pfizer/BioNTech",https://covid19.moh.gov.sa/,
2021-03-11,1823819,,,Saudi Arabia,"Oxford/AstraZeneca, Pfizer/BioNTech",https://covid19.moh.gov.sa/,
2021-03-12,1938934,,,Saudi Arabia,"Oxford/AstraZeneca, Pfizer/BioNTech",https://covid19.moh.gov.sa/,
2021-03-13,2082780,,,Saudi Arabia,"Oxford/AstraZeneca, Pfizer/BioNTech",https://covid19.moh.gov.sa/,
2021-03-14,2232110,,,Saudi Arabia,"Oxford/AstraZeneca, Pfizer/BioNTech",https://covid19.moh.gov.sa/,
2021-03-15,2394182,,,Saudi Arabia,"Oxford/AstraZeneca, Pfizer/BioNTech",https://covid19.moh.gov.sa/,
2021-03-16,2457425,,,Saudi Arabia,"Oxford/AstraZeneca, Pfizer/BioNTech",https://covid19.moh.gov.sa/,
2021-03-17,2580949,,,Saudi Arabia,"Oxford/AstraZeneca, Pfizer/BioNTech",https://covid19.moh.gov.sa/,
2021-03-18,2695966,,,Saudi Arabia,"Oxford/AstraZeneca, Pfizer/BioNTech",https://covid19.moh.gov.sa/,
2021-03-19,2922436,,,Saudi Arabia,"Oxford/AstraZeneca, Pfizer/BioNTech",https://covid19.moh.gov.sa/,
2021-03-20,3006419,,,Saudi Arabia,"Oxford/AstraZeneca, Pfizer/BioNTech",https://covid19.moh.gov.sa/,
2021-03-21,3194715,,,Saudi Arabia,"Oxford/AstraZeneca, Pfizer/BioNTech",https://covid19.moh.gov.sa/,
2021-03-22,3343287,,,Saudi Arabia,"Oxford/AstraZeneca, Pfizer/BioNTech",https://covid19.moh.gov.sa/,
2021-03-23,3505695,,,Saudi Arabia,"Oxford/AstraZeneca, Pfizer/BioNTech",https://covid19.moh.gov.sa/,
2021-03-24,3655546,,,Saudi Arabia,"Oxford/AstraZeneca, Pfizer/BioNTech",https://covid19.moh.gov.sa/,
2021-03-25,3810698,,,Saudi Arabia,"Oxford/AstraZeneca, Pfizer/BioNTech",https://covid19.moh.gov.sa/,
2021-03-26,3895858,,,Saudi Arabia,"Oxford/AstraZeneca, Pfizer/BioNTech",https://covid19.moh.gov.sa/,
2021-03-27,4003477,,,Saudi Arabia,"Oxford/AstraZeneca, Pfizer/BioNTech",https://covid19.moh.gov.sa/,
2021-03-28,4132630,,,Saudi Arabia,"Oxford/AstraZeneca, Pfizer/BioNTech",https://covid19.moh.gov.sa/,
2021-03-29,4250055,,,Saudi Arabia,"Oxford/AstraZeneca, Pfizer/BioNTech",https://covid19.moh.gov.sa/,
2021-03-30,4326576,,,Saudi Arabia,"Oxford/AstraZeneca, Pfizer/BioNTech",https://covid19.moh.gov.sa/,
2021-03-31,4432572,,,Saudi Arabia,"Oxford/AstraZeneca, Pfizer/BioNTech",https://covid19.moh.gov.sa/,
2021-04-01,4584006,,,Saudi Arabia,"Oxford/AstraZeneca, Pfizer/BioNTech",https://covid19.moh.gov.sa/,
2021-04-02,4729235,,,Saudi Arabia,"Oxford/AstraZeneca, Pfizer/BioNTech",https://covid19.moh.gov.sa/,
2021-04-03,4877442,,,Saudi Arabia,"Oxford/AstraZeneca, Pfizer/BioNTech",https://covid19.moh.gov.sa/,
2021-04-04,5000120,,,Saudi Arabia,"Oxford/AstraZeneca, Pfizer/BioNTech",https://covid19.moh.gov.sa/,
2021-04-05,5118039,,,Saudi Arabia,"Oxford/AstraZeneca, Pfizer/BioNTech",https://covid19.moh.gov.sa/,
2021-04-06,5345625,,,Saudi Arabia,"Oxford/AstraZeneca, Pfizer/BioNTech",https://covid19.moh.gov.sa/,
2021-04-07,5578229,,,Saudi Arabia,"Oxford/AstraZeneca, Pfizer/BioNTech",https://covid19.moh.gov.sa/,
2021-04-08,5846745,,,Saudi Arabia,"Oxford/AstraZeneca, Pfizer/BioNTech",https://covid19.moh.gov.sa/,
2021-04-09,5989026,,,Saudi Arabia,"Oxford/AstraZeneca, Pfizer/BioNTech",https://covid19.moh.gov.sa/,
2021-04-10,6132124,,,Saudi Arabia,"Oxford/AstraZeneca, Pfizer/BioNTech",https://covid19.moh.gov.sa/,
2021-04-11,6287432,,,Saudi Arabia,"Oxford/AstraZeneca, Pfizer/BioNTech",https://covid19.moh.gov.sa/,
2021-04-12,6411162,,,Saudi Arabia,"Oxford/AstraZeneca, Pfizer/BioNTech",https://covid19.moh.gov.sa/,
2021-04-13,6527823,,,Saudi Arabia,"Oxford/AstraZeneca, Pfizer/BioNTech",https://covid19.moh.gov.sa/,
2021-04-14,6584000,,,Saudi Arabia,"Oxford/AstraZeneca, Pfizer/BioNTech",https://covid19.moh.gov.sa/,
2021-04-15,6723186,,,Saudi Arabia,"Oxford/AstraZeneca, Pfizer/BioNTech",https://covid19.moh.gov.sa/,
2021-04-16,6831440,,,Saudi Arabia,"Oxford/AstraZeneca, Pfizer/BioNTech",https://covid19.moh.gov.sa/,
2021-04-17,6992242,,,Saudi Arabia,"Oxford/AstraZeneca, Pfizer/BioNTech",https://covid19.moh.gov.sa/,
2021-04-18,7190402,,,Saudi Arabia,"Oxford/AstraZeneca, Pfizer/BioNTech",https://covid19.moh.gov.sa/,
2021-04-19,7325016,,,Saudi Arabia,"Oxford/AstraZeneca, Pfizer/BioNTech",https://covid19.moh.gov.sa/,
2021-04-20,7459261,,,Saudi Arabia,"Oxford/AstraZeneca, Pfizer/BioNTech",https://covid19.moh.gov.sa/,
2021-04-21,7653634,,,Saudi Arabia,"Oxford/AstraZeneca, Pfizer/BioNTech",https://covid19.moh.gov.sa/,
2021-04-22,7809612,,,Saudi Arabia,"Oxford/AstraZeneca, Pfizer/BioNTech",https://covid19.moh.gov.sa/,
2021-04-23,7944950,,,Saudi Arabia,"Oxford/AstraZeneca, Pfizer/BioNTech",https://covid19.moh.gov.sa/,
2021-04-24,8059757,,,Saudi Arabia,"Oxford/AstraZeneca, Pfizer/BioNTech",https://covid19.moh.gov.sa/,
2021-04-25,8263836,,,Saudi Arabia,"Oxford/AstraZeneca, Pfizer/BioNTech",https://covid19.moh.gov.sa/,
2021-04-26,8488862,,,Saudi Arabia,"Oxford/AstraZeneca, Pfizer/BioNTech",https://covid19.moh.gov.sa/,
2021-04-27,8693407,,,Saudi Arabia,"Oxford/AstraZeneca, Pfizer/BioNTech",https://covid19.moh.gov.sa/,
2021-04-28,8880219,,,Saudi Arabia,"Oxford/AstraZeneca, Pfizer/BioNTech",https://covid19.moh.gov.sa/,
2021-04-29,9032921,,,Saudi Arabia,"Oxford/AstraZeneca, Pfizer/BioNTech",https://covid19.moh.gov.sa/,
2021-04-30,9343991,,,Saudi Arabia,"Oxford/AstraZeneca, Pfizer/BioNTech",https://covid19.moh.gov.sa/,
2021-05-01,9488912,,,Saudi Arabia,"Oxford/AstraZeneca, Pfizer/BioNTech",https://covid19.moh.gov.sa/,
2021-05-02,9655519,,,Saudi Arabia,"Oxford/AstraZeneca, Pfizer/BioNTech",https://covid19.moh.gov.sa/,
2021-05-03,9772409,,,Saudi Arabia,"Oxford/AstraZeneca, Pfizer/BioNTech",https://covid19.moh.gov.sa/,
2021-05-04,9838285,,,Saudi Arabia,"Oxford/AstraZeneca, Pfizer/BioNTech",https://covid19.moh.gov.sa/,
2021-05-05,9949971,,,Saudi Arabia,"Oxford/AstraZeneca, Pfizer/BioNTech",https://covid19.moh.gov.sa/,
2021-05-06,10110907,,,Saudi Arabia,"Oxford/AstraZeneca, Pfizer/BioNTech",https://covid19.moh.gov.sa/,
2021-05-07,10271299,,,Saudi Arabia,"Oxford/AstraZeneca, Pfizer/BioNTech",https://covid19.moh.gov.sa/,
2021-05-08,10441854,,,Saudi Arabia,"Oxford/AstraZeneca, Pfizer/BioNTech",https://covid19.moh.gov.sa/,
2021-05-09,10629320,,,Saudi Arabia,"Oxford/AstraZeneca, Pfizer/BioNTech",https://covid19.moh.gov.sa/,
2021-05-10,10758710,,,Saudi Arabia,"Oxford/AstraZeneca, Pfizer/BioNTech",https://covid19.moh.gov.sa/,
2021-05-11,10960820,,,Saudi Arabia,"Oxford/AstraZeneca, Pfizer/BioNTech",https://covid19.moh.gov.sa/,
2021-05-12,11098788,,,Saudi Arabia,"Oxford/AstraZeneca, Pfizer/BioNTech",https://covid19.moh.gov.sa/,
2021-05-13,11195164,,,Saudi Arabia,"Oxford/AstraZeneca, Pfizer/BioNTech",https://covid19.moh.gov.sa/,
2021-05-14,11312391,,,Saudi Arabia,"Oxford/AstraZeneca, Pfizer/BioNTech",https://covid19.moh.gov.sa/,
2021-05-15,11489358,,,Saudi Arabia,"Oxford/AstraZeneca, Pfizer/BioNTech",https://covid19.moh.gov.sa/,
2021-05-16,11668767,,,Saudi Arabia,"Oxford/AstraZeneca, Pfizer/BioNTech",https://covid19.moh.gov.sa/,
2021-05-17,11828549,,,Saudi Arabia,"Oxford/AstraZeneca, Pfizer/BioNTech",https://covid19.moh.gov.sa/,
2021-05-18,12020008,,,Saudi Arabia,"Oxford/AstraZeneca, Pfizer/BioNTech",https://covid19.moh.gov.sa/,
2021-05-19,12225726,,,Saudi Arabia,"Oxford/AstraZeneca, Pfizer/BioNTech",https://covid19.moh.gov.sa/,
2021-05-20,12436389,,,Saudi Arabia,"Oxford/AstraZeneca, Pfizer/BioNTech",https://covid19.moh.gov.sa/,
2021-05-21,12616680,,,Saudi Arabia,"Oxford/AstraZeneca, Pfizer/BioNTech",https://covid19.moh.gov.sa/,
2021-05-22,12791781,,,Saudi Arabia,"Oxford/AstraZeneca, Pfizer/BioNTech",https://covid19.moh.gov.sa/,
2021-05-23,12882532,,,Saudi Arabia,"Oxford/AstraZeneca, Pfizer/BioNTech",https://covid19.moh.gov.sa/,
2021-05-24,13013462,,,Saudi Arabia,"Oxford/AstraZeneca, Pfizer/BioNTech",https://covid19.moh.gov.sa/,
2021-05-25,13183309,,,Saudi Arabia,"Oxford/AstraZeneca, Pfizer/BioNTech",https://covid19.moh.gov.sa/,
2021-05-26,13401177,,,Saudi Arabia,"Oxford/AstraZeneca, Pfizer/BioNTech",https://covid19.moh.gov.sa/,
2021-05-27,13583574,,,Saudi Arabia,"Oxford/AstraZeneca, Pfizer/BioNTech",https://covid19.moh.gov.sa/,
2021-05-28,13723119,,,Saudi Arabia,"Oxford/AstraZeneca, Pfizer/BioNTech",https://covid19.moh.gov.sa/,
2021-05-29,13828247,,,Saudi Arabia,"Oxford/AstraZeneca, Pfizer/BioNTech",https://covid19.moh.gov.sa/,
2021-05-30,14043763,,,Saudi Arabia,"Oxford/AstraZeneca, Pfizer/BioNTech",https://covid19.moh.gov.sa/,
2021-05-31,14208292,,,Saudi Arabia,"Oxford/AstraZeneca, Pfizer/BioNTech",https://covid19.moh.gov.sa/,
2021-06-01,14331774,,,Saudi Arabia,"Oxford/AstraZeneca, Pfizer/BioNTech",https://covid19.moh.gov.sa/,
2021-06-02,14512466,,,Saudi Arabia,"Oxford/AstraZeneca, Pfizer/BioNTech",https://covid19.moh.gov.sa/,
2021-06-03,14629297,,,Saudi Arabia,"Oxford/AstraZeneca, Pfizer/BioNTech",https://covid19.moh.gov.sa/,
2021-06-04,14731457,,,Saudi Arabia,"Oxford/AstraZeneca, Pfizer/BioNTech",https://covid19.moh.gov.sa/,
2021-06-05,14843196,,,Saudi Arabia,"Oxford/AstraZeneca, Pfizer/BioNTech",https://covid19.moh.gov.sa/,
2021-06-06,14977476,,,Saudi Arabia,"Oxford/AstraZeneca, Pfizer/BioNTech",https://covid19.moh.gov.sa/,
2021-06-07,15099896,,,Saudi Arabia,"Oxford/AstraZeneca, Pfizer/BioNTech",https://covid19.moh.gov.sa/,
2021-06-08,15221683,,,Saudi Arabia,"Oxford/AstraZeneca, Pfizer/BioNTech",https://covid19.moh.gov.sa/,
2021-06-09,15361514,,,Saudi Arabia,"Oxford/AstraZeneca, Pfizer/BioNTech",https://covid19.moh.gov.sa/,
2021-06-10,15495105,,,Saudi Arabia,"Oxford/AstraZeneca, Pfizer/BioNTech",https://covid19.moh.gov.sa/,
2021-06-11,15605844,,,Saudi Arabia,"Oxford/AstraZeneca, Pfizer/BioNTech",https://covid19.moh.gov.sa/,
2021-06-12,15706724,,,Saudi Arabia,"Oxford/AstraZeneca, Pfizer/BioNTech",https://covid19.moh.gov.sa/,
2021-06-13,15836419,,,Saudi Arabia,"Oxford/AstraZeneca, Pfizer/BioNTech",https://covid19.moh.gov.sa/,
2021-06-14,15984268,,,Saudi Arabia,"Oxford/AstraZeneca, Pfizer/BioNTech",https://covid19.moh.gov.sa/,
2021-06-15,16109908,,,Saudi Arabia,"Oxford/AstraZeneca, Pfizer/BioNTech",https://covid19.moh.gov.sa/,
2021-06-16,16227887,,,Saudi Arabia,"Oxford/AstraZeneca, Pfizer/BioNTech",https://covid19.moh.gov.sa/,
2021-06-17,16362898,,,Saudi Arabia,"Oxford/AstraZeneca, Pfizer/BioNTech",https://covid19.moh.gov.sa/,
2021-06-18,16457176,,,Saudi Arabia,"Oxford/AstraZeneca, Pfizer/BioNTech",https://covid19.moh.gov.sa/,
2021-06-19,16548174,,,Saudi Arabia,"Oxford/AstraZeneca, Pfizer/BioNTech",https://covid19.moh.gov.sa/,
2021-06-20,16649095,,,Saudi Arabia,"Oxford/AstraZeneca, Pfizer/BioNTech",https://covid19.moh.gov.sa/,
2021-06-21,16735649,,,Saudi Arabia,"Oxford/AstraZeneca, Pfizer/BioNTech",https://covid19.moh.gov.sa/,
2021-06-22,16847375,,,Saudi Arabia,"Oxford/AstraZeneca, Pfizer/BioNTech",https://covid19.moh.gov.sa/,
2021-06-23,16933104,,,Saudi Arabia,"Oxford/AstraZeneca, Pfizer/BioNTech",https://covid19.moh.gov.sa/,
2021-06-24,17035094,,,Saudi Arabia,"Oxford/AstraZeneca, Pfizer/BioNTech",https://covid19.moh.gov.sa/,
2021-06-25,17108638,,,Saudi Arabia,"Oxford/AstraZeneca, Pfizer/BioNTech",https://covid19.moh.gov.sa/,
2021-06-26,17217116,,,Saudi Arabia,"Oxford/AstraZeneca, Pfizer/BioNTech",https://covid19.moh.gov.sa/,
2021-06-27,17339253,15894166,1445087,Saudi Arabia,"Oxford/AstraZeneca, Pfizer/BioNTech",https://covid19.moh.gov.sa/,
2021-06-28,17487842,15977557,1510285,Saudi Arabia,"Oxford/AstraZeneca, Pfizer/BioNTech",https://covid19.moh.gov.sa/,
2021-06-29,17671943,16110437,1561506,Saudi Arabia,"Oxford/AstraZeneca, Pfizer/BioNTech",https://covid19.moh.gov.sa/,
2021-06-30,17880870,16293289,1587581,Saudi Arabia,"Oxford/AstraZeneca, Pfizer/BioNTech",https://covid19.moh.gov.sa/,
2021-07-01,18019069,16419217,1599852,Saudi Arabia,"Oxford/AstraZeneca, Pfizer/BioNTech",https://covid19.moh.gov.sa/,
2021-07-02,18198743,16516737,1682006,Saudi Arabia,"Oxford/AstraZeneca, Pfizer/BioNTech",https://covid19.moh.gov.sa/,
2021-07-03,18320428,16604577,1715851,Saudi Arabia,"Oxford/AstraZeneca, Pfizer/BioNTech",https://covid19.moh.gov.sa/,
2021-07-04,18460462,16705096,1755366,Saudi Arabia,"Oxford/AstraZeneca, Pfizer/BioNTech",https://covid19.moh.gov.sa/,
2021-07-05,18699493,16872207,1827286,Saudi Arabia,"Oxford/AstraZeneca, Pfizer/BioNTech",https://covid19.moh.gov.sa/,
2021-07-06,18892398,16987146,1905252,Saudi Arabia,"Oxford/AstraZeneca, Pfizer/BioNTech",https://covid19.moh.gov.sa/,
2021-07-07,19064998,17088207,1976791,Saudi Arabia,"Oxford/AstraZeneca, Pfizer/BioNTech",https://covid19.moh.gov.sa/,
2021-07-08,19262679,17198807,2063872,Saudi Arabia,"Oxford/AstraZeneca, Pfizer/BioNTech",https://covid19.moh.gov.sa/,
2021-07-09,19396996,17271835,2125161,Saudi Arabia,"Oxford/AstraZeneca, Pfizer/BioNTech",https://covid19.moh.gov.sa/,
2021-07-10,19586965,17384949,2202016,Saudi Arabia,"Oxford/AstraZeneca, Pfizer/BioNTech",https://covid19.moh.gov.sa/,
2021-07-11,19825792,17518976,2306816,Saudi Arabia,"Oxford/AstraZeneca, Pfizer/BioNTech",https://covid19.moh.gov.sa/,
2021-07-12,20227729,17753002,2474727,Saudi Arabia,"Oxford/AstraZeneca, Pfizer/BioNTech",https://covid19.moh.gov.sa/,
2021-07-13,20597120,17946562,2650558,Saudi Arabia,"Oxford/AstraZeneca, Pfizer/BioNTech",https://covid19.moh.gov.sa/,
2021-07-14,21094827,18186896,2907931,Saudi Arabia,"Oxford/AstraZeneca, Pfizer/BioNTech",https://covid19.moh.gov.sa/,
2021-07-15,21556314,18397020,3159294,Saudi Arabia,"Oxford/AstraZeneca, Pfizer/BioNTech",https://covid19.moh.gov.sa/,
2021-07-16,21930093,18435261,3494832,Saudi Arabia,"Oxford/AstraZeneca, Pfizer/BioNTech",https://covid19.moh.gov.sa/,
2021-07-17,22263079,18438591,3824488,Saudi Arabia,"Oxford/AstraZeneca, Pfizer/BioNTech",https://covid19.moh.gov.sa/,
2021-07-18,22646489,18441597,4204892,Saudi Arabia,"Oxford/AstraZeneca, Pfizer/BioNTech",https://covid19.moh.gov.sa/,
2021-07-19,22870428,18441821,4428607,Saudi Arabia,"Oxford/AstraZeneca, Pfizer/BioNTech",https://covid19.moh.gov.sa/,
2021-07-20,23079604,18442030,4637574,Saudi Arabia,"Oxford/AstraZeneca, Pfizer/BioNTech",https://covid19.moh.gov.sa/,
2021-07-21,23384311,18442334,4941977,Saudi Arabia,"Oxford/AstraZeneca, Pfizer/BioNTech",https://covid19.moh.gov.sa/,
2021-07-22,23725741,18442676,5283065,Saudi Arabia,"Oxford/AstraZeneca, Pfizer/BioNTech",https://covid19.moh.gov.sa/,
2021-07-23,24008547,18442959,5565588,Saudi Arabia,"Oxford/AstraZeneca, Pfizer/BioNTech",https://covid19.moh.gov.sa/,
2021-07-24,24314234,18443264,5870970,Saudi Arabia,"Oxford/AstraZeneca, Pfizer/BioNTech",https://covid19.moh.gov.sa/,
2021-07-25,24688885,18443639,6245246,Saudi Arabia,"Oxford/AstraZeneca, Pfizer/BioNTech",https://covid19.moh.gov.sa/,
2021-07-26,25061477,18444012,6617465,Saudi Arabia,"Oxford/AstraZeneca, Pfizer/BioNTech",https://covid19.moh.gov.sa/,
2021-07-27,25464480,18444415,7020065,Saudi Arabia,"Oxford/AstraZeneca, Pfizer/BioNTech",https://covid19.moh.gov.sa/,
2021-07-28,25872997,18451457,7421540,Saudi Arabia,"Oxford/AstraZeneca, Pfizer/BioNTech",https://covid19.moh.gov.sa/,
2021-07-29,26275904,18575016,7700888,Saudi Arabia,"Oxford/AstraZeneca, Pfizer/BioNTech",https://covid19.moh.gov.sa/,
2021-07-30,26567950,18679153,7888797,Saudi Arabia,"Oxford/AstraZeneca, Pfizer/BioNTech",https://covid19.moh.gov.sa/,
2021-07-31,26867756,18786436,8081320,Saudi Arabia,"Oxford/AstraZeneca, Pfizer/BioNTech",https://covid19.moh.gov.sa/,
2021-08-01,27322817,18979146,8343671,Saudi Arabia,"Oxford/AstraZeneca, Pfizer/BioNTech",https://covid19.moh.gov.sa/,
2021-08-02,27810488,19199165,8611323,Saudi Arabia,"Oxford/AstraZeneca, Pfizer/BioNTech",https://covid19.moh.gov.sa/,
2021-08-03,28259181,19370762,8888419,Saudi Arabia,"Oxford/AstraZeneca, Pfizer/BioNTech",https://covid19.moh.gov.sa/,
2021-08-04,28583042,19516714,9066328,Saudi Arabia,"Oxford/AstraZeneca, Pfizer/BioNTech",https://covid19.moh.gov.sa/,
2021-08-05,29094173,19630752,9479775,Saudi Arabia,"Oxford/AstraZeneca, Pfizer/BioNTech",https://covid19.moh.gov.sa/,
2021-08-06,29322286,19719028,9603258,Saudi Arabia,"Oxford/AstraZeneca, Pfizer/BioNTech",https://covid19.moh.gov.sa/,
2021-08-07,29601733,19852575,9749158,Saudi Arabia,"Oxford/AstraZeneca, Pfizer/BioNTech",https://covid19.moh.gov.sa/,
2021-08-08,29951707,20028555,9923152,Saudi Arabia,"Oxford/AstraZeneca, Pfizer/BioNTech",https://covid19.moh.gov.sa/,
2021-08-09,30221244,20164624,10056620,Saudi Arabia,"Oxford/AstraZeneca, Pfizer/BioNTech",https://covid19.moh.gov.sa/,
2021-08-10,30544436,20315744,10228692,Saudi Arabia,"Oxford/AstraZeneca, Pfizer/BioNTech",https://covid19.moh.gov.sa/,
2021-08-11,30901898,20460951,10440947,Saudi Arabia,"Oxford/AstraZeneca, Pfizer/BioNTech",https://covid19.moh.gov.sa/,
2021-08-12,31278114,20597674,10680440,Saudi Arabia,"Oxford/AstraZeneca, Pfizer/BioNTech",https://covid19.moh.gov.sa/,
2021-08-13,31452285,20649897,10802388,Saudi Arabia,"Oxford/AstraZeneca, Pfizer/BioNTech",https://covid19.moh.gov.sa/,
2021-08-14,31654206,20709236,10944970,Saudi Arabia,"Oxford/AstraZeneca, Pfizer/BioNTech",https://covid19.moh.gov.sa/,
2021-08-15,31965789,20809009,11156780,Saudi Arabia,"Oxford/AstraZeneca, Pfizer/BioNTech",https://covid19.moh.gov.sa/,
2021-08-16,32281173,20906174,11374999,Saudi Arabia,"Oxford/AstraZeneca, Pfizer/BioNTech",https://covid19.moh.gov.sa/,
2021-08-17,32612078,21011882,11600196,Saudi Arabia,"Oxford/AstraZeneca, Pfizer/BioNTech",https://covid19.moh.gov.sa/,
2021-08-18,32940547,21109035,11831512,Saudi Arabia,"Oxford/AstraZeneca, Pfizer/BioNTech",https://covid19.moh.gov.sa/,
2021-08-19,33271819,21196563,12075256,Saudi Arabia,"Oxford/AstraZeneca, Pfizer/BioNTech",https://covid19.moh.gov.sa/,
2021-08-20,33487478,21256778,12230700,Saudi Arabia,"Oxford/AstraZeneca, Pfizer/BioNTech",https://covid19.moh.gov.sa/,
2021-08-21,33735074,21329504,12405570,Saudi Arabia,"Oxford/AstraZeneca, Pfizer/BioNTech",https://covid19.moh.gov.sa/,
2021-08-22,34103119,21437649,12665470,Saudi Arabia,"Oxford/AstraZeneca, Pfizer/BioNTech",https://covid19.moh.gov.sa/,
2021-08-23,34470366,21538701,12931665,Saudi Arabia,"Oxford/AstraZeneca, Pfizer/BioNTech",https://covid19.moh.gov.sa/,
2021-08-24,34832319,21627214,13205105,Saudi Arabia,"Oxford/AstraZeneca, Pfizer/BioNTech",https://covid19.moh.gov.sa/,
2021-08-25,35166050,21713687,13452363,Saudi Arabia,"Oxford/AstraZeneca, Pfizer/BioNTech",https://covid19.moh.gov.sa/,
2021-08-26,35523978,21797475,13726503,Saudi Arabia,"Oxford/AstraZeneca, Pfizer/BioNTech",https://covid19.moh.gov.sa/,
2021-08-27,35746665,21841853,13904812,Saudi Arabia,"Oxford/AstraZeneca, Pfizer/BioNTech",https://covid19.moh.gov.sa/,
2021-08-28,36027089,21899035,14128054,Saudi Arabia,"Oxford/AstraZeneca, Pfizer/BioNTech",https://covid19.moh.gov.sa/,
2021-08-29,36519290,22061992,14457298,Saudi Arabia,"Oxford/AstraZeneca, Pfizer/BioNTech",https://covid19.moh.gov.sa/,
2021-08-30,36837337,22145052,14692285,Saudi Arabia,"Oxford/AstraZeneca, Pfizer/BioNTech",https://covid19.moh.gov.sa/,
2021-08-31,37133188,22218040,14915148,Saudi Arabia,"Oxford/AstraZeneca, Pfizer/BioNTech",https://covid19.moh.gov.sa/,
2021-09-01,37352153,22275542,15076611,Saudi Arabia,"Oxford/AstraZeneca, Pfizer/BioNTech",https://covid19.moh.gov.sa/,
2021-09-02,37593149,22330852,15262297,Saudi Arabia,"Oxford/AstraZeneca, Pfizer/BioNTech",https://covid19.moh.gov.sa/,
2021-09-03,37701606,22354373,15347233,Saudi Arabia,"Oxford/AstraZeneca, Pfizer/BioNTech",https://covid19.moh.gov.sa/,
2021-09-04,37835216,22383288,15451928,Saudi Arabia,"Oxford/AstraZeneca, Pfizer/BioNTech",https://covid19.moh.gov.sa/,
2021-09-05,38069150,22440020,15629130,Saudi Arabia,"Oxford/AstraZeneca, Pfizer/BioNTech",https://covid19.moh.gov.sa/,
2021-09-06,38265272,22490656,15774616,Saudi Arabia,"Oxford/AstraZeneca, Pfizer/BioNTech",https://covid19.moh.gov.sa/,
2021-09-07,38492516,22543982,15948534,Saudi Arabia,"Oxford/AstraZeneca, Pfizer/BioNTech",https://covid19.moh.gov.sa/,
2021-09-08,38738841,22604145,16134696,Saudi Arabia,"Oxford/AstraZeneca, Pfizer/BioNTech",https://covid19.moh.gov.sa/,
2021-09-09,39009895,22662007,16347888,Saudi Arabia,"Oxford/AstraZeneca, Pfizer/BioNTech",https://covid19.moh.gov.sa/,
2021-09-10,39163349,22691142,16472207,Saudi Arabia,"Oxford/AstraZeneca, Pfizer/BioNTech",https://covid19.moh.gov.sa/,
2021-09-11,39351793,22726957,16624836,Saudi Arabia,"Oxford/AstraZeneca, Pfizer/BioNTech",https://covid19.moh.gov.sa/,
2021-09-12,39606175,22784983,16821192,Saudi Arabia,"Oxford/AstraZeneca, Pfizer/BioNTech",https://covid19.moh.gov.sa/,
2021-09-13,39839942,22840150,16999792,Saudi Arabia,"Oxford/AstraZeneca, Pfizer/BioNTech",https://covid19.moh.gov.sa/,
2021-09-14,40034922,22886715,17148207,Saudi Arabia,"Oxford/AstraZeneca, Pfizer/BioNTech",https://covid19.moh.gov.sa/,
2021-09-15,40224990,22932990,17292000,Saudi Arabia,"Oxford/AstraZeneca, Pfizer/BioNTech",https://covid19.moh.gov.sa/,
2021-09-16,40480932,23002312,17478620,Saudi Arabia,"Oxford/AstraZeneca, Pfizer/BioNTech",https://covid19.moh.gov.sa/,
2021-09-17,40573886,23022910,17550976,Saudi Arabia,"Oxford/AstraZeneca, Pfizer/BioNTech",https://covid19.moh.gov.sa/,
2021-09-18,40698074,23048287,17649787,Saudi Arabia,"Oxford/AstraZeneca, Pfizer/BioNTech",https://covid19.moh.gov.sa/,
2021-09-19,40888055,23092903,17795152,Saudi Arabia,"Oxford/AstraZeneca, Pfizer/BioNTech",https://covid19.moh.gov.sa/,
2021-09-20,41035355,23126976,17908379,Saudi Arabia,"Oxford/AstraZeneca, Pfizer/BioNTech",https://covid19.moh.gov.sa/,
2021-09-21,41176166,23161466,18014700,Saudi Arabia,"Oxford/AstraZeneca, Pfizer/BioNTech",https://covid19.moh.gov.sa/,
2021-09-22,41290665,23187853,18102812,Saudi Arabia,"Oxford/AstraZeneca, Pfizer/BioNTech",https://covid19.moh.gov.sa/,
2021-09-23,41360564,23201817,18158747,Saudi Arabia,"Oxford/AstraZeneca, Pfizer/BioNTech",https://covid19.moh.gov.sa/,
2021-09-24,41404952,23211366,18193586,Saudi Arabia,"Oxford/AstraZeneca, Pfizer/BioNTech",https://covid19.moh.gov.sa/,
2021-09-25,41490683,23228976,18261707,Saudi Arabia,"Oxford/AstraZeneca, Pfizer/BioNTech",https://covid19.moh.gov.sa/,
2021-09-26,41641404,23267880,18373524,Saudi Arabia,"Oxford/AstraZeneca, Pfizer/BioNTech",https://covid19.moh.gov.sa/,
2021-09-27,41770485,23300944,18469541,Saudi Arabia,"Oxford/AstraZeneca, Pfizer/BioNTech",https://covid19.moh.gov.sa/,
2021-09-28,41886181,23330923,18555258,Saudi Arabia,"Oxford/AstraZeneca, Pfizer/BioNTech",https://covid19.moh.gov.sa/,
2021-09-29,41990202,23357711,18632491,Saudi Arabia,"Oxford/AstraZeneca, Pfizer/BioNTech",https://covid19.moh.gov.sa/,
2021-09-30,42109715,23387302,18722413,Saudi Arabia,"Oxford/AstraZeneca, Pfizer/BioNTech",https://covid19.moh.gov.sa/,
2021-10-01,42163997,23399260,18764737,Saudi Arabia,"Oxford/AstraZeneca, Pfizer/BioNTech",https://covid19.moh.gov.sa/,
2021-10-02,42265381,23420022,18845359,Saudi Arabia,"Oxford/AstraZeneca, Pfizer/BioNTech",https://covid19.moh.gov.sa/,
2021-10-03,42435821,23460621,18975200,Saudi Arabia,"Oxford/AstraZeneca, Pfizer/BioNTech",https://covid19.moh.gov.sa/,
2021-10-04,42597949,23496873,19101076,Saudi Arabia,"Oxford/AstraZeneca, Pfizer/BioNTech",https://covid19.moh.gov.sa/,
2021-10-05,42747213,23527144,19220069,Saudi Arabia,"Oxford/AstraZeneca, Pfizer/BioNTech",https://covid19.moh.gov.sa/,
2021-10-06,42913322,23560753,19352569,Saudi Arabia,"Oxford/AstraZeneca, Pfizer/BioNTech",https://covid19.moh.gov.sa/,
2021-10-07,43098861,23595375,19503486,Saudi Arabia,"Oxford/AstraZeneca, Pfizer/BioNTech",https://covid19.moh.gov.sa/,
2021-10-08,43191898,23611050,19580848,Saudi Arabia,"Oxford/AstraZeneca, Pfizer/BioNTech",https://covid19.moh.gov.sa/,
2021-10-09,43335663,23631492,19704171,Saudi Arabia,"Oxford/AstraZeneca, Pfizer/BioNTech",https://covid19.moh.gov.sa/,
2021-10-10,43615548,23684473,19931075,Saudi Arabia,"Oxford/AstraZeneca, Pfizer/BioNTech",https://covid19.moh.gov.sa/,
2021-10-11,43852647,23731270,20121377,Saudi Arabia,"Oxford/AstraZeneca, Pfizer/BioNTech",https://covid19.moh.gov.sa/,
2021-10-12,44052112,23774000,20278112,Saudi Arabia,"Oxford/AstraZeneca, Pfizer/BioNTech",https://covid19.moh.gov.sa/,
2021-10-13,44219652,23810472,20409180,Saudi Arabia,"Oxford/AstraZeneca, Pfizer/BioNTech",https://covid19.moh.gov.sa/,
2021-10-14,44374451,23844426,20530025,Saudi Arabia,"Oxford/AstraZeneca, Pfizer/BioNTech",https://covid19.moh.gov.sa/,
2021-10-15,44441515,23859776,20581739,Saudi Arabia,"Oxford/AstraZeneca, Pfizer/BioNTech",https://covid19.moh.gov.sa/,
2021-10-16,44521775,23878391,20643384,Saudi Arabia,"Oxford/AstraZeneca, Pfizer/BioNTech",https://covid19.moh.gov.sa/,
2021-10-17,44652849,23912323,20740526,Saudi Arabia,"Oxford/AstraZeneca, Pfizer/BioNTech",https://covid19.moh.gov.sa/,
2021-10-18,44698978,23924621,20774357,Saudi Arabia,"Oxford/AstraZeneca, Pfizer/BioNTech",https://covid19.moh.gov.sa/,
2021-10-19,44862697,23967472,20895225,Saudi Arabia,"Oxford/AstraZeneca, Pfizer/BioNTech",https://covid19.moh.gov.sa/,
2021-10-20,44950769,23991079,20959690,Saudi Arabia,"Oxford/AstraZeneca, Pfizer/BioNTech",https://covid19.moh.gov.sa/,
2021-10-21,45041861,24014216,21027645,Saudi Arabia,"Oxford/AstraZeneca, Pfizer/BioNTech",https://covid19.moh.gov.sa/,
2021-10-22,45091787,24028992,21062795,Saudi Arabia,"Oxford/AstraZeneca, Pfizer/BioNTech",https://covid19.moh.gov.sa/,
2021-10-23,45172188,24057315,21114873,Saudi Arabia,"Oxford/AstraZeneca, Pfizer/BioNTech",https://covid19.moh.gov.sa/,
2021-10-24,45266839,24084544,21182295,Saudi Arabia,"Oxford/AstraZeneca, Pfizer/BioNTech",https://covid19.moh.gov.sa/,
2021-10-25,45352626,24108157,21244469,Saudi Arabia,"Oxford/AstraZeneca, Pfizer/BioNTech",https://covid19.moh.gov.sa/,
2021-10-26,45428214,24129578,21298636,Saudi Arabia,"Oxford/AstraZeneca, Pfizer/BioNTech",https://covid19.moh.gov.sa/,
2021-10-27,45497613,24147841,21349772,Saudi Arabia,"Oxford/AstraZeneca, Pfizer/BioNTech",https://covid19.moh.gov.sa/,
2021-10-28,45566425,24165859,21400566,Saudi Arabia,"Oxford/AstraZeneca, Pfizer/BioNTech",https://covid19.moh.gov.sa/,
2021-10-29,45596373,24173536,21422837,Saudi Arabia,"Oxford/AstraZeneca, Pfizer/BioNTech",https://covid19.moh.gov.sa/,
2021-10-30,45641533,24185908,21455625,Saudi Arabia,"Oxford/AstraZeneca, Pfizer/BioNTech",https://covid19.moh.gov.sa/,
2021-10-31,45720862,24208729,21512133,Saudi Arabia,"Oxford/AstraZeneca, Pfizer/BioNTech",https://covid19.moh.gov.sa/,
2021-11-01,45784362,24226322,21558040,Saudi Arabia,"Oxford/AstraZeneca, Pfizer/BioNTech",https://covid19.moh.gov.sa/,
2021-11-02,46120529,24248200,21612557,Saudi Arabia,"Oxford/AstraZeneca, Pfizer/BioNTech",https://covid19.moh.gov.sa/,
2021-11-03,46174722,24261265,21648540,Saudi Arabia,"Oxford/AstraZeneca, Pfizer/BioNTech",https://covid19.moh.gov.sa/,
2021-11-04,46225391,24273577,21681961,Saudi Arabia,"Oxford/AstraZeneca, Pfizer/BioNTech",https://covid19.moh.gov.sa/,
2021-11-05,46270412,24284570,21710595,Saudi Arabia,"Oxford/AstraZeneca, Pfizer/BioNTech",https://covid19.moh.gov.sa/,
