date,people_vaccinated,people_fully_vaccinated,total_vaccinations,location,source_url,vaccine,total_boosters
2020-12-27,6192,,6192,Slovenia,https://covid-19.sledilnik.org/en/stats,"Oxford/AstraZeneca, Pfizer/BioNTech",
2020-12-28,7854,,7854,Slovenia,https://covid-19.sledilnik.org/en/stats,"Oxford/AstraZeneca, Pfizer/BioNTech",
2020-12-29,9179,,9179,Slovenia,https://covid-19.sledilnik.org/en/stats,"Oxford/AstraZeneca, Pfizer/BioNTech",
2020-12-30,9601,,9601,Slovenia,https://covid-19.sledilnik.org/en/stats,"Oxford/AstraZeneca, Pfizer/BioNTech",
2020-12-31,11458,,11458,Slovenia,https://covid-19.sledilnik.org/en/stats,"Oxford/AstraZeneca, Pfizer/BioNTech",
2021-01-01,11609,,11609,Slovenia,https://covid-19.sledilnik.org/en/stats,"Oxford/AstraZeneca, Pfizer/BioNTech",
2021-01-02,12013,,12013,Slovenia,https://covid-19.sledilnik.org/en/stats,"Oxford/AstraZeneca, Pfizer/BioNTech",
2021-01-03,12568,,12568,Slovenia,https://covid-19.sledilnik.org/en/stats,"Oxford/AstraZeneca, Pfizer/BioNTech",
2021-01-04,13659,,13659,Slovenia,https://covid-19.sledilnik.org/en/stats,"Oxford/AstraZeneca, Pfizer/BioNTech",
2021-01-05,16139,,16139,Slovenia,https://covid-19.sledilnik.org/en/stats,"Oxford/AstraZeneca, Pfizer/BioNTech",
2021-01-06,21528,1,21529,Slovenia,https://covid-19.sledilnik.org/en/stats,"Oxford/AstraZeneca, Pfizer/BioNTech",
2021-01-07,27029,1,27030,Slovenia,https://covid-19.sledilnik.org/en/stats,"Oxford/AstraZeneca, Pfizer/BioNTech",
2021-01-08,30294,2,30296,Slovenia,https://covid-19.sledilnik.org/en/stats,"Oxford/AstraZeneca, Pfizer/BioNTech",
2021-01-09,30548,2,30550,Slovenia,https://covid-19.sledilnik.org/en/stats,"Oxford/AstraZeneca, Pfizer/BioNTech",
2021-01-10,30549,2,30551,Slovenia,https://covid-19.sledilnik.org/en/stats,"Oxford/AstraZeneca, Pfizer/BioNTech",
2021-01-11,31033,2,31035,Slovenia,https://covid-19.sledilnik.org/en/stats,"Oxford/AstraZeneca, Pfizer/BioNTech",
2021-01-12,32916,2,32918,Slovenia,https://covid-19.sledilnik.org/en/stats,"Oxford/AstraZeneca, Pfizer/BioNTech",
2021-01-13,37652,8,37660,Slovenia,https://covid-19.sledilnik.org/en/stats,"Oxford/AstraZeneca, Pfizer/BioNTech",
2021-01-14,44397,9,44406,Slovenia,https://covid-19.sledilnik.org/en/stats,"Oxford/AstraZeneca, Pfizer/BioNTech",
2021-01-15,49186,157,49343,Slovenia,https://covid-19.sledilnik.org/en/stats,"Oxford/AstraZeneca, Pfizer/BioNTech",
2021-01-16,49510,157,49667,Slovenia,https://covid-19.sledilnik.org/en/stats,"Oxford/AstraZeneca, Pfizer/BioNTech",
2021-01-17,49514,158,49672,Slovenia,https://covid-19.sledilnik.org/en/stats,"Oxford/AstraZeneca, Pfizer/BioNTech",
2021-01-18,49576,324,49900,Slovenia,https://covid-19.sledilnik.org/en/stats,"Oxford/AstraZeneca, Pfizer/BioNTech",
2021-01-19,50120,1970,52090,Slovenia,https://covid-19.sledilnik.org/en/stats,"Oxford/AstraZeneca, Pfizer/BioNTech",
2021-01-20,51311,5777,57088,Slovenia,https://covid-19.sledilnik.org/en/stats,"Oxford/AstraZeneca, Pfizer/BioNTech",
2021-01-21,52600,9269,61869,Slovenia,https://covid-19.sledilnik.org/en/stats,"Oxford/AstraZeneca, Pfizer/BioNTech",
2021-01-22,53788,10266,64054,Slovenia,https://covid-19.sledilnik.org/en/stats,"Oxford/AstraZeneca, Pfizer/BioNTech",
2021-01-23,54019,10756,64775,Slovenia,https://covid-19.sledilnik.org/en/stats,"Oxford/AstraZeneca, Pfizer/BioNTech",
2021-01-24,54036,10890,64926,Slovenia,https://covid-19.sledilnik.org/en/stats,"Oxford/AstraZeneca, Pfizer/BioNTech",
2021-01-25,54039,10895,64934,Slovenia,https://covid-19.sledilnik.org/en/stats,"Oxford/AstraZeneca, Pfizer/BioNTech",
2021-01-26,54120,12649,66769,Slovenia,https://covid-19.sledilnik.org/en/stats,"Oxford/AstraZeneca, Pfizer/BioNTech",
2021-01-27,54386,17508,71894,Slovenia,https://covid-19.sledilnik.org/en/stats,"Oxford/AstraZeneca, Pfizer/BioNTech",
2021-01-28,54909,23320,78229,Slovenia,https://covid-19.sledilnik.org/en/stats,"Oxford/AstraZeneca, Pfizer/BioNTech",
2021-01-29,55457,27374,82831,Slovenia,https://covid-19.sledilnik.org/en/stats,"Oxford/AstraZeneca, Pfizer/BioNTech",
2021-01-30,55468,27480,82948,Slovenia,https://covid-19.sledilnik.org/en/stats,"Oxford/AstraZeneca, Pfizer/BioNTech",
2021-01-31,55469,27482,82951,Slovenia,https://covid-19.sledilnik.org/en/stats,"Oxford/AstraZeneca, Pfizer/BioNTech",
2021-02-01,55492,27526,83018,Slovenia,https://covid-19.sledilnik.org/en/stats,"Oxford/AstraZeneca, Pfizer/BioNTech",
2021-02-02,55512,28627,84139,Slovenia,https://covid-19.sledilnik.org/en/stats,"Oxford/AstraZeneca, Pfizer/BioNTech",
2021-02-03,55697,33307,89004,Slovenia,https://covid-19.sledilnik.org/en/stats,"Oxford/AstraZeneca, Pfizer/BioNTech",
2021-02-04,56308,40161,96469,Slovenia,https://covid-19.sledilnik.org/en/stats,"Oxford/AstraZeneca, Pfizer/BioNTech",
2021-02-05,56673,45496,102169,Slovenia,https://covid-19.sledilnik.org/en/stats,"Oxford/AstraZeneca, Pfizer/BioNTech",
2021-02-06,56701,46072,102773,Slovenia,https://covid-19.sledilnik.org/en/stats,"Oxford/AstraZeneca, Pfizer/BioNTech",
2021-02-07,56701,46072,102773,Slovenia,https://covid-19.sledilnik.org/en/stats,"Oxford/AstraZeneca, Pfizer/BioNTech",
2021-02-08,57100,46073,103173,Slovenia,https://covid-19.sledilnik.org/en/stats,"Oxford/AstraZeneca, Pfizer/BioNTech",
2021-02-09,57188,46105,103293,Slovenia,https://covid-19.sledilnik.org/en/stats,"Oxford/AstraZeneca, Pfizer/BioNTech",
2021-02-10,59683,46838,106521,Slovenia,https://covid-19.sledilnik.org/en/stats,"Oxford/AstraZeneca, Pfizer/BioNTech",
2021-02-11,66595,48715,115310,Slovenia,https://covid-19.sledilnik.org/en/stats,"Oxford/AstraZeneca, Pfizer/BioNTech",
2021-02-12,73523,50529,124052,Slovenia,https://covid-19.sledilnik.org/en/stats,"Oxford/AstraZeneca, Pfizer/BioNTech",
2021-02-13,74234,50722,124956,Slovenia,https://covid-19.sledilnik.org/en/stats,"Oxford/AstraZeneca, Pfizer/BioNTech",
2021-02-14,74250,50738,124988,Slovenia,https://covid-19.sledilnik.org/en/stats,"Oxford/AstraZeneca, Pfizer/BioNTech",
2021-02-15,74326,50746,125072,Slovenia,https://covid-19.sledilnik.org/en/stats,"Oxford/AstraZeneca, Pfizer/BioNTech",
2021-02-16,75381,50823,126204,Slovenia,https://covid-19.sledilnik.org/en/stats,"Oxford/AstraZeneca, Pfizer/BioNTech",
2021-02-17,80327,51456,131783,Slovenia,https://covid-19.sledilnik.org/en/stats,"Oxford/AstraZeneca, Pfizer/BioNTech",
2021-02-18,88655,52227,140882,Slovenia,https://covid-19.sledilnik.org/en/stats,"Oxford/AstraZeneca, Pfizer/BioNTech",
2021-02-19,94824,52832,147656,Slovenia,https://covid-19.sledilnik.org/en/stats,"Oxford/AstraZeneca, Pfizer/BioNTech",
2021-02-20,97349,52850,150199,Slovenia,https://covid-19.sledilnik.org/en/stats,"Oxford/AstraZeneca, Pfizer/BioNTech",
2021-02-21,97349,52851,150200,Slovenia,https://covid-19.sledilnik.org/en/stats,"Oxford/AstraZeneca, Pfizer/BioNTech",
2021-02-22,97824,52854,150678,Slovenia,https://covid-19.sledilnik.org/en/stats,"Oxford/AstraZeneca, Pfizer/BioNTech",
2021-02-23,99348,52866,152214,Slovenia,https://covid-19.sledilnik.org/en/stats,"Oxford/AstraZeneca, Pfizer/BioNTech",
2021-02-24,106166,53054,159220,Slovenia,https://covid-19.sledilnik.org/en/stats,"Oxford/AstraZeneca, Pfizer/BioNTech",
2021-02-25,116966,53246,170212,Slovenia,https://covid-19.sledilnik.org/en/stats,"Oxford/AstraZeneca, Pfizer/BioNTech",
2021-02-26,124218,53794,178012,Slovenia,https://covid-19.sledilnik.org/en/stats,"Oxford/AstraZeneca, Pfizer/BioNTech",
2021-02-27,125137,53805,178942,Slovenia,https://covid-19.sledilnik.org/en/stats,"Oxford/AstraZeneca, Pfizer/BioNTech",
2021-02-28,125137,53806,178943,Slovenia,https://covid-19.sledilnik.org/en/stats,"Oxford/AstraZeneca, Pfizer/BioNTech",
2021-03-01,126276,53806,180082,Slovenia,https://covid-19.sledilnik.org/en/stats,"Oxford/AstraZeneca, Pfizer/BioNTech",
2021-03-02,128457,53817,182274,Slovenia,https://covid-19.sledilnik.org/en/stats,"Oxford/AstraZeneca, Pfizer/BioNTech",
2021-03-03,135039,54721,189760,Slovenia,https://covid-19.sledilnik.org/en/stats,"Oxford/AstraZeneca, Pfizer/BioNTech",
2021-03-04,141775,59390,201165,Slovenia,https://covid-19.sledilnik.org/en/stats,"Oxford/AstraZeneca, Pfizer/BioNTech",
2021-03-05,146372,65165,211537,Slovenia,https://covid-19.sledilnik.org/en/stats,"Oxford/AstraZeneca, Pfizer/BioNTech",
2021-03-06,147736,65768,213504,Slovenia,https://covid-19.sledilnik.org/en/stats,"Oxford/AstraZeneca, Pfizer/BioNTech",
2021-03-07,147738,65768,213506,Slovenia,https://covid-19.sledilnik.org/en/stats,"Oxford/AstraZeneca, Pfizer/BioNTech",
2021-03-08,149148,66164,215312,Slovenia,https://covid-19.sledilnik.org/en/stats,"Oxford/AstraZeneca, Pfizer/BioNTech",
2021-03-09,152842,66666,219508,Slovenia,https://covid-19.sledilnik.org/en/stats,"Oxford/AstraZeneca, Pfizer/BioNTech",
2021-03-10,157637,71641,229278,Slovenia,https://covid-19.sledilnik.org/en/stats,"Oxford/AstraZeneca, Pfizer/BioNTech",
2021-03-11,163909,79576,243485,Slovenia,https://covid-19.sledilnik.org/en/stats,"Oxford/AstraZeneca, Pfizer/BioNTech",
2021-03-12,172392,84763,257155,Slovenia,https://covid-19.sledilnik.org/en/stats,"Oxford/AstraZeneca, Pfizer/BioNTech",
2021-03-13,178830,86985,265815,Slovenia,https://covid-19.sledilnik.org/en/stats,"Oxford/AstraZeneca, Pfizer/BioNTech",
2021-03-14,178831,86985,265816,Slovenia,https://covid-19.sledilnik.org/en/stats,"Oxford/AstraZeneca, Pfizer/BioNTech",
2021-03-15,180172,87278,267450,Slovenia,https://covid-19.sledilnik.org/en/stats,"Oxford/AstraZeneca, Pfizer/BioNTech",
2021-03-16,180448,88063,268511,Slovenia,https://covid-19.sledilnik.org/en/stats,"Oxford/AstraZeneca, Pfizer/BioNTech",
2021-03-17,180899,93775,274674,Slovenia,https://covid-19.sledilnik.org/en/stats,"Oxford/AstraZeneca, Pfizer/BioNTech",
2021-03-18,182578,102219,284797,Slovenia,https://covid-19.sledilnik.org/en/stats,"Oxford/AstraZeneca, Pfizer/BioNTech",
2021-03-19,185573,106756,292329,Slovenia,https://covid-19.sledilnik.org/en/stats,"Oxford/AstraZeneca, Pfizer/BioNTech",
2021-03-20,189639,106937,296576,Slovenia,https://covid-19.sledilnik.org/en/stats,"Oxford/AstraZeneca, Pfizer/BioNTech",
2021-03-21,189640,106937,296577,Slovenia,https://covid-19.sledilnik.org/en/stats,"Oxford/AstraZeneca, Pfizer/BioNTech",
2021-03-22,190767,106946,297713,Slovenia,https://covid-19.sledilnik.org/en/stats,"Oxford/AstraZeneca, Pfizer/BioNTech",
2021-03-23,194766,107261,302027,Slovenia,https://covid-19.sledilnik.org/en/stats,"Oxford/AstraZeneca, Pfizer/BioNTech",
2021-03-24,202137,109888,312025,Slovenia,https://covid-19.sledilnik.org/en/stats,"Oxford/AstraZeneca, Pfizer/BioNTech",
2021-03-25,214062,112453,326515,Slovenia,https://covid-19.sledilnik.org/en/stats,"Oxford/AstraZeneca, Pfizer/BioNTech",
2021-03-26,227837,114812,342649,Slovenia,https://covid-19.sledilnik.org/en/stats,"Oxford/AstraZeneca, Pfizer/BioNTech",
2021-03-27,234644,115309,349953,Slovenia,https://covid-19.sledilnik.org/en/stats,"Oxford/AstraZeneca, Pfizer/BioNTech",
2021-03-28,235902,115312,351214,Slovenia,https://covid-19.sledilnik.org/en/stats,"Oxford/AstraZeneca, Pfizer/BioNTech",
2021-03-29,237032,115319,352351,Slovenia,https://covid-19.sledilnik.org/en/stats,"Oxford/AstraZeneca, Pfizer/BioNTech",
2021-03-30,244756,115643,360399,Slovenia,https://covid-19.sledilnik.org/en/stats,"Oxford/AstraZeneca, Pfizer/BioNTech",
2021-03-31,258190,116975,375165,Slovenia,https://covid-19.sledilnik.org/en/stats,"Oxford/AstraZeneca, Pfizer/BioNTech",
2021-04-01,274985,119667,394652,Slovenia,https://covid-19.sledilnik.org/en/stats,"Oxford/AstraZeneca, Pfizer/BioNTech",
2021-04-02,285121,121795,406916,Slovenia,https://covid-19.sledilnik.org/en/stats,"Oxford/AstraZeneca, Pfizer/BioNTech",
2021-04-03,288222,121825,410047,Slovenia,https://covid-19.sledilnik.org/en/stats,"Oxford/AstraZeneca, Pfizer/BioNTech",
2021-04-04,289816,121827,411643,Slovenia,https://covid-19.sledilnik.org/en/stats,"Oxford/AstraZeneca, Pfizer/BioNTech",
2021-04-05,289817,121827,411644,Slovenia,https://covid-19.sledilnik.org/en/stats,"Oxford/AstraZeneca, Pfizer/BioNTech",
2021-04-06,292286,122196,414482,Slovenia,https://covid-19.sledilnik.org/en/stats,"Oxford/AstraZeneca, Pfizer/BioNTech",
2021-04-07,298433,122218,420651,Slovenia,https://covid-19.sledilnik.org/en/stats,"Oxford/AstraZeneca, Pfizer/BioNTech",
2021-04-08,313191,122889,436080,Slovenia,https://covid-19.sledilnik.org/en/stats,"Oxford/AstraZeneca, Pfizer/BioNTech",
2021-04-09,331755,124597,456352,Slovenia,https://covid-19.sledilnik.org/en/stats,"Oxford/AstraZeneca, Pfizer/BioNTech",
2021-04-10,340836,124728,465564,Slovenia,https://covid-19.sledilnik.org/en/stats,"Oxford/AstraZeneca, Pfizer/BioNTech",
2021-04-11,342451,124747,467198,Slovenia,https://covid-19.sledilnik.org/en/stats,"Oxford/AstraZeneca, Pfizer/BioNTech",
2021-04-12,344108,124953,469061,Slovenia,https://covid-19.sledilnik.org/en/stats,"Oxford/AstraZeneca, Pfizer/BioNTech",
2021-04-13,347199,125737,472936,Slovenia,https://covid-19.sledilnik.org/en/stats,"Oxford/AstraZeneca, Pfizer/BioNTech",
2021-04-14,355037,129598,484635,Slovenia,https://covid-19.sledilnik.org/en/stats,"Oxford/AstraZeneca, Pfizer/BioNTech",
2021-04-15,364530,139660,504190,Slovenia,https://covid-19.sledilnik.org/en/stats,"Oxford/AstraZeneca, Pfizer/BioNTech",
2021-04-16,372949,145407,518356,Slovenia,https://covid-19.sledilnik.org/en/stats,"Oxford/AstraZeneca, Pfizer/BioNTech",
2021-04-17,375456,149071,524527,Slovenia,https://covid-19.sledilnik.org/en/stats,"Oxford/AstraZeneca, Pfizer/BioNTech",
2021-04-18,376735,149078,525813,Slovenia,https://covid-19.sledilnik.org/en/stats,"Oxford/AstraZeneca, Pfizer/BioNTech",
2021-04-19,379071,149453,528524,Slovenia,https://covid-19.sledilnik.org/en/stats,"Oxford/AstraZeneca, Pfizer/BioNTech",
2021-04-20,384291,150965,535256,Slovenia,https://covid-19.sledilnik.org/en/stats,"Oxford/AstraZeneca, Pfizer/BioNTech",
2021-04-21,392037,160141,552178,Slovenia,https://covid-19.sledilnik.org/en/stats,"Oxford/AstraZeneca, Pfizer/BioNTech",
2021-04-22,400183,172077,572260,Slovenia,https://covid-19.sledilnik.org/en/stats,"Oxford/AstraZeneca, Pfizer/BioNTech",
2021-04-23,411072,178961,590033,Slovenia,https://covid-19.sledilnik.org/en/stats,"Oxford/AstraZeneca, Pfizer/BioNTech",
2021-04-24,413563,179444,593007,Slovenia,https://covid-19.sledilnik.org/en/stats,"Oxford/AstraZeneca, Pfizer/BioNTech",
2021-04-25,414221,179470,593691,Slovenia,https://covid-19.sledilnik.org/en/stats,"Oxford/AstraZeneca, Pfizer/BioNTech",
2021-04-26,414600,179478,594078,Slovenia,https://covid-19.sledilnik.org/en/stats,"Oxford/AstraZeneca, Pfizer/BioNTech",
2021-04-27,415061,179494,594555,Slovenia,https://covid-19.sledilnik.org/en/stats,"Oxford/AstraZeneca, Pfizer/BioNTech",
2021-04-28,418267,184344,602611,Slovenia,https://covid-19.sledilnik.org/en/stats,"Oxford/AstraZeneca, Pfizer/BioNTech",
2021-04-29,424288,197752,622040,Slovenia,https://covid-19.sledilnik.org/en/stats,"Oxford/AstraZeneca, Pfizer/BioNTech",
2021-04-30,430640,212656,643296,Slovenia,https://covid-19.sledilnik.org/en/stats,"Oxford/AstraZeneca, Pfizer/BioNTech",
2021-05-01,431512,219033,650545,Slovenia,https://covid-19.sledilnik.org/en/stats,"Oxford/AstraZeneca, Pfizer/BioNTech",
2021-05-02,432804,221196,654000,Slovenia,https://covid-19.sledilnik.org/en/stats,"Oxford/AstraZeneca, Pfizer/BioNTech",
2021-05-03,437908,224145,662053,Slovenia,https://covid-19.sledilnik.org/en/stats,"Oxford/AstraZeneca, Pfizer/BioNTech",
2021-05-04,445090,226972,672062,Slovenia,https://covid-19.sledilnik.org/en/stats,"Oxford/AstraZeneca, Pfizer/BioNTech",
2021-05-05,455277,234967,690244,Slovenia,https://covid-19.sledilnik.org/en/stats,"Oxford/AstraZeneca, Pfizer/BioNTech",
2021-05-06,470980,247275,718255,Slovenia,https://covid-19.sledilnik.org/en/stats,"Oxford/AstraZeneca, Pfizer/BioNTech",
2021-05-07,484575,255941,740516,Slovenia,https://covid-19.sledilnik.org/en/stats,"Oxford/AstraZeneca, Pfizer/BioNTech",
2021-05-08,490110,261257,751367,Slovenia,https://covid-19.sledilnik.org/en/stats,"Oxford/AstraZeneca, Pfizer/BioNTech",
2021-05-09,491777,261394,753171,Slovenia,https://covid-19.sledilnik.org/en/stats,"Oxford/AstraZeneca, Pfizer/BioNTech",
2021-05-10,494110,262777,756887,Slovenia,https://covid-19.sledilnik.org/en/stats,"Oxford/AstraZeneca, Pfizer/BioNTech",
2021-05-11,502386,264932,767318,Slovenia,https://covid-19.sledilnik.org/en/stats,"Oxford/AstraZeneca, Pfizer/BioNTech",
2021-05-12,519004,270825,789829,Slovenia,https://covid-19.sledilnik.org/en/stats,"Oxford/AstraZeneca, Pfizer/BioNTech",
2021-05-13,538531,280604,819135,Slovenia,https://covid-19.sledilnik.org/en/stats,"Oxford/AstraZeneca, Pfizer/BioNTech",
2021-05-14,555981,289352,845333,Slovenia,https://covid-19.sledilnik.org/en/stats,"Oxford/AstraZeneca, Pfizer/BioNTech",
2021-05-15,562920,293714,856634,Slovenia,https://covid-19.sledilnik.org/en/stats,"Oxford/AstraZeneca, Pfizer/BioNTech",
2021-05-16,563103,296670,859773,Slovenia,https://covid-19.sledilnik.org/en/stats,"Oxford/AstraZeneca, Pfizer/BioNTech",
2021-05-17,566662,301810,868472,Slovenia,https://covid-19.sledilnik.org/en/stats,"Oxford/AstraZeneca, Pfizer/BioNTech",
2021-05-18,577024,305475,882499,Slovenia,https://covid-19.sledilnik.org/en/stats,"Oxford/AstraZeneca, Pfizer/BioNTech",
2021-05-19,592970,313585,906555,Slovenia,https://covid-19.sledilnik.org/en/stats,"Oxford/AstraZeneca, Pfizer/BioNTech",
2021-05-20,616612,320712,937324,Slovenia,https://covid-19.sledilnik.org/en/stats,"Oxford/AstraZeneca, Pfizer/BioNTech",
2021-05-21,631711,333594,965305,Slovenia,https://covid-19.sledilnik.org/en/stats,"Oxford/AstraZeneca, Pfizer/BioNTech",
2021-05-22,635197,341224,976421,Slovenia,https://covid-19.sledilnik.org/en/stats,"Oxford/AstraZeneca, Pfizer/BioNTech",
2021-05-23,636414,343083,979497,Slovenia,https://covid-19.sledilnik.org/en/stats,"Oxford/AstraZeneca, Pfizer/BioNTech",
2021-05-24,637624,348450,986074,Slovenia,https://covid-19.sledilnik.org/en/stats,"Oxford/AstraZeneca, Pfizer/BioNTech",
2021-05-25,641367,355489,996856,Slovenia,https://covid-19.sledilnik.org/en/stats,"Oxford/AstraZeneca, Pfizer/BioNTech",
2021-05-26,648653,370682,1019335,Slovenia,https://covid-19.sledilnik.org/en/stats,"Oxford/AstraZeneca, Pfizer/BioNTech",
2021-05-27,657941,391300,1049241,Slovenia,https://covid-19.sledilnik.org/en/stats,"Oxford/AstraZeneca, Pfizer/BioNTech",
2021-05-28,666506,405566,1072072,Slovenia,https://covid-19.sledilnik.org/en/stats,"Oxford/AstraZeneca, Pfizer/BioNTech",
2021-05-29,670378,412483,1082861,Slovenia,https://covid-19.sledilnik.org/en/stats,"Oxford/AstraZeneca, Pfizer/BioNTech",
2021-05-30,670379,412484,1082863,Slovenia,https://covid-19.sledilnik.org/en/stats,"Oxford/AstraZeneca, Pfizer/BioNTech",
2021-05-31,673380,416586,1089966,Slovenia,https://covid-19.sledilnik.org/en/stats,"Oxford/AstraZeneca, Pfizer/BioNTech",
2021-06-01,678131,428488,1106619,Slovenia,https://covid-19.sledilnik.org/en/stats,"Oxford/AstraZeneca, Pfizer/BioNTech",
2021-06-02,694055,443114,1137169,Slovenia,https://covid-19.sledilnik.org/en/stats,"Oxford/AstraZeneca, Pfizer/BioNTech",
2021-06-03,712402,463138,1175540,Slovenia,https://covid-19.sledilnik.org/en/stats,"Oxford/AstraZeneca, Pfizer/BioNTech",
2021-06-04,723579,484236,1207815,Slovenia,https://covid-19.sledilnik.org/en/stats,"Oxford/AstraZeneca, Pfizer/BioNTech",
2021-06-05,730225,491160,1221385,Slovenia,https://covid-19.sledilnik.org/en/stats,"Oxford/AstraZeneca, Pfizer/BioNTech",
2021-06-06,734289,493891,1228180,Slovenia,https://covid-19.sledilnik.org/en/stats,"Oxford/AstraZeneca, Pfizer/BioNTech",
2021-06-07,737381,498365,1235746,Slovenia,https://covid-19.sledilnik.org/en/stats,"Oxford/AstraZeneca, Pfizer/BioNTech",
2021-06-08,744895,506215,1251110,Slovenia,https://covid-19.sledilnik.org/en/stats,"Oxford/AstraZeneca, Pfizer/BioNTech",
2021-06-09,754698,520361,1275059,Slovenia,https://covid-19.sledilnik.org/en/stats,"Oxford/AstraZeneca, Pfizer/BioNTech",
2021-06-10,770920,538202,1309122,Slovenia,https://covid-19.sledilnik.org/en/stats,"Oxford/AstraZeneca, Pfizer/BioNTech",
2021-06-11,778745,555681,1334426,Slovenia,https://covid-19.sledilnik.org/en/stats,"Oxford/AstraZeneca, Pfizer/BioNTech",
2021-06-12,783433,562390,1345823,Slovenia,https://covid-19.sledilnik.org/en/stats,"Oxford/AstraZeneca, Pfizer/BioNTech",
2021-06-13,786061,563105,1349166,Slovenia,https://covid-19.sledilnik.org/en/stats,"Oxford/AstraZeneca, Pfizer/BioNTech",
2021-06-14,789000,567052,1356052,Slovenia,https://covid-19.sledilnik.org/en/stats,"Oxford/AstraZeneca, Pfizer/BioNTech",
2021-06-15,794699,572035,1366734,Slovenia,https://covid-19.sledilnik.org/en/stats,"Oxford/AstraZeneca, Pfizer/BioNTech",
2021-06-16,801986,582738,1384724,Slovenia,https://covid-19.sledilnik.org/en/stats,"Oxford/AstraZeneca, Pfizer/BioNTech",
2021-06-17,809738,597001,1406739,Slovenia,https://covid-19.sledilnik.org/en/stats,"Oxford/AstraZeneca, Pfizer/BioNTech",
2021-06-18,814666,607035,1421701,Slovenia,https://covid-19.sledilnik.org/en/stats,"Oxford/AstraZeneca, Pfizer/BioNTech",
2021-06-19,816002,608382,1424384,Slovenia,https://covid-19.sledilnik.org/en/stats,"Oxford/AstraZeneca, Pfizer/BioNTech",
2021-06-20,816092,609800,1425892,Slovenia,https://covid-19.sledilnik.org/en/stats,"Oxford/AstraZeneca, Pfizer/BioNTech",
2021-06-21,817841,613932,1431773,Slovenia,https://covid-19.sledilnik.org/en/stats,"Oxford/AstraZeneca, Pfizer/BioNTech",
2021-06-22,820924,621797,1442721,Slovenia,https://covid-19.sledilnik.org/en/stats,"Oxford/AstraZeneca, Pfizer/BioNTech",
2021-06-23,825897,637675,1463572,Slovenia,https://covid-19.sledilnik.org/en/stats,"Oxford/AstraZeneca, Pfizer/BioNTech",
2021-06-24,831032,659432,1490464,Slovenia,https://covid-19.sledilnik.org/en/stats,"Oxford/AstraZeneca, Pfizer/BioNTech",
2021-06-25,831042,659491,1490533,Slovenia,https://covid-19.sledilnik.org/en/stats,"Oxford/AstraZeneca, Pfizer/BioNTech",
2021-06-26,831481,663242,1494723,Slovenia,https://covid-19.sledilnik.org/en/stats,"Oxford/AstraZeneca, Pfizer/BioNTech",
2021-06-27,831491,663253,1494744,Slovenia,https://covid-19.sledilnik.org/en/stats,"Oxford/AstraZeneca, Pfizer/BioNTech",
2021-06-28,832801,668468,1501269,Slovenia,https://covid-19.sledilnik.org/en/stats,"Oxford/AstraZeneca, Pfizer/BioNTech",
2021-06-29,834756,678835,1513591,Slovenia,https://covid-19.sledilnik.org/en/stats,"Oxford/AstraZeneca, Pfizer/BioNTech",
2021-06-30,838513,690190,1528703,Slovenia,https://covid-19.sledilnik.org/en/stats,"Oxford/AstraZeneca, Pfizer/BioNTech",
2021-07-01,842217,707108,1549325,Slovenia,https://covid-19.sledilnik.org/en/stats,"Oxford/AstraZeneca, Pfizer/BioNTech",
2021-07-02,846101,718450,1564551,Slovenia,https://covid-19.sledilnik.org/en/stats,"Oxford/AstraZeneca, Pfizer/BioNTech",
2021-07-03,846524,719655,1566179,Slovenia,https://covid-19.sledilnik.org/en/stats,"Oxford/AstraZeneca, Pfizer/BioNTech",
2021-07-04,846524,719673,1566197,Slovenia,https://covid-19.sledilnik.org/en/stats,"Oxford/AstraZeneca, Pfizer/BioNTech",
2021-07-05,847976,725220,1573196,Slovenia,https://covid-19.sledilnik.org/en/stats,"Oxford/AstraZeneca, Pfizer/BioNTech",
2021-07-06,850224,731947,1582171,Slovenia,https://covid-19.sledilnik.org/en/stats,"Oxford/AstraZeneca, Pfizer/BioNTech",
2021-07-07,854717,741177,1595894,Slovenia,https://covid-19.sledilnik.org/en/stats,"Oxford/AstraZeneca, Pfizer/BioNTech",
2021-07-08,860440,752570,1613010,Slovenia,https://covid-19.sledilnik.org/en/stats,"Oxford/AstraZeneca, Pfizer/BioNTech",
2021-07-09,864754,760775,1625529,Slovenia,https://covid-19.sledilnik.org/en/stats,"Oxford/AstraZeneca, Pfizer/BioNTech",
2021-07-10,865478,761401,1626879,Slovenia,https://covid-19.sledilnik.org/en/stats,"Oxford/AstraZeneca, Pfizer/BioNTech",
2021-07-11,865694,761540,1627234,Slovenia,https://covid-19.sledilnik.org/en/stats,"Oxford/AstraZeneca, Pfizer/BioNTech",
2021-07-12,868705,765630,1634335,Slovenia,https://covid-19.sledilnik.org/en/stats,"Oxford/AstraZeneca, Pfizer/BioNTech",
2021-07-13,871781,770013,1641794,Slovenia,https://covid-19.sledilnik.org/en/stats,"Oxford/AstraZeneca, Pfizer/BioNTech",
2021-07-14,878038,776549,1654587,Slovenia,https://covid-19.sledilnik.org/en/stats,"Oxford/AstraZeneca, Pfizer/BioNTech",
2021-07-15,885580,785528,1671108,Slovenia,https://covid-19.sledilnik.org/en/stats,"Oxford/AstraZeneca, Pfizer/BioNTech",
2021-07-16,891913,791537,1683450,Slovenia,https://covid-19.sledilnik.org/en/stats,"Oxford/AstraZeneca, Pfizer/BioNTech",
2021-07-17,893294,792630,1685924,Slovenia,https://covid-19.sledilnik.org/en/stats,"Oxford/AstraZeneca, Pfizer/BioNTech",
2021-07-18,893322,792640,1685962,Slovenia,https://covid-19.sledilnik.org/en/stats,"Oxford/AstraZeneca, Pfizer/BioNTech",
2021-07-19,896490,795649,1692139,Slovenia,https://covid-19.sledilnik.org/en/stats,"Oxford/AstraZeneca, Pfizer/BioNTech",
2021-07-20,899959,799029,1698988,Slovenia,https://covid-19.sledilnik.org/en/stats,"Oxford/AstraZeneca, Pfizer/BioNTech",
2021-07-21,906126,804533,1710659,Slovenia,https://covid-19.sledilnik.org/en/stats,"Oxford/AstraZeneca, Pfizer/BioNTech",
2021-07-22,912558,810860,1723418,Slovenia,https://covid-19.sledilnik.org/en/stats,"Oxford/AstraZeneca, Pfizer/BioNTech",
2021-07-23,918426,816160,1734586,Slovenia,https://covid-19.sledilnik.org/en/stats,"Oxford/AstraZeneca, Pfizer/BioNTech",
2021-07-24,919538,816920,1736458,Slovenia,https://covid-19.sledilnik.org/en/stats,"Oxford/AstraZeneca, Pfizer/BioNTech",
2021-07-25,919546,816937,1736483,Slovenia,https://covid-19.sledilnik.org/en/stats,"Oxford/AstraZeneca, Pfizer/BioNTech",
2021-07-26,922880,819578,1742458,Slovenia,https://covid-19.sledilnik.org/en/stats,"Oxford/AstraZeneca, Pfizer/BioNTech",
2021-07-27,927743,822479,1750222,Slovenia,https://covid-19.sledilnik.org/en/stats,"Oxford/AstraZeneca, Pfizer/BioNTech",
2021-07-28,932961,827624,1760585,Slovenia,https://covid-19.sledilnik.org/en/stats,"Oxford/AstraZeneca, Pfizer/BioNTech",
2021-07-29,938612,833875,1772487,Slovenia,https://covid-19.sledilnik.org/en/stats,"Oxford/AstraZeneca, Pfizer/BioNTech",
2021-07-30,942721,839172,1781893,Slovenia,https://covid-19.sledilnik.org/en/stats,"Oxford/AstraZeneca, Pfizer/BioNTech",
2021-07-31,944162,840396,1784558,Slovenia,https://covid-19.sledilnik.org/en/stats,"Oxford/AstraZeneca, Pfizer/BioNTech",
2021-08-01,944170,840405,1784575,Slovenia,https://covid-19.sledilnik.org/en/stats,"Oxford/AstraZeneca, Pfizer/BioNTech",
2021-08-02,946801,843387,1790188,Slovenia,https://covid-19.sledilnik.org/en/stats,"Oxford/AstraZeneca, Pfizer/BioNTech",
2021-08-03,950529,846112,1796641,Slovenia,https://covid-19.sledilnik.org/en/stats,"Oxford/AstraZeneca, Pfizer/BioNTech",
2021-08-04,954664,851117,1805781,Slovenia,https://covid-19.sledilnik.org/en/stats,"Oxford/AstraZeneca, Pfizer/BioNTech",
2021-08-05,959480,857415,1816895,Slovenia,https://covid-19.sledilnik.org/en/stats,"Oxford/AstraZeneca, Pfizer/BioNTech",
2021-08-06,962683,862817,1825500,Slovenia,https://covid-19.sledilnik.org/en/stats,"Oxford/AstraZeneca, Pfizer/BioNTech",
2021-08-07,963341,863305,1826646,Slovenia,https://covid-19.sledilnik.org/en/stats,"Oxford/AstraZeneca, Pfizer/BioNTech",
2021-08-08,963727,863466,1827193,Slovenia,https://covid-19.sledilnik.org/en/stats,"Oxford/AstraZeneca, Pfizer/BioNTech",
2021-08-09,965925,865785,1831710,Slovenia,https://covid-19.sledilnik.org/en/stats,"Oxford/AstraZeneca, Pfizer/BioNTech",
2021-08-10,968600,868639,1837239,Slovenia,https://covid-19.sledilnik.org/en/stats,"Oxford/AstraZeneca, Pfizer/BioNTech",
2021-08-11,971998,872872,1844870,Slovenia,https://covid-19.sledilnik.org/en/stats,"Oxford/AstraZeneca, Pfizer/BioNTech",
2021-08-12,975904,879145,1855049,Slovenia,https://covid-19.sledilnik.org/en/stats,"Oxford/AstraZeneca, Pfizer/BioNTech",
2021-08-13,979155,884536,1863691,Slovenia,https://covid-19.sledilnik.org/en/stats,"Oxford/AstraZeneca, Pfizer/BioNTech",
2021-08-14,979626,884992,1864618,Slovenia,https://covid-19.sledilnik.org/en/stats,"Oxford/AstraZeneca, Pfizer/BioNTech",
2021-08-15,979693,885031,1864724,Slovenia,https://covid-19.sledilnik.org/en/stats,"Oxford/AstraZeneca, Pfizer/BioNTech",
2021-08-16,982531,888242,1870773,Slovenia,https://covid-19.sledilnik.org/en/stats,"Oxford/AstraZeneca, Pfizer/BioNTech",
2021-08-17,986048,892013,1878061,Slovenia,https://covid-19.sledilnik.org/en/stats,"Oxford/AstraZeneca, Pfizer/BioNTech",
2021-08-18,990075,896460,1886535,Slovenia,https://covid-19.sledilnik.org/en/stats,"Oxford/AstraZeneca, Pfizer/BioNTech",
2021-08-19,994364,902196,1896560,Slovenia,https://covid-19.sledilnik.org/en/stats,"Oxford/AstraZeneca, Pfizer/BioNTech",
2021-08-20,998078,906859,1904937,Slovenia,https://covid-19.sledilnik.org/en/stats,"Oxford/AstraZeneca, Pfizer/BioNTech",
2021-08-21,998635,907424,1906059,Slovenia,https://covid-19.sledilnik.org/en/stats,"Oxford/AstraZeneca, Pfizer/BioNTech",
2021-08-22,998637,907426,1906063,Slovenia,https://covid-19.sledilnik.org/en/stats,"Oxford/AstraZeneca, Pfizer/BioNTech",
2021-08-23,1001131,910113,1911244,Slovenia,https://covid-19.sledilnik.org/en/stats,"Oxford/AstraZeneca, Pfizer/BioNTech",
2021-08-24,1004769,913763,1918532,Slovenia,https://covid-19.sledilnik.org/en/stats,"Oxford/AstraZeneca, Pfizer/BioNTech",
2021-08-25,1008617,917732,1926349,Slovenia,https://covid-19.sledilnik.org/en/stats,"Oxford/AstraZeneca, Pfizer/BioNTech",
2021-08-26,1013432,923024,1936456,Slovenia,https://covid-19.sledilnik.org/en/stats,"Oxford/AstraZeneca, Pfizer/BioNTech",
2021-08-27,1017010,927299,1944309,Slovenia,https://covid-19.sledilnik.org/en/stats,"Oxford/AstraZeneca, Pfizer/BioNTech",
2021-08-28,1017749,927877,1945626,Slovenia,https://covid-19.sledilnik.org/en/stats,"Oxford/AstraZeneca, Pfizer/BioNTech",
2021-08-29,1017797,927902,1945699,Slovenia,https://covid-19.sledilnik.org/en/stats,"Oxford/AstraZeneca, Pfizer/BioNTech",
2021-08-30,1020356,930273,1950629,Slovenia,https://covid-19.sledilnik.org/en/stats,"Oxford/AstraZeneca, Pfizer/BioNTech",
2021-08-31,1023386,932916,1956302,Slovenia,https://covid-19.sledilnik.org/en/stats,"Oxford/AstraZeneca, Pfizer/BioNTech",
2021-09-01,1026286,935899,1962185,Slovenia,https://covid-19.sledilnik.org/en/stats,"Oxford/AstraZeneca, Pfizer/BioNTech",
2021-09-02,1030157,940753,1970910,Slovenia,https://covid-19.sledilnik.org/en/stats,"Oxford/AstraZeneca, Pfizer/BioNTech",
2021-09-03,1033650,944413,1978063,Slovenia,https://covid-19.sledilnik.org/en/stats,"Oxford/AstraZeneca, Pfizer/BioNTech",
2021-09-04,1034093,944726,1978819,Slovenia,https://covid-19.sledilnik.org/en/stats,"Oxford/AstraZeneca, Pfizer/BioNTech",
2021-09-05,1034093,944726,1978819,Slovenia,https://covid-19.sledilnik.org/en/stats,"Oxford/AstraZeneca, Pfizer/BioNTech",
2021-09-06,1036715,947154,1983869,Slovenia,https://covid-19.sledilnik.org/en/stats,"Oxford/AstraZeneca, Pfizer/BioNTech",
2021-09-07,1041272,950618,1991890,Slovenia,https://covid-19.sledilnik.org/en/stats,"Oxford/AstraZeneca, Pfizer/BioNTech",
2021-09-08,1046178,954816,2000994,Slovenia,https://covid-19.sledilnik.org/en/stats,"Oxford/AstraZeneca, Pfizer/BioNTech",
2021-09-09,1052563,960260,2012823,Slovenia,https://covid-19.sledilnik.org/en/stats,"Oxford/AstraZeneca, Pfizer/BioNTech",
2021-09-10,1057763,964854,2022617,Slovenia,https://covid-19.sledilnik.org/en/stats,"Oxford/AstraZeneca, Pfizer/BioNTech",
2021-09-11,1058945,965597,2024542,Slovenia,https://covid-19.sledilnik.org/en/stats,"Oxford/AstraZeneca, Pfizer/BioNTech",
2021-09-12,1058946,965598,2024544,Slovenia,https://covid-19.sledilnik.org/en/stats,"Oxford/AstraZeneca, Pfizer/BioNTech",
2021-09-13,1065786,969195,2034981,Slovenia,https://covid-19.sledilnik.org/en/stats,"Oxford/AstraZeneca, Pfizer/BioNTech",
2021-09-14,1078285,974800,2053085,Slovenia,https://covid-19.sledilnik.org/en/stats,"Oxford/AstraZeneca, Pfizer/BioNTech",
2021-09-15,1090613,981115,2071728,Slovenia,https://covid-19.sledilnik.org/en/stats,"Oxford/AstraZeneca, Pfizer/BioNTech",
2021-09-16,1105494,990347,2095841,Slovenia,https://covid-19.sledilnik.org/en/stats,"Oxford/AstraZeneca, Pfizer/BioNTech",
2021-09-17,1117090,997507,2114597,Slovenia,https://covid-19.sledilnik.org/en/stats,"Oxford/AstraZeneca, Pfizer/BioNTech",
2021-09-18,1123429,999819,2123248,Slovenia,https://covid-19.sledilnik.org/en/stats,"Oxford/AstraZeneca, Pfizer/BioNTech",
2021-09-19,1126129,1000573,2126702,Slovenia,https://covid-19.sledilnik.org/en/stats,"Oxford/AstraZeneca, Pfizer/BioNTech",
2021-09-20,1131082,1003186,2134268,Slovenia,https://covid-19.sledilnik.org/en/stats,"Oxford/AstraZeneca, Pfizer/BioNTech",
2021-09-21,1135942,1005773,2141715,Slovenia,https://covid-19.sledilnik.org/en/stats,"Oxford/AstraZeneca, Pfizer/BioNTech",
2021-09-22,1140245,1008738,2148983,Slovenia,https://covid-19.sledilnik.org/en/stats,"Oxford/AstraZeneca, Pfizer/BioNTech",
2021-09-23,1146411,1014372,2160783,Slovenia,https://covid-19.sledilnik.org/en/stats,"Oxford/AstraZeneca, Pfizer/BioNTech",
2021-09-24,1152244,1019903,2172147,Slovenia,https://covid-19.sledilnik.org/en/stats,"Oxford/AstraZeneca, Pfizer/BioNTech",
2021-09-25,1153463,1020891,2174354,Slovenia,https://covid-19.sledilnik.org/en/stats,"Oxford/AstraZeneca, Pfizer/BioNTech",
2021-09-26,1153971,1021342,2175313,Slovenia,https://covid-19.sledilnik.org/en/stats,"Oxford/AstraZeneca, Pfizer/BioNTech",
2021-09-27,1156746,1024180,2180926,Slovenia,https://covid-19.sledilnik.org/en/stats,"Oxford/AstraZeneca, Pfizer/BioNTech",
2021-09-28,1160577,1028150,2188727,Slovenia,https://covid-19.sledilnik.org/en/stats,"Oxford/AstraZeneca, Pfizer/BioNTech",
2021-09-29,1162935,1031499,2194434,Slovenia,https://covid-19.sledilnik.org/en/stats,"Oxford/AstraZeneca, Pfizer/BioNTech",
2021-09-30,1165468,1036364,2201832,Slovenia,https://covid-19.sledilnik.org/en/stats,"Oxford/AstraZeneca, Pfizer/BioNTech",
2021-10-01,1167147,1040462,2207609,Slovenia,https://covid-19.sledilnik.org/en/stats,"Oxford/AstraZeneca, Pfizer/BioNTech",
2021-10-02,1167516,1040980,2208496,Slovenia,https://covid-19.sledilnik.org/en/stats,"Oxford/AstraZeneca, Pfizer/BioNTech",
2021-10-03,1167541,1041000,2208541,Slovenia,https://covid-19.sledilnik.org/en/stats,"Oxford/AstraZeneca, Pfizer/BioNTech",
2021-10-04,1168546,1044645,2213191,Slovenia,https://covid-19.sledilnik.org/en/stats,"Oxford/AstraZeneca, Pfizer/BioNTech",
2021-10-05,1169794,1050537,2220331,Slovenia,https://covid-19.sledilnik.org/en/stats,"Oxford/AstraZeneca, Pfizer/BioNTech",
2021-10-06,1171048,1056931,2227979,Slovenia,https://covid-19.sledilnik.org/en/stats,"Oxford/AstraZeneca, Pfizer/BioNTech",
2021-10-07,1172587,1067011,2239598,Slovenia,https://covid-19.sledilnik.org/en/stats,"Oxford/AstraZeneca, Pfizer/BioNTech",
2021-10-08,1173612,1075212,2248824,Slovenia,https://covid-19.sledilnik.org/en/stats,"Oxford/AstraZeneca, Pfizer/BioNTech",
2021-10-09,1173857,1076645,2250502,Slovenia,https://covid-19.sledilnik.org/en/stats,"Oxford/AstraZeneca, Pfizer/BioNTech",
2021-10-10,1173895,1076852,2250747,Slovenia,https://covid-19.sledilnik.org/en/stats,"Oxford/AstraZeneca, Pfizer/BioNTech",
2021-10-11,1174592,1081379,2255971,Slovenia,https://covid-19.sledilnik.org/en/stats,"Oxford/AstraZeneca, Pfizer/BioNTech",
2021-10-12,1175622,1085818,2261440,Slovenia,https://covid-19.sledilnik.org/en/stats,"Oxford/AstraZeneca, Pfizer/BioNTech",
2021-10-13,1176459,1089753,2266212,Slovenia,https://covid-19.sledilnik.org/en/stats,"Oxford/AstraZeneca, Pfizer/BioNTech",
2021-10-14,1177500,1095503,2273003,Slovenia,https://covid-19.sledilnik.org/en/stats,"Oxford/AstraZeneca, Pfizer/BioNTech",
2021-10-15,1178384,1099379,2277763,Slovenia,https://covid-19.sledilnik.org/en/stats,"Oxford/AstraZeneca, Pfizer/BioNTech",
2021-10-16,1178532,1099660,2278192,Slovenia,https://covid-19.sledilnik.org/en/stats,"Oxford/AstraZeneca, Pfizer/BioNTech",
2021-10-17,1178542,1099690,2278232,Slovenia,https://covid-19.sledilnik.org/en/stats,"Oxford/AstraZeneca, Pfizer/BioNTech",
2021-10-18,1179196,1101611,2280807,Slovenia,https://covid-19.sledilnik.org/en/stats,"Oxford/AstraZeneca, Pfizer/BioNTech",
2021-10-19,1179897,1103721,2283618,Slovenia,https://covid-19.sledilnik.org/en/stats,"Oxford/AstraZeneca, Pfizer/BioNTech",
2021-10-20,1180711,1105886,2286597,Slovenia,https://covid-19.sledilnik.org/en/stats,"Oxford/AstraZeneca, Pfizer/BioNTech",
2021-10-21,1181855,1109255,2291110,Slovenia,https://covid-19.sledilnik.org/en/stats,"Oxford/AstraZeneca, Pfizer/BioNTech",
2021-10-22,1182734,1111457,2294191,Slovenia,https://covid-19.sledilnik.org/en/stats,"Oxford/AstraZeneca, Pfizer/BioNTech",
2021-10-23,1182882,1111664,2294546,Slovenia,https://covid-19.sledilnik.org/en/stats,"Oxford/AstraZeneca, Pfizer/BioNTech",
2021-10-24,1182882,1111664,2294546,Slovenia,https://covid-19.sledilnik.org/en/stats,"Oxford/AstraZeneca, Pfizer/BioNTech",
2021-10-25,1183694,1112719,2296413,Slovenia,https://covid-19.sledilnik.org/en/stats,"Oxford/AstraZeneca, Pfizer/BioNTech",
2021-10-26,1184720,1114228,2298948,Slovenia,https://covid-19.sledilnik.org/en/stats,"Oxford/AstraZeneca, Pfizer/BioNTech",
2021-10-27,1185591,1115391,2300982,Slovenia,https://covid-19.sledilnik.org/en/stats,"Oxford/AstraZeneca, Pfizer/BioNTech",
2021-10-28,1187201,1117509,2304710,Slovenia,https://covid-19.sledilnik.org/en/stats,"Oxford/AstraZeneca, Pfizer/BioNTech",
2021-10-29,1188191,1118668,2306859,Slovenia,https://covid-19.sledilnik.org/en/stats,"Oxford/AstraZeneca, Pfizer/BioNTech",
2021-10-30,1188404,1118801,2307205,Slovenia,https://covid-19.sledilnik.org/en/stats,"Oxford/AstraZeneca, Pfizer/BioNTech",
2021-10-31,1188404,1118801,2307205,Slovenia,https://covid-19.sledilnik.org/en/stats,"Oxford/AstraZeneca, Pfizer/BioNTech",
2021-11-01,1188404,1118801,2307205,Slovenia,https://covid-19.sledilnik.org/en/stats,"Oxford/AstraZeneca, Pfizer/BioNTech",
2021-11-02,1189791,1120114,2309905,Slovenia,https://covid-19.sledilnik.org/en/stats,"Oxford/AstraZeneca, Pfizer/BioNTech",
2021-11-03,1190963,1121218,2312181,Slovenia,https://covid-19.sledilnik.org/en/stats,"Oxford/AstraZeneca, Pfizer/BioNTech",
2021-11-04,1192842,1122800,2315642,Slovenia,https://covid-19.sledilnik.org/en/stats,"Oxford/AstraZeneca, Pfizer/BioNTech",
