date,people_vaccinated,people_fully_vaccinated,total_vaccinations,source_url,location,vaccine,total_boosters
2021-01-04,480,,480,https://github.com/Institut-Zdravotnych-Analyz/covid19-data,Slovakia,Pfizer/BioNTech,
2021-01-05,1365,,1365,https://github.com/Institut-Zdravotnych-Analyz/covid19-data,Slovakia,Pfizer/BioNTech,
2021-01-06,7588,,7588,https://github.com/Institut-Zdravotnych-Analyz/covid19-data,Slovakia,Pfizer/BioNTech,
2021-01-07,15640,,15640,https://github.com/Institut-Zdravotnych-Analyz/covid19-data,Slovakia,Pfizer/BioNTech,
2021-01-08,23900,,23900,https://github.com/Institut-Zdravotnych-Analyz/covid19-data,Slovakia,Pfizer/BioNTech,
2021-01-09,25515,,25515,https://github.com/Institut-Zdravotnych-Analyz/covid19-data,Slovakia,Pfizer/BioNTech,
2021-01-10,25715,,25715,https://github.com/Institut-Zdravotnych-Analyz/covid19-data,Slovakia,Pfizer/BioNTech,
2021-01-11,29803,,29803,https://github.com/Institut-Zdravotnych-Analyz/covid19-data,Slovakia,Pfizer/BioNTech,
2021-01-12,40532,,40532,https://github.com/Institut-Zdravotnych-Analyz/covid19-data,Slovakia,Pfizer/BioNTech,
2021-01-13,47300,,47300,https://github.com/Institut-Zdravotnych-Analyz/covid19-data,Slovakia,Pfizer/BioNTech,
2021-01-14,54762,,54762,https://github.com/Institut-Zdravotnych-Analyz/covid19-data,Slovakia,Pfizer/BioNTech,
2021-01-15,62842,,62842,https://github.com/Institut-Zdravotnych-Analyz/covid19-data,Slovakia,Pfizer/BioNTech,
2021-01-16,63785,,63785,https://github.com/Institut-Zdravotnych-Analyz/covid19-data,Slovakia,Pfizer/BioNTech,
2021-01-17,63839,,63839,https://github.com/Institut-Zdravotnych-Analyz/covid19-data,Slovakia,Pfizer/BioNTech,
2021-01-18,71939,582,72521,https://github.com/Institut-Zdravotnych-Analyz/covid19-data,Slovakia,Pfizer/BioNTech,
2021-01-19,79699,1166,80865,https://github.com/Institut-Zdravotnych-Analyz/covid19-data,Slovakia,Pfizer/BioNTech,
2021-01-20,86713,2040,88753,https://github.com/Institut-Zdravotnych-Analyz/covid19-data,Slovakia,Pfizer/BioNTech,
2021-01-21,92302,2689,94991,https://github.com/Institut-Zdravotnych-Analyz/covid19-data,Slovakia,Pfizer/BioNTech,
2021-01-22,98986,2822,101808,https://github.com/Institut-Zdravotnych-Analyz/covid19-data,Slovakia,Pfizer/BioNTech,
2021-01-23,99262,2822,102084,https://github.com/Institut-Zdravotnych-Analyz/covid19-data,Slovakia,Pfizer/BioNTech,
2021-01-24,99262,2822,102084,https://github.com/Institut-Zdravotnych-Analyz/covid19-data,Slovakia,Pfizer/BioNTech,
2021-01-25,106042,5115,111157,https://github.com/Institut-Zdravotnych-Analyz/covid19-data,Slovakia,Pfizer/BioNTech,
2021-01-26,112926,5476,118402,https://github.com/Institut-Zdravotnych-Analyz/covid19-data,Slovakia,Pfizer/BioNTech,
2021-01-27,119718,5645,125363,https://github.com/Institut-Zdravotnych-Analyz/covid19-data,Slovakia,"Moderna, Pfizer/BioNTech",
2021-01-28,128068,7288,135356,https://github.com/Institut-Zdravotnych-Analyz/covid19-data,Slovakia,"Moderna, Pfizer/BioNTech",
2021-01-29,137648,9756,147404,https://github.com/Institut-Zdravotnych-Analyz/covid19-data,Slovakia,"Moderna, Pfizer/BioNTech",
2021-01-30,139157,9759,148916,https://github.com/Institut-Zdravotnych-Analyz/covid19-data,Slovakia,"Moderna, Pfizer/BioNTech",
2021-01-31,139217,9759,148976,https://github.com/Institut-Zdravotnych-Analyz/covid19-data,Slovakia,"Moderna, Pfizer/BioNTech",
2021-02-01,148318,12668,160986,https://github.com/Institut-Zdravotnych-Analyz/covid19-data,Slovakia,"Moderna, Pfizer/BioNTech",
2021-02-02,157082,16113,173195,https://github.com/Institut-Zdravotnych-Analyz/covid19-data,Slovakia,"Moderna, Pfizer/BioNTech",
2021-02-03,166537,18445,184982,https://github.com/Institut-Zdravotnych-Analyz/covid19-data,Slovakia,"Moderna, Pfizer/BioNTech",
2021-02-04,175304,24041,199345,https://github.com/Institut-Zdravotnych-Analyz/covid19-data,Slovakia,"Moderna, Pfizer/BioNTech",
2021-02-05,183668,30706,214374,https://github.com/Institut-Zdravotnych-Analyz/covid19-data,Slovakia,"Moderna, Pfizer/BioNTech",
2021-02-06,185756,31402,217158,https://github.com/Institut-Zdravotnych-Analyz/covid19-data,Slovakia,"Moderna, Pfizer/BioNTech",
2021-02-07,185936,31402,217338,https://github.com/Institut-Zdravotnych-Analyz/covid19-data,Slovakia,"Moderna, Pfizer/BioNTech",
2021-02-08,193334,35654,228988,https://github.com/Institut-Zdravotnych-Analyz/covid19-data,Slovakia,"Moderna, Pfizer/BioNTech",
2021-02-09,200654,43194,243848,https://github.com/Institut-Zdravotnych-Analyz/covid19-data,Slovakia,"Moderna, Pfizer/BioNTech",
2021-02-10,207088,49700,256788,https://github.com/Institut-Zdravotnych-Analyz/covid19-data,Slovakia,"Moderna, Pfizer/BioNTech",
2021-02-11,214541,56301,270842,https://github.com/Institut-Zdravotnych-Analyz/covid19-data,Slovakia,"Moderna, Pfizer/BioNTech",
2021-02-12,222235,62695,284930,https://github.com/Institut-Zdravotnych-Analyz/covid19-data,Slovakia,"Moderna, Pfizer/BioNTech",
2021-02-13,226125,63114,289239,https://github.com/Institut-Zdravotnych-Analyz/covid19-data,Slovakia,"Moderna, Oxford/AstraZeneca, Pfizer/BioNTech, Sputnik V",
2021-02-14,236728,63319,300047,https://github.com/Institut-Zdravotnych-Analyz/covid19-data,Slovakia,"Moderna, Oxford/AstraZeneca, Pfizer/BioNTech, Sputnik V",
2021-02-15,243484,70116,313600,https://github.com/Institut-Zdravotnych-Analyz/covid19-data,Slovakia,"Moderna, Oxford/AstraZeneca, Pfizer/BioNTech, Sputnik V",
2021-02-16,248475,76464,324939,https://github.com/Institut-Zdravotnych-Analyz/covid19-data,Slovakia,"Moderna, Oxford/AstraZeneca, Pfizer/BioNTech, Sputnik V",
2021-02-17,254035,82522,336557,https://github.com/Institut-Zdravotnych-Analyz/covid19-data,Slovakia,"Moderna, Oxford/AstraZeneca, Pfizer/BioNTech, Sputnik V",
2021-02-18,258629,89119,347748,https://github.com/Institut-Zdravotnych-Analyz/covid19-data,Slovakia,"Moderna, Oxford/AstraZeneca, Pfizer/BioNTech, Sputnik V",
2021-02-19,264962,95963,360925,https://github.com/Institut-Zdravotnych-Analyz/covid19-data,Slovakia,"Moderna, Oxford/AstraZeneca, Pfizer/BioNTech, Sputnik V",
2021-02-20,271322,96246,367568,https://github.com/Institut-Zdravotnych-Analyz/covid19-data,Slovakia,"Moderna, Oxford/AstraZeneca, Pfizer/BioNTech, Sputnik V",
2021-02-21,277638,96246,373884,https://github.com/Institut-Zdravotnych-Analyz/covid19-data,Slovakia,"Moderna, Oxford/AstraZeneca, Pfizer/BioNTech, Sputnik V",
2021-02-22,283264,103136,386400,https://github.com/Institut-Zdravotnych-Analyz/covid19-data,Slovakia,"Moderna, Oxford/AstraZeneca, Pfizer/BioNTech, Sputnik V",
2021-02-23,289415,109695,399110,https://github.com/Institut-Zdravotnych-Analyz/covid19-data,Slovakia,"Moderna, Oxford/AstraZeneca, Pfizer/BioNTech, Sputnik V",
2021-02-24,295563,116515,412078,https://github.com/Institut-Zdravotnych-Analyz/covid19-data,Slovakia,"Moderna, Oxford/AstraZeneca, Pfizer/BioNTech, Sputnik V",
2021-02-25,298785,124374,423159,https://github.com/Institut-Zdravotnych-Analyz/covid19-data,Slovakia,"Moderna, Oxford/AstraZeneca, Pfizer/BioNTech, Sputnik V",
2021-02-26,302705,133438,436143,https://github.com/Institut-Zdravotnych-Analyz/covid19-data,Slovakia,"Moderna, Oxford/AstraZeneca, Pfizer/BioNTech, Sputnik V",
2021-02-27,310029,134322,444351,https://github.com/Institut-Zdravotnych-Analyz/covid19-data,Slovakia,"Moderna, Oxford/AstraZeneca, Pfizer/BioNTech, Sputnik V",
2021-02-28,315595,134322,449917,https://github.com/Institut-Zdravotnych-Analyz/covid19-data,Slovakia,"Moderna, Oxford/AstraZeneca, Pfizer/BioNTech, Sputnik V",
2021-03-01,321397,143527,464924,https://github.com/Institut-Zdravotnych-Analyz/covid19-data,Slovakia,"Moderna, Oxford/AstraZeneca, Pfizer/BioNTech, Sputnik V",
2021-03-02,327116,153209,480325,https://github.com/Institut-Zdravotnych-Analyz/covid19-data,Slovakia,"Moderna, Oxford/AstraZeneca, Pfizer/BioNTech, Sputnik V",
2021-03-03,331429,162498,493927,https://github.com/Institut-Zdravotnych-Analyz/covid19-data,Slovakia,"Moderna, Oxford/AstraZeneca, Pfizer/BioNTech, Sputnik V",
2021-03-04,335844,171248,507092,https://github.com/Institut-Zdravotnych-Analyz/covid19-data,Slovakia,"Moderna, Oxford/AstraZeneca, Pfizer/BioNTech, Sputnik V",
2021-03-05,341533,178552,520085,https://github.com/Institut-Zdravotnych-Analyz/covid19-data,Slovakia,"Moderna, Oxford/AstraZeneca, Pfizer/BioNTech, Sputnik V",
2021-03-06,357605,180383,537988,https://github.com/Institut-Zdravotnych-Analyz/covid19-data,Slovakia,"Moderna, Oxford/AstraZeneca, Pfizer/BioNTech, Sputnik V",
2021-03-07,367037,180575,547612,https://github.com/Institut-Zdravotnych-Analyz/covid19-data,Slovakia,"Moderna, Oxford/AstraZeneca, Pfizer/BioNTech, Sputnik V",
2021-03-08,372182,189231,561413,https://github.com/Institut-Zdravotnych-Analyz/covid19-data,Slovakia,"Moderna, Oxford/AstraZeneca, Pfizer/BioNTech, Sputnik V",
2021-03-09,375582,196325,571907,https://github.com/Institut-Zdravotnych-Analyz/covid19-data,Slovakia,"Moderna, Oxford/AstraZeneca, Pfizer/BioNTech, Sputnik V",
2021-03-10,379515,202846,582361,https://github.com/Institut-Zdravotnych-Analyz/covid19-data,Slovakia,"Moderna, Oxford/AstraZeneca, Pfizer/BioNTech, Sputnik V",
2021-03-11,390603,209825,600428,https://github.com/Institut-Zdravotnych-Analyz/covid19-data,Slovakia,"Moderna, Oxford/AstraZeneca, Pfizer/BioNTech, Sputnik V",
2021-03-12,404381,216126,620507,https://github.com/Institut-Zdravotnych-Analyz/covid19-data,Slovakia,"Moderna, Oxford/AstraZeneca, Pfizer/BioNTech, Sputnik V",
2021-03-13,421996,218258,640254,https://github.com/Institut-Zdravotnych-Analyz/covid19-data,Slovakia,"Moderna, Oxford/AstraZeneca, Pfizer/BioNTech, Sputnik V",
2021-03-14,436004,218434,654438,https://github.com/Institut-Zdravotnych-Analyz/covid19-data,Slovakia,"Moderna, Oxford/AstraZeneca, Pfizer/BioNTech, Sputnik V",
2021-03-15,450452,222390,672842,https://github.com/Institut-Zdravotnych-Analyz/covid19-data,Slovakia,"Moderna, Oxford/AstraZeneca, Pfizer/BioNTech, Sputnik V",
2021-03-16,466279,225751,692030,https://github.com/Institut-Zdravotnych-Analyz/covid19-data,Slovakia,"Moderna, Oxford/AstraZeneca, Pfizer/BioNTech, Sputnik V",
2021-03-17,482315,229642,711957,https://github.com/Institut-Zdravotnych-Analyz/covid19-data,Slovakia,"Moderna, Oxford/AstraZeneca, Pfizer/BioNTech, Sputnik V",
2021-03-18,499103,233411,732514,https://github.com/Institut-Zdravotnych-Analyz/covid19-data,Slovakia,"Moderna, Oxford/AstraZeneca, Pfizer/BioNTech, Sputnik V",
2021-03-19,512969,239770,752739,https://github.com/Institut-Zdravotnych-Analyz/covid19-data,Slovakia,"Moderna, Oxford/AstraZeneca, Pfizer/BioNTech, Sputnik V",
2021-03-20,531987,241176,773163,https://github.com/Institut-Zdravotnych-Analyz/covid19-data,Slovakia,"Moderna, Oxford/AstraZeneca, Pfizer/BioNTech, Sputnik V",
2021-03-21,546268,241933,788201,https://github.com/Institut-Zdravotnych-Analyz/covid19-data,Slovakia,"Moderna, Oxford/AstraZeneca, Pfizer/BioNTech, Sputnik V",
2021-03-22,564260,245269,809529,https://github.com/Institut-Zdravotnych-Analyz/covid19-data,Slovakia,"Moderna, Oxford/AstraZeneca, Pfizer/BioNTech, Sputnik V",
2021-03-23,582667,249846,832513,https://github.com/Institut-Zdravotnych-Analyz/covid19-data,Slovakia,"Moderna, Oxford/AstraZeneca, Pfizer/BioNTech, Sputnik V",
2021-03-24,601338,254052,855390,https://github.com/Institut-Zdravotnych-Analyz/covid19-data,Slovakia,"Moderna, Oxford/AstraZeneca, Pfizer/BioNTech, Sputnik V",
2021-03-25,618594,256928,875522,https://github.com/Institut-Zdravotnych-Analyz/covid19-data,Slovakia,"Moderna, Oxford/AstraZeneca, Pfizer/BioNTech, Sputnik V",
2021-03-26,635769,258877,894646,https://github.com/Institut-Zdravotnych-Analyz/covid19-data,Slovakia,"Moderna, Oxford/AstraZeneca, Pfizer/BioNTech, Sputnik V",
2021-03-27,650753,259042,909795,https://github.com/Institut-Zdravotnych-Analyz/covid19-data,Slovakia,"Moderna, Oxford/AstraZeneca, Pfizer/BioNTech, Sputnik V",
2021-03-28,659902,259043,918945,https://github.com/Institut-Zdravotnych-Analyz/covid19-data,Slovakia,"Moderna, Oxford/AstraZeneca, Pfizer/BioNTech, Sputnik V",
2021-03-29,678711,260363,939074,https://github.com/Institut-Zdravotnych-Analyz/covid19-data,Slovakia,"Moderna, Oxford/AstraZeneca, Pfizer/BioNTech, Sputnik V",
2021-03-30,697479,262266,959745,https://github.com/Institut-Zdravotnych-Analyz/covid19-data,Slovakia,"Moderna, Oxford/AstraZeneca, Pfizer/BioNTech, Sputnik V",
2021-03-31,718300,264154,982454,https://github.com/Institut-Zdravotnych-Analyz/covid19-data,Slovakia,"Moderna, Oxford/AstraZeneca, Pfizer/BioNTech, Sputnik V",
2021-04-01,738646,265882,1004528,https://github.com/Institut-Zdravotnych-Analyz/covid19-data,Slovakia,"Moderna, Oxford/AstraZeneca, Pfizer/BioNTech, Sputnik V",
2021-04-02,743074,265984,1009058,https://github.com/Institut-Zdravotnych-Analyz/covid19-data,Slovakia,"Moderna, Oxford/AstraZeneca, Pfizer/BioNTech, Sputnik V",
2021-04-03,754357,266148,1020505,https://github.com/Institut-Zdravotnych-Analyz/covid19-data,Slovakia,"Moderna, Oxford/AstraZeneca, Pfizer/BioNTech, Sputnik V",
2021-04-04,758453,266148,1024601,https://github.com/Institut-Zdravotnych-Analyz/covid19-data,Slovakia,"Moderna, Oxford/AstraZeneca, Pfizer/BioNTech, Sputnik V",
2021-04-05,758822,266152,1024974,https://github.com/Institut-Zdravotnych-Analyz/covid19-data,Slovakia,"Moderna, Oxford/AstraZeneca, Pfizer/BioNTech, Sputnik V",
2021-04-06,775444,269651,1045095,https://github.com/Institut-Zdravotnych-Analyz/covid19-data,Slovakia,"Moderna, Oxford/AstraZeneca, Pfizer/BioNTech, Sputnik V",
2021-04-07,796183,271873,1068056,https://github.com/Institut-Zdravotnych-Analyz/covid19-data,Slovakia,"Moderna, Oxford/AstraZeneca, Pfizer/BioNTech, Sputnik V",
2021-04-08,811439,279993,1091432,https://github.com/Institut-Zdravotnych-Analyz/covid19-data,Slovakia,"Moderna, Oxford/AstraZeneca, Pfizer/BioNTech, Sputnik V",
2021-04-09,827945,289016,1116961,https://github.com/Institut-Zdravotnych-Analyz/covid19-data,Slovakia,"Moderna, Oxford/AstraZeneca, Pfizer/BioNTech, Sputnik V",
2021-04-10,848233,289838,1138071,https://github.com/Institut-Zdravotnych-Analyz/covid19-data,Slovakia,"Moderna, Oxford/AstraZeneca, Pfizer/BioNTech, Sputnik V",
2021-04-11,868026,291106,1159132,https://github.com/Institut-Zdravotnych-Analyz/covid19-data,Slovakia,"Moderna, Oxford/AstraZeneca, Pfizer/BioNTech, Sputnik V",
2021-04-12,879873,301557,1181430,https://github.com/Institut-Zdravotnych-Analyz/covid19-data,Slovakia,"Moderna, Oxford/AstraZeneca, Pfizer/BioNTech, Sputnik V",
2021-04-13,889795,312927,1202722,https://github.com/Institut-Zdravotnych-Analyz/covid19-data,Slovakia,"Moderna, Oxford/AstraZeneca, Pfizer/BioNTech, Sputnik V",
2021-04-14,900110,323931,1224041,https://github.com/Institut-Zdravotnych-Analyz/covid19-data,Slovakia,"Moderna, Oxford/AstraZeneca, Pfizer/BioNTech, Sputnik V",
2021-04-15,911900,336351,1248251,https://github.com/Institut-Zdravotnych-Analyz/covid19-data,Slovakia,"Moderna, Oxford/AstraZeneca, Pfizer/BioNTech, Sputnik V",
2021-04-16,926158,348373,1274531,https://github.com/Institut-Zdravotnych-Analyz/covid19-data,Slovakia,"Moderna, Oxford/AstraZeneca, Pfizer/BioNTech, Sputnik V",
2021-04-17,952552,348742,1301294,https://github.com/Institut-Zdravotnych-Analyz/covid19-data,Slovakia,"Moderna, Oxford/AstraZeneca, Pfizer/BioNTech, Sputnik V",
2021-04-18,964858,348838,1313696,https://github.com/Institut-Zdravotnych-Analyz/covid19-data,Slovakia,"Moderna, Oxford/AstraZeneca, Pfizer/BioNTech, Sputnik V",
2021-04-19,974337,360531,1334868,https://github.com/Institut-Zdravotnych-Analyz/covid19-data,Slovakia,"Moderna, Oxford/AstraZeneca, Pfizer/BioNTech, Sputnik V",
2021-04-20,982514,374768,1357282,https://github.com/Institut-Zdravotnych-Analyz/covid19-data,Slovakia,"Moderna, Oxford/AstraZeneca, Pfizer/BioNTech, Sputnik V",
2021-04-21,989962,388713,1378675,https://github.com/Institut-Zdravotnych-Analyz/covid19-data,Slovakia,"Moderna, Oxford/AstraZeneca, Pfizer/BioNTech, Sputnik V",
2021-04-22,998868,402510,1401378,https://github.com/Institut-Zdravotnych-Analyz/covid19-data,Slovakia,"Moderna, Oxford/AstraZeneca, Pfizer/BioNTech, Sputnik V",
2021-04-23,1007006,417286,1424292,https://github.com/Institut-Zdravotnych-Analyz/covid19-data,Slovakia,"Moderna, Oxford/AstraZeneca, Pfizer/BioNTech, Sputnik V",
2021-04-24,1021586,424043,1445629,https://github.com/Institut-Zdravotnych-Analyz/covid19-data,Slovakia,"Moderna, Oxford/AstraZeneca, Pfizer/BioNTech, Sputnik V",
2021-04-25,1034824,429823,1464647,https://github.com/Institut-Zdravotnych-Analyz/covid19-data,Slovakia,"Moderna, Oxford/AstraZeneca, Pfizer/BioNTech, Sputnik V",
2021-04-26,1041796,448037,1489833,https://github.com/Institut-Zdravotnych-Analyz/covid19-data,Slovakia,"Moderna, Oxford/AstraZeneca, Pfizer/BioNTech, Sputnik V",
2021-04-27,1047242,463869,1511111,https://github.com/Institut-Zdravotnych-Analyz/covid19-data,Slovakia,"Moderna, Oxford/AstraZeneca, Pfizer/BioNTech, Sputnik V",
2021-04-28,1053468,479893,1533361,https://github.com/Institut-Zdravotnych-Analyz/covid19-data,Slovakia,"Moderna, Oxford/AstraZeneca, Pfizer/BioNTech, Sputnik V",
2021-04-29,1060946,496653,1557599,https://github.com/Institut-Zdravotnych-Analyz/covid19-data,Slovakia,"Moderna, Oxford/AstraZeneca, Pfizer/BioNTech, Sputnik V",
2021-04-30,1081931,503631,1585562,https://github.com/Institut-Zdravotnych-Analyz/covid19-data,Slovakia,"Moderna, Oxford/AstraZeneca, Pfizer/BioNTech, Sputnik V",
2021-05-01,1107886,507859,1615745,https://github.com/Institut-Zdravotnych-Analyz/covid19-data,Slovakia,"Moderna, Oxford/AstraZeneca, Pfizer/BioNTech, Sputnik V",
2021-05-02,1125141,511147,1636288,https://github.com/Institut-Zdravotnych-Analyz/covid19-data,Slovakia,"Moderna, Oxford/AstraZeneca, Pfizer/BioNTech, Sputnik V",
2021-05-03,1145139,514109,1659248,https://github.com/Institut-Zdravotnych-Analyz/covid19-data,Slovakia,"Moderna, Oxford/AstraZeneca, Pfizer/BioNTech, Sputnik V",
2021-05-04,1155101,528989,1684090,https://github.com/Institut-Zdravotnych-Analyz/covid19-data,Slovakia,"Moderna, Oxford/AstraZeneca, Pfizer/BioNTech, Sputnik V",
2021-05-05,1161273,547057,1708330,https://github.com/Institut-Zdravotnych-Analyz/covid19-data,Slovakia,"Moderna, Oxford/AstraZeneca, Pfizer/BioNTech, Sputnik V",
2021-05-06,1173588,560704,1734292,https://github.com/Institut-Zdravotnych-Analyz/covid19-data,Slovakia,"Moderna, Oxford/AstraZeneca, Pfizer/BioNTech, Sputnik V",
2021-05-07,1188562,575501,1764063,https://github.com/Institut-Zdravotnych-Analyz/covid19-data,Slovakia,"Moderna, Oxford/AstraZeneca, Pfizer/BioNTech, Sputnik V",
2021-05-08,1223671,585780,1809451,https://github.com/Institut-Zdravotnych-Analyz/covid19-data,Slovakia,"Moderna, Oxford/AstraZeneca, Pfizer/BioNTech, Sputnik V",
2021-05-09,1253055,588742,1841797,https://github.com/Institut-Zdravotnych-Analyz/covid19-data,Slovakia,"Moderna, Oxford/AstraZeneca, Pfizer/BioNTech, Sputnik V",
2021-05-10,1277429,596124,1873553,https://github.com/Institut-Zdravotnych-Analyz/covid19-data,Slovakia,"Moderna, Oxford/AstraZeneca, Pfizer/BioNTech, Sputnik V",
2021-05-11,1299640,604437,1904077,https://github.com/Institut-Zdravotnych-Analyz/covid19-data,Slovakia,"Moderna, Oxford/AstraZeneca, Pfizer/BioNTech, Sputnik V",
2021-05-12,1318345,615325,1933670,https://github.com/Institut-Zdravotnych-Analyz/covid19-data,Slovakia,"Moderna, Oxford/AstraZeneca, Pfizer/BioNTech, Sputnik V",
2021-05-13,1336375,627428,1963803,https://github.com/Institut-Zdravotnych-Analyz/covid19-data,Slovakia,"Moderna, Oxford/AstraZeneca, Pfizer/BioNTech, Sputnik V",
2021-05-14,1358082,642012,2000094,https://github.com/Institut-Zdravotnych-Analyz/covid19-data,Slovakia,"Moderna, Oxford/AstraZeneca, Pfizer/BioNTech, Sputnik V",
2021-05-15,1383835,660634,2044469,https://github.com/Institut-Zdravotnych-Analyz/covid19-data,Slovakia,"Moderna, Oxford/AstraZeneca, Pfizer/BioNTech, Sputnik V",
2021-05-16,1406805,669857,2076662,https://github.com/Institut-Zdravotnych-Analyz/covid19-data,Slovakia,"Moderna, Oxford/AstraZeneca, Pfizer/BioNTech, Sputnik V",
2021-05-17,1428800,681764,2110564,https://github.com/Institut-Zdravotnych-Analyz/covid19-data,Slovakia,"Moderna, Oxford/AstraZeneca, Pfizer/BioNTech, Sputnik V",
2021-05-18,1450735,690134,2140869,https://github.com/Institut-Zdravotnych-Analyz/covid19-data,Slovakia,"Moderna, Oxford/AstraZeneca, Pfizer/BioNTech, Sputnik V",
2021-05-19,1472416,699477,2171893,https://github.com/Institut-Zdravotnych-Analyz/covid19-data,Slovakia,"Moderna, Oxford/AstraZeneca, Pfizer/BioNTech, Sputnik V",
2021-05-20,1494342,713161,2207503,https://github.com/Institut-Zdravotnych-Analyz/covid19-data,Slovakia,"Moderna, Oxford/AstraZeneca, Pfizer/BioNTech, Sputnik V",
2021-05-21,1523372,722791,2246163,https://github.com/Institut-Zdravotnych-Analyz/covid19-data,Slovakia,"Moderna, Oxford/AstraZeneca, Pfizer/BioNTech, Sputnik V",
2021-05-22,1549316,744646,2293962,https://github.com/Institut-Zdravotnych-Analyz/covid19-data,Slovakia,"Moderna, Oxford/AstraZeneca, Pfizer/BioNTech, Sputnik V",
2021-05-23,1573444,754419,2327863,https://github.com/Institut-Zdravotnych-Analyz/covid19-data,Slovakia,"Moderna, Oxford/AstraZeneca, Pfizer/BioNTech, Sputnik V",
2021-05-24,1598828,762340,2361168,https://github.com/Institut-Zdravotnych-Analyz/covid19-data,Slovakia,"Moderna, Oxford/AstraZeneca, Pfizer/BioNTech, Sputnik V",
2021-05-25,1624660,767405,2392065,https://github.com/Institut-Zdravotnych-Analyz/covid19-data,Slovakia,"Moderna, Oxford/AstraZeneca, Pfizer/BioNTech, Sputnik V",
2021-05-26,1645248,775962,2421210,https://github.com/Institut-Zdravotnych-Analyz/covid19-data,Slovakia,"Moderna, Oxford/AstraZeneca, Pfizer/BioNTech, Sputnik V",
2021-05-27,1669607,788359,2457966,https://github.com/Institut-Zdravotnych-Analyz/covid19-data,Slovakia,"Moderna, Oxford/AstraZeneca, Pfizer/BioNTech, Sputnik V",
2021-05-28,1685906,806073,2491979,https://github.com/Institut-Zdravotnych-Analyz/covid19-data,Slovakia,"Moderna, Oxford/AstraZeneca, Pfizer/BioNTech, Sputnik V",
2021-05-29,1712180,829775,2541955,https://github.com/Institut-Zdravotnych-Analyz/covid19-data,Slovakia,"Moderna, Oxford/AstraZeneca, Pfizer/BioNTech, Sputnik V",
2021-05-30,1726394,852675,2579069,https://github.com/Institut-Zdravotnych-Analyz/covid19-data,Slovakia,"Moderna, Oxford/AstraZeneca, Pfizer/BioNTech, Sputnik V",
2021-05-31,1740088,873809,2613897,https://github.com/Institut-Zdravotnych-Analyz/covid19-data,Slovakia,"Moderna, Oxford/AstraZeneca, Pfizer/BioNTech, Sputnik V",
2021-06-01,1758852,884292,2643144,https://github.com/Institut-Zdravotnych-Analyz/covid19-data,Slovakia,"Moderna, Oxford/AstraZeneca, Pfizer/BioNTech, Sputnik V",
2021-06-02,1777432,893535,2670967,https://github.com/Institut-Zdravotnych-Analyz/covid19-data,Slovakia,"Moderna, Oxford/AstraZeneca, Pfizer/BioNTech, Sputnik V",
2021-06-03,1795039,909725,2704764,https://github.com/Institut-Zdravotnych-Analyz/covid19-data,Slovakia,"Moderna, Oxford/AstraZeneca, Pfizer/BioNTech, Sputnik V",
2021-06-04,1812488,926620,2739108,https://github.com/Institut-Zdravotnych-Analyz/covid19-data,Slovakia,"Moderna, Oxford/AstraZeneca, Pfizer/BioNTech, Sputnik V",
2021-06-05,1824217,962493,2786710,https://github.com/Institut-Zdravotnych-Analyz/covid19-data,Slovakia,"Moderna, Oxford/AstraZeneca, Pfizer/BioNTech, Sputnik V",
2021-06-06,1830982,991398,2822380,https://github.com/Institut-Zdravotnych-Analyz/covid19-data,Slovakia,"Moderna, Oxford/AstraZeneca, Pfizer/BioNTech, Sputnik V",
2021-06-07,1840279,1015495,2855774,https://github.com/Institut-Zdravotnych-Analyz/covid19-data,Slovakia,"Moderna, Oxford/AstraZeneca, Pfizer/BioNTech, Sputnik V",
2021-06-08,1849811,1035617,2885428,https://github.com/Institut-Zdravotnych-Analyz/covid19-data,Slovakia,"Moderna, Oxford/AstraZeneca, Pfizer/BioNTech, Sputnik V",
2021-06-09,1858795,1055061,2913856,https://github.com/Institut-Zdravotnych-Analyz/covid19-data,Slovakia,"Moderna, Oxford/AstraZeneca, Pfizer/BioNTech, Sputnik V",
2021-06-10,1867952,1080637,2948589,https://github.com/Institut-Zdravotnych-Analyz/covid19-data,Slovakia,"Moderna, Oxford/AstraZeneca, Pfizer/BioNTech, Sputnik V",
2021-06-11,1877164,1107311,2984475,https://github.com/Institut-Zdravotnych-Analyz/covid19-data,Slovakia,"Moderna, Oxford/AstraZeneca, Pfizer/BioNTech, Sputnik V",
2021-06-12,1888084,1141234,3029318,https://github.com/Institut-Zdravotnych-Analyz/covid19-data,Slovakia,"Moderna, Oxford/AstraZeneca, Pfizer/BioNTech, Sputnik V",
2021-06-13,1899649,1166188,3065837,https://github.com/Institut-Zdravotnych-Analyz/covid19-data,Slovakia,"Moderna, Oxford/AstraZeneca, Pfizer/BioNTech, Sputnik V",
2021-06-14,1910442,1186428,3096870,https://github.com/Institut-Zdravotnych-Analyz/covid19-data,Slovakia,"Moderna, Oxford/AstraZeneca, Pfizer/BioNTech, Sputnik V",
2021-06-15,1920301,1205625,3125926,https://github.com/Institut-Zdravotnych-Analyz/covid19-data,Slovakia,"Moderna, Oxford/AstraZeneca, Pfizer/BioNTech, Sputnik V",
2021-06-16,1927528,1227346,3154874,https://github.com/Institut-Zdravotnych-Analyz/covid19-data,Slovakia,"Moderna, Oxford/AstraZeneca, Pfizer/BioNTech, Sputnik V",
2021-06-17,1934499,1256240,3190739,https://github.com/Institut-Zdravotnych-Analyz/covid19-data,Slovakia,"Moderna, Oxford/AstraZeneca, Pfizer/BioNTech, Sputnik V",
2021-06-18,1941173,1287169,3228342,https://github.com/Institut-Zdravotnych-Analyz/covid19-data,Slovakia,"Moderna, Oxford/AstraZeneca, Pfizer/BioNTech, Sputnik V",
2021-06-19,1951934,1322801,3274735,https://github.com/Institut-Zdravotnych-Analyz/covid19-data,Slovakia,"Moderna, Oxford/AstraZeneca, Pfizer/BioNTech, Sputnik V",
2021-06-20,1957307,1357015,3314322,https://github.com/Institut-Zdravotnych-Analyz/covid19-data,Slovakia,"Moderna, Oxford/AstraZeneca, Pfizer/BioNTech, Sputnik V",
2021-06-21,1964231,1384182,3348413,https://github.com/Institut-Zdravotnych-Analyz/covid19-data,Slovakia,"Moderna, Oxford/AstraZeneca, Pfizer/BioNTech, Sputnik V",
2021-06-22,1971468,1409492,3380960,https://github.com/Institut-Zdravotnych-Analyz/covid19-data,Slovakia,"Moderna, Oxford/AstraZeneca, Pfizer/BioNTech, Sputnik V",
2021-06-23,1979824,1430688,3410512,https://github.com/Institut-Zdravotnych-Analyz/covid19-data,Slovakia,"Moderna, Oxford/AstraZeneca, Pfizer/BioNTech, Sputnik V",
2021-06-24,1986412,1460684,3447096,https://github.com/Institut-Zdravotnych-Analyz/covid19-data,Slovakia,"Moderna, Oxford/AstraZeneca, Pfizer/BioNTech, Sputnik V",
2021-06-25,1995753,1488686,3484439,https://github.com/Institut-Zdravotnych-Analyz/covid19-data,Slovakia,"Moderna, Oxford/AstraZeneca, Pfizer/BioNTech, Sputnik V",
2021-06-26,2002219,1523901,3526120,https://github.com/Institut-Zdravotnych-Analyz/covid19-data,Slovakia,"Moderna, Oxford/AstraZeneca, Pfizer/BioNTech, Sputnik V",
2021-06-27,2009410,1546891,3556301,https://github.com/Institut-Zdravotnych-Analyz/covid19-data,Slovakia,"Moderna, Oxford/AstraZeneca, Pfizer/BioNTech, Sputnik V",
2021-06-28,2018295,1564350,3582645,https://github.com/Institut-Zdravotnych-Analyz/covid19-data,Slovakia,"Moderna, Oxford/AstraZeneca, Pfizer/BioNTech, Sputnik V",
2021-06-29,2027452,1583731,3611183,https://github.com/Institut-Zdravotnych-Analyz/covid19-data,Slovakia,"Moderna, Oxford/AstraZeneca, Pfizer/BioNTech, Sputnik V",
2021-06-30,2035641,1604494,3640135,https://github.com/Institut-Zdravotnych-Analyz/covid19-data,Slovakia,"Moderna, Oxford/AstraZeneca, Pfizer/BioNTech, Sputnik V",
2021-07-01,2043448,1629869,3673317,https://github.com/Institut-Zdravotnych-Analyz/covid19-data,Slovakia,"Moderna, Oxford/AstraZeneca, Pfizer/BioNTech, Sputnik V",
2021-07-02,2054786,1652393,3707179,https://github.com/Institut-Zdravotnych-Analyz/covid19-data,Slovakia,"Moderna, Oxford/AstraZeneca, Pfizer/BioNTech, Sputnik V",
2021-07-03,2068318,1680124,3748442,https://github.com/Institut-Zdravotnych-Analyz/covid19-data,Slovakia,"Moderna, Oxford/AstraZeneca, Pfizer/BioNTech, Sputnik V",
2021-07-04,2081070,1693942,3775012,https://github.com/Institut-Zdravotnych-Analyz/covid19-data,Slovakia,"Moderna, Oxford/AstraZeneca, Pfizer/BioNTech, Sputnik V",
2021-07-05,2085796,1698042,3783838,https://github.com/Institut-Zdravotnych-Analyz/covid19-data,Slovakia,"Moderna, Oxford/AstraZeneca, Pfizer/BioNTech, Sputnik V",
2021-07-06,2096776,1715152,3811928,https://github.com/Institut-Zdravotnych-Analyz/covid19-data,Slovakia,"Moderna, Oxford/AstraZeneca, Pfizer/BioNTech, Sputnik V",
2021-07-07,2106581,1730121,3836702,https://github.com/Institut-Zdravotnych-Analyz/covid19-data,Slovakia,"Moderna, Oxford/AstraZeneca, Pfizer/BioNTech, Sputnik V",
2021-07-08,2117668,1744268,3861936,https://github.com/Institut-Zdravotnych-Analyz/covid19-data,Slovakia,"Moderna, Oxford/AstraZeneca, Pfizer/BioNTech, Sputnik V",
2021-07-09,2129508,1762563,3892071,https://github.com/Institut-Zdravotnych-Analyz/covid19-data,Slovakia,"Moderna, Oxford/AstraZeneca, Pfizer/BioNTech, Sputnik V",
2021-07-10,2140311,1782735,3923046,https://github.com/Institut-Zdravotnych-Analyz/covid19-data,Slovakia,"Moderna, Oxford/AstraZeneca, Pfizer/BioNTech, Sputnik V",
2021-07-11,2153528,1799305,3952833,https://github.com/Institut-Zdravotnych-Analyz/covid19-data,Slovakia,"Moderna, Oxford/AstraZeneca, Pfizer/BioNTech, Sputnik V",
2021-07-12,2167286,1811844,3979130,https://github.com/Institut-Zdravotnych-Analyz/covid19-data,Slovakia,"Moderna, Oxford/AstraZeneca, Pfizer/BioNTech, Sputnik V",
2021-07-13,2176191,1822703,3998894,https://github.com/Institut-Zdravotnych-Analyz/covid19-data,Slovakia,"Moderna, Oxford/AstraZeneca, Pfizer/BioNTech, Sputnik V",
2021-07-14,2186069,1832630,4018699,https://github.com/Institut-Zdravotnych-Analyz/covid19-data,Slovakia,"Moderna, Oxford/AstraZeneca, Pfizer/BioNTech, Sputnik V",
2021-07-15,2193856,1844065,4037921,https://github.com/Institut-Zdravotnych-Analyz/covid19-data,Slovakia,"Moderna, Oxford/AstraZeneca, Pfizer/BioNTech, Sputnik V",
2021-07-16,2201475,1857873,4059348,https://github.com/Institut-Zdravotnych-Analyz/covid19-data,Slovakia,"Moderna, Oxford/AstraZeneca, Pfizer/BioNTech, Sputnik V",
2021-07-17,2209537,1870925,4080462,https://github.com/Institut-Zdravotnych-Analyz/covid19-data,Slovakia,"Moderna, Oxford/AstraZeneca, Pfizer/BioNTech, Sputnik V",
2021-07-18,2212376,1878348,4090724,https://github.com/Institut-Zdravotnych-Analyz/covid19-data,Slovakia,"Moderna, Oxford/AstraZeneca, Pfizer/BioNTech, Sputnik V",
2021-07-19,2217644,1886195,4103839,https://github.com/Institut-Zdravotnych-Analyz/covid19-data,Slovakia,"Moderna, Oxford/AstraZeneca, Pfizer/BioNTech, Sputnik V",
2021-07-20,2222928,1895001,4117929,https://github.com/Institut-Zdravotnych-Analyz/covid19-data,Slovakia,"Moderna, Oxford/AstraZeneca, Pfizer/BioNTech, Sputnik V",
2021-07-21,2228455,1902424,4130879,https://github.com/Institut-Zdravotnych-Analyz/covid19-data,Slovakia,"Moderna, Oxford/AstraZeneca, Pfizer/BioNTech, Sputnik V",
2021-07-22,2234178,1909233,4143411,https://github.com/Institut-Zdravotnych-Analyz/covid19-data,Slovakia,"Moderna, Oxford/AstraZeneca, Pfizer/BioNTech, Sputnik V",
2021-07-23,2238680,1922050,4160730,https://github.com/Institut-Zdravotnych-Analyz/covid19-data,Slovakia,"Moderna, Oxford/AstraZeneca, Pfizer/BioNTech, Sputnik V",
2021-07-24,2243001,1929618,4172619,https://github.com/Institut-Zdravotnych-Analyz/covid19-data,Slovakia,"Moderna, Oxford/AstraZeneca, Pfizer/BioNTech, Sputnik V",
2021-07-25,2248071,1937282,4185353,https://github.com/Institut-Zdravotnych-Analyz/covid19-data,Slovakia,"Moderna, Oxford/AstraZeneca, Pfizer/BioNTech, Sputnik V",
2021-07-26,2251928,1943016,4194944,https://github.com/Institut-Zdravotnych-Analyz/covid19-data,Slovakia,"Moderna, Oxford/AstraZeneca, Pfizer/BioNTech, Sputnik V",
2021-07-27,2256069,1950318,4206387,https://github.com/Institut-Zdravotnych-Analyz/covid19-data,Slovakia,"Moderna, Oxford/AstraZeneca, Pfizer/BioNTech, Sputnik V",
2021-07-28,2260607,1958022,4218629,https://github.com/Institut-Zdravotnych-Analyz/covid19-data,Slovakia,"Moderna, Oxford/AstraZeneca, Pfizer/BioNTech, Sputnik V",
2021-07-29,2265510,1967424,4232934,https://github.com/Institut-Zdravotnych-Analyz/covid19-data,Slovakia,"Moderna, Oxford/AstraZeneca, Pfizer/BioNTech, Sputnik V",
2021-07-30,2271266,1978040,4249306,https://github.com/Institut-Zdravotnych-Analyz/covid19-data,Slovakia,"Moderna, Oxford/AstraZeneca, Pfizer/BioNTech, Sputnik V",
2021-07-31,2275576,1988878,4264454,https://github.com/Institut-Zdravotnych-Analyz/covid19-data,Slovakia,"Moderna, Oxford/AstraZeneca, Pfizer/BioNTech, Sputnik V",
2021-08-01,2278989,2000302,4279291,https://github.com/Institut-Zdravotnych-Analyz/covid19-data,Slovakia,"Moderna, Oxford/AstraZeneca, Pfizer/BioNTech, Sputnik V",
2021-08-02,2283684,2006885,4290569,https://github.com/Institut-Zdravotnych-Analyz/covid19-data,Slovakia,"Moderna, Oxford/AstraZeneca, Pfizer/BioNTech, Sputnik V",
2021-08-03,2288620,2014106,4302726,https://github.com/Institut-Zdravotnych-Analyz/covid19-data,Slovakia,"Moderna, Oxford/AstraZeneca, Pfizer/BioNTech, Sputnik V",
2021-08-04,2293997,2023531,4317528,https://github.com/Institut-Zdravotnych-Analyz/covid19-data,Slovakia,"Moderna, Oxford/AstraZeneca, Pfizer/BioNTech, Sputnik V",
2021-08-05,2299538,2032948,4332486,https://github.com/Institut-Zdravotnych-Analyz/covid19-data,Slovakia,"Moderna, Oxford/AstraZeneca, Pfizer/BioNTech, Sputnik V",
2021-08-06,2305383,2043126,4348509,https://github.com/Institut-Zdravotnych-Analyz/covid19-data,Slovakia,"Moderna, Oxford/AstraZeneca, Pfizer/BioNTech, Sputnik V",
2021-08-07,2310711,2053527,4364238,https://github.com/Institut-Zdravotnych-Analyz/covid19-data,Slovakia,"Moderna, Oxford/AstraZeneca, Pfizer/BioNTech, Sputnik V",
2021-08-08,2313445,2058576,4372021,https://github.com/Institut-Zdravotnych-Analyz/covid19-data,Slovakia,"Moderna, Oxford/AstraZeneca, Pfizer/BioNTech, Sputnik V",
2021-08-09,2316831,2067437,4384268,https://github.com/Institut-Zdravotnych-Analyz/covid19-data,Slovakia,"Moderna, Oxford/AstraZeneca, Pfizer/BioNTech, Sputnik V",
2021-08-10,2321269,2075416,4396685,https://github.com/Institut-Zdravotnych-Analyz/covid19-data,Slovakia,"Moderna, Oxford/AstraZeneca, Pfizer/BioNTech, Sputnik V",
2021-08-11,2325542,2085322,4410864,https://github.com/Institut-Zdravotnych-Analyz/covid19-data,Slovakia,"Moderna, Oxford/AstraZeneca, Pfizer/BioNTech, Sputnik V",
2021-08-12,2329604,2094177,4423781,https://github.com/Institut-Zdravotnych-Analyz/covid19-data,Slovakia,"Moderna, Oxford/AstraZeneca, Pfizer/BioNTech, Sputnik V",
2021-08-13,2334370,2102826,4437196,https://github.com/Institut-Zdravotnych-Analyz/covid19-data,Slovakia,"Moderna, Oxford/AstraZeneca, Pfizer/BioNTech, Sputnik V",
2021-08-14,2337336,2106867,4444203,https://github.com/Institut-Zdravotnych-Analyz/covid19-data,Slovakia,"Moderna, Oxford/AstraZeneca, Pfizer/BioNTech, Sputnik V",
2021-08-15,2340897,2108497,4449394,https://github.com/Institut-Zdravotnych-Analyz/covid19-data,Slovakia,"Moderna, Oxford/AstraZeneca, Pfizer/BioNTech, Sputnik V",
2021-08-16,2345466,2113912,4459378,https://github.com/Institut-Zdravotnych-Analyz/covid19-data,Slovakia,"Moderna, Oxford/AstraZeneca, Pfizer/BioNTech, Sputnik V",
2021-08-17,2349488,2118747,4468235,https://github.com/Institut-Zdravotnych-Analyz/covid19-data,Slovakia,"Moderna, Oxford/AstraZeneca, Pfizer/BioNTech, Sputnik V",
2021-08-18,2354267,2124630,4478897,https://github.com/Institut-Zdravotnych-Analyz/covid19-data,Slovakia,"Moderna, Oxford/AstraZeneca, Pfizer/BioNTech, Sputnik V",
2021-08-19,2358612,2130667,4489279,https://github.com/Institut-Zdravotnych-Analyz/covid19-data,Slovakia,"Moderna, Oxford/AstraZeneca, Pfizer/BioNTech, Sputnik V",
2021-08-20,2364864,2136685,4501549,https://github.com/Institut-Zdravotnych-Analyz/covid19-data,Slovakia,"Moderna, Oxford/AstraZeneca, Pfizer/BioNTech, Sputnik V",
2021-08-21,2367063,2138362,4505425,https://github.com/Institut-Zdravotnych-Analyz/covid19-data,Slovakia,"Moderna, Oxford/AstraZeneca, Pfizer/BioNTech, Sputnik V",
2021-08-22,2370247,2139815,4510062,https://github.com/Institut-Zdravotnych-Analyz/covid19-data,Slovakia,"Moderna, Oxford/AstraZeneca, Pfizer/BioNTech, Sputnik V",
2021-08-23,2373591,2144259,4517850,https://github.com/Institut-Zdravotnych-Analyz/covid19-data,Slovakia,"Moderna, Oxford/AstraZeneca, Pfizer/BioNTech, Sputnik V",
2021-08-24,2376891,2148590,4525481,https://github.com/Institut-Zdravotnych-Analyz/covid19-data,Slovakia,"Moderna, Oxford/AstraZeneca, Pfizer/BioNTech, Sputnik V",
2021-08-25,2381419,2153492,4534911,https://github.com/Institut-Zdravotnych-Analyz/covid19-data,Slovakia,"Moderna, Oxford/AstraZeneca, Pfizer/BioNTech, Sputnik V",
2021-08-26,2384677,2157817,4542494,https://github.com/Institut-Zdravotnych-Analyz/covid19-data,Slovakia,"Moderna, Oxford/AstraZeneca, Pfizer/BioNTech, Sputnik V",
2021-08-27,2388602,2164714,4553316,https://github.com/Institut-Zdravotnych-Analyz/covid19-data,Slovakia,"Moderna, Oxford/AstraZeneca, Pfizer/BioNTech, Sputnik V",
2021-08-28,2391327,2167075,4558402,https://github.com/Institut-Zdravotnych-Analyz/covid19-data,Slovakia,"Moderna, Oxford/AstraZeneca, Pfizer/BioNTech, Sputnik V",
2021-08-29,2392442,2168557,4560999,https://github.com/Institut-Zdravotnych-Analyz/covid19-data,Slovakia,"Moderna, Oxford/AstraZeneca, Pfizer/BioNTech, Sputnik V",
2021-08-30,2394967,2172804,4567771,https://github.com/Institut-Zdravotnych-Analyz/covid19-data,Slovakia,"Moderna, Oxford/AstraZeneca, Pfizer/BioNTech, Sputnik V",
2021-08-31,2398285,2177943,4576228,https://github.com/Institut-Zdravotnych-Analyz/covid19-data,Slovakia,"Moderna, Oxford/AstraZeneca, Pfizer/BioNTech, Sputnik V",
2021-09-01,2398616,2178169,4576785,https://github.com/Institut-Zdravotnych-Analyz/covid19-data,Slovakia,"Moderna, Oxford/AstraZeneca, Pfizer/BioNTech, Sputnik V",
2021-09-02,2401632,2184568,4586200,https://github.com/Institut-Zdravotnych-Analyz/covid19-data,Slovakia,"Moderna, Oxford/AstraZeneca, Pfizer/BioNTech, Sputnik V",
2021-09-03,2405045,2190437,4595482,https://github.com/Institut-Zdravotnych-Analyz/covid19-data,Slovakia,"Moderna, Oxford/AstraZeneca, Pfizer/BioNTech, Sputnik V",
2021-09-04,2406122,2191473,4597595,https://github.com/Institut-Zdravotnych-Analyz/covid19-data,Slovakia,"Moderna, Oxford/AstraZeneca, Pfizer/BioNTech, Sputnik V",
2021-09-05,2407144,2192271,4599415,https://github.com/Institut-Zdravotnych-Analyz/covid19-data,Slovakia,"Moderna, Oxford/AstraZeneca, Pfizer/BioNTech, Sputnik V",
2021-09-06,2408964,2195814,4604778,https://github.com/Institut-Zdravotnych-Analyz/covid19-data,Slovakia,"Moderna, Oxford/AstraZeneca, Pfizer/BioNTech, Sputnik V",
2021-09-07,2411091,2198839,4609930,https://github.com/Institut-Zdravotnych-Analyz/covid19-data,Slovakia,"Moderna, Oxford/AstraZeneca, Pfizer/BioNTech, Sputnik V",
2021-09-08,2413150,2202533,4615683,https://github.com/Institut-Zdravotnych-Analyz/covid19-data,Slovakia,"Moderna, Oxford/AstraZeneca, Pfizer/BioNTech, Sputnik V",
2021-09-09,2415710,2206958,4622668,https://github.com/Institut-Zdravotnych-Analyz/covid19-data,Slovakia,"Moderna, Oxford/AstraZeneca, Pfizer/BioNTech, Sputnik V",
2021-09-10,2418829,2212947,4631776,https://github.com/Institut-Zdravotnych-Analyz/covid19-data,Slovakia,"Moderna, Oxford/AstraZeneca, Pfizer/BioNTech, Sputnik V",
2021-09-11,2419488,2213567,4633055,https://github.com/Institut-Zdravotnych-Analyz/covid19-data,Slovakia,"Moderna, Oxford/AstraZeneca, Pfizer/BioNTech, Sputnik V",
2021-09-12,2420312,2214197,4634509,https://github.com/Institut-Zdravotnych-Analyz/covid19-data,Slovakia,"Moderna, Oxford/AstraZeneca, Pfizer/BioNTech, Sputnik V",
2021-09-13,2422416,2217390,4639806,https://github.com/Institut-Zdravotnych-Analyz/covid19-data,Slovakia,"Moderna, Oxford/AstraZeneca, Pfizer/BioNTech, Sputnik V",
2021-09-14,2425429,2220270,4645699,https://github.com/Institut-Zdravotnych-Analyz/covid19-data,Slovakia,"Moderna, Oxford/AstraZeneca, Pfizer/BioNTech, Sputnik V",
2021-09-15,2425609,2220495,4646104,https://github.com/Institut-Zdravotnych-Analyz/covid19-data,Slovakia,"Moderna, Oxford/AstraZeneca, Pfizer/BioNTech, Sputnik V",
2021-09-16,2428553,2226218,4654771,https://github.com/Institut-Zdravotnych-Analyz/covid19-data,Slovakia,"Moderna, Oxford/AstraZeneca, Pfizer/BioNTech, Sputnik V",
2021-09-17,2431945,2231551,4663496,https://github.com/Institut-Zdravotnych-Analyz/covid19-data,Slovakia,"Moderna, Oxford/AstraZeneca, Pfizer/BioNTech, Sputnik V",
2021-09-18,2432790,2232558,4665348,https://github.com/Institut-Zdravotnych-Analyz/covid19-data,Slovakia,"Moderna, Oxford/AstraZeneca, Pfizer/BioNTech, Sputnik V",
2021-09-19,2434134,2233321,4667455,https://github.com/Institut-Zdravotnych-Analyz/covid19-data,Slovakia,"Moderna, Oxford/AstraZeneca, Pfizer/BioNTech, Sputnik V",
2021-09-20,2436177,2235865,4672042,https://github.com/Institut-Zdravotnych-Analyz/covid19-data,Slovakia,"Moderna, Oxford/AstraZeneca, Pfizer/BioNTech, Sputnik V",
2021-09-21,2439216,2238508,4677724,https://github.com/Institut-Zdravotnych-Analyz/covid19-data,Slovakia,"Moderna, Oxford/AstraZeneca, Pfizer/BioNTech, Sputnik V",
2021-09-22,2441867,2241385,4683252,https://github.com/Institut-Zdravotnych-Analyz/covid19-data,Slovakia,"Moderna, Oxford/AstraZeneca, Pfizer/BioNTech, Sputnik V",
2021-09-23,2445123,2244697,4689820,https://github.com/Institut-Zdravotnych-Analyz/covid19-data,Slovakia,"Moderna, Oxford/AstraZeneca, Pfizer/BioNTech, Sputnik V",
2021-09-24,2449436,2249462,4698898,https://github.com/Institut-Zdravotnych-Analyz/covid19-data,Slovakia,"Moderna, Oxford/AstraZeneca, Pfizer/BioNTech, Sputnik V",
2021-09-25,2450066,2250070,4700136,https://github.com/Institut-Zdravotnych-Analyz/covid19-data,Slovakia,"Moderna, Oxford/AstraZeneca, Pfizer/BioNTech, Sputnik V",
2021-09-26,2451047,2250657,4701704,https://github.com/Institut-Zdravotnych-Analyz/covid19-data,Slovakia,"Moderna, Oxford/AstraZeneca, Pfizer/BioNTech, Sputnik V",
2021-09-27,2453256,2252797,4706053,https://github.com/Institut-Zdravotnych-Analyz/covid19-data,Slovakia,"Moderna, Oxford/AstraZeneca, Pfizer/BioNTech, Sputnik V",
2021-09-28,2455419,2254746,4710165,https://github.com/Institut-Zdravotnych-Analyz/covid19-data,Slovakia,"Moderna, Oxford/AstraZeneca, Pfizer/BioNTech, Sputnik V",
2021-09-29,2457921,2256339,4714260,https://github.com/Institut-Zdravotnych-Analyz/covid19-data,Slovakia,"Moderna, Oxford/AstraZeneca, Pfizer/BioNTech, Sputnik V",
2021-09-30,2460409,2258553,4718962,https://github.com/Institut-Zdravotnych-Analyz/covid19-data,Slovakia,"Moderna, Oxford/AstraZeneca, Pfizer/BioNTech, Sputnik V",
2021-10-01,2464269,2261978,4726247,https://github.com/Institut-Zdravotnych-Analyz/covid19-data,Slovakia,"Moderna, Oxford/AstraZeneca, Pfizer/BioNTech, Sputnik V",
2021-10-02,2464992,2262600,4727592,https://github.com/Institut-Zdravotnych-Analyz/covid19-data,Slovakia,"Moderna, Oxford/AstraZeneca, Pfizer/BioNTech, Sputnik V",
2021-10-03,2466100,2263002,4729102,https://github.com/Institut-Zdravotnych-Analyz/covid19-data,Slovakia,"Moderna, Oxford/AstraZeneca, Pfizer/BioNTech, Sputnik V",
2021-10-04,2467870,2264434,4732304,https://github.com/Institut-Zdravotnych-Analyz/covid19-data,Slovakia,"Moderna, Oxford/AstraZeneca, Pfizer/BioNTech, Sputnik V",
2021-10-05,2469543,2265792,4735335,https://github.com/Institut-Zdravotnych-Analyz/covid19-data,Slovakia,"Moderna, Oxford/AstraZeneca, Pfizer/BioNTech, Sputnik V",
2021-10-06,2471263,2267546,4738809,https://github.com/Institut-Zdravotnych-Analyz/covid19-data,Slovakia,"Moderna, Oxford/AstraZeneca, Pfizer/BioNTech, Sputnik V",
2021-10-07,2473564,2269600,4743164,https://github.com/Institut-Zdravotnych-Analyz/covid19-data,Slovakia,"Moderna, Oxford/AstraZeneca, Pfizer/BioNTech, Sputnik V",
2021-10-08,2477129,2273049,4750178,https://github.com/Institut-Zdravotnych-Analyz/covid19-data,Slovakia,"Moderna, Oxford/AstraZeneca, Pfizer/BioNTech, Sputnik V",
2021-10-09,2477855,2273407,4751262,https://github.com/Institut-Zdravotnych-Analyz/covid19-data,Slovakia,"Moderna, Oxford/AstraZeneca, Pfizer/BioNTech, Sputnik V",
2021-10-10,2478857,2273871,4752728,https://github.com/Institut-Zdravotnych-Analyz/covid19-data,Slovakia,"Moderna, Oxford/AstraZeneca, Pfizer/BioNTech, Sputnik V",
2021-10-11,2480209,2275601,4755810,https://github.com/Institut-Zdravotnych-Analyz/covid19-data,Slovakia,"Moderna, Oxford/AstraZeneca, Pfizer/BioNTech, Sputnik V",
2021-10-12,2481875,2277196,4759071,https://github.com/Institut-Zdravotnych-Analyz/covid19-data,Slovakia,"Moderna, Oxford/AstraZeneca, Pfizer/BioNTech, Sputnik V",
2021-10-13,2483352,2278208,4761560,https://github.com/Institut-Zdravotnych-Analyz/covid19-data,Slovakia,"Moderna, Oxford/AstraZeneca, Pfizer/BioNTech, Sputnik V",
2021-10-14,2485081,2279966,4765047,https://github.com/Institut-Zdravotnych-Analyz/covid19-data,Slovakia,"Moderna, Oxford/AstraZeneca, Pfizer/BioNTech, Sputnik V",
2021-10-15,2488024,2283401,4771425,https://github.com/Institut-Zdravotnych-Analyz/covid19-data,Slovakia,"Moderna, Oxford/AstraZeneca, Pfizer/BioNTech, Sputnik V",
2021-10-16,2488581,2283752,4772333,https://github.com/Institut-Zdravotnych-Analyz/covid19-data,Slovakia,"Moderna, Oxford/AstraZeneca, Pfizer/BioNTech, Sputnik V",
2021-10-17,2489337,2284078,4773415,https://github.com/Institut-Zdravotnych-Analyz/covid19-data,Slovakia,"Moderna, Oxford/AstraZeneca, Pfizer/BioNTech, Sputnik V",
2021-10-18,2490700,2285742,4776442,https://github.com/Institut-Zdravotnych-Analyz/covid19-data,Slovakia,"Moderna, Oxford/AstraZeneca, Pfizer/BioNTech, Sputnik V",
2021-10-19,2491993,2287248,4779241,https://github.com/Institut-Zdravotnych-Analyz/covid19-data,Slovakia,"Moderna, Oxford/AstraZeneca, Pfizer/BioNTech, Sputnik V",
2021-10-20,2493432,2289170,4782602,https://github.com/Institut-Zdravotnych-Analyz/covid19-data,Slovakia,"Moderna, Oxford/AstraZeneca, Pfizer/BioNTech, Sputnik V",
2021-10-21,2494979,2291122,4786101,https://github.com/Institut-Zdravotnych-Analyz/covid19-data,Slovakia,"Moderna, Oxford/AstraZeneca, Pfizer/BioNTech, Sputnik V",
2021-10-22,2497904,2295169,4793073,https://github.com/Institut-Zdravotnych-Analyz/covid19-data,Slovakia,"Moderna, Oxford/AstraZeneca, Pfizer/BioNTech, Sputnik V",
2021-10-23,2498406,2295642,4794048,https://github.com/Institut-Zdravotnych-Analyz/covid19-data,Slovakia,"Moderna, Oxford/AstraZeneca, Pfizer/BioNTech, Sputnik V",
2021-10-24,2498963,2295977,4794940,https://github.com/Institut-Zdravotnych-Analyz/covid19-data,Slovakia,"Moderna, Oxford/AstraZeneca, Pfizer/BioNTech, Sputnik V",
2021-10-25,2500606,2297851,4798457,https://github.com/Institut-Zdravotnych-Analyz/covid19-data,Slovakia,"Moderna, Oxford/AstraZeneca, Pfizer/BioNTech, Sputnik V",
2021-10-26,2502284,2299398,4801682,https://github.com/Institut-Zdravotnych-Analyz/covid19-data,Slovakia,"Moderna, Oxford/AstraZeneca, Pfizer/BioNTech, Sputnik V",
2021-10-27,2503866,2301013,4804879,https://github.com/Institut-Zdravotnych-Analyz/covid19-data,Slovakia,"Moderna, Oxford/AstraZeneca, Pfizer/BioNTech, Sputnik V",
2021-10-28,2505951,2302821,4808772,https://github.com/Institut-Zdravotnych-Analyz/covid19-data,Slovakia,"Moderna, Oxford/AstraZeneca, Pfizer/BioNTech, Sputnik V",
2021-10-29,2508582,2306221,4814803,https://github.com/Institut-Zdravotnych-Analyz/covid19-data,Slovakia,"Moderna, Oxford/AstraZeneca, Pfizer/BioNTech, Sputnik V",
2021-10-30,2509224,2306615,4815839,https://github.com/Institut-Zdravotnych-Analyz/covid19-data,Slovakia,"Moderna, Oxford/AstraZeneca, Pfizer/BioNTech, Sputnik V",
2021-10-31,2510170,2306878,4817048,https://github.com/Institut-Zdravotnych-Analyz/covid19-data,Slovakia,"Moderna, Oxford/AstraZeneca, Pfizer/BioNTech, Sputnik V",
2021-11-01,2510235,2306895,4817130,https://github.com/Institut-Zdravotnych-Analyz/covid19-data,Slovakia,"Moderna, Oxford/AstraZeneca, Pfizer/BioNTech, Sputnik V",
2021-11-02,2512210,2308790,4821000,https://github.com/Institut-Zdravotnych-Analyz/covid19-data,Slovakia,"Moderna, Oxford/AstraZeneca, Pfizer/BioNTech, Sputnik V",
2021-11-03,2513527,2310101,4823628,https://github.com/Institut-Zdravotnych-Analyz/covid19-data,Slovakia,"Moderna, Oxford/AstraZeneca, Pfizer/BioNTech, Sputnik V",
2021-11-04,2513532,2310107,4823639,https://github.com/Institut-Zdravotnych-Analyz/covid19-data,Slovakia,"Moderna, Oxford/AstraZeneca, Pfizer/BioNTech, Sputnik V",
