date,people_vaccinated,people_fully_vaccinated,total_vaccinations,location,source_url,vaccine,total_boosters
2021-03-23,0,,0,Solomon Islands,https://stats.pacificdata.org/vis?tm=covid&pg=0&df[ds]=SPC2&df[id]=DF_COVID_VACCINATION&df[ag]=SPC&df[vs]=1.0,Oxford/AstraZeneca,
2021-04-13,2622,0,2622,Solomon Islands,https://stats.pacificdata.org/vis?tm=covid&pg=0&df[ds]=SPC2&df[id]=DF_COVID_VACCINATION&df[ag]=SPC&df[vs]=1.0,Oxford/AstraZeneca,
2021-04-20,3479,0,3479,Solomon Islands,https://stats.pacificdata.org/vis?tm=covid&pg=0&df[ds]=SPC2&df[id]=DF_COVID_VACCINATION&df[ag]=SPC&df[vs]=1.0,Oxford/AstraZeneca,
2021-06-21,18042,3427,21469,Solomon Islands,https://stats.pacificdata.org/vis?tm=covid&pg=0&df[ds]=SPC2&df[id]=DF_COVID_VACCINATION&df[ag]=SPC&df[vs]=1.0,Oxford/AstraZeneca,
2021-06-29,18050,3692,21742,Solomon Islands,https://stats.pacificdata.org/vis?tm=covid&pg=0&df[ds]=SPC2&df[id]=DF_COVID_VACCINATION&df[ag]=SPC&df[vs]=1.0,Oxford/AstraZeneca,
2021-07-13,19641,5987,25628,Solomon Islands,https://stats.pacificdata.org/vis?tm=covid&pg=0&df[ds]=SPC2&df[id]=DF_COVID_VACCINATION&df[ag]=SPC&df[vs]=1.0,Oxford/AstraZeneca,
2021-07-20,20538,7282,27820,Solomon Islands,https://stats.pacificdata.org/vis?tm=covid&pg=0&df[ds]=SPC2&df[id]=DF_COVID_VACCINATION&df[ag]=SPC&df[vs]=1.0,Oxford/AstraZeneca,
2021-07-27,29429,9934,39363,Solomon Islands,https://stats.pacificdata.org/vis?tm=covid&pg=0&df[ds]=SPC2&df[id]=DF_COVID_VACCINATION&df[ag]=SPC&df[vs]=1.0,Oxford/AstraZeneca,
2021-08-02,29429,10975,40404,Solomon Islands,https://stats.pacificdata.org/vis?tm=covid&pg=0&df[ds]=SPC2&df[id]=DF_COVID_VACCINATION&df[ag]=SPC&df[vs]=1.0,Oxford/AstraZeneca,
2021-08-09,43466,13155,56621,Solomon Islands,https://stats.pacificdata.org/vis?tm=covid&pg=0&df[ds]=SPC2&df[id]=DF_COVID_VACCINATION&df[ag]=SPC&df[vs]=1.0,Oxford/AstraZeneca,
2021-08-16,48883,14437,63320,Solomon Islands,https://stats.pacificdata.org/vis?tm=covid&pg=0&df[ds]=SPC2&df[id]=DF_COVID_VACCINATION&df[ag]=SPC&df[vs]=1.0,Oxford/AstraZeneca,
2021-08-31,53974,17627,71601,Solomon Islands,https://stats.pacificdata.org/vis?tm=covid&pg=0&df[ds]=SPC2&df[id]=DF_COVID_VACCINATION&df[ag]=SPC&df[vs]=1.0,Oxford/AstraZeneca,
2021-09-14,74573,23171,97744,Solomon Islands,https://stats.pacificdata.org/vis?tm=covid&pg=0&df[ds]=SPC2&df[id]=DF_COVID_VACCINATION&df[ag]=SPC&df[vs]=1.0,Oxford/AstraZeneca,
2021-10-05,104760,25444,130204,Solomon Islands,https://stats.pacificdata.org/vis?tm=covid&pg=0&df[ds]=SPC2&df[id]=DF_COVID_VACCINATION&df[ag]=SPC&df[vs]=1.0,Oxford/AstraZeneca,
2021-10-12,113423,28497,141920,Solomon Islands,https://stats.pacificdata.org/vis?tm=covid&pg=0&df[ds]=SPC2&df[id]=DF_COVID_VACCINATION&df[ag]=SPC&df[vs]=1.0,Oxford/AstraZeneca,
2021-10-25,121778,31054,152832,Solomon Islands,https://stats.pacificdata.org/vis?tm=covid&pg=0&df[ds]=SPC2&df[id]=DF_COVID_VACCINATION&df[ag]=SPC&df[vs]=1.0,Oxford/AstraZeneca,
