location,date,vaccine,source_url,total_vaccinations,people_vaccinated,people_fully_vaccinated,total_boosters
South Korea,2021-02-26,Oxford/AstraZeneca,https://ncv.kdca.go.kr/,29872,26091,3793,0
South Korea,2021-02-27,"Oxford/AstraZeneca, Pfizer/BioNTech",https://ncv.kdca.go.kr/,31406,27585,3835,0
South Korea,2021-02-28,"Oxford/AstraZeneca, Pfizer/BioNTech",https://ncv.kdca.go.kr/,32335,28481,3868,0
South Korea,2021-03-01,"Oxford/AstraZeneca, Pfizer/BioNTech",https://ncv.kdca.go.kr/,33978,30095,3900,0
South Korea,2021-03-02,"Oxford/AstraZeneca, Pfizer/BioNTech",https://ncv.kdca.go.kr/,100618,96661,3975,0
South Korea,2021-03-03,"Oxford/AstraZeneca, Pfizer/BioNTech",https://ncv.kdca.go.kr/,170242,166189,4074,0
South Korea,2021-03-04,"Oxford/AstraZeneca, Pfizer/BioNTech",https://ncv.kdca.go.kr/,240965,236644,4344,0
South Korea,2021-03-05,"Oxford/AstraZeneca, Pfizer/BioNTech",https://ncv.kdca.go.kr/,311837,307368,4493,0
South Korea,2021-03-06,"Oxford/AstraZeneca, Pfizer/BioNTech",https://ncv.kdca.go.kr/,329956,325466,4517,0
South Korea,2021-03-07,"Oxford/AstraZeneca, Pfizer/BioNTech",https://ncv.kdca.go.kr/,332101,327596,4538,0
South Korea,2021-03-08,"Oxford/AstraZeneca, Pfizer/BioNTech",https://ncv.kdca.go.kr/,399839,395282,4593,0
South Korea,2021-03-09,"Oxford/AstraZeneca, Pfizer/BioNTech",https://ncv.kdca.go.kr/,463656,458968,4728,0
South Korea,2021-03-10,"Oxford/AstraZeneca, Pfizer/BioNTech",https://ncv.kdca.go.kr/,518102,513364,5000,0
South Korea,2021-03-11,"Oxford/AstraZeneca, Pfizer/BioNTech",https://ncv.kdca.go.kr/,563041,558135,5341,0
South Korea,2021-03-12,"Oxford/AstraZeneca, Pfizer/BioNTech",https://ncv.kdca.go.kr/,601570,596603,5569,0
South Korea,2021-03-13,"Oxford/AstraZeneca, Pfizer/BioNTech",https://ncv.kdca.go.kr/,605585,600577,5639,0
South Korea,2021-03-14,"Oxford/AstraZeneca, Pfizer/BioNTech",https://ncv.kdca.go.kr/,606874,601848,5672,0
South Korea,2021-03-15,"Oxford/AstraZeneca, Pfizer/BioNTech",https://ncv.kdca.go.kr/,620360,615288,6529,0
South Korea,2021-03-16,"Oxford/AstraZeneca, Pfizer/BioNTech",https://ncv.kdca.go.kr/,640040,634896,7192,0
South Korea,2021-03-17,"Oxford/AstraZeneca, Pfizer/BioNTech",https://ncv.kdca.go.kr/,660635,655432,7779,0
South Korea,2021-03-18,"Oxford/AstraZeneca, Pfizer/BioNTech",https://ncv.kdca.go.kr/,680622,675261,8218,0
South Korea,2021-03-19,"Oxford/AstraZeneca, Pfizer/BioNTech",https://ncv.kdca.go.kr/,698186,692743,8754,0
South Korea,2021-03-20,"Oxford/AstraZeneca, Pfizer/BioNTech",https://ncv.kdca.go.kr/,699932,694129,9123,0
South Korea,2021-03-21,"Oxford/AstraZeneca, Pfizer/BioNTech",https://ncv.kdca.go.kr/,700373,694261,9440,0
South Korea,2021-03-22,"Oxford/AstraZeneca, Pfizer/BioNTech",https://ncv.kdca.go.kr/,704700,698244,9867,0
South Korea,2021-03-23,"Oxford/AstraZeneca, Pfizer/BioNTech",https://ncv.kdca.go.kr/,727570,720399,10744,0
South Korea,2021-03-24,"Oxford/AstraZeneca, Pfizer/BioNTech",https://ncv.kdca.go.kr/,759650,751211,12019,0
South Korea,2021-03-25,"Oxford/AstraZeneca, Pfizer/BioNTech",https://ncv.kdca.go.kr/,795835,786165,13483,0
South Korea,2021-03-26,"Oxford/AstraZeneca, Pfizer/BioNTech",https://ncv.kdca.go.kr/,822569,811421,15151,0
South Korea,2021-03-27,"Oxford/AstraZeneca, Pfizer/BioNTech",https://ncv.kdca.go.kr/,824136,812925,15220,0
South Korea,2021-03-28,"Oxford/AstraZeneca, Pfizer/BioNTech",https://ncv.kdca.go.kr/,824341,813099,15256,0
South Korea,2021-03-29,"Oxford/AstraZeneca, Pfizer/BioNTech",https://ncv.kdca.go.kr/,853532,841282,16271,0
South Korea,2021-03-30,"Oxford/AstraZeneca, Pfizer/BioNTech",https://ncv.kdca.go.kr/,886065,871565,18529,0
South Korea,2021-03-31,"Oxford/AstraZeneca, Pfizer/BioNTech",https://ncv.kdca.go.kr/,915421,896024,23442,0
South Korea,2021-04-01,"Oxford/AstraZeneca, Pfizer/BioNTech",https://ncv.kdca.go.kr/,960774,934002,30849,0
South Korea,2021-04-02,"Oxford/AstraZeneca, Pfizer/BioNTech",https://ncv.kdca.go.kr/,1007768,974308,38024,0
South Korea,2021-04-03,"Oxford/AstraZeneca, Pfizer/BioNTech",https://ncv.kdca.go.kr/,1017242,983161,38671,0
South Korea,2021-04-04,"Oxford/AstraZeneca, Pfizer/BioNTech",https://ncv.kdca.go.kr/,1018098,983912,38786,0
South Korea,2021-04-05,"Oxford/AstraZeneca, Pfizer/BioNTech",https://ncv.kdca.go.kr/,1056652,1022053,40112,0
South Korea,2021-04-06,"Oxford/AstraZeneca, Pfizer/BioNTech",https://ncv.kdca.go.kr/,1102747,1062067,46886,0
South Korea,2021-04-07,"Oxford/AstraZeneca, Pfizer/BioNTech",https://ncv.kdca.go.kr/,1151325,1101251,57351,0
South Korea,2021-04-08,"Oxford/AstraZeneca, Pfizer/BioNTech",https://ncv.kdca.go.kr/,1199821,1139822,68289,0
South Korea,2021-04-09,"Oxford/AstraZeneca, Pfizer/BioNTech",https://ncv.kdca.go.kr/,1242682,1175122,77081,0
South Korea,2021-04-10,"Oxford/AstraZeneca, Pfizer/BioNTech",https://ncv.kdca.go.kr/,1253428,1184682,78713,0
South Korea,2021-04-11,"Oxford/AstraZeneca, Pfizer/BioNTech",https://ncv.kdca.go.kr/,1254001,1185167,78820,0
South Korea,2021-04-12,"Oxford/AstraZeneca, Pfizer/BioNTech",https://ncv.kdca.go.kr/,1294296,1225263,80442,0
South Korea,2021-04-13,"Oxford/AstraZeneca, Pfizer/BioNTech",https://ncv.kdca.go.kr/,1340101,1270892,81497,0
South Korea,2021-04-14,"Oxford/AstraZeneca, Pfizer/BioNTech",https://ncv.kdca.go.kr/,1387267,1317826,81733,0
South Korea,2021-04-15,"Oxford/AstraZeneca, Pfizer/BioNTech",https://ncv.kdca.go.kr/,1481691,1412041,81947,0
South Korea,2021-04-16,"Oxford/AstraZeneca, Pfizer/BioNTech",https://ncv.kdca.go.kr/,1586087,1516006,82393,0
South Korea,2021-04-17,"Oxford/AstraZeneca, Pfizer/BioNTech",https://ncv.kdca.go.kr/,1616063,1545816,82563,0
South Korea,2021-04-18,"Oxford/AstraZeneca, Pfizer/BioNTech",https://ncv.kdca.go.kr/,1621217,1550887,82648,0
South Korea,2021-04-19,"Oxford/AstraZeneca, Pfizer/BioNTech",https://ncv.kdca.go.kr/,1744844,1674329,82834,0
South Korea,2021-04-20,"Oxford/AstraZeneca, Pfizer/BioNTech",https://ncv.kdca.go.kr/,1876885,1806143,83063,0
South Korea,2021-04-21,"Oxford/AstraZeneca, Pfizer/BioNTech",https://ncv.kdca.go.kr/,2010474,1939389,83421,0
South Korea,2021-04-22,"Oxford/AstraZeneca, Pfizer/BioNTech",https://ncv.kdca.go.kr/,2161769,2071777,102329,0
South Korea,2021-04-23,"Oxford/AstraZeneca, Pfizer/BioNTech",https://ncv.kdca.go.kr/,2342361,2232476,122231,0
South Korea,2021-04-24,"Oxford/AstraZeneca, Pfizer/BioNTech",https://ncv.kdca.go.kr/,2413733,2297876,128204,0
South Korea,2021-04-25,"Oxford/AstraZeneca, Pfizer/BioNTech",https://ncv.kdca.go.kr/,2420707,2304367,128688,0
South Korea,2021-04-26,"Oxford/AstraZeneca, Pfizer/BioNTech",https://ncv.kdca.go.kr/,2585713,2447523,150549,0
South Korea,2021-04-27,"Oxford/AstraZeneca, Pfizer/BioNTech",https://ncv.kdca.go.kr/,2785118,2624847,172644,0
South Korea,2021-04-28,"Oxford/AstraZeneca, Pfizer/BioNTech",https://ncv.kdca.go.kr/,3038354,2857310,193429,0
South Korea,2021-04-29,"Oxford/AstraZeneca, Pfizer/BioNTech",https://ncv.kdca.go.kr/,3331396,3119978,223819,0
South Korea,2021-04-30,"Oxford/AstraZeneca, Pfizer/BioNTech",https://ncv.kdca.go.kr/,3639941,3398395,254880,0
South Korea,2021-05-01,"Oxford/AstraZeneca, Pfizer/BioNTech",https://ncv.kdca.go.kr/,3688380,3438879,262929,0
South Korea,2021-05-02,"Oxford/AstraZeneca, Pfizer/BioNTech",https://ncv.kdca.go.kr/,3690574,3440626,263385,0
South Korea,2021-05-03,"Oxford/AstraZeneca, Pfizer/BioNTech",https://ncv.kdca.go.kr/,3808494,3527706,294884,0
South Korea,2021-05-04,"Oxford/AstraZeneca, Pfizer/BioNTech",https://ncv.kdca.go.kr/,3915709,3603374,326994,0
South Korea,2021-05-05,"Oxford/AstraZeneca, Pfizer/BioNTech",https://ncv.kdca.go.kr/,3947315,3609366,352719,0
South Korea,2021-05-06,"Oxford/AstraZeneca, Pfizer/BioNTech",https://ncv.kdca.go.kr/,4079541,3667707,427061,0
South Korea,2021-05-07,"Oxford/AstraZeneca, Pfizer/BioNTech",https://ncv.kdca.go.kr/,4205477,3716443,504702,0
South Korea,2021-05-08,"Oxford/AstraZeneca, Pfizer/BioNTech",https://ncv.kdca.go.kr/,4245790,3728852,532620,0
South Korea,2021-05-09,"Oxford/AstraZeneca, Pfizer/BioNTech",https://ncv.kdca.go.kr/,4250884,3729051,537527,0
South Korea,2021-05-10,"Oxford/AstraZeneca, Pfizer/BioNTech",https://ncv.kdca.go.kr/,4342973,3743240,615805,0
South Korea,2021-05-11,"Oxford/AstraZeneca, Pfizer/BioNTech",https://ncv.kdca.go.kr/,4433264,3752454,697188,0
South Korea,2021-05-12,"Oxford/AstraZeneca, Pfizer/BioNTech",https://ncv.kdca.go.kr/,4523304,3759223,780628,0
South Korea,2021-05-13,"Oxford/AstraZeneca, Pfizer/BioNTech",https://ncv.kdca.go.kr/,4611067,3768599,859321,0
South Korea,2021-05-14,"Oxford/AstraZeneca, Pfizer/BioNTech",https://ncv.kdca.go.kr/,4703334,3780311,940201,0
South Korea,2021-05-15,"Oxford/AstraZeneca, Pfizer/BioNTech",https://ncv.kdca.go.kr/,4735403,3781992,970611,0
South Korea,2021-05-16,"Oxford/AstraZeneca, Pfizer/BioNTech",https://ncv.kdca.go.kr/,4740872,3782302,975783,0
South Korea,2021-05-17,"Oxford/AstraZeneca, Pfizer/BioNTech",https://ncv.kdca.go.kr/,4855475,3796210,1076635,0
South Korea,2021-05-18,"Oxford/AstraZeneca, Pfizer/BioNTech",https://ncv.kdca.go.kr/,5010623,3809199,1218898,0
South Korea,2021-05-19,"Oxford/AstraZeneca, Pfizer/BioNTech",https://ncv.kdca.go.kr/,5106234,3811494,1312245,0
South Korea,2021-05-20,"Oxford/AstraZeneca, Pfizer/BioNTech",https://ncv.kdca.go.kr/,5330660,3824358,1523931,0
South Korea,2021-05-21,"Oxford/AstraZeneca, Pfizer/BioNTech",https://ncv.kdca.go.kr/,5571616,3839520,1749968,0
South Korea,2021-05-22,"Oxford/AstraZeneca, Pfizer/BioNTech",https://ncv.kdca.go.kr/,5613093,3845008,1785988,0
South Korea,2021-05-23,"Oxford/AstraZeneca, Pfizer/BioNTech",https://ncv.kdca.go.kr/,5616350,3845456,1788801,0
South Korea,2021-05-24,"Oxford/AstraZeneca, Pfizer/BioNTech",https://ncv.kdca.go.kr/,5793883,3917767,1894160,0
South Korea,2021-05-25,"Oxford/AstraZeneca, Pfizer/BioNTech",https://ncv.kdca.go.kr/,5966336,3996524,1988001,0
South Korea,2021-05-26,"Oxford/AstraZeneca, Pfizer/BioNTech",https://ncv.kdca.go.kr/,6122429,4084720,2055995,0
South Korea,2021-05-27,"Oxford/AstraZeneca, Pfizer/BioNTech",https://ncv.kdca.go.kr/,6840423,4747323,2111639,0
South Korea,2021-05-28,"Oxford/AstraZeneca, Pfizer/BioNTech",https://ncv.kdca.go.kr/,7451366,5292862,2177078,0
South Korea,2021-05-29,"Oxford/AstraZeneca, Pfizer/BioNTech",https://ncv.kdca.go.kr/,7625364,5457861,2186091,0
South Korea,2021-05-30,"Oxford/AstraZeneca, Pfizer/BioNTech",https://ncv.kdca.go.kr/,7630583,5462888,2186287,0
South Korea,2021-05-31,"Oxford/AstraZeneca, Pfizer/BioNTech",https://ncv.kdca.go.kr/,8045324,5850198,2213743,0
South Korea,2021-06-01,"Oxford/AstraZeneca, Pfizer/BioNTech",https://ncv.kdca.go.kr/,8640426,6418584,2240524,0
South Korea,2021-06-02,"Oxford/AstraZeneca, Pfizer/BioNTech",https://ncv.kdca.go.kr/,9046997,6802170,2263567,0
South Korea,2021-06-03,"Oxford/AstraZeneca, Pfizer/BioNTech",https://ncv.kdca.go.kr/,9417885,7146873,2289799,0
South Korea,2021-06-04,"Oxford/AstraZeneca, Pfizer/BioNTech",https://ncv.kdca.go.kr/,9817853,7516634,2320146,0
South Korea,2021-06-05,"Oxford/AstraZeneca, Pfizer/BioNTech",https://ncv.kdca.go.kr/,9960954,7657121,2322782,0
South Korea,2021-06-06,"Oxford/AstraZeneca, Pfizer/BioNTech",https://ncv.kdca.go.kr/,9964319,7660363,2322920,0
South Korea,2021-06-07,"Oxford/AstraZeneca, Pfizer/BioNTech",https://ncv.kdca.go.kr/,10880627,8555766,2343899,0
South Korea,2021-06-08,"Oxford/AstraZeneca, Pfizer/BioNTech",https://ncv.kdca.go.kr/,11653999,9303080,2370009,0
South Korea,2021-06-09,"Oxford/AstraZeneca, Pfizer/BioNTech",https://ncv.kdca.go.kr/,12273559,9897835,2394904,0
South Korea,2021-06-10,"Oxford/AstraZeneca, Pfizer/BioNTech, Johnson&Johnson",https://ncv.kdca.go.kr/,13077551,10666214,2683657,0
South Korea,2021-06-11,"Oxford/AstraZeneca, Pfizer/BioNTech, Johnson&Johnson",https://ncv.kdca.go.kr/,13941233,11494165,2921879,0
South Korea,2021-06-12,"Oxford/AstraZeneca, Pfizer/BioNTech, Johnson&Johnson",https://ncv.kdca.go.kr/,14335969,11883658,3041391,0
South Korea,2021-06-13,"Oxford/AstraZeneca, Pfizer/BioNTech, Johnson&Johnson",https://ncv.kdca.go.kr/,14364396,11911698,3053562,0
South Korea,2021-06-14,"Oxford/AstraZeneca, Pfizer/BioNTech, Johnson&Johnson",https://ncv.kdca.go.kr/,15221868,12682009,3313166,0
South Korea,2021-06-15,"Oxford/AstraZeneca, Pfizer/BioNTech, Johnson&Johnson",https://ncv.kdca.go.kr/,15966983,13329938,3523086,0
South Korea,2021-06-16,"Oxford/AstraZeneca, Pfizer/BioNTech, Johnson&Johnson",https://ncv.kdca.go.kr/,16641667,13899058,3806815,0
South Korea,2021-06-17,"Oxford/AstraZeneca, Pfizer/BioNTech, Johnson&Johnson",https://ncv.kdca.go.kr/,17189684,14342963,3937164,0
South Korea,2021-06-18,"Oxford/AstraZeneca, Pfizer/BioNTech, Johnson&Johnson, Moderna",https://ncv.kdca.go.kr/,17825051,14880920,4065844,0
South Korea,2021-06-19,"Oxford/AstraZeneca, Pfizer/BioNTech, Johnson&Johnson, Moderna",https://ncv.kdca.go.kr/,18059069,15097635,4102224,0
South Korea,2021-06-20,"Oxford/AstraZeneca, Pfizer/BioNTech, Johnson&Johnson, Moderna",https://ncv.kdca.go.kr/,18060846,15098487,4103575,0
South Korea,2021-06-21,"Oxford/AstraZeneca, Pfizer/BioNTech, Johnson&Johnson, Moderna",https://ncv.kdca.go.kr/,18223444,15146437,4221919,0
South Korea,2021-06-22,"Oxford/AstraZeneca, Pfizer/BioNTech, Johnson&Johnson, Moderna",https://ncv.kdca.go.kr/,18396064,15195742,4348151,0
South Korea,2021-06-23,"Oxford/AstraZeneca, Pfizer/BioNTech, Johnson&Johnson, Moderna",https://ncv.kdca.go.kr/,18560334,15240345,4469254,0
South Korea,2021-06-24,"Oxford/AstraZeneca, Pfizer/BioNTech, Johnson&Johnson, Moderna",https://ncv.kdca.go.kr/,18714291,15286526,4577803,0
South Korea,2021-06-25,"Oxford/AstraZeneca, Pfizer/BioNTech, Johnson&Johnson, Moderna",https://ncv.kdca.go.kr/,18875728,15351040,4675300,0
South Korea,2021-06-26,"Oxford/AstraZeneca, Pfizer/BioNTech, Johnson&Johnson, Moderna",https://ncv.kdca.go.kr/,18911146,15362587,4699281,0
South Korea,2021-06-27,"Oxford/AstraZeneca, Pfizer/BioNTech, Johnson&Johnson, Moderna",https://ncv.kdca.go.kr/,18912329,15362813,4700260,0
South Korea,2021-06-28,"Oxford/AstraZeneca, Pfizer/BioNTech, Johnson&Johnson, Moderna",https://ncv.kdca.go.kr/,19070633,15376575,4845695,0
South Korea,2021-06-29,"Oxford/AstraZeneca, Pfizer/BioNTech, Johnson&Johnson, Moderna",https://ncv.kdca.go.kr/,19232861,15393859,4991697,0
South Korea,2021-06-30,"Oxford/AstraZeneca, Pfizer/BioNTech, Johnson&Johnson, Moderna",https://ncv.kdca.go.kr/,19384915,15409124,5129692,0
South Korea,2021-07-01,"Oxford/AstraZeneca, Pfizer/BioNTech, Johnson&Johnson, Moderna",https://ncv.kdca.go.kr/,19510633,15414115,5251593,0
South Korea,2021-07-02,"Oxford/AstraZeneca, Pfizer/BioNTech, Johnson&Johnson, Moderna",https://ncv.kdca.go.kr/,19637256,15419756,5373731,0
South Korea,2021-07-03,"Oxford/AstraZeneca, Pfizer/BioNTech, Johnson&Johnson, Moderna",https://ncv.kdca.go.kr/,19656171,15421594,5391233,0
South Korea,2021-07-04,"Oxford/AstraZeneca, Pfizer/BioNTech, Johnson&Johnson, Moderna",https://ncv.kdca.go.kr/,19657117,15421767,5392017,0
South Korea,2021-07-05,"Oxford/AstraZeneca, Pfizer/BioNTech, Johnson&Johnson, Moderna",https://ncv.kdca.go.kr/,19789069,15476797,5468954,0
South Korea,2021-07-06,"Oxford/AstraZeneca, Pfizer/BioNTech, Johnson&Johnson, Moderna",https://ncv.kdca.go.kr/,19919392,15515735,5560378,0
South Korea,2021-07-07,"Oxford/AstraZeneca, Pfizer/BioNTech, Johnson&Johnson, Moderna",https://ncv.kdca.go.kr/,20044856,15551651,5649981,0
South Korea,2021-07-08,"Oxford/AstraZeneca, Pfizer/BioNTech, Johnson&Johnson, Moderna",https://ncv.kdca.go.kr/,20190232,15590205,5756849,0
South Korea,2021-07-09,"Oxford/AstraZeneca, Pfizer/BioNTech, Johnson&Johnson, Moderna",https://ncv.kdca.go.kr/,20398253,15649069,5906046,0
South Korea,2021-07-10,"Oxford/AstraZeneca, Pfizer/BioNTech, Johnson&Johnson, Moderna",https://ncv.kdca.go.kr/,20451124,15662266,5945739,0
South Korea,2021-07-11,"Oxford/AstraZeneca, Pfizer/BioNTech, Johnson&Johnson, Moderna",https://ncv.kdca.go.kr/,20453088,15662951,5947025,0
South Korea,2021-07-12,"Oxford/AstraZeneca, Pfizer/BioNTech, Johnson&Johnson, Moderna",https://ncv.kdca.go.kr/,20578938,15694682,6041171,0
South Korea,2021-07-13,"Oxford/AstraZeneca, Pfizer/BioNTech, Johnson&Johnson, Moderna",https://ncv.kdca.go.kr/,20797990,15803211,6151734,0
South Korea,2021-07-14,"Oxford/AstraZeneca, Pfizer/BioNTech, Johnson&Johnson, Moderna",https://ncv.kdca.go.kr/,21033406,15915779,6274626,0
South Korea,2021-07-15,"Oxford/AstraZeneca, Pfizer/BioNTech, Johnson&Johnson, Moderna",https://ncv.kdca.go.kr/,21299969,16039242,6417763,0
South Korea,2021-07-16,"Oxford/AstraZeneca, Pfizer/BioNTech, Johnson&Johnson, Moderna",https://ncv.kdca.go.kr/,21619982,16174387,6602681,0
South Korea,2021-07-17,"Oxford/AstraZeneca, Pfizer/BioNTech, Johnson&Johnson, Moderna",https://ncv.kdca.go.kr/,21691797,16209158,6639745,0
South Korea,2021-07-18,"Oxford/AstraZeneca, Pfizer/BioNTech, Johnson&Johnson, Moderna",https://ncv.kdca.go.kr/,21695095,16211729,6640477,0
South Korea,2021-07-19,"Oxford/AstraZeneca, Pfizer/BioNTech, Johnson&Johnson, Moderna",https://ncv.kdca.go.kr/,21927448,16372206,6712396,0
South Korea,2021-07-20,"Oxford/AstraZeneca, Pfizer/BioNTech, Johnson&Johnson, Moderna",https://ncv.kdca.go.kr/,22140358,16523236,6774308,0
South Korea,2021-07-21,"Oxford/AstraZeneca, Pfizer/BioNTech, Johnson&Johnson, Moderna",https://ncv.kdca.go.kr/,22320235,16663245,6814210,0
South Korea,2021-07-22,"Oxford/AstraZeneca, Pfizer/BioNTech, Johnson&Johnson, Moderna",https://ncv.kdca.go.kr/,22521306,16804157,6874378,0
South Korea,2021-07-23,"Oxford/AstraZeneca, Pfizer/BioNTech, Johnson&Johnson, Moderna",https://ncv.kdca.go.kr/,22728544,16951157,6934655,0
South Korea,2021-07-24,"Oxford/AstraZeneca, Pfizer/BioNTech, Johnson&Johnson, Moderna",https://ncv.kdca.go.kr/,22769445,16980696,6946038,0
South Korea,2021-07-25,"Oxford/AstraZeneca, Pfizer/BioNTech, Johnson&Johnson, Moderna",https://ncv.kdca.go.kr/,22771434,16982435,6946299,0
South Korea,2021-07-26,"Oxford/AstraZeneca, Pfizer/BioNTech, Johnson&Johnson, Moderna",https://ncv.kdca.go.kr/,23456374,17602170,7011613,0
South Korea,2021-07-27,"Oxford/AstraZeneca, Pfizer/BioNTech, Johnson&Johnson, Moderna",https://ncv.kdca.go.kr/,23887860,17984704,7060605,0
South Korea,2021-07-28,"Oxford/AstraZeneca, Pfizer/BioNTech, Johnson&Johnson, Moderna",https://ncv.kdca.go.kr/,24411415,18465327,7103569,0
South Korea,2021-07-29,"Oxford/AstraZeneca, Pfizer/BioNTech, Johnson&Johnson, Moderna",https://ncv.kdca.go.kr/,24803195,18813466,7147247,0
South Korea,2021-07-30,"Oxford/AstraZeneca, Pfizer/BioNTech, Johnson&Johnson, Moderna",https://ncv.kdca.go.kr/,25361406,19311086,7207870,0
South Korea,2021-07-31,"Oxford/AstraZeneca, Pfizer/BioNTech, Johnson&Johnson, Moderna",https://ncv.kdca.go.kr/,25591073,19527002,7221634,0
South Korea,2021-08-01,"Oxford/AstraZeneca, Pfizer/BioNTech, Johnson&Johnson, Moderna",https://ncv.kdca.go.kr/,25619889,19555135,7222319,0
South Korea,2021-08-02,"Oxford/AstraZeneca, Pfizer/BioNTech, Johnson&Johnson, Moderna",https://ncv.kdca.go.kr/,26133973,20032604,7258970,0
South Korea,2021-08-03,"Oxford/AstraZeneca, Pfizer/BioNTech, Johnson&Johnson, Moderna",https://ncv.kdca.go.kr/,26462535,20253651,7366501,0
South Korea,2021-08-04,"Oxford/AstraZeneca, Pfizer/BioNTech, Johnson&Johnson, Moderna",https://ncv.kdca.go.kr/,26739807,20420458,7477007,0
South Korea,2021-08-05,"Oxford/AstraZeneca, Pfizer/BioNTech, Johnson&Johnson, Moderna",https://ncv.kdca.go.kr/,27061344,20614711,7604309,0
South Korea,2021-08-06,"Oxford/AstraZeneca, Pfizer/BioNTech, Johnson&Johnson, Moderna",https://ncv.kdca.go.kr/,27474666,20871719,7760643,0
South Korea,2021-08-07,"Oxford/AstraZeneca, Pfizer/BioNTech, Johnson&Johnson, Moderna",https://ncv.kdca.go.kr/,27632920,20993849,7796776,0
South Korea,2021-08-08,"Oxford/AstraZeneca, Pfizer/BioNTech, Johnson&Johnson, Moderna",https://ncv.kdca.go.kr/,27663246,21021774,7799181,0
South Korea,2021-08-09,"Oxford/AstraZeneca, Pfizer/BioNTech, Johnson&Johnson, Moderna",https://ncv.kdca.go.kr/,28275232,21459479,7973476,0
South Korea,2021-08-10,"Oxford/AstraZeneca, Pfizer/BioNTech, Johnson&Johnson, Moderna",https://ncv.kdca.go.kr/,28709266,21723778,8143240,0
South Korea,2021-08-11,"Oxford/AstraZeneca, Pfizer/BioNTech, Johnson&Johnson, Moderna",https://ncv.kdca.go.kr/,29051948,21902679,8307034,0
South Korea,2021-08-12,"Oxford/AstraZeneca, Pfizer/BioNTech, Johnson&Johnson, Moderna",https://ncv.kdca.go.kr/,29929030,22072360,9014447,0
South Korea,2021-08-13,"Oxford/AstraZeneca, Pfizer/BioNTech, Johnson&Johnson, Moderna",https://ncv.kdca.go.kr/,30794824,22316772,9635852,0
South Korea,2021-08-14,"Oxford/AstraZeneca, Pfizer/BioNTech, Johnson&Johnson, Moderna",https://ncv.kdca.go.kr/,31121254,22460369,9818689,0
South Korea,2021-08-15,"Oxford/AstraZeneca, Pfizer/BioNTech, Johnson&Johnson, Moderna",https://ncv.kdca.go.kr/,31145559,22478984,9824388,0
South Korea,2021-08-16,"Oxford/AstraZeneca, Pfizer/BioNTech, Johnson&Johnson, Moderna",https://ncv.kdca.go.kr/,32075050,23151635,10081240,0
South Korea,2021-08-17,"Oxford/AstraZeneca, Pfizer/BioNTech, Johnson&Johnson, Moderna",https://ncv.kdca.go.kr/,33297840,23877773,10577900,0
South Korea,2021-08-18,"Oxford/AstraZeneca, Pfizer/BioNTech, Johnson&Johnson, Moderna",https://ncv.kdca.go.kr/,34142939,24402581,10898208,0
South Korea,2021-08-19,"Oxford/AstraZeneca, Pfizer/BioNTech, Johnson&Johnson, Moderna",https://ncv.kdca.go.kr/,34942815,24908374,11192300,0
South Korea,2021-08-20,"Oxford/AstraZeneca, Pfizer/BioNTech, Johnson&Johnson, Moderna",https://ncv.kdca.go.kr/,35968304,25600219,11525954,0
South Korea,2021-08-21,"Oxford/AstraZeneca, Pfizer/BioNTech, Johnson&Johnson, Moderna",https://ncv.kdca.go.kr/,36457584,25965594,11649867,0
South Korea,2021-08-22,"Oxford/AstraZeneca, Pfizer/BioNTech, Johnson&Johnson, Moderna",https://ncv.kdca.go.kr/,36500301,26005918,11652264,0
South Korea,2021-08-23,"Oxford/AstraZeneca, Pfizer/BioNTech, Johnson&Johnson, Moderna",https://ncv.kdca.go.kr/,37604007,26394375,12371964,0
South Korea,2021-08-24,"Oxford/AstraZeneca, Pfizer/BioNTech, Johnson&Johnson, Moderna",https://ncv.kdca.go.kr/,38605820,26800404,12977100,0
South Korea,2021-08-25,"Oxford/AstraZeneca, Pfizer/BioNTech, Johnson&Johnson, Moderna",https://ncv.kdca.go.kr/,39451549,27178949,13455710,0
South Korea,2021-08-26,"Oxford/AstraZeneca, Pfizer/BioNTech, Johnson&Johnson, Moderna",https://ncv.kdca.go.kr/,40522622,27833196,13882382,0
South Korea,2021-08-27,"Oxford/AstraZeneca, Pfizer/BioNTech, Johnson&Johnson, Moderna",https://ncv.kdca.go.kr/,41669726,28436343,14433381,0
South Korea,2021-08-28,"Oxford/AstraZeneca, Pfizer/BioNTech, Johnson&Johnson, Moderna",https://ncv.kdca.go.kr/,42195813,28712814,14689086,0
South Korea,2021-08-29,"Oxford/AstraZeneca, Pfizer/BioNTech, Johnson&Johnson, Moderna",https://ncv.kdca.go.kr/,42225868,28729087,14705077,0
South Korea,2021-08-30,"Oxford/AstraZeneca, Pfizer/BioNTech, Johnson&Johnson, Moderna",https://ncv.kdca.go.kr/,43206194,29119011,15305250,0
South Korea,2021-08-31,"Oxford/AstraZeneca, Pfizer/BioNTech, Johnson&Johnson, Moderna",https://ncv.kdca.go.kr/,43968969,29366912,15835739,0
South Korea,2021-09-01,"Oxford/AstraZeneca, Pfizer/BioNTech, Johnson&Johnson, Moderna",https://ncv.kdca.go.kr/,44665676,29545636,16370938,0
South Korea,2021-09-02,"Oxford/AstraZeneca, Pfizer/BioNTech, Johnson&Johnson, Moderna",https://ncv.kdca.go.kr/,45333991,29732064,16871204,0
South Korea,2021-09-03,"Oxford/AstraZeneca, Pfizer/BioNTech, Johnson&Johnson, Moderna",https://ncv.kdca.go.kr/,46250214,29965644,17570667,0
South Korea,2021-09-04,"Oxford/AstraZeneca, Pfizer/BioNTech, Johnson&Johnson, Moderna",https://ncv.kdca.go.kr/,46621037,30084497,17831637,0
South Korea,2021-09-05,"Oxford/AstraZeneca, Pfizer/BioNTech, Johnson&Johnson, Moderna",https://ncv.kdca.go.kr/,46635291,30093070,17839890,0
South Korea,2021-09-06,"Oxford/AstraZeneca, Pfizer/BioNTech, Johnson&Johnson, Moderna",https://ncv.kdca.go.kr/,48004968,30837144,18474803,0
South Korea,2021-09-07,"Oxford/AstraZeneca, Pfizer/BioNTech, Johnson&Johnson, Moderna",https://ncv.kdca.go.kr/,48989332,31411887,18896094,0
South Korea,2021-09-08,"Oxford/AstraZeneca, Pfizer/BioNTech, Johnson&Johnson, Moderna",https://ncv.kdca.go.kr/,49670403,31797998,19203331,0
South Korea,2021-09-09,"Oxford/AstraZeneca, Pfizer/BioNTech, Johnson&Johnson, Moderna",https://ncv.kdca.go.kr/,50391071,32238128,19495508,0
South Korea,2021-09-10,"Oxford/AstraZeneca, Pfizer/BioNTech, Johnson&Johnson, Moderna",https://ncv.kdca.go.kr/,51451163,32891220,19913286,0
South Korea,2021-09-11,"Oxford/AstraZeneca, Pfizer/BioNTech, Johnson&Johnson, Moderna",https://ncv.kdca.go.kr/,51982290,33219695,20125634,0
South Korea,2021-09-12,"Oxford/AstraZeneca, Pfizer/BioNTech, Johnson&Johnson, Moderna",https://ncv.kdca.go.kr/,52026806,33241514,20151263,0
South Korea,2021-09-13,"Oxford/AstraZeneca, Pfizer/BioNTech, Johnson&Johnson, Moderna",https://ncv.kdca.go.kr/,53270832,34069668,20574460,0
South Korea,2021-09-14,"Oxford/AstraZeneca, Pfizer/BioNTech, Johnson&Johnson, Moderna",https://ncv.kdca.go.kr/,54087608,34671958,20799231,0
South Korea,2021-09-15,"Oxford/AstraZeneca, Pfizer/BioNTech, Johnson&Johnson, Moderna",https://ncv.kdca.go.kr/,54894145,35048308,21239542,0
South Korea,2021-09-16,"Oxford/AstraZeneca, Pfizer/BioNTech, Johnson&Johnson, Moderna",https://ncv.kdca.go.kr/,55628908,35479061,21553550,0
South Korea,2021-09-17,"Oxford/AstraZeneca, Pfizer/BioNTech, Johnson&Johnson, Moderna",https://ncv.kdca.go.kr/,56723278,36140181,21998504,0
South Korea,2021-09-18,"Oxford/AstraZeneca, Pfizer/BioNTech, Johnson&Johnson, Moderna",https://ncv.kdca.go.kr/,57301346,36532710,22188944,0
South Korea,2021-09-19,"Oxford/AstraZeneca, Pfizer/BioNTech, Johnson&Johnson, Moderna",https://ncv.kdca.go.kr/,57348468,36554015,22214961,0
South Korea,2021-09-20,"Oxford/AstraZeneca, Pfizer/BioNTech, Johnson&Johnson, Moderna",https://ncv.kdca.go.kr/,57392423,36584034,22228927,0
South Korea,2021-09-21,"Oxford/AstraZeneca, Pfizer/BioNTech, Johnson&Johnson, Moderna",https://ncv.kdca.go.kr/,57403259,36590594,22233211,0
South Korea,2021-09-22,"Oxford/AstraZeneca, Pfizer/BioNTech, Johnson&Johnson, Moderna",https://ncv.kdca.go.kr/,57446674,36618166,22249175,0
South Korea,2021-09-23,"Oxford/AstraZeneca, Pfizer/BioNTech, Johnson&Johnson, Moderna",https://ncv.kdca.go.kr/,58381074,37180311,22626371,0
South Korea,2021-09-24,"Oxford/AstraZeneca, Pfizer/BioNTech, Johnson&Johnson, Moderna",https://ncv.kdca.go.kr/,59409210,37797666,23041711,0
South Korea,2021-09-25,"Oxford/AstraZeneca, Pfizer/BioNTech, Johnson&Johnson, Moderna",https://ncv.kdca.go.kr/,59937413,38111027,23257456,0
South Korea,2021-09-26,"Oxford/AstraZeneca, Pfizer/BioNTech, Johnson&Johnson, Moderna",https://ncv.kdca.go.kr/,59987047,38137511,23281349,0
South Korea,2021-09-27,"Oxford/AstraZeneca, Pfizer/BioNTech, Johnson&Johnson, Moderna",https://ncv.kdca.go.kr/,61113241,38555037,23993878,0
South Korea,2021-09-28,"Oxford/AstraZeneca, Pfizer/BioNTech, Johnson&Johnson, Moderna",https://ncv.kdca.go.kr/,62058268,38812733,24684610,0
South Korea,2021-09-29,"Oxford/AstraZeneca, Pfizer/BioNTech, Johnson&Johnson, Moderna",https://ncv.kdca.go.kr/,62812948,39044552,25211823,0
South Korea,2021-09-30,"Oxford/AstraZeneca, Pfizer/BioNTech, Johnson&Johnson, Moderna",https://ncv.kdca.go.kr/,63696397,39389155,25754250,0
South Korea,2021-10-01,"Oxford/AstraZeneca, Pfizer/BioNTech, Johnson&Johnson, Moderna",https://ncv.kdca.go.kr/,64792820,39626188,26616303,0
South Korea,2021-10-02,"Oxford/AstraZeneca, Pfizer/BioNTech, Johnson&Johnson, Moderna",https://ncv.kdca.go.kr/,65323103,39750994,27023724,0
South Korea,2021-10-03,"Oxford/AstraZeneca, Pfizer/BioNTech, Johnson&Johnson, Moderna",https://ncv.kdca.go.kr/,65359908,39754427,27057191,0
South Korea,2021-10-04,"Oxford/AstraZeneca, Pfizer/BioNTech, Johnson&Johnson, Moderna",https://ncv.kdca.go.kr/,65595483,39780014,27267415,0
South Korea,2021-10-05,"Oxford/AstraZeneca, Pfizer/BioNTech, Johnson&Johnson, Moderna",https://ncv.kdca.go.kr/,66405272,39825391,28034624,0
South Korea,2021-10-06,"Oxford/AstraZeneca, Pfizer/BioNTech, Johnson&Johnson, Moderna",https://ncv.kdca.go.kr/,66951510,39862671,28546389,0
South Korea,2021-10-07,"Oxford/AstraZeneca, Pfizer/BioNTech, Johnson&Johnson, Moderna",https://ncv.kdca.go.kr/,67697887,39899735,29258160,0
South Korea,2021-10-08,"Oxford/AstraZeneca, Pfizer/BioNTech, Johnson&Johnson, Moderna",https://ncv.kdca.go.kr/,68840756,39944982,30358001,0
South Korea,2021-10-09,"Oxford/AstraZeneca, Pfizer/BioNTech, Johnson&Johnson, Moderna",https://ncv.kdca.go.kr/,68955252,39955851,30462026,30
South Korea,2021-10-10,"Oxford/AstraZeneca, Pfizer/BioNTech, Johnson&Johnson, Moderna",https://ncv.kdca.go.kr/,68975856,39958599,30480163,30
South Korea,2021-10-11,"Oxford/AstraZeneca, Pfizer/BioNTech, Johnson&Johnson, Moderna",https://ncv.kdca.go.kr/,69235726,40052317,30646452,30
South Korea,2021-10-12,"Oxford/AstraZeneca, Pfizer/BioNTech, Johnson&Johnson, Moderna",https://ncv.kdca.go.kr/,69942869,40159117,31248165,714
South Korea,2021-10-13,"Oxford/AstraZeneca, Pfizer/BioNTech, Johnson&Johnson, Moderna",https://ncv.kdca.go.kr/,70412069,40216918,31660311,2047
South Korea,2021-10-14,"Oxford/AstraZeneca, Pfizer/BioNTech, Johnson&Johnson, Moderna",https://ncv.kdca.go.kr/,70925634,40271961,32118595,3731
South Korea,2021-10-15,"Oxford/AstraZeneca, Pfizer/BioNTech, Johnson&Johnson, Moderna",https://ncv.kdca.go.kr/,71736673,40361447,32839966,5982
South Korea,2021-10-16,"Oxford/AstraZeneca, Pfizer/BioNTech, Johnson&Johnson, Moderna",https://ncv.kdca.go.kr/,72155806,40425842,33195430,6077
South Korea,2021-10-17,"Oxford/AstraZeneca, Pfizer/BioNTech, Johnson&Johnson, Moderna",https://ncv.kdca.go.kr/,72177026,40427754,33215236,6077
South Korea,2021-10-18,"Oxford/AstraZeneca, Pfizer/BioNTech, Johnson&Johnson, Moderna",https://ncv.kdca.go.kr/,72880086,40499629,33846284,7515
South Korea,2021-10-19,"Oxford/AstraZeneca, Pfizer/BioNTech, Johnson&Johnson, Moderna",https://ncv.kdca.go.kr/,73365990,40537062,34293911,9550
South Korea,2021-10-20,"Oxford/AstraZeneca, Pfizer/BioNTech, Johnson&Johnson, Moderna",https://ncv.kdca.go.kr/,73762612,40606134,34618548,13803
South Korea,2021-10-21,"Oxford/AstraZeneca, Pfizer/BioNTech, Johnson&Johnson, Moderna",https://ncv.kdca.go.kr/,74236341,40665879,35027657,19627
South Korea,2021-10-22,"Oxford/AstraZeneca, Pfizer/BioNTech, Johnson&Johnson, Moderna",https://ncv.kdca.go.kr/,74941105,40731915,35661797,25728
South Korea,2021-10-23,"Oxford/AstraZeneca, Pfizer/BioNTech, Johnson&Johnson, Moderna",https://ncv.kdca.go.kr/,75326784,40783450,35995907,26269
South Korea,2021-10-24,"Oxford/AstraZeneca, Pfizer/BioNTech, Johnson&Johnson, Moderna",https://ncv.kdca.go.kr/,75347077,40787317,36012860,26271
South Korea,2021-10-25,"Oxford/AstraZeneca, Pfizer/BioNTech, Johnson&Johnson, Moderna",https://ncv.kdca.go.kr/,75866872,40865846,36446369,35242
South Korea,2021-10-26,"Oxford/AstraZeneca, Pfizer/BioNTech, Johnson&Johnson, Moderna",https://ncv.kdca.go.kr/,76200963,40907086,36728024,47714
South Korea,2021-10-27,"Oxford/AstraZeneca, Pfizer/BioNTech, Johnson&Johnson, Moderna",https://ncv.kdca.go.kr/,76549269,40984863,36986775,60536
South Korea,2021-10-28,"Oxford/AstraZeneca, Pfizer/BioNTech, Johnson&Johnson, Moderna",https://ncv.kdca.go.kr/,77244049,41047873,37610751,69333
South Korea,2021-10-29,"Oxford/AstraZeneca, Pfizer/BioNTech, Johnson&Johnson, Moderna",https://ncv.kdca.go.kr/,78014930,41108466,38313011,78757
South Korea,2021-10-30,"Oxford/AstraZeneca, Pfizer/BioNTech, Johnson&Johnson, Moderna",https://ncv.kdca.go.kr/,78412570,41144794,38671536,82049
South Korea,2021-10-31,"Oxford/AstraZeneca, Pfizer/BioNTech, Johnson&Johnson, Moderna",https://ncv.kdca.go.kr/,78436739,41147719,38692862,82246
South Korea,2021-11-01,"Oxford/AstraZeneca, Pfizer/BioNTech, Johnson&Johnson, Moderna",https://ncv.kdca.go.kr/,78673295,41231053,38812301,116611
South Korea,2021-11-02,"Oxford/AstraZeneca, Pfizer/BioNTech, Johnson&Johnson, Moderna",https://ncv.kdca.go.kr/,78859679,41273786,38900056,172953
South Korea,2021-11-03,"Oxford/AstraZeneca, Pfizer/BioNTech, Johnson&Johnson, Moderna",https://ncv.kdca.go.kr/,79057214,41338564,38976091,230103
South Korea,2021-11-04,"Oxford/AstraZeneca, Pfizer/BioNTech, Johnson&Johnson, Moderna",https://ncv.kdca.go.kr/,79283957,41398611,39099285,274352
