date,people_vaccinated,people_fully_vaccinated,total_vaccinations,vaccine,location,source_url,total_boosters
2020-12-27,2471,0,2471,"Moderna, Oxford/AstraZeneca, Pfizer/BioNTech",Sweden,https://fohm.se/smittskydd-beredskap/utbrott/aktuella-utbrott/covid-19/statistik-och-analyser/statistik-over-registrerade-vaccinationer-covid-19/,
2021-01-03,16524,0,16524,"Moderna, Oxford/AstraZeneca, Pfizer/BioNTech",Sweden,https://fohm.se/smittskydd-beredskap/utbrott/aktuella-utbrott/covid-19/statistik-och-analyser/statistik-over-registrerade-vaccinationer-covid-19/,
2021-01-10,52960,0,52960,"Moderna, Oxford/AstraZeneca, Pfizer/BioNTech",Sweden,https://fohm.se/smittskydd-beredskap/utbrott/aktuella-utbrott/covid-19/statistik-och-analyser/statistik-over-registrerade-vaccinationer-covid-19/,
2021-01-17,132217,551,132768,"Moderna, Oxford/AstraZeneca, Pfizer/BioNTech",Sweden,https://fohm.se/smittskydd-beredskap/utbrott/aktuella-utbrott/covid-19/statistik-och-analyser/statistik-over-registrerade-vaccinationer-covid-19/,
2021-01-24,237440,11905,249345,"Moderna, Oxford/AstraZeneca, Pfizer/BioNTech",Sweden,https://fohm.se/smittskydd-beredskap/utbrott/aktuella-utbrott/covid-19/statistik-och-analyser/statistik-over-registrerade-vaccinationer-covid-19/,
2021-01-31,302158,38390,340548,"Moderna, Oxford/AstraZeneca, Pfizer/BioNTech",Sweden,https://fohm.se/smittskydd-beredskap/utbrott/aktuella-utbrott/covid-19/statistik-och-analyser/statistik-over-registrerade-vaccinationer-covid-19/,
2021-02-07,345509,95248,440757,"Moderna, Oxford/AstraZeneca, Pfizer/BioNTech",Sweden,https://fohm.se/smittskydd-beredskap/utbrott/aktuella-utbrott/covid-19/statistik-och-analyser/statistik-over-registrerade-vaccinationer-covid-19/,
2021-02-14,391971,166869,558840,"Moderna, Oxford/AstraZeneca, Pfizer/BioNTech",Sweden,https://fohm.se/smittskydd-beredskap/utbrott/aktuella-utbrott/covid-19/statistik-och-analyser/statistik-over-registrerade-vaccinationer-covid-19/,
2021-02-21,462201,251439,713640,"Moderna, Oxford/AstraZeneca, Pfizer/BioNTech",Sweden,https://fohm.se/smittskydd-beredskap/utbrott/aktuella-utbrott/covid-19/statistik-och-analyser/statistik-over-registrerade-vaccinationer-covid-19/,
2021-02-28,563981,306428,870409,"Moderna, Oxford/AstraZeneca, Pfizer/BioNTech",Sweden,https://fohm.se/smittskydd-beredskap/utbrott/aktuella-utbrott/covid-19/statistik-och-analyser/statistik-over-registrerade-vaccinationer-covid-19/,
2021-03-07,716073,344497,1060570,"Moderna, Oxford/AstraZeneca, Pfizer/BioNTech",Sweden,https://fohm.se/smittskydd-beredskap/utbrott/aktuella-utbrott/covid-19/statistik-och-analyser/statistik-over-registrerade-vaccinationer-covid-19/,
2021-03-14,898151,384003,1282154,"Moderna, Oxford/AstraZeneca, Pfizer/BioNTech",Sweden,https://fohm.se/smittskydd-beredskap/utbrott/aktuella-utbrott/covid-19/statistik-och-analyser/statistik-over-registrerade-vaccinationer-covid-19/,
2021-03-21,1017193,439634,1456827,"Moderna, Oxford/AstraZeneca, Pfizer/BioNTech",Sweden,https://fohm.se/smittskydd-beredskap/utbrott/aktuella-utbrott/covid-19/statistik-och-analyser/statistik-over-registrerade-vaccinationer-covid-19/,
2021-03-28,1146148,509382,1655530,"Moderna, Oxford/AstraZeneca, Pfizer/BioNTech",Sweden,https://fohm.se/smittskydd-beredskap/utbrott/aktuella-utbrott/covid-19/statistik-och-analyser/statistik-over-registrerade-vaccinationer-covid-19/,
2021-04-04,1343417,577964,1921381,"Moderna, Oxford/AstraZeneca, Pfizer/BioNTech",Sweden,https://fohm.se/smittskydd-beredskap/utbrott/aktuella-utbrott/covid-19/statistik-och-analyser/statistik-over-registrerade-vaccinationer-covid-19/,
2021-04-11,1595665,672244,2267909,"Moderna, Oxford/AstraZeneca, Pfizer/BioNTech",Sweden,https://fohm.se/smittskydd-beredskap/utbrott/aktuella-utbrott/covid-19/statistik-och-analyser/statistik-over-registrerade-vaccinationer-covid-19/,
2021-04-18,2004564,739162,2743726,"Moderna, Oxford/AstraZeneca, Pfizer/BioNTech",Sweden,https://fohm.se/smittskydd-beredskap/utbrott/aktuella-utbrott/covid-19/statistik-och-analyser/statistik-over-registrerade-vaccinationer-covid-19/,
2021-04-25,2407546,777681,3185227,"Moderna, Oxford/AstraZeneca, Pfizer/BioNTech",Sweden,https://fohm.se/smittskydd-beredskap/utbrott/aktuella-utbrott/covid-19/statistik-och-analyser/statistik-over-registrerade-vaccinationer-covid-19/,
2021-05-02,2780466,805500,3585966,"Moderna, Oxford/AstraZeneca, Pfizer/BioNTech",Sweden,https://fohm.se/smittskydd-beredskap/utbrott/aktuella-utbrott/covid-19/statistik-och-analyser/statistik-over-registrerade-vaccinationer-covid-19/,
2021-05-09,3123629,921500,4045129,"Moderna, Oxford/AstraZeneca, Pfizer/BioNTech",Sweden,https://fohm.se/smittskydd-beredskap/utbrott/aktuella-utbrott/covid-19/statistik-och-analyser/statistik-over-registrerade-vaccinationer-covid-19/,
2021-05-16,3402398,1069444,4471842,"Moderna, Oxford/AstraZeneca, Pfizer/BioNTech",Sweden,https://fohm.se/smittskydd-beredskap/utbrott/aktuella-utbrott/covid-19/statistik-och-analyser/statistik-over-registrerade-vaccinationer-covid-19/,
2021-05-23,3651924,1274837,4926761,"Moderna, Oxford/AstraZeneca, Pfizer/BioNTech",Sweden,https://fohm.se/smittskydd-beredskap/utbrott/aktuella-utbrott/covid-19/statistik-och-analyser/statistik-over-registrerade-vaccinationer-covid-19/,
2021-05-30,3847789,1563795,5411584,"Moderna, Oxford/AstraZeneca, Pfizer/BioNTech",Sweden,https://fohm.se/smittskydd-beredskap/utbrott/aktuella-utbrott/covid-19/statistik-och-analyser/statistik-over-registrerade-vaccinationer-covid-19/,
2021-06-06,4064369,1932406,5996775,"Moderna, Oxford/AstraZeneca, Pfizer/BioNTech",Sweden,https://fohm.se/smittskydd-beredskap/utbrott/aktuella-utbrott/covid-19/statistik-och-analyser/statistik-over-registrerade-vaccinationer-covid-19/,
2021-06-13,4333739,2343993,6677732,"Moderna, Oxford/AstraZeneca, Pfizer/BioNTech",Sweden,https://fohm.se/smittskydd-beredskap/utbrott/aktuella-utbrott/covid-19/statistik-och-analyser/statistik-over-registrerade-vaccinationer-covid-19/,
2021-06-20,4636678,2813659,7450337,"Moderna, Oxford/AstraZeneca, Pfizer/BioNTech",Sweden,https://fohm.se/smittskydd-beredskap/utbrott/aktuella-utbrott/covid-19/statistik-och-analyser/statistik-over-registrerade-vaccinationer-covid-19/,
2021-06-27,4925495,3162467,8087962,"Moderna, Oxford/AstraZeneca, Pfizer/BioNTech",Sweden,https://fohm.se/smittskydd-beredskap/utbrott/aktuella-utbrott/covid-19/statistik-och-analyser/statistik-over-registrerade-vaccinationer-covid-19/,
2021-07-04,5336421,3484463,8820884,"Moderna, Oxford/AstraZeneca, Pfizer/BioNTech",Sweden,https://fohm.se/smittskydd-beredskap/utbrott/aktuella-utbrott/covid-19/statistik-och-analyser/statistik-over-registrerade-vaccinationer-covid-19/,
2021-07-11,5722935,3694883,9417818,"Moderna, Oxford/AstraZeneca, Pfizer/BioNTech",Sweden,https://fohm.se/smittskydd-beredskap/utbrott/aktuella-utbrott/covid-19/statistik-och-analyser/statistik-over-registrerade-vaccinationer-covid-19/,
2021-07-18,6073017,3854892,9927909,"Moderna, Oxford/AstraZeneca, Pfizer/BioNTech",Sweden,https://fohm.se/smittskydd-beredskap/utbrott/aktuella-utbrott/covid-19/statistik-och-analyser/statistik-over-registrerade-vaccinationer-covid-19/,
2021-07-25,6311856,4059910,10371766,"Moderna, Oxford/AstraZeneca, Pfizer/BioNTech",Sweden,https://fohm.se/smittskydd-beredskap/utbrott/aktuella-utbrott/covid-19/statistik-och-analyser/statistik-over-registrerade-vaccinationer-covid-19/,
2021-08-01,6451431,4319103,10770534,"Moderna, Oxford/AstraZeneca, Pfizer/BioNTech",Sweden,https://fohm.se/smittskydd-beredskap/utbrott/aktuella-utbrott/covid-19/statistik-och-analyser/statistik-over-registrerade-vaccinationer-covid-19/,
2021-08-08,6559871,4614290,11174161,"Moderna, Oxford/AstraZeneca, Pfizer/BioNTech",Sweden,https://fohm.se/smittskydd-beredskap/utbrott/aktuella-utbrott/covid-19/statistik-och-analyser/statistik-over-registrerade-vaccinationer-covid-19/,
2021-08-15,6694593,4950557,11645150,"Moderna, Oxford/AstraZeneca, Pfizer/BioNTech",Sweden,https://fohm.se/smittskydd-beredskap/utbrott/aktuella-utbrott/covid-19/statistik-och-analyser/statistik-over-registrerade-vaccinationer-covid-19/,
2021-08-22,6804270,5363368,12167638,"Moderna, Oxford/AstraZeneca, Pfizer/BioNTech",Sweden,https://fohm.se/smittskydd-beredskap/utbrott/aktuella-utbrott/covid-19/statistik-och-analyser/statistik-over-registrerade-vaccinationer-covid-19/,
2021-08-29,6893386,5749560,12642946,"Moderna, Oxford/AstraZeneca, Pfizer/BioNTech",Sweden,https://fohm.se/smittskydd-beredskap/utbrott/aktuella-utbrott/covid-19/statistik-och-analyser/statistik-over-registrerade-vaccinationer-covid-19/,
2021-09-05,6968551,6047025,13015576,"Moderna, Oxford/AstraZeneca, Pfizer/BioNTech",Sweden,https://fohm.se/smittskydd-beredskap/utbrott/aktuella-utbrott/covid-19/statistik-och-analyser/statistik-over-registrerade-vaccinationer-covid-19/,
2021-09-12,7034169,6263699,13297868,"Moderna, Oxford/AstraZeneca, Pfizer/BioNTech",Sweden,https://fohm.se/smittskydd-beredskap/utbrott/aktuella-utbrott/covid-19/statistik-och-analyser/statistik-over-registrerade-vaccinationer-covid-19/,
2021-09-19,7090475,6439236,13529711,"Moderna, Oxford/AstraZeneca, Pfizer/BioNTech",Sweden,https://fohm.se/smittskydd-beredskap/utbrott/aktuella-utbrott/covid-19/statistik-och-analyser/statistik-over-registrerade-vaccinationer-covid-19/,
2021-09-26,7134653,6569837,13704490,"Moderna, Oxford/AstraZeneca, Pfizer/BioNTech",Sweden,https://fohm.se/smittskydd-beredskap/utbrott/aktuella-utbrott/covid-19/statistik-och-analyser/statistik-over-registrerade-vaccinationer-covid-19/,
2021-10-03,7168269,6678055,13846324,"Moderna, Oxford/AstraZeneca, Pfizer/BioNTech",Sweden,https://fohm.se/smittskydd-beredskap/utbrott/aktuella-utbrott/covid-19/statistik-och-analyser/statistik-over-registrerade-vaccinationer-covid-19/,
2021-10-10,7189948,6753620,13943568,"Moderna, Oxford/AstraZeneca, Pfizer/BioNTech",Sweden,https://fohm.se/smittskydd-beredskap/utbrott/aktuella-utbrott/covid-19/statistik-och-analyser/statistik-over-registrerade-vaccinationer-covid-19/,
2021-10-17,7215238,6813888,14029126,"Moderna, Oxford/AstraZeneca, Pfizer/BioNTech",Sweden,https://fohm.se/smittskydd-beredskap/utbrott/aktuella-utbrott/covid-19/statistik-och-analyser/statistik-over-registrerade-vaccinationer-covid-19/,
2021-10-24,7230286,6861004,14091290,"Moderna, Oxford/AstraZeneca, Pfizer/BioNTech",Sweden,https://fohm.se/smittskydd-beredskap/utbrott/aktuella-utbrott/covid-19/statistik-och-analyser/statistik-over-registrerade-vaccinationer-covid-19/,
2021-10-29,7249725,6894119,14529060,"Moderna, Oxford/AstraZeneca, Pfizer/BioNTech",Sweden,https://fohm.se/smittskydd-beredskap/utbrott/aktuella-utbrott/covid-19/statistik-och-analyser/statistik-over-registrerade-vaccinationer-covid-19/,
2021-11-02,7256672,6915192,14618340,"Moderna, Oxford/AstraZeneca, Pfizer/BioNTech",Sweden,https://fohm.se/smittskydd-beredskap/utbrott/aktuella-utbrott/covid-19/statistik-och-analyser/statistik-over-registrerade-vaccinationer-covid-19/,
2021-11-03,7258777,6920306,14639384,"Moderna, Oxford/AstraZeneca, Pfizer/BioNTech",Sweden,https://fohm.se/smittskydd-beredskap/utbrott/aktuella-utbrott/covid-19/statistik-och-analyser/statistik-over-registrerade-vaccinationer-covid-19/,
2021-11-04,7261439,6927245,14669206,"Moderna, Oxford/AstraZeneca, Pfizer/BioNTech",Sweden,https://fohm.se/smittskydd-beredskap/utbrott/aktuella-utbrott/covid-19/statistik-och-analyser/statistik-over-registrerade-vaccinationer-covid-19/,
2021-11-05,7263918,6932722,14697481,"Moderna, Oxford/AstraZeneca, Pfizer/BioNTech",Sweden,https://fohm.se/smittskydd-beredskap/utbrott/aktuella-utbrott/covid-19/statistik-och-analyser/statistik-over-registrerade-vaccinationer-covid-19/,
