location,date,vaccine,source_url,total_vaccinations,people_vaccinated,people_fully_vaccinated,total_boosters
Syria,2021-03-01,Sputnik V,https://www.aljazeera.com/news/2021/3/17/syria-launches-covid-vaccination-drive-amid-economic-challenges,0,0,0,
Syria,2021-04-08,Sputnik V,http://www.xinhuanet.com/english/africa/2021-04/08/c_139867196.htm,2500,2500,0,
Syria,2021-05-27,"Oxford/AstraZeneca, Sinopharm/Beijing, Sputnik V",https://covid19.who.int/,24781,24781,0,
Syria,2021-06-06,"Oxford/AstraZeneca, Sinopharm/Beijing, Sputnik V",https://covid19.who.int/,71519,71519,0,
Syria,2021-06-21,"Oxford/AstraZeneca, Sinopharm/Beijing, Sputnik V",https://covid19.who.int/,108276,102319,5957,
Syria,2021-07-09,"Oxford/AstraZeneca, Sinopharm/Beijing, Sputnik V",https://covid19.who.int/,131221,121909,9312,
Syria,2021-08-09,"Oxford/AstraZeneca, Sinopharm/Beijing, Sputnik V",http://www.emro.who.int/syria/news/updates-on-covid-19-vaccination-in-syria-august-2021.html?format=html,355000,,,
Syria,2021-08-22,"Johnson&Johnson, Oxford/AstraZeneca, Sinopharm/Beijing, Sinovac, Sputnik V",https://covid19.who.int/,388520,,,
Syria,2021-08-30,"Johnson&Johnson, Oxford/AstraZeneca, Sinopharm/Beijing, Sinovac, Sputnik V",https://covid19.who.int/,403254,201379,201379,
Syria,2021-09-13,"Johnson&Johnson, Oxford/AstraZeneca, Sinopharm/Beijing, Sinovac, Sputnik V",https://covid19.who.int/,533949,285087,248862,
Syria,2021-09-29,"Johnson&Johnson, Oxford/AstraZeneca, Sinopharm/Beijing, Sinovac, Sputnik Light, Sputnik V",https://covid19.who.int/,811852,613263,321276,
Syria,2021-10-12,"Johnson&Johnson, Oxford/AstraZeneca, Sinopharm/Beijing, Sinovac, Sputnik Light, Sputnik V",https://covid19.who.int/,963477,714300,407405,
Syria,2021-10-25,"Johnson&Johnson, Oxford/AstraZeneca, Sinopharm/Beijing, Sinovac, Sputnik Light, Sputnik V",https://covid19.who.int/,977122,720552,414798,
Syria,2021-10-31,"Johnson&Johnson, Oxford/AstraZeneca, Sinopharm/Beijing, Sinovac, Sputnik Light, Sputnik V",https://covid19.who.int/,1125146,807249,503394,
