location,date,vaccine,source_url,total_vaccinations,people_vaccinated,people_fully_vaccinated,total_boosters
Tanzania,2021-08-08,Johnson&Johnson,https://www.ghanaweb.com/GhanaHomePage/africa/Tanzania-has-vaccinated-over-100-000-as-government-warns-against-fake-jabs-certificates-1327795,105745,105745,105745,
Tanzania,2021-08-16,Johnson&Johnson,https://covid19.who.int/,218621,218621,218621,
Tanzania,2021-08-28,Johnson&Johnson,https://www.facebook.com/wizaraafyatz/posts/4408738362479930,304603,304603,304603,
Tanzania,2021-09-11,Johnson&Johnson,https://newsaf.cgtn.com/news/2021-09-13/Tanzania-sets-up-more-centers-for-COVID-19-vaccination-13vtdJS0A5W/index.html,350000,350000,350000,
Tanzania,2021-10-13,Johnson&Johnson,https://covid19.who.int/,885579,885579,885579,
Tanzania,2021-10-29,"Johnson&Johnson, Pfizer/BioNTech, Sinopharm/Beijing",https://covid19.who.int/,1001610,,965778,
