location,date,vaccine,source_url,total_vaccinations,people_vaccinated,people_fully_vaccinated,total_boosters
Thailand,2021-02-27,Sinovac,https://www.bangkokpost.com/thailand/general/2076339/thailand-adds-80-covid-cases-monday,0,0,0,
Thailand,2021-03-01,Sinovac,https://www.bangkokpost.com/thailand/general/2076339/thailand-adds-80-covid-cases-monday,319,319,0,
Thailand,2021-03-02,Sinovac,https://thestandard.co/people-who-have-been-vaccinated-against-covid-19-in-thailand/,7262,7262,0,
Thailand,2021-03-10,Sinovac,https://www.rfa.org/english/news/myanmar/vaccinate-03102021170611.html,33621,33621,0,
Thailand,2021-03-13,"Oxford/AstraZeneca, Sinovac",https://thethaiger.com/coronavirus/thailands-private-hospitals-planning-to-profit-off-covid-19-vaccine,53842,53842,0,
Thailand,2021-03-24,"Oxford/AstraZeneca, Sinovac",https://www.archyde.com/update-96188-cumulative-covid-vaccination-new-lot-which-province-get-how-much-check-now/,102050,96188,5862,
Thailand,2021-03-30,"Oxford/AstraZeneca, Sinovac",https://www.facebook.com/OICDDC/posts/3823323381121560,180477,151413,29064,
Thailand,2021-04-01,"Oxford/AstraZeneca, Sinovac",https://ddc.moph.go.th/uploads/ckeditor2//files/Daily%20report%202021-04-02.pdf,204642,167235,37407,
Thailand,2021-04-02,"Oxford/AstraZeneca, Sinovac",https://www.facebook.com/OICDDC/posts/3837210029732895,231882,189666,42216,
Thailand,2021-04-03,"Oxford/AstraZeneca, Sinovac",https://ddc.moph.go.th/uploads/ckeditor2//files/Daily%20report%202021-04-04.pdf,244254,201864,42390,
Thailand,2021-04-04,"Oxford/AstraZeneca, Sinovac",https://ddc.moph.go.th/uploads/ckeditor2//files/Daily%20report%202021-04-05.pdf,257484,213948,43536,
Thailand,2021-04-05,"Oxford/AstraZeneca, Sinovac",https://ddc.moph.go.th/uploads/ckeditor2//files/Dialy%20report%202021-04-06.pdf,294881,247850,47031,
Thailand,2021-04-06,"Oxford/AstraZeneca, Sinovac",https://ddc.moph.go.th/uploads/ckeditor2//files/Dialy%20report%202021-04-07.pdf,323989,274354,49635,
Thailand,2021-04-07,"Oxford/AstraZeneca, Sinovac",https://ddc.moph.go.th/uploads/ckeditor2//files/Dialy%20report%202021-04-08.pdf,391752,336808,54944,
Thailand,2021-04-08,"Oxford/AstraZeneca, Sinovac",https://ddc.moph.go.th/uploads/ckeditor2//files/Dialy%20report%202021-04-09.pdf,466374,405911,60463,
Thailand,2021-04-09,"Oxford/AstraZeneca, Sinovac",https://ddc.moph.go.th/uploads/ckeditor2//files/Dialy%20report%202021-04-10.pdf,537380,470301,67079,
Thailand,2021-04-10,"Oxford/AstraZeneca, Sinovac",https://ddc.moph.go.th/uploads/ckeditor2//files/Dialy%20report%202021-04-11.pdf,555396,485957,69439,
Thailand,2021-04-11,"Oxford/AstraZeneca, Sinovac",https://ddc.moph.go.th/uploads/ckeditor2//files/Dialy%20report%202021-04-12.pdf,570052,498791,71261,
Thailand,2021-04-12,"Oxford/AstraZeneca, Sinovac",https://ddc.moph.go.th/uploads/ckeditor2//files/Dialy%20report%202021-04-13.pdf,578532,505215,73317,
Thailand,2021-04-13,"Oxford/AstraZeneca, Sinovac",https://ddc.moph.go.th/uploads/ckeditor2//files/Daily%20report%202021-04-14.pdf,579305,505744,73561,
Thailand,2021-04-15,"Oxford/AstraZeneca, Sinovac",https://ddc.moph.go.th/uploads/ckeditor2//files/Daily%20report%202021-04-16.pdf,586032,510456,75576,
Thailand,2021-04-16,"Oxford/AstraZeneca, Sinovac",https://ddc.moph.go.th/uploads/ckeditor2//files/Daily%20report%202021-04-17.pdf,605259,523830,81429,
Thailand,2021-04-17,"Oxford/AstraZeneca, Sinovac",https://ddc.moph.go.th/uploads/ckeditor2//files/Daily%20report%202021-04-18.pdf,608521,526706,81815,
Thailand,2021-04-18,"Oxford/AstraZeneca, Sinovac",https://ddc.moph.go.th/uploads/ckeditor2//files/Daily%20report%202021-04-19.pdf,618583,535925,82658,
Thailand,2021-04-19,"Oxford/AstraZeneca, Sinovac",https://ddc.moph.go.th/uploads/ckeditor2//files/Daily%20report%202021-04-20.pdf,666210,571825,94385,
Thailand,2021-04-20,"Oxford/AstraZeneca, Sinovac",https://ddc.moph.go.th/uploads/ckeditor2//files/Daily%20report%202021-04-21.pdf,712610,604947,107663,
Thailand,2021-04-21,"Oxford/AstraZeneca, Sinovac",https://ddc.moph.go.th/uploads/ckeditor2//files/Daily%20report%202021-04-22.pdf,864840,746617,118223,
Thailand,2021-04-22,"Oxford/AstraZeneca, Sinovac",https://ddc.moph.go.th/uploads/ckeditor2//files/Daily%20report%202021-04-23.pdf,964825,834082,130743,
Thailand,2021-04-23,"Oxford/AstraZeneca, Sinovac",https://ddc.moph.go.th/uploads/ckeditor2//files/Dialy%20report%202021-2021-04-24.pdf,1095445,934449,160996,
Thailand,2021-04-24,"Oxford/AstraZeneca, Sinovac",https://ddc.moph.go.th/uploads/ckeditor2//files/Daily%20report%202021-04-25.pdf,1124153,949124,175029,
Thailand,2021-04-25,"Oxford/AstraZeneca, Sinovac",https://ddc.moph.go.th/uploads/ckeditor2//files/daily%20report%202021-04-26.pdf,1149666,972204,177462,
Thailand,2021-04-26,"Oxford/AstraZeneca, Sinovac",https://ddc.moph.go.th/uploads/ckeditor2//files/Daily%20report%202021-04-27.pdf,1227032,1012388,214644,
Thailand,2021-04-27,"Oxford/AstraZeneca, Sinovac",https://ddc.moph.go.th/uploads/ckeditor2//files/Daily%20report%202021-04-28.pdf,1279713,1038960,240753,
Thailand,2021-04-28,"Oxford/AstraZeneca, Sinovac",https://ddc.moph.go.th/uploads/ckeditor2//files/Daily%20report%202021-04-29.pdf,1344646,1059721,284925,
Thailand,2021-04-29,"Oxford/AstraZeneca, Sinovac",https://ddc.moph.go.th/uploads/ckeditor2//files/Daily%20report%202021-04-30.pdf,1411614,1075756,335858,
Thailand,2021-04-30,"Oxford/AstraZeneca, Sinovac",https://ddc.moph.go.th/uploads/ckeditor2//files/Daily%20report%202021-05-01.pdf,1477078,1095230,381848,
Thailand,2021-05-01,"Oxford/AstraZeneca, Sinovac",https://ddc.moph.go.th/uploads/ckeditor2//files/Daily%20report%202021-05-02.pdf,1484565,1097862,386703,
Thailand,2021-05-02,"Oxford/AstraZeneca, Sinovac",https://ddc.moph.go.th/uploads/ckeditor2//files/Daily%20report%202021-05-03.pdf,1486907,1099460,387447,
Thailand,2021-05-03,"Oxford/AstraZeneca, Sinovac",https://ddc.moph.go.th/uploads/ckeditor2//files/Daily%20report%202021-05-04.pdf,1498617,1106071,392546,
Thailand,2021-05-04,"Oxford/AstraZeneca, Sinovac",https://ddc.moph.go.th/uploads/ckeditor2//files/Daily%20report%202021-05-04.pdf,1573075,1150564,422511,
Thailand,2021-05-05,"Oxford/AstraZeneca, Sinovac",https://ddc.moph.go.th/uploads/ckeditor2//files/Daily%20report%202021-05-06.pdf,1601833,1167719,434114,
Thailand,2021-05-06,"Oxford/AstraZeneca, Sinovac",https://ddc.moph.go.th/uploads/ckeditor2//files/Daily%20report%202021-05-07.pdf,1651782,1201258,450524,
Thailand,2021-05-07,"Oxford/AstraZeneca, Sinovac",https://ddc.moph.go.th/uploads/ckeditor2//files/Daily%20report%202021-05-08.pdf,1730488,1262703,467785,
Thailand,2021-05-08,"Oxford/AstraZeneca, Sinovac",https://ddc.moph.go.th/uploads/ckeditor2//files/Daily%20report%202021-05-09.pdf,1743720,1273666,470054,
Thailand,2021-05-09,"Oxford/AstraZeneca, Sinovac",https://ddc.moph.go.th/uploads/ckeditor2//files/Daily%20report%202021-05-10.pdf,1809894,1296440,513454,
Thailand,2021-05-10,"Oxford/AstraZeneca, Sinovac",https://ddc.moph.go.th/uploads/ckeditor2//files/Daily%20report%202021-05-11.pdf,1898454,1365992,532462,
Thailand,2021-05-11,"Oxford/AstraZeneca, Sinovac",https://ddc.moph.go.th/uploads/ckeditor2//files/Daily%20report%202021-05-12.pdf,1935565,1372013,563552,
Thailand,2021-05-12,"Oxford/AstraZeneca, Sinovac",https://ddc.moph.go.th/uploads/ckeditor2//files/Daily%20report%202021-05-13.pdf,2040363,1395130,645233,
Thailand,2021-05-13,"Oxford/AstraZeneca, Sinovac",https://ddc.moph.go.th/uploads/ckeditor2//files/Daily%20report%202021-05-14.pdf,2124732,1416732,708300,
Thailand,2021-05-16,"Oxford/AstraZeneca, Sinovac",https://ddc.moph.go.th/uploads/ckeditor2//files/Daily%20report%202021-05-17.pdf,2264308,1482702,781606,
Thailand,2021-05-17,"Oxford/AstraZeneca, Sinovac",https://ddc.moph.go.th/uploads/ckeditor2//files/Daily%20report%202021-05-18(1).pdf,2340995,1521034,819961,
Thailand,2021-05-18,"Oxford/AstraZeneca, Sinovac",https://ddc.moph.go.th/uploads/ckeditor2//files/Daily%20report%202021-05-19.pdf,2445645,1585773,859872,
Thailand,2021-05-19,"Oxford/AstraZeneca, Sinovac",https://ddc.moph.go.th/uploads/ckeditor2//files/Daily%20report%202021-05-20.pdf,2540116,1647871,892245,
Thailand,2021-05-20,"Oxford/AstraZeneca, Sinovac",https://ddc.moph.go.th/uploads/ckeditor2//files/Daily%20report%202021-05-21.pdf,2648256,1726431,921825,
Thailand,2021-05-21,"Oxford/AstraZeneca, Sinovac",https://ddc.moph.go.th/uploads/ckeditor2//files/Daily%20report%202021-05-22.pdf,2811549,1849393,962156,
Thailand,2021-05-22,"Oxford/AstraZeneca, Sinovac",https://ddc.moph.go.th/uploads/ckeditor2//files/Daily%20report%202021-05-23.pdf,2865091,1898332,966759,
Thailand,2021-05-23,"Oxford/AstraZeneca, Sinovac",https://ddc.moph.go.th/uploads/ckeditor2//files/Daily%20report%202021-05-24.pdf,2910664,1941565,969099,
Thailand,2021-05-24,"Oxford/AstraZeneca, Sinovac",https://ddc.moph.go.th/uploads/ckeditor2//files/Daily%20report%202021-05-25.pdf,3024313,2044123,980190,
Thailand,2021-05-25,"Oxford/AstraZeneca, Sinovac",https://ddc.moph.go.th/uploads/ckeditor2//files/Daily%20report%202021-05-26.pdf,3147227,2157609,989618,
Thailand,2021-05-26,"Oxford/AstraZeneca, Sinovac",https://ddc.moph.go.th/uploads/ckeditor2//files/Daily%20report%202021-05-27.pdf,3208882,2214721,994161,
Thailand,2021-05-27,"Oxford/AstraZeneca, Sinovac",https://ddc.moph.go.th/uploads/ckeditor2//files/Daily%20report%202021-05-28.pdf,3347050,2319304,1027746,
Thailand,2021-05-28,"Oxford/AstraZeneca, Sinovac",https://ddc.moph.go.th/uploads/ckeditor2//files/Daily%20report%202021-05-29%20.pdf,3504125,2415903,1088222,
Thailand,2021-05-29,"Oxford/AstraZeneca, Sinovac",https://ddc.moph.go.th/uploads/ckeditor2//files/Daily%20report%202021-05-30.pdf,3548330,2453807,1094523,
Thailand,2021-05-30,"Oxford/AstraZeneca, Sinovac",https://ddc.moph.go.th/uploads/ckeditor2//files/Daily%20report%202021-05-31.pdf,3609882,2498929,1110953,
Thailand,2021-05-31,"Oxford/AstraZeneca, Sinovac",https://ddc.moph.go.th/uploads/ckeditor2//files/Daily%20report%202021-06-01.pdf,3664859,2539491,1125368,
Thailand,2021-06-01,"Oxford/AstraZeneca, Sinovac",https://ddc.moph.go.th/uploads/ckeditor2//files/Daily%20report%202021-06-02.pdf,3753718,2591372,1162346,
Thailand,2021-06-03,"Oxford/AstraZeneca, Sinovac",https://ddc.moph.go.th/uploads/ckeditor2//files/Daily%20report%202021-06-04.pdf,3961589,2727759,1233830,
Thailand,2021-06-04,"Oxford/AstraZeneca, Sinovac",https://ddc.moph.go.th/uploads/ckeditor2//files/Daily%20report%202021-06-05.pdf,4142944,2818676,1324268,
Thailand,2021-06-05,"Oxford/AstraZeneca, Sinovac",https://ddc.moph.go.th/uploads/ckeditor2//files/Daily%20report%202021-06-06.pdf,4190503,2845287,1345216,
Thailand,2021-06-06,"Oxford/AstraZeneca, Sinovac",https://ddc.moph.go.th/uploads/ckeditor2//files/Daily%20report%202021-06-07.pdf,4218094,2855041,1363053,
Thailand,2021-06-07,"Oxford/AstraZeneca, Sinovac",https://ddc.moph.go.th/uploads/ckeditor2//files/Daily%20report%202021-06-08.pdf,4634941,3243913,1391028,
Thailand,2021-06-08,"Oxford/AstraZeneca, Sinovac",https://ddc.moph.go.th/uploads/ckeditor2//files/Daily%20report%202021-06-09.pdf,5107069,3672372,1434697,
Thailand,2021-06-09,"Oxford/AstraZeneca, Sinovac",https://ddc.moph.go.th/uploads/ckeditor2//files/Daily%20report%202021-06-10.pdf,5443743,3966091,1477652,
Thailand,2021-06-10,"Oxford/AstraZeneca, Sinovac",https://ddc.moph.go.th/uploads/ckeditor2//files/Daily%20report%202021-06-11v2.pdf,5667058,4143444,1523614,
Thailand,2021-06-11,"Oxford/AstraZeneca, Sinovac",https://ddc.moph.go.th/uploads/ckeditor2//files/Daily%20report%202021-06-12.pdf,5975070,4362685,1612835,
Thailand,2021-06-12,"Oxford/AstraZeneca, Sinovac",https://ddc.moph.go.th/uploads/ckeditor2//files/Daily%20report%202021-06-13.pdf,6081242,4456786,1624456,
Thailand,2021-06-13,"Oxford/AstraZeneca, Sinovac",https://ddc.moph.go.th/uploads/ckeditor2//files/Daily%20report%202021-06-14.pdf,6188124,4531914,1656210,
Thailand,2021-06-14,"Oxford/AstraZeneca, Sinovac",https://ddc.moph.go.th/uploads/ckeditor2//files/Daily%20report%202021-06-15.pdf,6511184,4762063,1749121,
Thailand,2021-06-15,"Oxford/AstraZeneca, Sinovac",https://ddc.moph.go.th/uploads/ckeditor2//files/Daily%20report%202021-06-16.pdf,6780816,4948227,1832589,
Thailand,2021-06-16,"Oxford/AstraZeneca, Sinovac",https://ddc.moph.go.th/uploads/ckeditor2//files/Daily%20report%202021-06-17.pdf,7003783,5114755,1889028,
Thailand,2021-06-17,"Oxford/AstraZeneca, Sinovac",https://ddc.moph.go.th/uploads/ckeditor2//files/Daily%20report%202021-06-18.pdf,7219668,5252531,1967137,
Thailand,2021-06-18,"Oxford/AstraZeneca, Sinovac",https://ddc.moph.go.th/uploads/ckeditor2//files/Daily%20report%202021-06-19.pdf,7483083,5434119,2048964,
Thailand,2021-06-19,"Oxford/AstraZeneca, Sinovac",https://ddc.moph.go.th/uploads/ckeditor2//files/Daily%20report%202021-06-20.pdf,7587178,5486092,2101086,
Thailand,2021-06-20,"Oxford/AstraZeneca, Sinovac",https://ddc.moph.go.th/vaccine-covid19/getFiles/9/1624263263473.pdf,7679057,5526039,2153018,
Thailand,2021-06-21,"Oxford/AstraZeneca, Sinovac",https://ddc.moph.go.th/uploads/ckeditor2//files/Daily%20report%202021-06-22.pdf,7906696,5678848,2227848,
Thailand,2021-06-22,"Oxford/AstraZeneca, Sinovac",https://ddc.moph.go.th/uploads/ckeditor2//files/Daily%20report%202021-06-23.pdf,8148335,5844521,2303814,
Thailand,2021-06-23,"Oxford/AstraZeneca, Sinovac",https://ddc.moph.go.th/uploads/ckeditor2//files/Daily%20report%202021-06-24.pdf,8400320,6017424,2382896,
Thailand,2021-06-24,"Oxford/AstraZeneca, Sinovac",https://ddc.moph.go.th/uploads/ckeditor2//files/Daily%20Report%202021-06-25.pdf,8657423,6206353,2451070,
Thailand,2021-06-25,"Oxford/AstraZeneca, Sinopharm/Beijing, Sinovac",https://ddc.moph.go.th/uploads/ckeditor2//files/Daily%20report%202021-06-26.pdf,8981478,6435308,2546170,
Thailand,2021-06-26,"Oxford/AstraZeneca, Sinopharm/Beijing, Sinovac",https://ddc.moph.go.th/uploads/ckeditor2//files/Daily%20report%202021-06-27.pdf,9055141,6475826,2579315,
Thailand,2021-06-27,"Oxford/AstraZeneca, Sinopharm/Beijing, Sinovac",https://ddc.moph.go.th/uploads/ckeditor2//files/Daily%20report%202021-06-28.pdf,9147513,6537852,2609661,
Thailand,2021-06-28,"Oxford/AstraZeneca, Sinopharm/Beijing, Sinovac",https://ddc.moph.go.th/uploads/ckeditor2//files/Daily%20report%202021-06-29.pdf,9416972,6721038,2695394,
Thailand,2021-06-29,"Oxford/AstraZeneca, Sinopharm/Beijing, Sinovac",https://ddc.moph.go.th/uploads/ckeditor2//files/Daily%20report%202021-06-30.pdf,9672706,6910169,2762537,
Thailand,2021-06-30,"Oxford/AstraZeneca, Sinopharm/Beijing, Sinovac",https://ddc.moph.go.th/uploads/ckeditor2//files/Daily%20report%202021-07-01.pdf,9927698,7110854,2816844,
Thailand,2021-07-01,"Oxford/AstraZeneca, Sinopharm/Beijing, Sinovac",https://ddc.moph.go.th/uploads/ckeditor2//files/Daily%20report%202021-07-02.pdf,10227183,7364585,2862598,
Thailand,2021-07-02,"Oxford/AstraZeneca, Sinopharm/Beijing, Sinovac",https://ddc.moph.go.th/vaccine-covid19/getFiles/10/1625377983773.pdf,10572292,7640118,2932174,
Thailand,2021-07-03,"Oxford/AstraZeneca, Sinopharm/Beijing, Sinovac",https://ddc.moph.go.th/uploads/ckeditor2//files/Daily%20report%202021-07-04.pdf,10670897,7721150,2949747,
Thailand,2021-07-04,"Oxford/AstraZeneca, Sinopharm/Beijing, Sinovac",https://ddc.moph.go.th/uploads/ckeditor2//files/Daily%20report%202021-07-05.pdf,10777748,7804654,2973094,
Thailand,2021-07-05,"Oxford/AstraZeneca, Sinopharm/Beijing, Sinovac",https://ddc.moph.go.th/uploads/ckeditor2//files/Daily%20report%202021-07-06.pdf,11058390,8022029,3036361,
Thailand,2021-07-06,"Oxford/AstraZeneca, Sinovac",https://ddc.moph.go.th/uploads/ckeditor2//files/Daily%20report%202021-07-07.pdf,11328043,8245297,3082746,
Thailand,2021-07-07,"Oxford/AstraZeneca, Sinovac",https://ddc.moph.go.th/uploads/ckeditor2//files/Daily%20report%202021-07-08.pdf,11619618,8494230,3125388,
Thailand,2021-07-08,"Oxford/AstraZeneca, Sinovac",https://ddc.moph.go.th/uploads/ckeditor2//files/Daily%20report%202021-07-09.pdf,11975996,8800155,3175841,
Thailand,2021-07-09,"Oxford/AstraZeneca, Sinovac",https://ddc.moph.go.th/uploads/ckeditor2//files/Daily%20report%202021-07-10.pdf,12375904,9130526,3245378,
Thailand,2021-07-10,"Oxford/AstraZeneca, Sinovac",https://ddc.moph.go.th/uploads/ckeditor2//files/Daily%20report%202021-07-11.pdf,12469188,9213598,3255590,
Thailand,2021-07-11,"Oxford/AstraZeneca, Sinovac",https://ddc.moph.go.th/uploads/ckeditor2//files/Daily%20report%202021-07-12.pdf,12569213,9301407,3267806,
Thailand,2021-07-12,"Oxford/AstraZeneca, Sinovac",https://ddc.moph.go.th/uploads/ckeditor2//files/Daily%20report%202021-07-13.pdf,12908193,9598949,3309244,
Thailand,2021-07-13,"Oxford/AstraZeneca, Sinovac",https://ddc.moph.go.th/uploads/ckeditor2//files/Daily%20report%202021-07-14.pdf,13230681,9888124,3342557,
Thailand,2021-07-14,"Oxford/AstraZeneca, Sinovac",https://ddc.moph.go.th/uploads/ckeditor2//files/Daily%20report%202021-07-15.pdf,13533717,10163340,3370377,
Thailand,2021-07-15,"Oxford/AstraZeneca, Sinovac",https://ddc.moph.go.th/uploads/ckeditor2//files/Daily%20report%202021-07-16.pdf,13823355,10424355,3398430,
Thailand,2021-07-16,"Oxford/AstraZeneca, Sinovac",https://ddc.moph.go.th/uploads/ckeditor2//files/Dailr%20report%202021-07-17.pdf,14130489,10697489,3432911,
Thailand,2021-07-17,"Oxford/AstraZeneca, Sinovac",https://ddc.moph.go.th/uploads/ckeditor2//files/Daily%20report%202021-07-18.pdf,14223762,10780762,3443330,
Thailand,2021-07-18,"Oxford/AstraZeneca, Sinovac",https://ddc.moph.go.th/uploads/ckeditor2//files/Daily%20report%202021-07-19.pdf,14298596,10850099,3448497,
Thailand,2021-07-19,"Oxford/AstraZeneca, Sinovac",https://ddc.moph.go.th/uploads/ckeditor2//files/Daily%20report%202021-07-20.pdf,14547244,11067518,3479726,
Thailand,2021-07-20,"Oxford/AstraZeneca, Sinovac",https://ddc.moph.go.th/uploads/ckeditor2//files/Daily%20report%202021-07-21.pdf,14805120,11292579,3512541,
Thailand,2021-07-21,"Oxford/AstraZeneca, Sinovac",https://ddc.moph.go.th/uploads/ckeditor2//files/Daily%20report%202021-07-22.pdf,15084696,11538866,3545830,
Thailand,2021-07-22,"Oxford/AstraZeneca, Sinovac",https://ddc.moph.go.th/uploads/ckeditor2//files/Daily%20report%202021-07-23.pdf,15388939,11805180,3583759,
Thailand,2021-07-23,"Oxford/AstraZeneca, Sinovac",https://ddc.moph.go.th/uploads/ckeditor2//files/Daily%20report%202021-07-24.pdf,15741818,12109424,3632394,
Thailand,2021-07-24,"Oxford/AstraZeneca, Sinovac",https://ddc.moph.go.th/uploads/ckeditor2//files/Daily%20report%202021-07-25.pdf,15869844,12226845,3642999,
Thailand,2021-07-25,"Oxford/AstraZeneca, Sinovac",https://ddc.moph.go.th/uploads/ckeditor2//files/Daily%20report%202021-07-26.pdf,15960778,12307788,3652990,
Thailand,2021-07-26,"Oxford/AstraZeneca, Sinovac",https://twitter.com/ddc_riskcom/status/1419882625611665415,16099670,12429925,3669745,
Thailand,2021-07-27,"Oxford/AstraZeneca, Sinovac",https://ddc.moph.go.th/vaccine-covid19/getFiles/10/1627527809692.pdf,16427059,12714312,3712747,
Thailand,2021-07-28,"Oxford/AstraZeneca, Sinovac",https://ddc.moph.go.th/vaccine-covid19/getFiles/9/1627527771518.pdf,16591329,12858570,3732759,
Thailand,2021-07-29,"Oxford/AstraZeneca, Sinovac",https://ddc.moph.go.th/vaccine-covid19/getFiles/9/1627641127759.pdf,17011477,13225233,3786244,
Thailand,2021-07-30,"Oxford/AstraZeneca, Sinovac",https://ddc.moph.go.th/vaccine-covid19/getFiles/9/1627802716832.pdf,17491632,13640179,3851453,
Thailand,2021-07-31,"Oxford/AstraZeneca, Sinovac",https://ddc.moph.go.th/uploads/ckeditor2//files/Daily%20report%202021-08-01.pdf,17685974,13802916,3883058,
Thailand,2021-08-01,"Oxford/AstraZeneca, Sinovac",https://ddc.moph.go.th/uploads/ckeditor2//files/Daily%20report%202021-08-02.pdf,17866526,13955087,3911439,
Thailand,2021-08-02,"Oxford/AstraZeneca, Sinovac",https://ddc.moph.go.th/uploads/ckeditor2//files/Daily%20report%202021-08-03.pdf,18198825,14207477,3991348,
Thailand,2021-08-03,"Oxford/AstraZeneca, Sinovac",https://ddc.moph.go.th/uploads/ckeditor2//files/Daily%20report%202021-08-04.pdf,18578096,14492385,4085711,
Thailand,2021-08-04,"Oxford/AstraZeneca, Sinovac",https://ddc.moph.go.th/uploads/ckeditor2//files/Daily%20report%202021-08-05.pdf,18961703,14783001,4178702,
Thailand,2021-08-05,"Oxford/AstraZeneca, Sinovac",https://ddc.moph.go.th/uploads/ckeditor2//files/Daily%20report%202021-08-06.pdf,19632537,15180276,4277071,175190
Thailand,2021-08-06,"Oxford/AstraZeneca, Sinovac",https://ddc.moph.go.th/uploads/ckeditor2//files/Daily%20report%202021-08-07.pdf,20280108,15687291,4406723,186094
Thailand,2021-08-07,"Oxford/AstraZeneca, Sinovac",https://ddc.moph.go.th/uploads/ckeditor2//files/Daily%20report%202021-08-08.pdf,20478635,15843283,4438168,197184
Thailand,2021-08-08,"Oxford/AstraZeneca, Sinovac",https://ddc.moph.go.th/uploads/ckeditor2//files/Daily%20report%202021-08-09.pdf,20669780,15986354,4461861,221565
Thailand,2021-08-09,"Oxford/AstraZeneca, Sinovac",https://ddc.moph.go.th/uploads/ckeditor2//files/Daily%20report%20%202021-08-10.pdf,21171110,16336743,4566345,268022
Thailand,2021-08-10,"Oxford/AstraZeneca, Sinovac",https://ddc.moph.go.th/uploads/ckeditor2//files/Daily%20report%20%202021-08-11.pdf,21717954,16701428,4692030,324496
Thailand,2021-08-11,"Oxford/AstraZeneca, Pfizer/BioNTech, Sinovac",https://ddc.moph.go.th/uploads/ckeditor2//files/Daily%20report%20%202021-08-12.pdf,22288819,17068105,4826641,394073
Thailand,2021-08-12,"Oxford/AstraZeneca, Pfizer/BioNTech, Sinovac",https://ddc.moph.go.th/uploads/ckeditor2//files/Daily%20report%20%202021-08-13.pdf,22508659,17239593,4855000,414066
Thailand,2021-08-13,"Oxford/AstraZeneca, Pfizer/BioNTech, Sinovac",https://ddc.moph.go.th/uploads/ckeditor2//files/Daily%20report%20%202021-08-14.pdf,23192491,17696114,5033568,462809
Thailand,2021-08-15,"Oxford/AstraZeneca, Pfizer/BioNTech, Sinovac",https://ddc.moph.go.th/uploads/ckeditor2//files/Daily%20report%20%202021-08-16.pdf,23592227,17996826,5109476,485925
Thailand,2021-08-16,"Oxford/AstraZeneca, Pfizer/BioNTech, Sinovac",https://ddc.moph.go.th/uploads/ckeditor2//files/Daily%20report%20%202021-08-17.pdf,24100631,18370997,5228157,501477
Thailand,2021-08-17,"Oxford/AstraZeneca, Pfizer/BioNTech, Sinovac",https://ddc.moph.go.th/uploads/ckeditor2//files/Daily%20report%20%202021-08-18.pdf,24618749,18726405,5381676,510668
Thailand,2021-08-18,"Oxford/AstraZeneca, Pfizer/BioNTech, Sinovac",https://ddc.moph.go.th/uploads/ckeditor2//files/Daily%20report%20%202021-08-19.pdf,25167060,19143574,5503882,519604
Thailand,2021-08-19,"Oxford/AstraZeneca, Pfizer/BioNTech, Sinovac",https://ddc.moph.go.th/uploads/ckeditor2//files/Daily%20Report%202021-08-20.pdf,25818666,19586009,5705200,527457
Thailand,2021-08-20,"Oxford/AstraZeneca, Pfizer/BioNTech, Sinovac",https://ddc.moph.go.th/uploads/ckeditor2//files/Daily%20report%20%202021-08-21.pdf,26428101,19973692,5920614,533795
Thailand,2021-08-21,"Oxford/AstraZeneca, Pfizer/BioNTech, Sinovac",https://ddc.moph.go.th/uploads/ckeditor2//files/Daily%20report%202021-08-22.pdf,26832179,20272171,6017820,542188
Thailand,2021-08-22,"Oxford/AstraZeneca, Pfizer/BioNTech, Sinovac",https://ddc.moph.go.th/uploads/ckeditor2//files/Daily%20Report%202021-08-23.pdf,27038999,20430028,6065003,543968
Thailand,2021-08-23,"Oxford/AstraZeneca, Pfizer/BioNTech, Sinovac",https://ddc.moph.go.th/uploads/ckeditor2//files/Daily%20Report%202021-08-24.pdf,27612445,20830673,6230511,551261
Thailand,2021-08-24,"Oxford/AstraZeneca, Pfizer/BioNTech, Sinovac",https://ddc.moph.go.th/uploads/ckeditor2//files/Daily%20Report%202021-08-25.pdf,28197659,21231498,6405537,560624
Thailand,2021-08-25,"Oxford/AstraZeneca, Pfizer/BioNTech, Sinovac",https://ddc.moph.go.th/uploads/ckeditor2//files/Daily%20report%202021-08-26.pdf,28835580,21669955,6596785,568840
Thailand,2021-08-26,"Oxford/AstraZeneca, Pfizer/BioNTech, Sinovac",https://ddc.moph.go.th/uploads/ckeditor2//files/Daily%20report%202021-08-27.pdf,29504769,22070573,6860084,574112
Thailand,2021-08-27,"Oxford/AstraZeneca, Pfizer/BioNTech, Sinovac",https://ddc.moph.go.th/uploads/ckeditor2//files/Daily%20report%202021-08-28.pdf,30420507,22617701,7221368,581438
Thailand,2021-08-28,"Oxford/AstraZeneca, Pfizer/BioNTech, Sinovac",https://ddc.moph.go.th/uploads/ckeditor2//files/Daily%20report%202021-08-29.pdf,30679289,22807078,7287885,584326
Thailand,2021-08-29,"Oxford/AstraZeneca, Pfizer/BioNTech, Sinovac",https://ddc.moph.go.th/uploads/ckeditor2//files/Daily%20report%202021-08-30.pdf,30954477,23018371,7350348,585758
Thailand,2021-08-30,"Oxford/AstraZeneca, Pfizer/BioNTech, Sinovac",https://ddc.moph.go.th/uploads/ckeditor2//files/Daily%20report%202021-08-31.pdf,31771819,23401465,7780973,589381
Thailand,2021-09-01,"Oxford/AstraZeneca, Pfizer/BioNTech, Sinovac",https://ddc.moph.go.th/vaccine-covid19/getFiles/9/163048457821.pdf,32600001,23795098,8212750,592153
Thailand,2021-09-02,"Oxford/AstraZeneca, Pfizer/BioNTech, Sinovac",https://ddc.moph.go.th/vaccine-covid19/getFiles/9/1630646295635.pdf,33427463,24147532,8684695,595236
Thailand,2021-09-03,"Oxford/AstraZeneca, Pfizer/BioNTech, Sinovac",https://ddc.moph.go.th/vaccine-covid19/getFiles/9/163064643388.pdf,34292537,24542140,9152799,597598
Thailand,2021-09-04,"Oxford/AstraZeneca, Pfizer/BioNTech, Sinovac",https://ddc.moph.go.th/vaccine-covid19/getFiles/9/1630842646792.pdf,35218164,24918054,9698842,601268
Thailand,2021-09-05,"Oxford/AstraZeneca, Pfizer/BioNTech, Sinovac",https://ddc.moph.go.th/vaccine-covid19/getFiles/9/1630842327231.pdf,35587676,25104942,9879371,603363
Thailand,2021-09-06,"Oxford/AstraZeneca, Pfizer/BioNTech, Sinovac",https://ddc.moph.go.th/vaccine-covid19/getFiles/9/1630997946413.pdf,35912894,25234259,10074612,604023
Thailand,2021-09-07,"Oxford/AstraZeneca, Pfizer/BioNTech, Sinovac",https://ddc.moph.go.th/vaccine-covid19/getFiles/9/1631019677692.pdf,36635271,25554456,10475325,605490
Thailand,2021-09-08,"Oxford/AstraZeneca, Pfizer/BioNTech, Sinovac",https://ddc.moph.go.th/vaccine-covid19/getFiles/9/1631079193994.pdf,37461284,25954106,10900001,607177
Thailand,2021-09-09,"Oxford/AstraZeneca, Pfizer/BioNTech, Sinovac",https://ddc.moph.go.th/vaccine-covid19/getFiles/9/1631178023516.pdf,38174738,26292211,11272593,609934
Thailand,2021-09-10,"Oxford/AstraZeneca, Pfizer/BioNTech, Sinovac",https://ddc.moph.go.th/vaccine-covid19/getFiles/9/1631279061151.pdf,38873359,26631261,11630996,611102
Thailand,2021-09-11,"Oxford/AstraZeneca, Pfizer/BioNTech, Sinovac",https://ddc.moph.go.th/vaccine-covid19/getFiles/9/1631444653613.pdf,39631862,26954546,12063643,613673
Thailand,2021-09-12,"Oxford/AstraZeneca, Pfizer/BioNTech, Sinovac",https://ddc.moph.go.th/vaccine-covid19/getFiles/9/1631444800662.pdf,40060467,27194487,12251011,614969
Thailand,2021-09-13,"Oxford/AstraZeneca, Pfizer/BioNTech, Sinovac",https://ddc.moph.go.th/vaccine-covid19/getFiles/9/1631510579943.pdf,40276356,27303700,12357581,615075
Thailand,2021-09-14,"Oxford/AstraZeneca, Pfizer/BioNTech, Sinovac",https://ddc.moph.go.th/vaccine-covid19/getFiles/9/1631765919516.pdf,40953025,27540743,12795707,616575
Thailand,2021-09-15,"Oxford/AstraZeneca, Pfizer/BioNTech, Sinopharm/Beijing, Sinovac",https://ddc.moph.go.th/vaccine-covid19/getFiles/9/1631766046867.pdf,41647101,27769095,13260456,617550
Thailand,2021-09-16,"Oxford/AstraZeneca, Pfizer/BioNTech, Sinopharm/Beijing, Sinovac",https://ddc.moph.go.th/vaccine-covid19/getFiles/9/1631872717403.pdf,42477514,28085202,13773184,619128
Thailand,2021-09-17,"Oxford/AstraZeneca, Pfizer/BioNTech, Sinopharm/Beijing, Sinovac",https://ddc.moph.go.th/vaccine-covid19/getFiles/9/1631872924976.pdf,43342103,28436015,14285995,620093
Thailand,2021-09-18,"Oxford/AstraZeneca, Pfizer/BioNTech, Sinopharm/Beijing, Sinovac",https://ddc.moph.go.th/vaccine-covid19/getFiles/9/1632052738139.pdf,43889427,28611321,14657681,620425
Thailand,2021-09-19,"Oxford/AstraZeneca, Pfizer/BioNTech, Sinopharm/Beijing, Sinovac",https://ddc.moph.go.th/vaccine-covid19/getFiles/9/1632052951528.pdf,44485657,28893133,14971317,621207
Thailand,2021-09-20,"Oxford/AstraZeneca, Pfizer/BioNTech, Sinopharm/Beijing, Sinovac",https://ddc.moph.go.th/vaccine-covid19/getFiles/9/1632199805591.pdf,44742049,29002572,15118015,621462
Thailand,2021-09-21,"Oxford/AstraZeneca, Pfizer/BioNTech, Sinopharm/Beijing, Sinovac",https://ddc.moph.go.th/vaccine-covid19/getFiles/9/1632387105995.pdf,45211101,29201077,15388071,621953
Thailand,2021-09-22,"Oxford/AstraZeneca, Pfizer/BioNTech, Sinopharm/Beijing, Sinovac",https://ddc.moph.go.th/vaccine-covid19/getFiles/9/1632387207499.pdf,46023016,29501110,15899158,622748
Thailand,2021-10-05,"Oxford/AstraZeneca, Pfizer/BioNTech, Sinopharm/Beijing, Sinovac",https://ddc.moph.go.th/vaccine-covid19/getFiles/9/1633505738993.pdf,55921443,33243525,21162251,1515667
Thailand,2021-10-06,"Oxford/AstraZeneca, Pfizer/BioNTech, Sinopharm/Beijing, Sinovac",https://ddc.moph.go.th/vaccine-covid19/getFiles/9/1633505880456.pdf,56656247,33505887,21595916,1554444
Thailand,2021-10-07,"Oxford/AstraZeneca, Pfizer/BioNTech, Sinopharm/Beijing, Sinovac",https://ddc.moph.go.th/vaccine-covid19/getFiles/9/163368646868.pdf,57387052,33774684,22005722,1606646
Thailand,2021-10-08,"Oxford/AstraZeneca, Pfizer/BioNTech, Sinopharm/Beijing, Sinovac",https://ddc.moph.go.th/vaccine-covid19/getFiles/9/16336867817.pdf,58298700,34188488,22460213,1649999
Thailand,2021-10-09,"Oxford/AstraZeneca, Pfizer/BioNTech, Sinopharm/Beijing, Sinovac",https://ddc.moph.go.th/vaccine-covid19/getFiles/9/1633939964880.pdf,59308772,34668552,22949256,1690964
Thailand,2021-10-10,"Oxford/AstraZeneca, Pfizer/BioNTech, Sinopharm/Beijing, Sinovac",https://ddc.moph.go.th/vaccine-covid19/getFiles/9/1633940103371.pdf,59539624,34782627,23055555,1701442
Thailand,2021-10-11,"Oxford/AstraZeneca, Pfizer/BioNTech, Sinopharm/Beijing, Sinovac",https://ddc.moph.go.th/vaccine-covid19/getFiles/9/1634176974145.pdf,60228105,35093892,23400992,1733221
Thailand,2021-10-12,"Oxford/AstraZeneca, Pfizer/BioNTech, Sinopharm/Beijing, Sinovac",https://ddc.moph.go.th/vaccine-covid19/getFiles/9/1634177133283.pdf,61033251,35462170,23796497,1774584
Thailand,2021-10-13,"Oxford/AstraZeneca, Pfizer/BioNTech, Sinopharm/Beijing, Sinovac",https://ddc.moph.go.th/vaccine-covid19/getFiles/9/1634177368652.pdf,61995809,35895984,24282686,1817139
Thailand,2021-10-14,"Oxford/AstraZeneca, Pfizer/BioNTech, Sinopharm/Beijing, Sinovac",https://ddc.moph.go.th/vaccine-covid19/getFiles/9/1634360585337.pdf,62579803,36239806,24502527,1837470
Thailand,2021-10-15,"Oxford/AstraZeneca, Pfizer/BioNTech, Sinopharm/Beijing, Sinovac",https://ddc.moph.go.th/vaccine-covid19/getFiles/9/1634360735212.pdf,63614352,36721779,25012380,1880193
Thailand,2021-10-16,"Oxford/AstraZeneca, Pfizer/BioNTech, Sinopharm/Beijing, Sinovac",https://ddc.moph.go.th/vaccine-covid19/getFiles/9/1634544966469.pdf,64139022,36955020,25287543,1896459
Thailand,2021-10-17,"Oxford/AstraZeneca, Pfizer/BioNTech, Sinopharm/Beijing, Sinovac",https://ddc.moph.go.th/vaccine-covid19/getFiles/9/1634726683371.pdf,65202741,37446713,25825201,1930827
Thailand,2021-10-18,"Oxford/AstraZeneca, Pfizer/BioNTech, Sinopharm/Beijing, Sinovac",https://ddc.moph.go.th/vaccine-covid19/getFiles/9/163472679527.pdf,65677794,37684728,26042573,1950493
Thailand,2021-10-19,"Oxford/AstraZeneca, Pfizer/BioNTech, Sinopharm/Beijing, Sinovac",https://ddc.moph.go.th/vaccine-covid19/getFiles/9/1634726989351.pdf,66592321,38137096,26474522,1980703
Thailand,2021-10-20,"Oxford/AstraZeneca, Pfizer/BioNTech, Sinopharm/Beijing, Sinovac",https://ddc.moph.go.th/vaccine-covid19/getFiles/9/163531614187.pdf,67587102,38611193,26959785,2016124
Thailand,2021-10-21,"Oxford/AstraZeneca, Pfizer/BioNTech, Sinopharm/Beijing, Sinovac",https://ddc.moph.go.th/vaccine-covid19/getFiles/9/1635316423205.pdf,68503058,39039849,27405800,2057409
Thailand,2021-10-22,"Oxford/AstraZeneca, Pfizer/BioNTech, Sinopharm/Beijing, Sinovac",https://ddc.moph.go.th/vaccine-covid19/getFiles/9/1635316704102.pdf,69217162,39358277,27774180,2084705
Thailand,2021-10-23,"Oxford/AstraZeneca, Pfizer/BioNTech, Sinopharm/Beijing, Sinovac",https://ddc.moph.go.th/vaccine-covid19/getFiles/9/1635316802390.pdf,69923540,39708520,28106044,2108976
Thailand,2021-10-24,"Oxford/AstraZeneca, Pfizer/BioNTech, Sinopharm/Beijing, Sinovac",https://ddc.moph.go.th/vaccine-covid19/getFiles/9/1635316897606.pdf,70279624,39881034,28276165,2122425
Thailand,2021-10-25,"Oxford/AstraZeneca, Pfizer/BioNTech, Sinopharm/Beijing, Sinovac",https://ddc.moph.go.th/vaccine-covid19/getFiles/9/1635316989884.pdf,70505802,39999692,28372531,2133579
Thailand,2021-10-26,"Oxford/AstraZeneca, Pfizer/BioNTech, Sinopharm/Beijing, Sinovac",https://ddc.moph.go.th/vaccine-covid19/getFiles/9/1635317099750.pdf,71237520,40346281,28713904,2177335
Thailand,2021-10-27,"Oxford/AstraZeneca, Pfizer/BioNTech, Sinopharm/Beijing, Sinovac",https://ddc.moph.go.th/vaccine-covid19/getFiles/9/1635319481696.pdf,72049529,40717544,29115651,2216334
Thailand,2021-10-28,"Oxford/AstraZeneca, Pfizer/BioNTech, Sinopharm/Beijing, Sinovac",https://ddc.moph.go.th/vaccine-covid19/getFiles/9/1635502921635.pdf,72812483,41075152,29469487,2267844
Thailand,2021-10-29,"Oxford/AstraZeneca, Pfizer/BioNTech, Sinopharm/Beijing, Sinovac",https://ddc.moph.go.th/vaccine-covid19/getFiles/9/1635741862137.pdf,73692039,41495703,29881984,2314352
Thailand,2021-10-30,"Oxford/AstraZeneca, Pfizer/BioNTech, Sinopharm/Beijing, Sinovac",https://ddc.moph.go.th/vaccine-covid19/getFiles/9/1635742068866.pdf,74694431,41924824,30409329,2360278
Thailand,2021-10-31,"Oxford/AstraZeneca, Pfizer/BioNTech, Sinopharm/Beijing, Sinovac",https://ddc.moph.go.th/vaccine-covid19/getFiles/9/1635742829738.pdf,75389558,42247135,30743399,2399024
Thailand,2021-11-01,"Oxford/AstraZeneca, Pfizer/BioNTech, Sinopharm/Beijing, Sinovac",https://ddc.moph.go.th/vaccine-covid19/getFiles/9/1635742960121.pdf,75710277,42388465,30911219,2410593
Thailand,2021-11-02,"Oxford/AstraZeneca, Pfizer/BioNTech, Sinopharm/Beijing, Sinovac",https://ddc.moph.go.th/vaccine-covid19/getFiles/9/163593297326.pdf,76226116,42548483,31244587,2433046
Thailand,2021-11-03,"Oxford/AstraZeneca, Pfizer/BioNTech, Sinopharm/Beijing, Sinovac",https://ddc.moph.go.th/vaccine-covid19/getFiles/9/1635933297404.pdf,77014092,42815600,31730365,2468127
Thailand,2021-11-04,"Oxford/AstraZeneca, Pfizer/BioNTech, Sinopharm/Beijing, Sinovac",https://ddc.moph.go.th/vaccine-covid19/getFiles/9/1636105825575.pdf,77831474,43112788,32223467,2495219
Thailand,2021-11-05,"Oxford/AstraZeneca, Pfizer/BioNTech, Sinopharm/Beijing, Sinovac",https://ddc.moph.go.th/vaccine-covid19/getFiles/9/1636105978660.pdf,78656124,43403391,32726021,2526712
