date,people_vaccinated,people_fully_vaccinated,total_vaccinations,location,source_url,vaccine,total_boosters
2021-04-27,2400,,2400,Tuvalu,https://stats.pacificdata.org/vis?tm=covid&pg=0&df[ds]=SPC2&df[id]=DF_COVID_VACCINATION&df[ag]=SPC&df[vs]=1.0,Oxford/AstraZeneca,
2021-06-01,2400,0,2400,Tuvalu,https://stats.pacificdata.org/vis?tm=covid&pg=0&df[ds]=SPC2&df[id]=DF_COVID_VACCINATION&df[ag]=SPC&df[vs]=1.0,Oxford/AstraZeneca,
2021-06-15,4772,0,4772,Tuvalu,https://stats.pacificdata.org/vis?tm=covid&pg=0&df[ds]=SPC2&df[id]=DF_COVID_VACCINATION&df[ag]=SPC&df[vs]=1.0,Oxford/AstraZeneca,
2021-08-16,5988,2301,8289,Tuvalu,https://covid19.who.int/,Oxford/AstraZeneca,
2021-08-26,6167,4525,10692,Tuvalu,https://covid19.who.int/,Oxford/AstraZeneca,
2021-09-10,6209,4652,10861,Tuvalu,https://covid19.who.int/,Oxford/AstraZeneca,
2021-10-22,6230,5884,12114,Tuvalu,https://covid19.who.int/,Oxford/AstraZeneca,
