location,date,vaccine,total_vaccinations,people_vaccinated,people_fully_vaccinated,source_url,total_boosters
United Arab Emirates,2021-01-05,"Pfizer/BioNTech, Sinopharm/Beijing, Sinopharm/Wuhan",826301,,,https://fcsc.gov.ae/en-us/Pages/Covid19/UAE-Covid-19-Updates.aspx,
United Arab Emirates,2021-01-06,"Pfizer/BioNTech, Sinopharm/Beijing, Sinopharm/Wuhan",826301,,,https://fcsc.gov.ae/en-us/Pages/Covid19/UAE-Covid-19-Updates.aspx,
United Arab Emirates,2021-01-07,"Pfizer/BioNTech, Sinopharm/Beijing, Sinopharm/Wuhan",887697,,,https://fcsc.gov.ae/en-us/Pages/Covid19/UAE-Covid-19-Updates.aspx,
United Arab Emirates,2021-01-08,"Pfizer/BioNTech, Sinopharm/Beijing, Sinopharm/Wuhan",941556,,,https://fcsc.gov.ae/en-us/Pages/Covid19/UAE-Covid-19-Updates.aspx,
United Arab Emirates,2021-01-09,"Pfizer/BioNTech, Sinopharm/Beijing, Sinopharm/Wuhan",1020349,,,https://fcsc.gov.ae/en-us/Pages/Covid19/UAE-Covid-19-Updates.aspx,
United Arab Emirates,2021-01-10,"Pfizer/BioNTech, Sinopharm/Beijing, Sinopharm/Wuhan",1086568,836568,250000,https://twitter.com/NCEMAUAE/status/1348238179673976832,
United Arab Emirates,2021-01-11,"Pfizer/BioNTech, Sinopharm/Beijing, Sinopharm/Wuhan",1167251,,,https://fcsc.gov.ae/en-us/Pages/Covid19/UAE-Covid-19-Updates.aspx,
United Arab Emirates,2021-01-12,"Pfizer/BioNTech, Sinopharm/Beijing, Sinopharm/Wuhan",1275652,,,https://fcsc.gov.ae/en-us/Pages/Covid19/UAE-Covid-19-Updates.aspx,
United Arab Emirates,2021-01-13,"Pfizer/BioNTech, Sinopharm/Beijing, Sinopharm/Wuhan",1394580,,,https://fcsc.gov.ae/en-us/Pages/Covid19/UAE-Covid-19-Updates.aspx,
United Arab Emirates,2021-01-14,"Pfizer/BioNTech, Sinopharm/Beijing, Sinopharm/Wuhan",1527833,,,https://fcsc.gov.ae/en-us/Pages/Covid19/UAE-Covid-19-Updates.aspx,
United Arab Emirates,2021-01-15,"Pfizer/BioNTech, Sinopharm/Beijing, Sinopharm/Wuhan",1665987,,,https://fcsc.gov.ae/en-us/Pages/Covid19/UAE-Covid-19-Updates.aspx,
United Arab Emirates,2021-01-16,"Pfizer/BioNTech, Sinopharm/Beijing, Sinopharm/Wuhan",1797926,,,https://fcsc.gov.ae/en-us/Pages/Covid19/UAE-Covid-19-Updates.aspx,
United Arab Emirates,2021-01-17,"Pfizer/BioNTech, Sinopharm/Beijing, Sinopharm/Wuhan",1882778,,,https://fcsc.gov.ae/en-us/Pages/Covid19/UAE-Covid-19-Updates.aspx,
United Arab Emirates,2021-01-18,"Pfizer/BioNTech, Sinopharm/Beijing, Sinopharm/Wuhan",1971521,,,https://fcsc.gov.ae/en-us/Pages/Covid19/UAE-Covid-19-Updates.aspx,
United Arab Emirates,2021-01-19,"Pfizer/BioNTech, Sinopharm/Beijing, Sinopharm/Wuhan",2065367,,,https://fcsc.gov.ae/en-us/Pages/Covid19/UAE-Covid-19-Updates.aspx,
United Arab Emirates,2021-01-20,"Pfizer/BioNTech, Sinopharm/Beijing, Sinopharm/Wuhan",2161150,,,https://fcsc.gov.ae/en-us/Pages/Covid19/UAE-Covid-19-Updates.aspx,
United Arab Emirates,2021-01-21,"Pfizer/BioNTech, Sinopharm/Beijing, Sinopharm/Wuhan",2246069,,,https://fcsc.gov.ae/en-us/Pages/Covid19/UAE-Covid-19-Updates.aspx,
United Arab Emirates,2021-01-22,"Pfizer/BioNTech, Sinopharm/Beijing, Sinopharm/Wuhan",2339073,,,https://fcsc.gov.ae/en-us/Pages/Covid19/UAE-Covid-19-Updates.aspx,
United Arab Emirates,2021-01-23,"Pfizer/BioNTech, Sinopharm/Beijing, Sinopharm/Wuhan",2426793,,,https://fcsc.gov.ae/en-us/Pages/Covid19/UAE-Covid-19-Updates.aspx,
United Arab Emirates,2021-01-24,"Pfizer/BioNTech, Sinopharm/Beijing, Sinopharm/Wuhan",2487784,,,https://fcsc.gov.ae/en-us/Pages/Covid19/UAE-Covid-19-Updates.aspx,
United Arab Emirates,2021-01-25,"Pfizer/BioNTech, Sinopharm/Beijing, Sinopharm/Wuhan",2571086,,,https://fcsc.gov.ae/en-us/Pages/Covid19/UAE-Covid-19-Updates.aspx,
United Arab Emirates,2021-01-26,"Pfizer/BioNTech, Sinopharm/Beijing, Sinopharm/Wuhan",2677675,,,https://fcsc.gov.ae/en-us/Pages/Covid19/UAE-Covid-19-Updates.aspx,
United Arab Emirates,2021-01-27,"Pfizer/BioNTech, Sinopharm/Beijing, Sinopharm/Wuhan",2764445,,,https://fcsc.gov.ae/en-us/Pages/Covid19/UAE-Covid-19-Updates.aspx,
United Arab Emirates,2021-01-28,"Pfizer/BioNTech, Sinopharm/Beijing, Sinopharm/Wuhan",2868645,,,https://fcsc.gov.ae/en-us/Pages/Covid19/UAE-Covid-19-Updates.aspx,
United Arab Emirates,2021-01-29,"Pfizer/BioNTech, Sinopharm/Beijing, Sinopharm/Wuhan",3006601,,,https://fcsc.gov.ae/en-us/Pages/Covid19/UAE-Covid-19-Updates.aspx,
United Arab Emirates,2021-01-30,"Pfizer/BioNTech, Sinopharm/Beijing, Sinopharm/Wuhan",3114162,,,https://fcsc.gov.ae/en-us/Pages/Covid19/UAE-Covid-19-Updates.aspx,
United Arab Emirates,2021-01-31,"Pfizer/BioNTech, Sinopharm/Beijing, Sinopharm/Wuhan",3334162,,,https://fcsc.gov.ae/en-us/Pages/Covid19/UAE-Covid-19-Updates.aspx,
United Arab Emirates,2021-02-01,"Pfizer/BioNTech, Sinopharm/Beijing, Sinopharm/Wuhan",3440777,,,https://fcsc.gov.ae/en-us/Pages/Covid19/UAE-Covid-19-Updates.aspx,
United Arab Emirates,2021-02-02,"Pfizer/BioNTech, Sinopharm/Beijing, Sinopharm/Wuhan",3564517,,,https://fcsc.gov.ae/en-us/Pages/Covid19/UAE-Covid-19-Updates.aspx,
United Arab Emirates,2021-02-03,"Pfizer/BioNTech, Sinopharm/Beijing, Sinopharm/Wuhan",3691591,,,https://fcsc.gov.ae/en-us/Pages/Covid19/UAE-Covid-19-Updates.aspx,
United Arab Emirates,2021-02-04,"Pfizer/BioNTech, Sinopharm/Beijing, Sinopharm/Wuhan",3849374,,,https://fcsc.gov.ae/en-us/Pages/Covid19/UAE-Covid-19-Updates.aspx,
United Arab Emirates,2021-02-05,"Pfizer/BioNTech, Sinopharm/Beijing, Sinopharm/Wuhan",4008160,,,https://fcsc.gov.ae/en-us/Pages/Covid19/UAE-Covid-19-Updates.aspx,
United Arab Emirates,2021-02-06,"Pfizer/BioNTech, Sinopharm/Beijing, Sinopharm/Wuhan",4201347,,,https://fcsc.gov.ae/en-us/Pages/Covid19/UAE-Covid-19-Updates.aspx,
United Arab Emirates,2021-02-07,"Pfizer/BioNTech, Sinopharm/Beijing, Sinopharm/Wuhan",4313868,,,https://fcsc.gov.ae/en-us/Pages/Covid19/UAE-Covid-19-Updates.aspx,
United Arab Emirates,2021-02-08,"Oxford/AstraZeneca, Pfizer/BioNTech, Sinopharm/Beijing, Sinopharm/Wuhan, Sputnik V",4413649,,,https://fcsc.gov.ae/en-us/Pages/Covid19/UAE-Covid-19-Updates.aspx,
United Arab Emirates,2021-02-09,"Oxford/AstraZeneca, Pfizer/BioNTech, Sinopharm/Beijing, Sinopharm/Wuhan, Sputnik V",4527144,,,https://fcsc.gov.ae/en-us/Pages/Covid19/UAE-Covid-19-Updates.aspx,
United Arab Emirates,2021-02-10,"Oxford/AstraZeneca, Pfizer/BioNTech, Sinopharm/Beijing, Sinopharm/Wuhan, Sputnik V",4684658,,,https://fcsc.gov.ae/en-us/Pages/Covid19/UAE-Covid-19-Updates.aspx,
United Arab Emirates,2021-02-11,"Oxford/AstraZeneca, Pfizer/BioNTech, Sinopharm/Beijing, Sinopharm/Wuhan, Sputnik V",4792208,,,https://fcsc.gov.ae/en-us/Pages/Covid19/UAE-Covid-19-Updates.aspx,
United Arab Emirates,2021-02-12,"Oxford/AstraZeneca, Pfizer/BioNTech, Sinopharm/Beijing, Sinopharm/Wuhan, Sputnik V",4901795,,,https://fcsc.gov.ae/en-us/Pages/Covid19/UAE-Covid-19-Updates.aspx,
United Arab Emirates,2021-02-13,"Oxford/AstraZeneca, Pfizer/BioNTech, Sinopharm/Beijing, Sinopharm/Wuhan, Sputnik V",5005264,,,https://fcsc.gov.ae/en-us/Pages/Covid19/UAE-Covid-19-Updates.aspx,
United Arab Emirates,2021-02-14,"Oxford/AstraZeneca, Pfizer/BioNTech, Sinopharm/Beijing, Sinopharm/Wuhan, Sputnik V",5055231,,,https://fcsc.gov.ae/en-us/Pages/Covid19/UAE-Covid-19-Updates.aspx,
United Arab Emirates,2021-02-15,"Oxford/AstraZeneca, Pfizer/BioNTech, Sinopharm/Beijing, Sinopharm/Wuhan, Sputnik V",5086835,,,https://fcsc.gov.ae/en-us/Pages/Covid19/UAE-Covid-19-Updates.aspx,
United Arab Emirates,2021-02-16,"Oxford/AstraZeneca, Pfizer/BioNTech, Sinopharm/Beijing, Sinopharm/Wuhan, Sputnik V",5198725,,,https://fcsc.gov.ae/en-us/Pages/Covid19/UAE-Covid-19-Updates.aspx,
United Arab Emirates,2021-02-17,"Oxford/AstraZeneca, Pfizer/BioNTech, Sinopharm/Beijing, Sinopharm/Wuhan, Sputnik V",5284406,,,https://fcsc.gov.ae/en-us/Pages/Covid19/UAE-Covid-19-Updates.aspx,
United Arab Emirates,2021-02-18,"Oxford/AstraZeneca, Pfizer/BioNTech, Sinopharm/Beijing, Sinopharm/Wuhan, Sputnik V",5373730,,,https://fcsc.gov.ae/en-us/Pages/Covid19/UAE-Covid-19-Updates.aspx,
United Arab Emirates,2021-02-19,"Oxford/AstraZeneca, Pfizer/BioNTech, Sinopharm/Beijing, Sinopharm/Wuhan, Sputnik V",5466831,,,https://fcsc.gov.ae/en-us/Pages/Covid19/UAE-Covid-19-Updates.aspx,
United Arab Emirates,2021-02-20,"Oxford/AstraZeneca, Pfizer/BioNTech, Sinopharm/Beijing, Sinopharm/Wuhan, Sputnik V",5553391,,,https://fcsc.gov.ae/en-us/Pages/Covid19/UAE-Covid-19-Updates.aspx,
United Arab Emirates,2021-02-21,"Oxford/AstraZeneca, Pfizer/BioNTech, Sinopharm/Beijing, Sinopharm/Wuhan, Sputnik V",5554342,,,https://fcsc.gov.ae/en-us/Pages/Covid19/UAE-Covid-19-Updates.aspx,
United Arab Emirates,2021-02-22,"Oxford/AstraZeneca, Pfizer/BioNTech, Sinopharm/Beijing, Sinopharm/Wuhan, Sputnik V",5557793,,,https://fcsc.gov.ae/en-us/Pages/Covid19/UAE-Covid-19-Updates.aspx,
United Arab Emirates,2021-02-23,"Oxford/AstraZeneca, Pfizer/BioNTech, Sinopharm/Beijing, Sinopharm/Wuhan, Sputnik V",5668264,3480415,2187849,https://twitter.com/NCEMAUAE/status/1364216211182026752,
United Arab Emirates,2021-02-24,"Oxford/AstraZeneca, Pfizer/BioNTech, Sinopharm/Beijing, Sinopharm/Wuhan, Sputnik V",5761463,,,https://fcsc.gov.ae/en-us/Pages/Covid19/UAE-Covid-19-Updates.aspx,
United Arab Emirates,2021-02-25,"Oxford/AstraZeneca, Pfizer/BioNTech, Sinopharm/Beijing, Sinopharm/Wuhan, Sputnik V",5846036,,,https://fcsc.gov.ae/en-us/Pages/Covid19/UAE-Covid-19-Updates.aspx,
United Arab Emirates,2021-02-26,"Oxford/AstraZeneca, Pfizer/BioNTech, Sinopharm/Beijing, Sinopharm/Wuhan, Sputnik V",5933299,,,https://fcsc.gov.ae/en-us/Pages/Covid19/UAE-Covid-19-Updates.aspx,
United Arab Emirates,2021-02-27,"Oxford/AstraZeneca, Pfizer/BioNTech, Sinopharm/Beijing, Sinopharm/Wuhan, Sputnik V",6015089,,,https://fcsc.gov.ae/en-us/Pages/Covid19/UAE-Covid-19-Updates.aspx,
United Arab Emirates,2021-02-28,"Oxford/AstraZeneca, Pfizer/BioNTech, Sinopharm/Beijing, Sinopharm/Wuhan, Sputnik V",6020461,,,https://fcsc.gov.ae/en-us/Pages/Covid19/UAE-Covid-19-Updates.aspx,
United Arab Emirates,2021-03-01,"Oxford/AstraZeneca, Pfizer/BioNTech, Sinopharm/Beijing, Sinopharm/Wuhan, Sputnik V",6028417,,,https://fcsc.gov.ae/en-us/Pages/Covid19/UAE-Covid-19-Updates.aspx,
United Arab Emirates,2021-03-02,"Oxford/AstraZeneca, Pfizer/BioNTech, Sinopharm/Beijing, Sinopharm/Wuhan, Sputnik V",6094956,,,https://fcsc.gov.ae/en-us/Pages/Covid19/UAE-Covid-19-Updates.aspx,
United Arab Emirates,2021-03-03,"Oxford/AstraZeneca, Pfizer/BioNTech, Sinopharm/Beijing, Sinopharm/Wuhan, Sputnik V",6168330,,,https://fcsc.gov.ae/en-us/Pages/Covid19/UAE-Covid-19-Updates.aspx,
United Arab Emirates,2021-03-04,"Oxford/AstraZeneca, Pfizer/BioNTech, Sinopharm/Beijing, Sinopharm/Wuhan, Sputnik V",6204004,,,https://fcsc.gov.ae/en-us/Pages/Covid19/UAE-Covid-19-Updates.aspx,
United Arab Emirates,2021-03-05,"Oxford/AstraZeneca, Pfizer/BioNTech, Sinopharm/Beijing, Sinopharm/Wuhan, Sputnik V",6235316,,,https://fcsc.gov.ae/en-us/Pages/Covid19/UAE-Covid-19-Updates.aspx,
United Arab Emirates,2021-03-06,"Oxford/AstraZeneca, Pfizer/BioNTech, Sinopharm/Beijing, Sinopharm/Wuhan, Sputnik V",6265860,,,https://fcsc.gov.ae/en-us/Pages/Covid19/UAE-Covid-19-Updates.aspx,
United Arab Emirates,2021-03-07,"Oxford/AstraZeneca, Pfizer/BioNTech, Sinopharm/Beijing, Sinopharm/Wuhan, Sputnik V",6273009,,,https://fcsc.gov.ae/en-us/Pages/Covid19/UAE-Covid-19-Updates.aspx,
United Arab Emirates,2021-03-08,"Oxford/AstraZeneca, Pfizer/BioNTech, Sinopharm/Beijing, Sinopharm/Wuhan, Sputnik V",6287751,,,https://fcsc.gov.ae/en-us/Pages/Covid19/UAE-Covid-19-Updates.aspx,
United Arab Emirates,2021-03-09,"Oxford/AstraZeneca, Pfizer/BioNTech, Sinopharm/Beijing, Sinopharm/Wuhan, Sputnik V",6325211,,,https://fcsc.gov.ae/en-us/Pages/Covid19/UAE-Covid-19-Updates.aspx,
United Arab Emirates,2021-03-10,"Oxford/AstraZeneca, Pfizer/BioNTech, Sinopharm/Beijing, Sinopharm/Wuhan, Sputnik V",6367861,,,https://fcsc.gov.ae/en-us/Pages/Covid19/UAE-Covid-19-Updates.aspx,
United Arab Emirates,2021-03-11,"Oxford/AstraZeneca, Pfizer/BioNTech, Sinopharm/Beijing, Sinopharm/Wuhan, Sputnik V",6407350,,,https://fcsc.gov.ae/en-us/Pages/Covid19/UAE-Covid-19-Updates.aspx,
United Arab Emirates,2021-03-12,"Oxford/AstraZeneca, Pfizer/BioNTech, Sinopharm/Beijing, Sinopharm/Wuhan, Sputnik V",6462887,,,https://fcsc.gov.ae/en-us/Pages/Covid19/UAE-Covid-19-Updates.aspx,
United Arab Emirates,2021-03-13,"Oxford/AstraZeneca, Pfizer/BioNTech, Sinopharm/Beijing, Sinopharm/Wuhan, Sputnik V",6516723,,,http://covid19.ncema.gov.ae/en,
United Arab Emirates,2021-03-14,"Oxford/AstraZeneca, Pfizer/BioNTech, Sinopharm/Beijing, Sinopharm/Wuhan, Sputnik V",6540912,,,http://covid19.ncema.gov.ae/en,
United Arab Emirates,2021-03-15,"Oxford/AstraZeneca, Pfizer/BioNTech, Sinopharm/Beijing, Sinopharm/Wuhan, Sputnik V",6578881,,,http://covid19.ncema.gov.ae/en,
United Arab Emirates,2021-03-16,"Oxford/AstraZeneca, Pfizer/BioNTech, Sinopharm/Beijing, Sinopharm/Wuhan, Sputnik V",6668627,,,http://covid19.ncema.gov.ae/en,
United Arab Emirates,2021-03-17,"Oxford/AstraZeneca, Pfizer/BioNTech, Sinopharm/Beijing, Sinopharm/Wuhan, Sputnik V",6830369,,,http://covid19.ncema.gov.ae/en,
United Arab Emirates,2021-03-18,"Oxford/AstraZeneca, Pfizer/BioNTech, Sinopharm/Beijing, Sinopharm/Wuhan, Sputnik V",6980466,,,http://covid19.ncema.gov.ae/en,
United Arab Emirates,2021-03-19,"Oxford/AstraZeneca, Pfizer/BioNTech, Sinopharm/Beijing, Sinopharm/Wuhan, Sputnik V",7124146,,,http://covid19.ncema.gov.ae/en,
United Arab Emirates,2021-03-20,"Oxford/AstraZeneca, Pfizer/BioNTech, Sinopharm/Beijing, Sinopharm/Wuhan, Sputnik V",7181056,,,http://covid19.ncema.gov.ae/en,
United Arab Emirates,2021-03-21,"Oxford/AstraZeneca, Pfizer/BioNTech, Sinopharm/Beijing, Sinopharm/Wuhan, Sputnik V",7298768,,,http://covid19.ncema.gov.ae/en,
United Arab Emirates,2021-03-22,"Oxford/AstraZeneca, Pfizer/BioNTech, Sinopharm/Beijing, Sinopharm/Wuhan, Sputnik V",7374725,,,http://covid19.ncema.gov.ae/en,
United Arab Emirates,2021-03-23,"Oxford/AstraZeneca, Pfizer/BioNTech, Sinopharm/Beijing, Sinopharm/Wuhan, Sputnik V",7477881,,,http://covid19.ncema.gov.ae/en,
United Arab Emirates,2021-03-24,"Oxford/AstraZeneca, Pfizer/BioNTech, Sinopharm/Beijing, Sinopharm/Wuhan, Sputnik V",7603328,,,http://covid19.ncema.gov.ae/en,
United Arab Emirates,2021-03-25,"Oxford/AstraZeneca, Pfizer/BioNTech, Sinopharm/Beijing, Sinopharm/Wuhan, Sputnik V",7730375,,,http://covid19.ncema.gov.ae/en,
United Arab Emirates,2021-03-26,"Oxford/AstraZeneca, Pfizer/BioNTech, Sinopharm/Beijing, Sinopharm/Wuhan, Sputnik V",7799517,,,http://covid19.ncema.gov.ae/en,
United Arab Emirates,2021-03-27,"Oxford/AstraZeneca, Pfizer/BioNTech, Sinopharm/Beijing, Sinopharm/Wuhan, Sputnik V",7959682,,,http://covid19.ncema.gov.ae/en,
United Arab Emirates,2021-03-28,"Oxford/AstraZeneca, Pfizer/BioNTech, Sinopharm/Beijing, Sinopharm/Wuhan, Sputnik V",8081751,,,http://covid19.ncema.gov.ae/en,
United Arab Emirates,2021-03-29,"Oxford/AstraZeneca, Pfizer/BioNTech, Sinopharm/Beijing, Sinopharm/Wuhan, Sputnik V",8133841,,,http://covid19.ncema.gov.ae/en,
United Arab Emirates,2021-03-30,"Oxford/AstraZeneca, Pfizer/BioNTech, Sinopharm/Beijing, Sinopharm/Wuhan, Sputnik V",8220783,,,http://covid19.ncema.gov.ae/en,
United Arab Emirates,2021-03-31,"Oxford/AstraZeneca, Pfizer/BioNTech, Sinopharm/Beijing, Sinopharm/Wuhan, Sputnik V",8308469,,,http://covid19.ncema.gov.ae/en,
United Arab Emirates,2021-04-01,"Oxford/AstraZeneca, Pfizer/BioNTech, Sinopharm/Beijing, Sinopharm/Wuhan, Sputnik V",8391302,,,http://covid19.ncema.gov.ae/en,
United Arab Emirates,2021-04-02,"Oxford/AstraZeneca, Pfizer/BioNTech, Sinopharm/Beijing, Sinopharm/Wuhan, Sputnik V",8491382,,,http://covid19.ncema.gov.ae/en,
United Arab Emirates,2021-04-03,"Oxford/AstraZeneca, Pfizer/BioNTech, Sinopharm/Beijing, Sinopharm/Wuhan, Sputnik V",8559291,,,http://covid19.ncema.gov.ae/en,
United Arab Emirates,2021-04-04,"Oxford/AstraZeneca, Pfizer/BioNTech, Sinopharm/Beijing, Sinopharm/Wuhan, Sputnik V",8578979,,,http://covid19.ncema.gov.ae/en,
United Arab Emirates,2021-04-05,"Oxford/AstraZeneca, Pfizer/BioNTech, Sinopharm/Beijing, Sinopharm/Wuhan, Sputnik V",8596722,,,http://covid19.ncema.gov.ae/en,
United Arab Emirates,2021-04-06,"Oxford/AstraZeneca, Pfizer/BioNTech, Sinopharm/Beijing, Sinopharm/Wuhan, Sputnik V",8659503,,,http://covid19.ncema.gov.ae/en,
United Arab Emirates,2021-04-07,"Oxford/AstraZeneca, Pfizer/BioNTech, Sinopharm/Beijing, Sinopharm/Wuhan, Sputnik V",8707073,,,http://covid19.ncema.gov.ae/en,
United Arab Emirates,2021-04-08,"Oxford/AstraZeneca, Pfizer/BioNTech, Sinopharm/Beijing, Sinopharm/Wuhan, Sputnik V",8889571,,,http://covid19.ncema.gov.ae/en,
United Arab Emirates,2021-04-09,"Oxford/AstraZeneca, Pfizer/BioNTech, Sinopharm/Beijing, Sinopharm/Wuhan, Sputnik V",8923543,,,http://covid19.ncema.gov.ae/en,
United Arab Emirates,2021-04-10,"Oxford/AstraZeneca, Pfizer/BioNTech, Sinopharm/Beijing, Sinopharm/Wuhan, Sputnik V",8975014,,,http://covid19.ncema.gov.ae/en,
United Arab Emirates,2021-04-11,"Oxford/AstraZeneca, Pfizer/BioNTech, Sinopharm/Beijing, Sinopharm/Wuhan, Sputnik V",9005444,,,http://covid19.ncema.gov.ae/en,
United Arab Emirates,2021-04-12,"Oxford/AstraZeneca, Pfizer/BioNTech, Sinopharm/Beijing, Sinopharm/Wuhan, Sputnik V",9037923,,,http://covid19.ncema.gov.ae/en,
United Arab Emirates,2021-04-13,"Oxford/AstraZeneca, Pfizer/BioNTech, Sinopharm/Beijing, Sinopharm/Wuhan, Sputnik V",9156728,,,http://covid19.ncema.gov.ae/en,
United Arab Emirates,2021-04-14,"Oxford/AstraZeneca, Pfizer/BioNTech, Sinopharm/Beijing, Sinopharm/Wuhan, Sputnik V",9295462,,,http://covid19.ncema.gov.ae/en,
United Arab Emirates,2021-04-15,"Oxford/AstraZeneca, Pfizer/BioNTech, Sinopharm/Beijing, Sinopharm/Wuhan, Sputnik V",9387344,,,http://covid19.ncema.gov.ae/en,
United Arab Emirates,2021-04-16,"Oxford/AstraZeneca, Pfizer/BioNTech, Sinopharm/Beijing, Sinopharm/Wuhan, Sputnik V",9489684,,,http://covid19.ncema.gov.ae/en,
United Arab Emirates,2021-04-17,"Oxford/AstraZeneca, Pfizer/BioNTech, Sinopharm/Beijing, Sinopharm/Wuhan, Sputnik V",9601463,,,http://covid19.ncema.gov.ae/en,
United Arab Emirates,2021-04-18,"Oxford/AstraZeneca, Pfizer/BioNTech, Sinopharm/Beijing, Sinopharm/Wuhan, Sputnik V",9630200,,,http://covid19.ncema.gov.ae/en,
United Arab Emirates,2021-04-19,"Oxford/AstraZeneca, Pfizer/BioNTech, Sinopharm/Beijing, Sinopharm/Wuhan, Sputnik V",9675205,,,http://covid19.ncema.gov.ae/en,
United Arab Emirates,2021-04-20,"Oxford/AstraZeneca, Pfizer/BioNTech, Sinopharm/Beijing, Sinopharm/Wuhan, Sputnik V",,5081853,3836521,https://twitter.com/NCEMAUAE/status/1384577143439609858,
United Arab Emirates,2021-04-21,"Oxford/AstraZeneca, Pfizer/BioNTech, Sinopharm/Beijing, Sinopharm/Wuhan, Sputnik V",9900002,,,http://covid19.ncema.gov.ae/en,
United Arab Emirates,2021-04-22,"Oxford/AstraZeneca, Pfizer/BioNTech, Sinopharm/Beijing, Sinopharm/Wuhan, Sputnik V",10001241,,,http://covid19.ncema.gov.ae/en,
United Arab Emirates,2021-04-23,"Oxford/AstraZeneca, Pfizer/BioNTech, Sinopharm/Beijing, Sinopharm/Wuhan, Sputnik V",10194266,,,http://covid19.ncema.gov.ae/en,
United Arab Emirates,2021-04-25,"Oxford/AstraZeneca, Pfizer/BioNTech, Sinopharm/Beijing, Sinopharm/Wuhan, Sputnik V",10215846,,,http://covid19.ncema.gov.ae/en,
United Arab Emirates,2021-04-26,"Oxford/AstraZeneca, Pfizer/BioNTech, Sinopharm/Beijing, Sinopharm/Wuhan, Sputnik V",10254053,,,http://covid19.ncema.gov.ae/en,
United Arab Emirates,2021-04-27,"Oxford/AstraZeneca, Pfizer/BioNTech, Sinopharm/Beijing, Sinopharm/Wuhan, Sputnik V",10336214,,,http://covid19.ncema.gov.ae/en,
United Arab Emirates,2021-04-28,"Oxford/AstraZeneca, Pfizer/BioNTech, Sinopharm/Beijing, Sinopharm/Wuhan, Sputnik V",10466251,,,http://covid19.ncema.gov.ae/en,
United Arab Emirates,2021-04-29,"Oxford/AstraZeneca, Pfizer/BioNTech, Sinopharm/Beijing, Sinopharm/Wuhan, Sputnik V",10547584,,,http://covid19.ncema.gov.ae/en,
United Arab Emirates,2021-05-01,"Oxford/AstraZeneca, Pfizer/BioNTech, Sinopharm/Beijing, Sinopharm/Wuhan, Sputnik V",10609950,,,http://covid19.ncema.gov.ae/en,
United Arab Emirates,2021-05-02,"Oxford/AstraZeneca, Pfizer/BioNTech, Sinopharm/Beijing, Sinopharm/Wuhan, Sputnik V",10634693,,,http://covid19.ncema.gov.ae/en,
United Arab Emirates,2021-05-03,"Oxford/AstraZeneca, Pfizer/BioNTech, Sinopharm/Beijing, Sinopharm/Wuhan, Sputnik V",10666924,,,http://covid19.ncema.gov.ae/en,
United Arab Emirates,2021-05-04,"Oxford/AstraZeneca, Pfizer/BioNTech, Sinopharm/Beijing, Sinopharm/Wuhan, Sputnik V",10779163,,,http://covid19.ncema.gov.ae/en,
United Arab Emirates,2021-05-05,"Oxford/AstraZeneca, Pfizer/BioNTech, Sinopharm/Beijing, Sinopharm/Wuhan, Sputnik V",10834453,,,http://covid19.ncema.gov.ae/en,
United Arab Emirates,2021-05-06,"Oxford/AstraZeneca, Pfizer/BioNTech, Sinopharm/Beijing, Sinopharm/Wuhan, Sputnik V",10907264,,,http://covid19.ncema.gov.ae/en,
United Arab Emirates,2021-05-07,"Oxford/AstraZeneca, Pfizer/BioNTech, Sinopharm/Beijing, Sinopharm/Wuhan, Sputnik V",11048547,,,http://covid19.ncema.gov.ae/en,
United Arab Emirates,2021-05-08,"Oxford/AstraZeneca, Pfizer/BioNTech, Sinopharm/Beijing, Sinopharm/Wuhan, Sputnik V",11126889,,,http://covid19.ncema.gov.ae/en,
United Arab Emirates,2021-05-09,"Oxford/AstraZeneca, Pfizer/BioNTech, Sinopharm/Beijing, Sinopharm/Wuhan, Sputnik V",11145934,,,http://covid19.ncema.gov.ae/en,
United Arab Emirates,2021-05-10,"Oxford/AstraZeneca, Pfizer/BioNTech, Sinopharm/Beijing, Sinopharm/Wuhan, Sputnik V",11186348,,,http://covid19.ncema.gov.ae/en,
United Arab Emirates,2021-05-11,"Oxford/AstraZeneca, Pfizer/BioNTech, Sinopharm/Beijing, Sinopharm/Wuhan, Sputnik V",11273344,,,http://covid19.ncema.gov.ae/en,
United Arab Emirates,2021-05-12,"Oxford/AstraZeneca, Pfizer/BioNTech, Sinopharm/Beijing, Sinopharm/Wuhan, Sputnik V",11366954,,,http://covid19.ncema.gov.ae/en,
United Arab Emirates,2021-05-13,"Oxford/AstraZeneca, Pfizer/BioNTech, Sinopharm/Beijing, Sinopharm/Wuhan, Sputnik V",11422565,,,http://covid19.ncema.gov.ae/en,
United Arab Emirates,2021-05-14,"Oxford/AstraZeneca, Pfizer/BioNTech, Sinopharm/Beijing, Sinopharm/Wuhan, Sputnik V",11445680,,,http://covid19.ncema.gov.ae/en,
United Arab Emirates,2021-05-15,"Oxford/AstraZeneca, Pfizer/BioNTech, Sinopharm/Beijing, Sinopharm/Wuhan, Sputnik V",11448363,,,http://covid19.ncema.gov.ae/en,
United Arab Emirates,2021-05-16,"Oxford/AstraZeneca, Pfizer/BioNTech, Sinopharm/Beijing, Sinopharm/Wuhan, Sputnik V",11450769,,,http://covid19.ncema.gov.ae/en,
United Arab Emirates,2021-05-17,"Oxford/AstraZeneca, Pfizer/BioNTech, Sinopharm/Beijing, Sinopharm/Wuhan, Sputnik V",11489475,,,http://covid19.ncema.gov.ae/en,
United Arab Emirates,2021-05-18,"Oxford/AstraZeneca, Pfizer/BioNTech, Sinopharm/Beijing, Sinopharm/Wuhan, Sputnik V",11594068,,,http://covid19.ncema.gov.ae/en,
United Arab Emirates,2021-05-19,"Oxford/AstraZeneca, Pfizer/BioNTech, Sinopharm/Beijing, Sinopharm/Wuhan, Sputnik V",11704191,,,http://covid19.ncema.gov.ae/en,
United Arab Emirates,2021-05-20,"Oxford/AstraZeneca, Pfizer/BioNTech, Sinopharm/Beijing, Sinopharm/Wuhan, Sputnik V",11822054,,,http://covid19.ncema.gov.ae/en,
United Arab Emirates,2021-05-21,"Oxford/AstraZeneca, Pfizer/BioNTech, Sinopharm/Beijing, Sinopharm/Wuhan, Sputnik V",12034349,,,http://covid19.ncema.gov.ae/en,
United Arab Emirates,2021-05-23,"Oxford/AstraZeneca, Pfizer/BioNTech, Sinopharm/Beijing, Sinopharm/Wuhan, Sputnik V",12165848,,,http://covid19.ncema.gov.ae/en,
United Arab Emirates,2021-05-25,"Oxford/AstraZeneca, Pfizer/BioNTech, Sinopharm/Beijing, Sinopharm/Wuhan, Sputnik V",12415548,,,http://covid19.ncema.gov.ae/en,
United Arab Emirates,2021-05-26,"Oxford/AstraZeneca, Pfizer/BioNTech, Sinopharm/Beijing, Sinopharm/Wuhan, Sputnik V",12531970,,,http://covid19.ncema.gov.ae/en,
United Arab Emirates,2021-05-28,"Oxford/AstraZeneca, Pfizer/BioNTech, Sinopharm/Beijing, Sinopharm/Wuhan, Sputnik V",12646025,,,http://covid19.ncema.gov.ae/en,
United Arab Emirates,2021-05-29,"Oxford/AstraZeneca, Pfizer/BioNTech, Sinopharm/Beijing, Sinopharm/Wuhan, Sputnik V",12756630,,,http://covid19.ncema.gov.ae/en,
United Arab Emirates,2021-05-30,"Oxford/AstraZeneca, Pfizer/BioNTech, Sinopharm/Beijing, Sinopharm/Wuhan, Sputnik V",12811422,,,http://covid19.ncema.gov.ae/en,
United Arab Emirates,2021-05-31,"Oxford/AstraZeneca, Pfizer/BioNTech, Sinopharm/Beijing, Sinopharm/Wuhan, Sputnik V",12870553,,,http://covid19.ncema.gov.ae/en,
United Arab Emirates,2021-06-01,"Oxford/AstraZeneca, Pfizer/BioNTech, Sinopharm/Beijing, Sinopharm/Wuhan, Sputnik V",12967716,,,http://covid19.ncema.gov.ae/en,
United Arab Emirates,2021-06-02,"Oxford/AstraZeneca, Pfizer/BioNTech, Sinopharm/Beijing, Sinopharm/Wuhan, Sputnik V",13066261,,,http://covid19.ncema.gov.ae/en,
United Arab Emirates,2021-06-03,"Oxford/AstraZeneca, Pfizer/BioNTech, Sinopharm/Beijing, Sinopharm/Wuhan, Sputnik V",13227344,,,http://covid19.ncema.gov.ae/en,
United Arab Emirates,2021-06-05,"Oxford/AstraZeneca, Pfizer/BioNTech, Sinopharm/Beijing, Sinopharm/Wuhan, Sputnik V",13294010,,,http://covid19.ncema.gov.ae/en,
United Arab Emirates,2021-06-06,"Oxford/AstraZeneca, Pfizer/BioNTech, Sinopharm/Beijing, Sinopharm/Wuhan, Sputnik V",13315751,,,http://covid19.ncema.gov.ae/en,
United Arab Emirates,2021-06-07,"Oxford/AstraZeneca, Pfizer/BioNTech, Sinopharm/Beijing, Sinopharm/Wuhan, Sputnik V",13347300,,,http://covid19.ncema.gov.ae/en,
United Arab Emirates,2021-06-09,"Oxford/AstraZeneca, Pfizer/BioNTech, Sinopharm/Beijing, Sinopharm/Wuhan, Sputnik V",13507943,,,http://covid19.ncema.gov.ae/en,
United Arab Emirates,2021-06-10,"Oxford/AstraZeneca, Pfizer/BioNTech, Sinopharm/Beijing, Sinopharm/Wuhan, Sputnik V",13590206,,,http://covid19.ncema.gov.ae/en,
United Arab Emirates,2021-06-11,"Oxford/AstraZeneca, Pfizer/BioNTech, Sinopharm/Beijing, Sinopharm/Wuhan, Sputnik V",13684429,,,http://covid19.ncema.gov.ae/en,
United Arab Emirates,2021-06-12,"Oxford/AstraZeneca, Pfizer/BioNTech, Sinopharm/Beijing, Sinopharm/Wuhan, Sputnik V",13785663,,,http://covid19.ncema.gov.ae/en,
United Arab Emirates,2021-06-13,"Oxford/AstraZeneca, Pfizer/BioNTech, Sinopharm/Beijing, Sinopharm/Wuhan, Sputnik V",13808426,,,http://covid19.ncema.gov.ae/en,
United Arab Emirates,2021-06-14,"Oxford/AstraZeneca, Pfizer/BioNTech, Sinopharm/Beijing, Sinopharm/Wuhan, Sputnik V",13848062,,,http://covid19.ncema.gov.ae/en,
United Arab Emirates,2021-06-15,"Oxford/AstraZeneca, Pfizer/BioNTech, Sinopharm/Beijing, Sinopharm/Wuhan, Sputnik V",13964439,,,http://covid19.ncema.gov.ae/en,
United Arab Emirates,2021-06-16,"Oxford/AstraZeneca, Pfizer/BioNTech, Sinopharm/Beijing, Sinopharm/Wuhan, Sputnik V",14068507,,,http://covid19.ncema.gov.ae/en,
United Arab Emirates,2021-06-17,"Oxford/AstraZeneca, Pfizer/BioNTech, Sinopharm/Beijing, Sinopharm/Wuhan, Sputnik V",14182020,,,http://covid19.ncema.gov.ae/en,
United Arab Emirates,2021-06-18,"Oxford/AstraZeneca, Pfizer/BioNTech, Sinopharm/Beijing, Sinopharm/Wuhan, Sputnik V",14298438,,,http://covid19.ncema.gov.ae/en,
United Arab Emirates,2021-06-19,"Oxford/AstraZeneca, Pfizer/BioNTech, Sinopharm/Beijing, Sinopharm/Wuhan, Sputnik V",14428916,,,http://covid19.ncema.gov.ae/en,
United Arab Emirates,2021-06-20,"Oxford/AstraZeneca, Pfizer/BioNTech, Sinopharm/Beijing, Sinopharm/Wuhan, Sputnik V",14512626,,,http://covid19.ncema.gov.ae/en,
United Arab Emirates,2021-06-21,"Oxford/AstraZeneca, Pfizer/BioNTech, Sinopharm/Beijing, Sinopharm/Wuhan, Sputnik V",14631482,,,http://covid19.ncema.gov.ae/en,
United Arab Emirates,2021-06-23,"Oxford/AstraZeneca, Pfizer/BioNTech, Sinopharm/Beijing, Sinopharm/Wuhan, Sputnik V",14735666,,,http://covid19.ncema.gov.ae/en,
United Arab Emirates,2021-06-24,"Oxford/AstraZeneca, Pfizer/BioNTech, Sinopharm/Beijing, Sinopharm/Wuhan, Sputnik V",14834355,,,http://covid19.ncema.gov.ae/en,
United Arab Emirates,2021-06-25,"Oxford/AstraZeneca, Pfizer/BioNTech, Sinopharm/Beijing, Sinopharm/Wuhan, Sputnik V",14940031,,,http://covid19.ncema.gov.ae/en,
United Arab Emirates,2021-06-26,"Oxford/AstraZeneca, Pfizer/BioNTech, Sinopharm/Beijing, Sinopharm/Wuhan, Sputnik V",15043227,,,http://covid19.ncema.gov.ae/en,
United Arab Emirates,2021-06-27,"Oxford/AstraZeneca, Pfizer/BioNTech, Sinopharm/Beijing, Sinopharm/Wuhan, Sputnik V",15073743,,,http://covid19.ncema.gov.ae/en,
United Arab Emirates,2021-06-28,"Oxford/AstraZeneca, Pfizer/BioNTech, Sinopharm/Beijing, Sinopharm/Wuhan, Sputnik V",15111234,,,http://covid19.ncema.gov.ae/en,
United Arab Emirates,2021-06-29,"Oxford/AstraZeneca, Pfizer/BioNTech, Sinopharm/Beijing, Sinopharm/Wuhan, Sputnik V",15198661,,,http://covid19.ncema.gov.ae/en,
United Arab Emirates,2021-06-30,"Oxford/AstraZeneca, Pfizer/BioNTech, Sinopharm/Beijing, Sinopharm/Wuhan, Sputnik V",15362342,,,http://covid19.ncema.gov.ae/en,
United Arab Emirates,2021-07-02,"Oxford/AstraZeneca, Pfizer/BioNTech, Sinopharm/Beijing, Sinopharm/Wuhan, Sputnik V",15428281,,,http://covid19.ncema.gov.ae/en,
United Arab Emirates,2021-07-03,"Oxford/AstraZeneca, Pfizer/BioNTech, Sinopharm/Beijing, Sinopharm/Wuhan, Sputnik V",15504238,,,http://covid19.ncema.gov.ae/en,
United Arab Emirates,2021-07-04,"Oxford/AstraZeneca, Pfizer/BioNTech, Sinopharm/Beijing, Sinopharm/Wuhan, Sputnik V",15534207,,,http://covid19.ncema.gov.ae/en,
United Arab Emirates,2021-07-05,"Oxford/AstraZeneca, Pfizer/BioNTech, Sinopharm/Beijing, Sinopharm/Wuhan, Sputnik V",15574641,7319003,6329949,https://fcsc.gov.ae/en-us/Pages/Covid19/UAE-Covid-19-Updates.aspx,
United Arab Emirates,2021-07-06,"Oxford/AstraZeneca, Pfizer/BioNTech, Sinopharm/Beijing, Sinopharm/Wuhan, Sputnik V",15650988,7368545,6359697,https://fcsc.gov.ae/en-us/Pages/Covid19/UAE-Covid-19-Updates.aspx,
United Arab Emirates,2021-07-07,"Oxford/AstraZeneca, Pfizer/BioNTech, Sinopharm/Beijing, Sinopharm/Wuhan, Sputnik V",15728415,7397884,6398972,https://fcsc.gov.ae/en-us/Pages/Covid19/UAE-Covid-19-Updates.aspx,
United Arab Emirates,2021-07-08,"Oxford/AstraZeneca, Pfizer/BioNTech, Sinopharm/Beijing, Sinopharm/Wuhan, Sputnik V",15795853,7417751,6428717,https://fcsc.gov.ae/en-us/Pages/Covid19/UAE-Covid-19-Updates.aspx,
United Arab Emirates,2021-07-09,"Oxford/AstraZeneca, Pfizer/BioNTech, Sinopharm/Beijing, Sinopharm/Wuhan, Sputnik V",15865306,7437635,6458478,https://fcsc.gov.ae/en-us/Pages/Covid19/UAE-Covid-19-Updates.aspx,
United Arab Emirates,2021-07-10,"Oxford/AstraZeneca, Pfizer/BioNTech, Sinopharm/Beijing, Sinopharm/Wuhan, Sputnik V",15915717,7457402,6488137,https://fcsc.gov.ae/en-us/Pages/Covid19/UAE-Covid-19-Updates.aspx,
United Arab Emirates,2021-07-11,"Oxford/AstraZeneca, Pfizer/BioNTech, Sinopharm/Beijing, Sinopharm/Wuhan, Sputnik V",15934124,7477002,6507761,https://fcsc.gov.ae/en-us/Pages/Covid19/UAE-Covid-19-Updates.aspx,
United Arab Emirates,2021-07-12,"Oxford/AstraZeneca, Pfizer/BioNTech, Sinopharm/Beijing, Sinopharm/Wuhan, Sputnik V",15968660,7486855,6527509,https://fcsc.gov.ae/en-us/Pages/Covid19/UAE-Covid-19-Updates.aspx,
United Arab Emirates,2021-07-13,"Oxford/AstraZeneca, Pfizer/BioNTech, Sinopharm/Beijing, Sinopharm/Wuhan, Sputnik V",16042491,7516827,6557442,https://fcsc.gov.ae/en-us/Pages/Covid19/UAE-Covid-19-Updates.aspx,
United Arab Emirates,2021-07-14,"Oxford/AstraZeneca, Pfizer/BioNTech, Sinopharm/Beijing, Sinopharm/Wuhan, Sputnik V",16120004,7536317,6596750,https://fcsc.gov.ae/en-us/Pages/Covid19/UAE-Covid-19-Updates.aspx,
United Arab Emirates,2021-07-15,"Oxford/AstraZeneca, Pfizer/BioNTech, Sinopharm/Beijing, Sinopharm/Wuhan, Sputnik V",16194526,7645272,6705685,https://fcsc.gov.ae/en-us/Pages/Covid19/UAE-Covid-19-Updates.aspx,1843569
United Arab Emirates,2021-07-16,"Oxford/AstraZeneca, Pfizer/BioNTech, Sinopharm/Beijing, Sinopharm/Wuhan, Sputnik V",16263585,7664971,6725394,https://fcsc.gov.ae/en-us/Pages/Covid19/UAE-Covid-19-Updates.aspx,1873220
United Arab Emirates,2021-07-18,"Oxford/AstraZeneca, Pfizer/BioNTech, Sinopharm/Beijing, Sinopharm/Wuhan, Sputnik V",16358244,7674726,6735166,https://fcsc.gov.ae/en-us/Pages/Covid19/UAE-Covid-19-Updates.aspx,1948352
United Arab Emirates,2021-07-19,"Oxford/AstraZeneca, Pfizer/BioNTech, Sinopharm/Beijing, Sinopharm/Wuhan, Sputnik V",16375149,7674769,6735204,https://fcsc.gov.ae/en-us/Pages/Covid19/UAE-Covid-19-Updates.aspx,1965176
United Arab Emirates,2021-07-20,"Oxford/AstraZeneca, Pfizer/BioNTech, Sinopharm/Beijing, Sinopharm/Wuhan, Sputnik V",16444844,7684876,6765065,https://fcsc.gov.ae/en-us/Pages/Covid19/UAE-Covid-19-Updates.aspx,1994903
United Arab Emirates,2021-07-25,"Oxford/AstraZeneca, Pfizer/BioNTech, Sinopharm/Beijing, Sinopharm/Wuhan, Sputnik V",16495917,,,https://fcsc.gov.ae/en-us/Pages/Covid19/UAE-Covid-19-Updates.aspx,
United Arab Emirates,2021-07-26,"Oxford/AstraZeneca, Pfizer/BioNTech, Sinopharm/Beijing, Sinopharm/Wuhan, Sputnik V",16524169,7704751,6814600,https://fcsc.gov.ae/en-us/Pages/Covid19/UAE-Covid-19-Updates.aspx,
United Arab Emirates,2021-07-27,"Oxford/AstraZeneca, Pfizer/BioNTech, Sinopharm/Beijing, Sinopharm/Wuhan, Sputnik V",16587478,7704755,6864057,https://fcsc.gov.ae/en-us/Pages/Covid19/UAE-Covid-19-Updates.aspx,
United Arab Emirates,2021-07-28,"Oxford/AstraZeneca, Pfizer/BioNTech, Sinopharm/Beijing, Sinopharm/Wuhan, Sputnik V",16645208,7734137,6893470,https://fcsc.gov.ae/en-us/Pages/Covid19/UAE-Covid-19-Updates.aspx,
United Arab Emirates,2021-07-29,"Oxford/AstraZeneca, Pfizer/BioNTech, Sinopharm/Beijing, Sinopharm/Wuhan, Sputnik V",16676766,7743985,6913213,https://fcsc.gov.ae/en-us/Pages/Covid19/UAE-Covid-19-Updates.aspx,
United Arab Emirates,2021-07-31,"Oxford/AstraZeneca, Pfizer/BioNTech, Sinopharm/Beijing, Sinopharm/Wuhan, Sputnik V",16795717,7803451,6972665,https://fcsc.gov.ae/en-us/Pages/Covid19/UAE-Covid-19-Updates.aspx,
United Arab Emirates,2021-08-01,"Oxford/AstraZeneca, Pfizer/BioNTech, Sinopharm/Beijing, Sinopharm/Wuhan, Sputnik V",16810996,,,https://fcsc.gov.ae/en-us/Pages/Covid19/UAE-Covid-19-Updates.aspx,
United Arab Emirates,2021-08-02,"Oxford/AstraZeneca, Pfizer/BioNTech, Sinopharm/Beijing, Sinopharm/Wuhan, Sputnik V",16832021,7813207,6992326,https://fcsc.gov.ae/en-us/Pages/Covid19/UAE-Covid-19-Updates.aspx,
United Arab Emirates,2021-08-03,"Oxford/AstraZeneca, Pfizer/BioNTech, Sinopharm/Beijing, Sinopharm/Wuhan, Sputnik V",16884412,7842865,7021985,https://fcsc.gov.ae/en-us/Pages/Covid19/UAE-Covid-19-Updates.aspx,
United Arab Emirates,2021-08-04,"Oxford/AstraZeneca, Pfizer/BioNTech, Sinopharm/Beijing, Sinopharm/Wuhan, Sputnik V",16935702,7872930,7042119,https://fcsc.gov.ae/en-us/Pages/Covid19/UAE-Covid-19-Updates.aspx,
United Arab Emirates,2021-08-05,"Oxford/AstraZeneca, Pfizer/BioNTech, Sinopharm/Beijing, Sinopharm/Wuhan, Sputnik V",16988539,7892446,7071552,https://fcsc.gov.ae/en-us/Pages/Covid19/UAE-Covid-19-Updates.aspx,
United Arab Emirates,2021-08-06,"Oxford/AstraZeneca, Pfizer/BioNTech, Sinopharm/Beijing, Sinopharm/Wuhan, Sputnik V",17037618,7922403,7091590,https://fcsc.gov.ae/en-us/Pages/Covid19/UAE-Covid-19-Updates.aspx,
United Arab Emirates,2021-08-07,"Oxford/AstraZeneca, Pfizer/BioNTech, Sinopharm/Beijing, Sinopharm/Wuhan, Sputnik V",17097354,7951798,7121013,https://fcsc.gov.ae/en-us/Pages/Covid19/UAE-Covid-19-Updates.aspx,
United Arab Emirates,2021-08-08,"Oxford/AstraZeneca, Pfizer/BioNTech, Sinopharm/Beijing, Sinopharm/Wuhan, Sputnik V",17113003,7961606,7130830,https://fcsc.gov.ae/en-us/Pages/Covid19/UAE-Covid-19-Updates.aspx,
United Arab Emirates,2021-08-09,"Oxford/AstraZeneca, Pfizer/BioNTech, Sinopharm/Beijing, Sinopharm/Wuhan, Sputnik V",17137750,7981397,7140729,https://fcsc.gov.ae/en-us/Pages/Covid19/UAE-Covid-19-Updates.aspx,
United Arab Emirates,2021-08-10,"Oxford/AstraZeneca, Pfizer/BioNTech, Sinopharm/Beijing, Sinopharm/Wuhan, Sputnik V",17197497,8011256,7170569,https://fcsc.gov.ae/en-us/Pages/Covid19/UAE-Covid-19-Updates.aspx,
United Arab Emirates,2021-08-11,"Oxford/AstraZeneca, Pfizer/BioNTech, Sinopharm/Beijing, Sinopharm/Wuhan, Sputnik V",17245815,8040860,7180399,https://fcsc.gov.ae/en-us/Pages/Covid19/UAE-Covid-19-Updates.aspx,
United Arab Emirates,2021-08-12,"Oxford/AstraZeneca, Pfizer/BioNTech, Sinopharm/Beijing, Sinopharm/Wuhan, Sputnik V",17288318,8080410,7190279,https://fcsc.gov.ae/en-us/Pages/Covid19/UAE-Covid-19-Updates.aspx,
United Arab Emirates,2021-08-13,"Oxford/AstraZeneca, Pfizer/BioNTech, Sinopharm/Beijing, Sinopharm/Wuhan, Sputnik V",17313163,8090356,7200219,https://fcsc.gov.ae/en-us/Pages/Covid19/UAE-Covid-19-Updates.aspx,
United Arab Emirates,2021-08-15,"Oxford/AstraZeneca, Pfizer/BioNTech, Sinopharm/Beijing, Sinopharm/Wuhan, Sputnik V",17376128,8139651,7209971,https://fcsc.gov.ae/en-us/Pages/Covid19/UAE-Covid-19-Updates.aspx,
United Arab Emirates,2021-08-16,"Oxford/AstraZeneca, Pfizer/BioNTech, Sinopharm/Beijing, Sinopharm/Wuhan, Sputnik V",17398458,8159700,7220098,https://fcsc.gov.ae/en-us/Pages/Covid19/UAE-Covid-19-Updates.aspx,
United Arab Emirates,2021-08-17,"Oxford/AstraZeneca, Pfizer/BioNTech, Sinopharm/Beijing, Sinopharm/Wuhan, Sputnik V",17454250,8189097,7239637,https://fcsc.gov.ae/en-us/Pages/Covid19/UAE-Covid-19-Updates.aspx,
United Arab Emirates,2021-08-18,"Oxford/AstraZeneca, Pfizer/BioNTech, Sinopharm/Beijing, Sinopharm/Wuhan, Sputnik V",17506683,8218775,7259423,https://fcsc.gov.ae/en-us/Pages/Covid19/UAE-Covid-19-Updates.aspx,
United Arab Emirates,2021-08-19,"Oxford/AstraZeneca, Pfizer/BioNTech, Sinopharm/Beijing, Sinopharm/Wuhan, Sputnik V",17566410,8258517,7279364,https://fcsc.gov.ae/en-us/Pages/Covid19/UAE-Covid-19-Updates.aspx,
United Arab Emirates,2021-08-20,"Oxford/AstraZeneca, Pfizer/BioNTech, Sinopharm/Beijing, Sinopharm/Wuhan, Sputnik V",17622541,8297964,7308934,https://fcsc.gov.ae/en-us/Pages/Covid19/UAE-Covid-19-Updates.aspx,
United Arab Emirates,2021-08-21,"Oxford/AstraZeneca, Pfizer/BioNTech, Sinopharm/Beijing, Sinopharm/Wuhan, Sputnik V",17683483,8327923,7328967,https://fcsc.gov.ae/en-us/Pages/Covid19/UAE-Covid-19-Updates.aspx,
United Arab Emirates,2021-08-24,"Oxford/AstraZeneca, Pfizer/BioNTech, Sinopharm/Beijing, Sinopharm/Wuhan, Sputnik V",17776853,8357317,7348504,https://fcsc.gov.ae/en-us/Pages/Covid19/UAE-Covid-19-Updates.aspx,
United Arab Emirates,2021-08-25,"Oxford/AstraZeneca, Pfizer/BioNTech, Sinopharm/Beijing, Sinopharm/Wuhan, Sputnik V",17843063,8436413,7397933,https://fcsc.gov.ae/en-us/Pages/Covid19/UAE-Covid-19-Updates.aspx,
United Arab Emirates,2021-08-26,"Oxford/AstraZeneca, Pfizer/BioNTech, Sinopharm/Beijing, Sinopharm/Wuhan, Sputnik V",17909062,8485738,7417604,https://fcsc.gov.ae/en-us/Pages/Covid19/UAE-Covid-19-Updates.aspx,
United Arab Emirates,2021-08-28,"Oxford/AstraZeneca, Pfizer/BioNTech, Sinopharm/Beijing, Sinopharm/Wuhan, Sputnik V",17974190,,,https://fcsc.gov.ae/en-us/Pages/Covid19/UAE-Covid-19-Updates.aspx,
United Arab Emirates,2021-08-29,"Oxford/AstraZeneca, Pfizer/BioNTech, Sinopharm/Beijing, Sinopharm/Wuhan, Sputnik V",18060832,,,https://fcsc.gov.ae/en-us/Pages/Covid19/UAE-Covid-19-Updates.aspx,
United Arab Emirates,2021-08-30,"Oxford/AstraZeneca, Pfizer/BioNTech, Sinopharm/Beijing, Sinopharm/Wuhan, Sputnik V",18095160,,,https://fcsc.gov.ae/en-us/Pages/Covid19/UAE-Covid-19-Updates.aspx,
United Arab Emirates,2021-08-31,"Oxford/AstraZeneca, Pfizer/BioNTech, Sinopharm/Beijing, Sinopharm/Wuhan, Sputnik V",18158991,,,https://fcsc.gov.ae/en-us/Pages/Covid19/UAE-Covid-19-Updates.aspx,
United Arab Emirates,2021-09-01,"Oxford/AstraZeneca, Pfizer/BioNTech, Sinopharm/Beijing, Sinopharm/Wuhan, Sputnik V",18289168,8693586,7595761,https://fcsc.gov.ae/en-us/Pages/Covid19/UAE-Covid-19-Updates.aspx,1999821
United Arab Emirates,2021-09-03,"Oxford/AstraZeneca, Pfizer/BioNTech, Sinopharm/Beijing, Sinopharm/Wuhan, Sputnik V",18339225,8713654,7625684,https://fcsc.gov.ae/en-us/Pages/Covid19/UAE-Covid-19-Updates.aspx,1999887
United Arab Emirates,2021-09-04,"Oxford/AstraZeneca, Pfizer/BioNTech, Sinopharm/Beijing, Sinopharm/Wuhan, Sputnik V",18389144,8743077,7645247,https://fcsc.gov.ae/en-us/Pages/Covid19/UAE-Covid-19-Updates.aspx,2000820
United Arab Emirates,2021-09-06,"Oxford/AstraZeneca, Pfizer/BioNTech, Sinopharm/Beijing, Sinopharm/Wuhan, Sputnik V",18439345,8772634,7664928,https://fcsc.gov.ae/en-us/Pages/Covid19/UAE-Covid-19-Updates.aspx,2001783
United Arab Emirates,2021-09-07,"Oxford/AstraZeneca, Pfizer/BioNTech, Sinopharm/Beijing, Sinopharm/Wuhan, Sputnik V",18542213,8812200,7704493,https://fcsc.gov.ae/en-us/Pages/Covid19/UAE-Covid-19-Updates.aspx,2025520
United Arab Emirates,2021-09-09,"Oxford/AstraZeneca, Pfizer/BioNTech, Sinopharm/Beijing, Sinopharm/Wuhan, Sputnik V",18710538,8861741,7754024,https://fcsc.gov.ae/en-us/Pages/Covid19/UAE-Covid-19-Updates.aspx,2094773
United Arab Emirates,2021-09-10,"Oxford/AstraZeneca, Pfizer/BioNTech, Sinopharm/Beijing, Sinopharm/Wuhan, Sputnik V",18801148,8891700,7783946,https://fcsc.gov.ae/en-us/Pages/Covid19/UAE-Covid-19-Updates.aspx,2125502
United Arab Emirates,2021-09-11,"Oxford/AstraZeneca, Pfizer/BioNTech, Sinopharm/Beijing, Sinopharm/Wuhan, Sputnik V",18860966,8921128,7813405,https://fcsc.gov.ae/en-us/Pages/Covid19/UAE-Covid-19-Updates.aspx,2126433
United Arab Emirates,2021-09-12,"Oxford/AstraZeneca, Pfizer/BioNTech, Sinopharm/Beijing, Sinopharm/Wuhan, Sputnik V",18942543,8931243,7823492,https://fcsc.gov.ae/en-us/Pages/Covid19/UAE-Covid-19-Updates.aspx,2187808
United Arab Emirates,2021-09-13,"Oxford/AstraZeneca, Pfizer/BioNTech, Sinopharm/Beijing, Sinopharm/Wuhan, Sputnik V",18997951,8951034,7843282,https://fcsc.gov.ae/en-us/Pages/Covid19/UAE-Covid-19-Updates.aspx,2203635
United Arab Emirates,2021-09-14,"Oxford/AstraZeneca, Pfizer/BioNTech, Sinopharm/Beijing, Sinopharm/Wuhan, Sputnik V",19073549,8980442,7872722,https://fcsc.gov.ae/en-us/Pages/Covid19/UAE-Covid-19-Updates.aspx,2220385
United Arab Emirates,2021-09-15,"Oxford/AstraZeneca, Pfizer/BioNTech, Sinopharm/Beijing, Sinopharm/Wuhan, Sputnik V",19163754,9010208,7912367,https://fcsc.gov.ae/en-us/Pages/Covid19/UAE-Covid-19-Updates.aspx,2241179
United Arab Emirates,2021-09-16,"Oxford/AstraZeneca, Pfizer/BioNTech, Sinopharm/Beijing, Sinopharm/Wuhan, Sputnik V",19247164,9030144,7942175,https://fcsc.gov.ae/en-us/Pages/Covid19/UAE-Covid-19-Updates.aspx,2274845
United Arab Emirates,2021-09-17,"Oxford/AstraZeneca, Pfizer/BioNTech, Sinopharm/Beijing, Sinopharm/Wuhan, Sputnik V",19330107,9059751,7971790,https://fcsc.gov.ae/en-us/Pages/Covid19/UAE-Covid-19-Updates.aspx,2298566
United Arab Emirates,2021-09-18,"Oxford/AstraZeneca, Pfizer/BioNTech, Sinopharm/Beijing, Sinopharm/Wuhan, Sputnik V",19412656,9079284,8011133,https://fcsc.gov.ae/en-us/Pages/Covid19/UAE-Covid-19-Updates.aspx,2322239
United Arab Emirates,2021-09-19,"Oxford/AstraZeneca, Pfizer/BioNTech, Sinopharm/Beijing, Sinopharm/Wuhan, Sputnik V",19445872,9089444,8021261,https://fcsc.gov.ae/en-us/Pages/Covid19/UAE-Covid-19-Updates.aspx,2335167
United Arab Emirates,2021-09-20,"Oxford/AstraZeneca, Pfizer/BioNTech, Sinopharm/Beijing, Sinopharm/Wuhan, Sputnik V",19486569,9108831,8030804,https://fcsc.gov.ae/en-us/Pages/Covid19/UAE-Covid-19-Updates.aspx,2346934
United Arab Emirates,2021-09-21,"Oxford/AstraZeneca, Pfizer/BioNTech, Sinopharm/Beijing, Sinopharm/Wuhan, Sputnik V",19549263,9128792,8070524,https://fcsc.gov.ae/en-us/Pages/Covid19/UAE-Covid-19-Updates.aspx,2349947
United Arab Emirates,2021-09-22,"Oxford/AstraZeneca, Pfizer/BioNTech, Sinopharm/Beijing, Sinopharm/Wuhan, Sputnik V",19653364,9158580,8090409,https://fcsc.gov.ae/en-us/Pages/Covid19/UAE-Covid-19-Updates.aspx,2404375
United Arab Emirates,2021-09-23,"Oxford/AstraZeneca, Pfizer/BioNTech, Sinopharm/Beijing, Sinopharm/Wuhan, Sputnik V",19713423,9178234,8110078,https://fcsc.gov.ae/en-us/Pages/Covid19/UAE-Covid-19-Updates.aspx,2425111
United Arab Emirates,2021-09-24,"Oxford/AstraZeneca, Pfizer/BioNTech, Sinopharm/Beijing, Sinopharm/Wuhan, Sputnik V",19775346,9198295,8139997,https://fcsc.gov.ae/en-us/Pages/Covid19/UAE-Covid-19-Updates.aspx,2437054
United Arab Emirates,2021-09-25,"Oxford/AstraZeneca, Pfizer/BioNTech, Sinopharm/Beijing, Sinopharm/Wuhan, Sputnik V",19847232,9227821,8169539,https://fcsc.gov.ae/en-us/Pages/Covid19/UAE-Covid-19-Updates.aspx,2449872
United Arab Emirates,2021-09-27,"Oxford/AstraZeneca, Pfizer/BioNTech, Sinopharm/Beijing, Sinopharm/Wuhan, Sputnik V",19872799,9237642,8179368,https://fcsc.gov.ae/en-us/Pages/Covid19/UAE-Covid-19-Updates.aspx,2455789
United Arab Emirates,2021-09-28,"Oxford/AstraZeneca, Pfizer/BioNTech, Sinopharm/Beijing, Sinopharm/Wuhan, Sputnik V",19963359,9267113,8208862,https://fcsc.gov.ae/en-us/Pages/Covid19/UAE-Covid-19-Updates.aspx,2487384
United Arab Emirates,2021-09-29,"Oxford/AstraZeneca, Pfizer/BioNTech, Sinopharm/Beijing, Sinopharm/Wuhan, Sputnik V",20018034,9287023,8238647,https://fcsc.gov.ae/en-us/Pages/Covid19/UAE-Covid-19-Updates.aspx,2492364
United Arab Emirates,2021-09-30,"Oxford/AstraZeneca, Pfizer/BioNTech, Sinopharm/Beijing, Sinopharm/Wuhan, Sputnik V",20052399,9296797,8248434,https://fcsc.gov.ae/en-us/Pages/Covid19/UAE-Covid-19-Updates.aspx,2507168
United Arab Emirates,2021-10-01,"Oxford/AstraZeneca, Pfizer/BioNTech, Sinopharm/Beijing, Sinopharm/Wuhan, Sputnik V",20121481,9326856,8278450,https://fcsc.gov.ae/en-us/Pages/Covid19/UAE-Covid-19-Updates.aspx,2516175
United Arab Emirates,2021-10-03,"Oxford/AstraZeneca, Pfizer/BioNTech, Sinopharm/Beijing, Sinopharm/Wuhan, Sputnik V",20196549,9346591,8308081,https://fcsc.gov.ae/en-us/Pages/Covid19/UAE-Covid-19-Updates.aspx,2541877
United Arab Emirates,2021-10-04,"Oxford/AstraZeneca, Pfizer/BioNTech, Sinopharm/Beijing, Sinopharm/Wuhan, Sputnik V",20228472,9356150,8327567,https://fcsc.gov.ae/en-us/Pages/Covid19/UAE-Covid-19-Updates.aspx,2544755
United Arab Emirates,2021-10-05,"Oxford/AstraZeneca, Pfizer/BioNTech, Sinopharm/Beijing, Sinopharm/Wuhan, Sputnik V",20273265,9376064,8347466,https://fcsc.gov.ae/en-us/Pages/Covid19/UAE-Covid-19-Updates.aspx,2549735
United Arab Emirates,2021-10-06,"Oxford/AstraZeneca, Pfizer/BioNTech, Sinopharm/Beijing, Sinopharm/Wuhan, Sputnik V",20320419,9385806,8367115,https://fcsc.gov.ae/en-us/Pages/Covid19/UAE-Covid-19-Updates.aspx,2567498
United Arab Emirates,2021-10-07,"Oxford/AstraZeneca, Pfizer/BioNTech, Sinopharm/Beijing, Sinopharm/Wuhan, Sputnik V",20364737,9405957,8387225,https://fcsc.gov.ae/en-us/Pages/Covid19/UAE-Covid-19-Updates.aspx,2571555
United Arab Emirates,2021-10-08,"Oxford/AstraZeneca, Pfizer/BioNTech, Sinopharm/Beijing, Sinopharm/Wuhan, Sputnik V",20409126,9415793,8406958,https://fcsc.gov.ae/en-us/Pages/Covid19/UAE-Covid-19-Updates.aspx,2586375
United Arab Emirates,2021-10-09,"Oxford/AstraZeneca, Pfizer/BioNTech, Sinopharm/Beijing, Sinopharm/Wuhan, Sputnik V",20453897,9435239,8426440,https://fcsc.gov.ae/en-us/Pages/Covid19/UAE-Covid-19-Updates.aspx,2592218
United Arab Emirates,2021-10-10,"Oxford/AstraZeneca, Pfizer/BioNTech, Sinopharm/Beijing, Sinopharm/Wuhan, Sputnik V",20479211,9445401,8426682,https://fcsc.gov.ae/en-us/Pages/Covid19/UAE-Covid-19-Updates.aspx,
United Arab Emirates,2021-10-13,"Oxford/AstraZeneca, Pfizer/BioNTech, Sinopharm/Beijing, Sinopharm/Wuhan, Sputnik V",20552839,9474818,8475907,https://fcsc.gov.ae/en-us/Pages/Covid19/UAE-Covid-19-Updates.aspx,2602114
United Arab Emirates,2021-10-14,"Oxford/AstraZeneca, Pfizer/BioNTech, Sinopharm/Beijing, Sinopharm/Wuhan, Sputnik V",20588026,9484972,8486033,https://fcsc.gov.ae/en-us/Pages/Covid19/UAE-Covid-19-Updates.aspx,2617021
United Arab Emirates,2021-10-15,"Oxford/AstraZeneca, Pfizer/BioNTech, Sinopharm/Beijing, Sinopharm/Wuhan, Sputnik V",20619734,9494889,8505838,https://fcsc.gov.ae/en-us/Pages/Covid19/UAE-Covid-19-Updates.aspx,2619007
United Arab Emirates,2021-10-16,"Oxford/AstraZeneca, Pfizer/BioNTech, Sinopharm/Beijing, Sinopharm/Wuhan, Sputnik V",20661005,,,https://fcsc.gov.ae/en-us/Pages/Covid19/UAE-Covid-19-Updates.aspx,
United Arab Emirates,2021-10-17,"Oxford/AstraZeneca, Pfizer/BioNTech, Sinopharm/Beijing, Sinopharm/Wuhan, Sputnik V",20676621,9514450,8525422,https://fcsc.gov.ae/en-us/Pages/Covid19/UAE-Covid-19-Updates.aspx,2636749
United Arab Emirates,2021-10-18,"Oxford/AstraZeneca, Pfizer/BioNTech, Sinopharm/Beijing, Sinopharm/Wuhan, Sputnik V",20699820,9524548,8535498,https://fcsc.gov.ae/en-us/Pages/Covid19/UAE-Covid-19-Updates.aspx,2639774
United Arab Emirates,2021-10-19,"Oxford/AstraZeneca, Pfizer/BioNTech, Sinopharm/Beijing, Sinopharm/Wuhan, Sputnik V",20740855,9544097,8555071,https://fcsc.gov.ae/en-us/Pages/Covid19/UAE-Covid-19-Updates.aspx,2641687
United Arab Emirates,2021-10-20,"Oxford/AstraZeneca, Pfizer/BioNTech, Sinopharm/Beijing, Sinopharm/Wuhan, Sputnik V",20776261,9554350,8565287,https://fcsc.gov.ae/en-us/Pages/Covid19/UAE-Covid-19-Updates.aspx,2656624
United Arab Emirates,2021-10-21,"Oxford/AstraZeneca, Pfizer/BioNTech, Sinopharm/Beijing, Sinopharm/Wuhan, Sputnik V",20798877,9564180,8575123,https://fcsc.gov.ae/en-us/Pages/Covid19/UAE-Covid-19-Updates.aspx,2659574
United Arab Emirates,2021-10-23,"Oxford/AstraZeneca, Pfizer/BioNTech, Sinopharm/Beijing, Sinopharm/Wuhan, Sputnik V",20861737,,,https://fcsc.gov.ae/en-us/Pages/Covid19/UAE-Covid-19-Updates.aspx,
United Arab Emirates,2021-10-24,"Oxford/AstraZeneca, Pfizer/BioNTech, Sinopharm/Beijing, Sinopharm/Wuhan, Sputnik V",20875213,9583589,8594571,https://fcsc.gov.ae/en-us/Pages/Covid19/UAE-Covid-19-Updates.aspx,2697053
United Arab Emirates,2021-10-25,"Oxford/AstraZeneca, Pfizer/BioNTech, Sinopharm/Beijing, Sinopharm/Wuhan, Sputnik V",20895739,9593822,,https://fcsc.gov.ae/en-us/Pages/Covid19/UAE-Covid-19-Updates.aspx,
United Arab Emirates,2021-10-26,"Oxford/AstraZeneca, Pfizer/BioNTech, Sinopharm/Beijing, Sinopharm/Wuhan, Sputnik V",20940231,9613596,8604761,https://fcsc.gov.ae/en-us/Pages/Covid19/UAE-Covid-19-Updates.aspx,2721874
United Arab Emirates,2021-10-27,"Oxford/AstraZeneca, Pfizer/BioNTech, Sinopharm/Beijing, Sinopharm/Wuhan, Sputnik V",20973866,9623489,8614655,https://fcsc.gov.ae/en-us/Pages/Covid19/UAE-Covid-19-Updates.aspx,2735722
United Arab Emirates,2021-10-28,"Oxford/AstraZeneca, Pfizer/BioNTech, Sinopharm/Beijing, Sinopharm/Wuhan, Sputnik V",21014342,9633345,8634405,https://fcsc.gov.ae/en-us/Pages/Covid19/UAE-Covid-19-Updates.aspx,2746592
United Arab Emirates,2021-10-29,"Oxford/AstraZeneca, Pfizer/BioNTech, Sinopharm/Beijing, Sinopharm/Wuhan, Sputnik V",21051277,9642939,8644029,https://fcsc.gov.ae/en-us/Pages/Covid19/UAE-Covid-19-Updates.aspx,2764309
United Arab Emirates,2021-10-30,"Oxford/AstraZeneca, Pfizer/BioNTech, Sinopharm/Beijing, Sinopharm/Wuhan, Sputnik V",21075235,9652930,8654010,https://fcsc.gov.ae/en-us/Pages/Covid19/UAE-Covid-19-Updates.aspx,2768295
United Arab Emirates,2021-10-31,"Oxford/AstraZeneca, Pfizer/BioNTech, Sinopharm/Beijing, Sinopharm/Wuhan, Sputnik V",21124819,,8673845,https://fcsc.gov.ae/en-us/Pages/Covid19/UAE-Covid-19-Updates.aspx,
United Arab Emirates,2021-11-01,"Oxford/AstraZeneca, Pfizer/BioNTech, Sinopharm/Beijing, Sinopharm/Wuhan, Sputnik V",21147481,9672732,8683700,https://fcsc.gov.ae/en-us/Pages/Covid19/UAE-Covid-19-Updates.aspx,2791049
United Arab Emirates,2021-11-02,"Oxford/AstraZeneca, Pfizer/BioNTech, Sinopharm/Beijing, Sinopharm/Wuhan, Sputnik V",21173972,9682525,8693503,https://fcsc.gov.ae/en-us/Pages/Covid19/UAE-Covid-19-Updates.aspx,2797944
United Arab Emirates,2021-11-03,"Oxford/AstraZeneca, Pfizer/BioNTech, Sinopharm/Beijing, Sinopharm/Wuhan, Sputnik V",21219066,9702575,8703635,https://fcsc.gov.ae/en-us/Pages/Covid19/UAE-Covid-19-Updates.aspx,2812856
United Arab Emirates,2021-11-04,"Oxford/AstraZeneca, Pfizer/BioNTech, Sinopharm/Beijing, Sinopharm/Wuhan, Sputnik V",21248655,9712427,8713491,https://fcsc.gov.ae/en-us/Pages/Covid19/UAE-Covid-19-Updates.aspx,2822737
United Arab Emirates,2021-11-05,"Oxford/AstraZeneca, Pfizer/BioNTech, Sinopharm/Beijing, Sinopharm/Wuhan, Sputnik V",21275030,9722167,8723247,https://fcsc.gov.ae/en-us/Pages/Covid19/UAE-Covid-19-Updates.aspx,2829616
