date,location,total_vaccinations,people_vaccinated,people_fully_vaccinated,total_boosters,source_url,vaccine
2020-12-13,United States,20105,17150,3596,0,https://covid.cdc.gov/covid-data-tracker/#vaccination-trends,Pfizer/BioNTech
2020-12-14,United States,24396,21312,3685,0,https://covid.cdc.gov/covid-data-tracker/#vaccination-trends,Pfizer/BioNTech
2020-12-15,United States,72969,67698,3868,0,https://covid.cdc.gov/covid-data-tracker/#vaccination-trends,Pfizer/BioNTech
2020-12-16,United States,231582,220902,4234,0,https://covid.cdc.gov/covid-data-tracker/#vaccination-trends,Pfizer/BioNTech
2020-12-17,United States,501880,484227,4763,0,https://covid.cdc.gov/covid-data-tracker/#vaccination-trends,Pfizer/BioNTech
2020-12-18,United States,914877,888754,5705,0,https://covid.cdc.gov/covid-data-tracker/#vaccination-trends,Pfizer/BioNTech
2020-12-19,United States,1095625,1065767,6640,0,https://covid.cdc.gov/covid-data-tracker/#vaccination-trends,Pfizer/BioNTech
2020-12-20,United States,1199644,1167969,7272,0,https://covid.cdc.gov/covid-data-tracker/#vaccination-trends,Pfizer/BioNTech
2020-12-21,United States,1579948,1541993,8399,0,https://covid.cdc.gov/covid-data-tracker/#vaccination-trends,Pfizer/BioNTech
2020-12-22,United States,2028054,1981616,10815,0,https://covid.cdc.gov/covid-data-tracker/#vaccination-trends,Pfizer/BioNTech
2020-12-23,United States,2599707,2541888,12813,0,https://covid.cdc.gov/covid-data-tracker/#vaccination-trends,"Moderna, Pfizer/BioNTech"
2020-12-24,United States,2795286,2732673,13701,0,https://covid.cdc.gov/covid-data-tracker/#vaccination-trends,"Moderna, Pfizer/BioNTech"
2020-12-25,United States,2807911,2745167,13785,0,https://covid.cdc.gov/covid-data-tracker/#vaccination-trends,"Moderna, Pfizer/BioNTech"
2020-12-26,United States,2948837,2883197,14376,0,https://covid.cdc.gov/covid-data-tracker/#vaccination-trends,"Moderna, Pfizer/BioNTech"
2020-12-27,United States,3044822,2976374,14931,0,https://covid.cdc.gov/covid-data-tracker/#vaccination-trends,"Moderna, Pfizer/BioNTech"
2020-12-28,United States,3631266,3551036,17902,0,https://covid.cdc.gov/covid-data-tracker/#vaccination-trends,"Moderna, Pfizer/BioNTech"
2020-12-29,United States,4346954,4250235,22018,0,https://covid.cdc.gov/covid-data-tracker/#vaccination-trends,"Moderna, Pfizer/BioNTech"
2020-12-30,United States,5183375,5070352,27950,0,https://covid.cdc.gov/covid-data-tracker/#vaccination-trends,"Moderna, Pfizer/BioNTech"
2020-12-31,United States,5603083,5481673,30673,0,https://covid.cdc.gov/covid-data-tracker/#vaccination-trends,"Moderna, Pfizer/BioNTech"
2021-01-01,United States,5685165,5557298,35888,0,https://covid.cdc.gov/covid-data-tracker/#vaccination-trends,"Moderna, Pfizer/BioNTech"
2021-01-02,United States,5946206,5809798,38447,0,https://covid.cdc.gov/covid-data-tracker/#vaccination-trends,"Moderna, Pfizer/BioNTech"
2021-01-03,United States,6082967,5939430,40772,0,https://covid.cdc.gov/covid-data-tracker/#vaccination-trends,"Moderna, Pfizer/BioNTech"
2021-01-04,United States,6731998,6531164,85505,0,https://covid.cdc.gov/covid-data-tracker/#vaccination-trends,"Moderna, Pfizer/BioNTech"
2021-01-05,United States,7554833,7255378,172622,0,https://covid.cdc.gov/covid-data-tracker/#vaccination-trends,"Moderna, Pfizer/BioNTech"
2021-01-06,United States,8567704,8081591,343301,0,https://covid.cdc.gov/covid-data-tracker/#vaccination-trends,"Moderna, Pfizer/BioNTech"
2021-01-07,United States,9727432,8942695,621029,0,https://covid.cdc.gov/covid-data-tracker/#vaccination-trends,"Moderna, Pfizer/BioNTech"
2021-01-08,United States,10953266,9784314,980964,0,https://covid.cdc.gov/covid-data-tracker/#vaccination-trends,"Moderna, Pfizer/BioNTech"
2021-01-09,United States,11458355,10152578,1108726,0,https://covid.cdc.gov/covid-data-tracker/#vaccination-trends,"Moderna, Pfizer/BioNTech"
2021-01-10,United States,11706946,10327486,1177431,0,https://covid.cdc.gov/covid-data-tracker/#vaccination-trends,"Moderna, Pfizer/BioNTech"
2021-01-11,United States,12770486,11048328,1498845,0,https://covid.cdc.gov/covid-data-tracker/#vaccination-trends,"Moderna, Pfizer/BioNTech"
2021-01-12,United States,14017690,11957942,1812199,0,https://covid.cdc.gov/covid-data-tracker/#vaccination-trends,"Moderna, Pfizer/BioNTech"
2021-01-13,United States,15333218,12983325,2082134,0,https://covid.cdc.gov/covid-data-tracker/#vaccination-trends,"Moderna, Pfizer/BioNTech"
2021-01-14,United States,16637164,14133373,2216218,0,https://covid.cdc.gov/covid-data-tracker/#vaccination-trends,"Moderna, Pfizer/BioNTech"
2021-01-15,United States,17894132,15254224,2335389,0,https://covid.cdc.gov/covid-data-tracker/#vaccination-trends,"Moderna, Pfizer/BioNTech"
2021-01-16,United States,18547056,15825220,2406694,0,https://covid.cdc.gov/covid-data-tracker/#vaccination-trends,"Moderna, Pfizer/BioNTech"
2021-01-17,United States,18853298,16082293,2448510,0,https://covid.cdc.gov/covid-data-tracker/#vaccination-trends,"Moderna, Pfizer/BioNTech"
2021-01-18,United States,19733689,16719759,2675387,0,https://covid.cdc.gov/covid-data-tracker/#vaccination-trends,"Moderna, Pfizer/BioNTech"
2021-01-19,United States,21076781,17690027,3026019,0,https://covid.cdc.gov/covid-data-tracker/#vaccination-trends,"Moderna, Pfizer/BioNTech"
2021-01-20,United States,22693516,18864535,3444043,0,https://covid.cdc.gov/covid-data-tracker/#vaccination-trends,"Moderna, Pfizer/BioNTech"
2021-01-21,United States,24333213,20209522,3715361,0,https://covid.cdc.gov/covid-data-tracker/#vaccination-trends,"Moderna, Pfizer/BioNTech"
2021-01-22,United States,25950410,21599698,3920714,0,https://covid.cdc.gov/covid-data-tracker/#vaccination-trends,"Moderna, Pfizer/BioNTech"
2021-01-23,United States,26855247,22342877,4068405,0,https://covid.cdc.gov/covid-data-tracker/#vaccination-trends,"Moderna, Pfizer/BioNTech"
2021-01-24,United States,27250990,22645067,4155125,0,https://covid.cdc.gov/covid-data-tracker/#vaccination-trends,"Moderna, Pfizer/BioNTech"
2021-01-25,United States,28615038,23504274,4636336,0,https://covid.cdc.gov/covid-data-tracker/#vaccination-trends,"Moderna, Pfizer/BioNTech"
2021-01-26,United States,30264463,24556833,5207824,0,https://covid.cdc.gov/covid-data-tracker/#vaccination-trends,"Moderna, Pfizer/BioNTech"
2021-01-27,United States,32180895,25805558,5844678,0,https://covid.cdc.gov/covid-data-tracker/#vaccination-trends,"Moderna, Pfizer/BioNTech"
2021-01-28,United States,34128680,27173874,6391252,0,https://covid.cdc.gov/covid-data-tracker/#vaccination-trends,"Moderna, Pfizer/BioNTech"
2021-01-29,United States,36032065,28546923,6875379,0,https://covid.cdc.gov/covid-data-tracker/#vaccination-trends,"Moderna, Pfizer/BioNTech"
2021-01-30,United States,37051156,29310687,7113957,0,https://covid.cdc.gov/covid-data-tracker/#vaccination-trends,"Moderna, Pfizer/BioNTech"
2021-01-31,United States,37512134,29637318,7238172,0,https://covid.cdc.gov/covid-data-tracker/#vaccination-trends,"Moderna, Pfizer/BioNTech"
2021-02-01,United States,38866966,30398580,7796726,0,https://covid.cdc.gov/covid-data-tracker/#vaccination-trends,"Moderna, Pfizer/BioNTech"
2021-02-02,United States,40542472,31360302,8481164,0,https://covid.cdc.gov/covid-data-tracker/#vaccination-trends,"Moderna, Pfizer/BioNTech"
2021-02-03,United States,42666723,32622470,9301802,0,https://covid.cdc.gov/covid-data-tracker/#vaccination-trends,"Moderna, Pfizer/BioNTech"
2021-02-04,United States,44993029,34012694,10198124,0,https://covid.cdc.gov/covid-data-tracker/#vaccination-trends,"Moderna, Pfizer/BioNTech"
2021-02-05,United States,47339498,35376706,11139671,0,https://covid.cdc.gov/covid-data-tracker/#vaccination-trends,"Moderna, Pfizer/BioNTech"
2021-02-06,United States,48633714,36231972,11556020,0,https://covid.cdc.gov/covid-data-tracker/#vaccination-trends,"Moderna, Pfizer/BioNTech"
2021-02-07,United States,49081029,36512162,11710711,0,https://covid.cdc.gov/covid-data-tracker/#vaccination-trends,"Moderna, Pfizer/BioNTech"
2021-02-08,United States,50648079,37350189,12406131,0,https://covid.cdc.gov/covid-data-tracker/#vaccination-trends,"Moderna, Pfizer/BioNTech"
2021-02-09,United States,52607786,38391723,13286064,0,https://covid.cdc.gov/covid-data-tracker/#vaccination-trends,"Moderna, Pfizer/BioNTech"
2021-02-10,United States,54897624,39619386,14309476,0,https://covid.cdc.gov/covid-data-tracker/#vaccination-trends,"Moderna, Pfizer/BioNTech"
2021-02-11,United States,57288282,40893420,15386203,0,https://covid.cdc.gov/covid-data-tracker/#vaccination-trends,"Moderna, Pfizer/BioNTech"
2021-02-12,United States,59858211,42273333,16529800,0,https://covid.cdc.gov/covid-data-tracker/#vaccination-trends,"Moderna, Pfizer/BioNTech"
2021-02-13,United States,61326342,43138305,17100589,0,https://covid.cdc.gov/covid-data-tracker/#vaccination-trends,"Moderna, Pfizer/BioNTech"
2021-02-14,United States,61917295,43485554,17328236,0,https://covid.cdc.gov/covid-data-tracker/#vaccination-trends,"Moderna, Pfizer/BioNTech"
2021-02-15,United States,63090318,44101922,17855883,0,https://covid.cdc.gov/covid-data-tracker/#vaccination-trends,"Moderna, Pfizer/BioNTech"
2021-02-16,United States,64706395,44902597,18635208,0,https://covid.cdc.gov/covid-data-tracker/#vaccination-trends,"Moderna, Pfizer/BioNTech"
2021-02-17,United States,66660400,45834097,19620409,0,https://covid.cdc.gov/covid-data-tracker/#vaccination-trends,"Moderna, Pfizer/BioNTech"
2021-02-18,United States,68507749,46668667,20586980,0,https://covid.cdc.gov/covid-data-tracker/#vaccination-trends,"Moderna, Pfizer/BioNTech"
2021-02-19,United States,70466698,47501402,21669378,0,https://covid.cdc.gov/covid-data-tracker/#vaccination-trends,"Moderna, Pfizer/BioNTech"
2021-02-20,United States,71770341,48107313,22338588,0,https://covid.cdc.gov/covid-data-tracker/#vaccination-trends,"Moderna, Pfizer/BioNTech"
2021-02-21,United States,72362949,48366630,22654791,0,https://covid.cdc.gov/covid-data-tracker/#vaccination-trends,"Moderna, Pfizer/BioNTech"
2021-02-22,United States,73817238,48996074,23440258,0,https://covid.cdc.gov/covid-data-tracker/#vaccination-trends,"Moderna, Pfizer/BioNTech"
2021-02-23,United States,75751029,49883075,24443815,0,https://covid.cdc.gov/covid-data-tracker/#vaccination-trends,"Moderna, Pfizer/BioNTech"
2021-02-24,United States,78269970,51146195,25652048,0,https://covid.cdc.gov/covid-data-tracker/#vaccination-trends,"Moderna, Pfizer/BioNTech"
2021-02-25,United States,81195141,52698979,26963835,0,https://covid.cdc.gov/covid-data-tracker/#vaccination-trends,"Moderna, Pfizer/BioNTech"
2021-02-26,United States,84289105,54384693,28312264,0,https://covid.cdc.gov/covid-data-tracker/#vaccination-trends,"Moderna, Pfizer/BioNTech"
2021-02-27,United States,86274251,55534484,29112193,0,https://covid.cdc.gov/covid-data-tracker/#vaccination-trends,"Moderna, Pfizer/BioNTech"
2021-02-28,United States,87126486,56076020,29399430,0,https://covid.cdc.gov/covid-data-tracker/#vaccination-trends,"Moderna, Pfizer/BioNTech"
2021-03-01,United States,89134542,57262313,30168679,0,https://covid.cdc.gov/covid-data-tracker/#vaccination-trends,"Moderna, Pfizer/BioNTech"
2021-03-02,United States,91587306,58734043,31108407,0,https://covid.cdc.gov/covid-data-tracker/#vaccination-trends,"Moderna, Pfizer/BioNTech"
2021-03-03,United States,94481058,60480855,32217384,0,https://covid.cdc.gov/covid-data-tracker/#vaccination-trends,"Moderna, Pfizer/BioNTech"
2021-03-04,United States,97672936,62446066,33439030,0,https://covid.cdc.gov/covid-data-tracker/#vaccination-trends,"Moderna, Pfizer/BioNTech"
2021-03-05,United States,100888480,64455993,34721742,0,https://covid.cdc.gov/covid-data-tracker/#vaccination-trends,"Johnson&Johnson, Moderna, Pfizer/BioNTech"
2021-03-06,United States,102936433,65807142,35573370,0,https://covid.cdc.gov/covid-data-tracker/#vaccination-trends,"Johnson&Johnson, Moderna, Pfizer/BioNTech"
2021-03-07,United States,103862419,66488455,35914191,0,https://covid.cdc.gov/covid-data-tracker/#vaccination-trends,"Johnson&Johnson, Moderna, Pfizer/BioNTech"
2021-03-08,United States,106016126,67973878,36749968,0,https://covid.cdc.gov/covid-data-tracker/#vaccination-trends,"Johnson&Johnson, Moderna, Pfizer/BioNTech"
2021-03-09,United States,108718468,69787556,37820484,0,https://covid.cdc.gov/covid-data-tracker/#vaccination-trends,"Johnson&Johnson, Moderna, Pfizer/BioNTech"
2021-03-10,United States,111838599,71858466,39075395,0,https://covid.cdc.gov/covid-data-tracker/#vaccination-trends,"Johnson&Johnson, Moderna, Pfizer/BioNTech"
2021-03-11,United States,115273841,74146527,40457115,0,https://covid.cdc.gov/covid-data-tracker/#vaccination-trends,"Johnson&Johnson, Moderna, Pfizer/BioNTech"
2021-03-12,United States,118692168,76273178,41962071,0,https://covid.cdc.gov/covid-data-tracker/#vaccination-trends,"Johnson&Johnson, Moderna, Pfizer/BioNTech"
2021-03-13,United States,120884931,77670875,42971953,0,https://covid.cdc.gov/covid-data-tracker/#vaccination-trends,"Johnson&Johnson, Moderna, Pfizer/BioNTech"
2021-03-14,United States,121869815,78322979,43396773,0,https://covid.cdc.gov/covid-data-tracker/#vaccination-trends,"Johnson&Johnson, Moderna, Pfizer/BioNTech"
2021-03-15,United States,124147698,79825178,44256279,0,https://covid.cdc.gov/covid-data-tracker/#vaccination-trends,"Johnson&Johnson, Moderna, Pfizer/BioNTech"
2021-03-16,United States,127028350,81759847,45290504,0,https://covid.cdc.gov/covid-data-tracker/#vaccination-trends,"Johnson&Johnson, Moderna, Pfizer/BioNTech"
2021-03-17,United States,130188781,83894777,46401728,0,https://covid.cdc.gov/covid-data-tracker/#vaccination-trends,"Johnson&Johnson, Moderna, Pfizer/BioNTech"
2021-03-18,United States,133594273,86201957,47592243,0,https://covid.cdc.gov/covid-data-tracker/#vaccination-trends,"Johnson&Johnson, Moderna, Pfizer/BioNTech"
2021-03-19,United States,136925132,88426642,48792147,0,https://covid.cdc.gov/covid-data-tracker/#vaccination-trends,"Johnson&Johnson, Moderna, Pfizer/BioNTech"
2021-03-20,United States,139078794,89846188,49641175,0,https://covid.cdc.gov/covid-data-tracker/#vaccination-trends,"Johnson&Johnson, Moderna, Pfizer/BioNTech"
2021-03-21,United States,140099247,90534679,50007726,0,https://covid.cdc.gov/covid-data-tracker/#vaccination-trends,"Johnson&Johnson, Moderna, Pfizer/BioNTech"
2021-03-22,United States,142456991,92147063,50796334,0,https://covid.cdc.gov/covid-data-tracker/#vaccination-trends,"Johnson&Johnson, Moderna, Pfizer/BioNTech"
2021-03-23,United States,145513309,94139831,51924764,0,https://covid.cdc.gov/covid-data-tracker/#vaccination-trends,"Johnson&Johnson, Moderna, Pfizer/BioNTech"
2021-03-24,United States,149060481,96358673,53320443,0,https://covid.cdc.gov/covid-data-tracker/#vaccination-trends,"Johnson&Johnson, Moderna, Pfizer/BioNTech"
2021-03-25,United States,152884712,98637720,54935241,0,https://covid.cdc.gov/covid-data-tracker/#vaccination-trends,"Johnson&Johnson, Moderna, Pfizer/BioNTech"
2021-03-26,United States,156705954,100759385,56701827,0,https://covid.cdc.gov/covid-data-tracker/#vaccination-trends,"Johnson&Johnson, Moderna, Pfizer/BioNTech"
2021-03-27,United States,159168969,102139249,57845396,0,https://covid.cdc.gov/covid-data-tracker/#vaccination-trends,"Johnson&Johnson, Moderna, Pfizer/BioNTech"
2021-03-28,United States,160375673,102817032,58385800,0,https://covid.cdc.gov/covid-data-tracker/#vaccination-trends,"Johnson&Johnson, Moderna, Pfizer/BioNTech"
2021-03-29,United States,163205006,104435429,59635898,0,https://covid.cdc.gov/covid-data-tracker/#vaccination-trends,"Johnson&Johnson, Moderna, Pfizer/BioNTech"
2021-03-30,United States,166786138,106459477,61265356,0,https://covid.cdc.gov/covid-data-tracker/#vaccination-trends,"Johnson&Johnson, Moderna, Pfizer/BioNTech"
2021-03-31,United States,170940838,108876691,63174755,0,https://covid.cdc.gov/covid-data-tracker/#vaccination-trends,"Johnson&Johnson, Moderna, Pfizer/BioNTech"
2021-04-01,United States,175449114,111399757,65370677,0,https://covid.cdc.gov/covid-data-tracker/#vaccination-trends,"Johnson&Johnson, Moderna, Pfizer/BioNTech"
2021-04-02,United States,179091889,113465924,67154261,0,https://covid.cdc.gov/covid-data-tracker/#vaccination-trends,"Johnson&Johnson, Moderna, Pfizer/BioNTech"
2021-04-03,United States,181388529,114794419,68298809,0,https://covid.cdc.gov/covid-data-tracker/#vaccination-trends,"Johnson&Johnson, Moderna, Pfizer/BioNTech"
2021-04-04,United States,182147670,115231132,68665808,0,https://covid.cdc.gov/covid-data-tracker/#vaccination-trends,"Johnson&Johnson, Moderna, Pfizer/BioNTech"
2021-04-05,United States,185237503,116969495,70239257,0,https://covid.cdc.gov/covid-data-tracker/#vaccination-trends,"Johnson&Johnson, Moderna, Pfizer/BioNTech"
2021-04-06,United States,189204763,119265245,72288189,0,https://covid.cdc.gov/covid-data-tracker/#vaccination-trends,"Johnson&Johnson, Moderna, Pfizer/BioNTech"
2021-04-07,United States,193550463,121835072,74563771,0,https://covid.cdc.gov/covid-data-tracker/#vaccination-trends,"Johnson&Johnson, Moderna, Pfizer/BioNTech"
2021-04-08,United States,198035392,124408807,77041641,0,https://covid.cdc.gov/covid-data-tracker/#vaccination-trends,"Johnson&Johnson, Moderna, Pfizer/BioNTech"
2021-04-09,United States,202336760,126855115,79438490,0,https://covid.cdc.gov/covid-data-tracker/#vaccination-trends,"Johnson&Johnson, Moderna, Pfizer/BioNTech"
2021-04-10,United States,205209747,128581288,81070704,0,https://covid.cdc.gov/covid-data-tracker/#vaccination-trends,"Johnson&Johnson, Moderna, Pfizer/BioNTech"
2021-04-11,United States,206608778,129419306,81861904,0,https://covid.cdc.gov/covid-data-tracker/#vaccination-trends,"Johnson&Johnson, Moderna, Pfizer/BioNTech"
2021-04-12,United States,209609319,131056011,83556609,0,https://covid.cdc.gov/covid-data-tracker/#vaccination-trends,"Johnson&Johnson, Moderna, Pfizer/BioNTech"
2021-04-13,United States,213071529,132807830,85243678,0,https://covid.cdc.gov/covid-data-tracker/#vaccination-trends,"Johnson&Johnson, Moderna, Pfizer/BioNTech"
2021-04-14,United States,216749021,134555831,87135594,0,https://covid.cdc.gov/covid-data-tracker/#vaccination-trends,"Johnson&Johnson, Moderna, Pfizer/BioNTech"
2021-04-15,United States,220477010,136322679,89054697,0,https://covid.cdc.gov/covid-data-tracker/#vaccination-trends,"Johnson&Johnson, Moderna, Pfizer/BioNTech"
2021-04-16,United States,224062982,137969074,90953368,0,https://covid.cdc.gov/covid-data-tracker/#vaccination-trends,"Johnson&Johnson, Moderna, Pfizer/BioNTech"
2021-04-17,United States,226415513,139139708,92114559,0,https://covid.cdc.gov/covid-data-tracker/#vaccination-trends,"Johnson&Johnson, Moderna, Pfizer/BioNTech"
2021-04-18,United States,227538275,139680770,92685110,0,https://covid.cdc.gov/covid-data-tracker/#vaccination-trends,"Johnson&Johnson, Moderna, Pfizer/BioNTech"
2021-04-19,United States,230099398,140772099,94123048,0,https://covid.cdc.gov/covid-data-tracker/#vaccination-trends,"Johnson&Johnson, Moderna, Pfizer/BioNTech"
2021-04-20,United States,233331036,142159964,95928832,0,https://covid.cdc.gov/covid-data-tracker/#vaccination-trends,"Johnson&Johnson, Moderna, Pfizer/BioNTech"
2021-04-21,United States,236786470,143558031,97946811,0,https://covid.cdc.gov/covid-data-tracker/#vaccination-trends,"Johnson&Johnson, Moderna, Pfizer/BioNTech"
2021-04-22,United States,240259116,144971239,99966974,0,https://covid.cdc.gov/covid-data-tracker/#vaccination-trends,"Johnson&Johnson, Moderna, Pfizer/BioNTech"
2021-04-23,United States,243539664,146343694,101835602,0,https://covid.cdc.gov/covid-data-tracker/#vaccination-trends,"Johnson&Johnson, Moderna, Pfizer/BioNTech"
2021-04-24,United States,245737592,147355035,103005791,0,https://covid.cdc.gov/covid-data-tracker/#vaccination-trends,"Johnson&Johnson, Moderna, Pfizer/BioNTech"
2021-04-25,United States,246728121,147850795,103494274,0,https://covid.cdc.gov/covid-data-tracker/#vaccination-trends,"Johnson&Johnson, Moderna, Pfizer/BioNTech"
2021-04-26,United States,249100265,148796535,104899054,0,https://covid.cdc.gov/covid-data-tracker/#vaccination-trends,"Johnson&Johnson, Moderna, Pfizer/BioNTech"
2021-04-27,United States,251969218,149912229,106661549,0,https://covid.cdc.gov/covid-data-tracker/#vaccination-trends,"Johnson&Johnson, Moderna, Pfizer/BioNTech"
2021-04-28,United States,255035138,151072104,108598928,0,https://covid.cdc.gov/covid-data-tracker/#vaccination-trends,"Johnson&Johnson, Moderna, Pfizer/BioNTech"
2021-04-29,United States,258058750,152190940,110546517,0,https://covid.cdc.gov/covid-data-tracker/#vaccination-trends,"Johnson&Johnson, Moderna, Pfizer/BioNTech"
2021-04-30,United States,260944756,153305478,112364130,0,https://covid.cdc.gov/covid-data-tracker/#vaccination-trends,"Johnson&Johnson, Moderna, Pfizer/BioNTech"
2021-05-01,United States,262761063,154010582,113506130,0,https://covid.cdc.gov/covid-data-tracker/#vaccination-trends,"Johnson&Johnson, Moderna, Pfizer/BioNTech"
2021-05-02,United States,263633233,154337844,114081366,0,https://covid.cdc.gov/covid-data-tracker/#vaccination-trends,"Johnson&Johnson, Moderna, Pfizer/BioNTech"
2021-05-03,United States,265589807,154982933,115465187,0,https://covid.cdc.gov/covid-data-tracker/#vaccination-trends,"Johnson&Johnson, Moderna, Pfizer/BioNTech"
2021-05-04,United States,268086808,155809733,117199375,0,https://covid.cdc.gov/covid-data-tracker/#vaccination-trends,"Johnson&Johnson, Moderna, Pfizer/BioNTech"
2021-05-05,United States,270614168,156629532,118973369,0,https://covid.cdc.gov/covid-data-tracker/#vaccination-trends,"Johnson&Johnson, Moderna, Pfizer/BioNTech"
2021-05-06,United States,273111785,157414465,120750191,0,https://covid.cdc.gov/covid-data-tracker/#vaccination-trends,"Johnson&Johnson, Moderna, Pfizer/BioNTech"
2021-05-07,United States,275593682,158213293,122494533,0,https://covid.cdc.gov/covid-data-tracker/#vaccination-trends,"Johnson&Johnson, Moderna, Pfizer/BioNTech"
2021-05-08,United States,277117911,158724324,123564036,0,https://covid.cdc.gov/covid-data-tracker/#vaccination-trends,"Johnson&Johnson, Moderna, Pfizer/BioNTech"
2021-05-09,United States,277729524,158932065,123994110,0,https://covid.cdc.gov/covid-data-tracker/#vaccination-trends,"Johnson&Johnson, Moderna, Pfizer/BioNTech"
2021-05-10,United States,279318673,159424288,125138437,0,https://covid.cdc.gov/covid-data-tracker/#vaccination-trends,"Johnson&Johnson, Moderna, Pfizer/BioNTech"
2021-05-11,United States,281349431,160090463,126558119,0,https://covid.cdc.gov/covid-data-tracker/#vaccination-trends,"Johnson&Johnson, Moderna, Pfizer/BioNTech"
2021-05-12,United States,283352240,160743149,127968745,0,https://covid.cdc.gov/covid-data-tracker/#vaccination-trends,"Johnson&Johnson, Moderna, Pfizer/BioNTech"
2021-05-13,United States,285614309,161678923,129346435,0,https://covid.cdc.gov/covid-data-tracker/#vaccination-trends,"Johnson&Johnson, Moderna, Pfizer/BioNTech"
2021-05-14,United States,288051499,162776571,130751981,0,https://covid.cdc.gov/covid-data-tracker/#vaccination-trends,"Johnson&Johnson, Moderna, Pfizer/BioNTech"
2021-05-15,United States,289886465,163688068,131725634,0,https://covid.cdc.gov/covid-data-tracker/#vaccination-trends,"Johnson&Johnson, Moderna, Pfizer/BioNTech"
2021-05-16,United States,290814099,164167556,132203497,0,https://covid.cdc.gov/covid-data-tracker/#vaccination-trends,"Johnson&Johnson, Moderna, Pfizer/BioNTech"
2021-05-17,United States,292624423,165060228,133191463,0,https://covid.cdc.gov/covid-data-tracker/#vaccination-trends,"Johnson&Johnson, Moderna, Pfizer/BioNTech"
2021-05-18,United States,294684712,166055604,134330917,0,https://covid.cdc.gov/covid-data-tracker/#vaccination-trends,"Johnson&Johnson, Moderna, Pfizer/BioNTech"
2021-05-19,United States,296759360,167044837,135487933,0,https://covid.cdc.gov/covid-data-tracker/#vaccination-trends,"Johnson&Johnson, Moderna, Pfizer/BioNTech"
2021-05-20,United States,298762974,167970216,136637009,0,https://covid.cdc.gov/covid-data-tracker/#vaccination-trends,"Johnson&Johnson, Moderna, Pfizer/BioNTech"
2021-05-21,United States,300806497,168907374,137810764,0,https://covid.cdc.gov/covid-data-tracker/#vaccination-trends,"Johnson&Johnson, Moderna, Pfizer/BioNTech"
2021-05-22,United States,302244959,169639927,138566032,0,https://covid.cdc.gov/covid-data-tracker/#vaccination-trends,"Johnson&Johnson, Moderna, Pfizer/BioNTech"
2021-05-23,United States,302898893,169979944,138905739,0,https://covid.cdc.gov/covid-data-tracker/#vaccination-trends,"Johnson&Johnson, Moderna, Pfizer/BioNTech"
2021-05-24,United States,304207795,170615326,139639262,0,https://covid.cdc.gov/covid-data-tracker/#vaccination-trends,"Johnson&Johnson, Moderna, Pfizer/BioNTech"
2021-05-25,United States,305633102,171283576,140458156,0,https://covid.cdc.gov/covid-data-tracker/#vaccination-trends,"Johnson&Johnson, Moderna, Pfizer/BioNTech"
2021-05-26,United States,307053489,171944475,141274497,0,https://covid.cdc.gov/covid-data-tracker/#vaccination-trends,"Johnson&Johnson, Moderna, Pfizer/BioNTech"
2021-05-27,United States,308386675,172560667,142048518,0,https://covid.cdc.gov/covid-data-tracker/#vaccination-trends,"Johnson&Johnson, Moderna, Pfizer/BioNTech"
2021-05-28,United States,309700852,173166158,142813579,0,https://covid.cdc.gov/covid-data-tracker/#vaccination-trends,"Johnson&Johnson, Moderna, Pfizer/BioNTech"
2021-05-29,United States,310459043,173547451,143224721,0,https://covid.cdc.gov/covid-data-tracker/#vaccination-trends,"Johnson&Johnson, Moderna, Pfizer/BioNTech"
2021-05-30,United States,310839294,173748724,143424207,0,https://covid.cdc.gov/covid-data-tracker/#vaccination-trends,"Johnson&Johnson, Moderna, Pfizer/BioNTech"
2021-05-31,United States,311036606,173837019,143542556,0,https://covid.cdc.gov/covid-data-tracker/#vaccination-trends,"Johnson&Johnson, Moderna, Pfizer/BioNTech"
2021-06-01,United States,312280484,174361817,144303821,0,https://covid.cdc.gov/covid-data-tracker/#vaccination-trends,"Johnson&Johnson, Moderna, Pfizer/BioNTech"
2021-06-02,United States,313385790,174857049,144966438,0,https://covid.cdc.gov/covid-data-tracker/#vaccination-trends,"Johnson&Johnson, Moderna, Pfizer/BioNTech"
2021-06-03,United States,314620085,175323256,145783407,0,https://covid.cdc.gov/covid-data-tracker/#vaccination-trends,"Johnson&Johnson, Moderna, Pfizer/BioNTech"
2021-06-04,United States,316007060,175828251,146713815,0,https://covid.cdc.gov/covid-data-tracker/#vaccination-trends,"Johnson&Johnson, Moderna, Pfizer/BioNTech"
2021-06-05,United States,317065729,176183488,147446580,0,https://covid.cdc.gov/covid-data-tracker/#vaccination-trends,"Johnson&Johnson, Moderna, Pfizer/BioNTech"
2021-06-06,United States,317574769,176356267,147798942,0,https://covid.cdc.gov/covid-data-tracker/#vaccination-trends,"Johnson&Johnson, Moderna, Pfizer/BioNTech"
2021-06-07,United States,318632267,176729779,148519677,0,https://covid.cdc.gov/covid-data-tracker/#vaccination-trends,"Johnson&Johnson, Moderna, Pfizer/BioNTech"
2021-06-08,United States,319794941,177135651,149317394,0,https://covid.cdc.gov/covid-data-tracker/#vaccination-trends,"Johnson&Johnson, Moderna, Pfizer/BioNTech"
2021-06-09,United States,320948687,177529330,150118912,0,https://covid.cdc.gov/covid-data-tracker/#vaccination-trends,"Johnson&Johnson, Moderna, Pfizer/BioNTech"
2021-06-10,United States,322105620,177936378,150910961,0,https://covid.cdc.gov/covid-data-tracker/#vaccination-trends,"Johnson&Johnson, Moderna, Pfizer/BioNTech"
2021-06-11,United States,323325254,178366080,151742373,0,https://covid.cdc.gov/covid-data-tracker/#vaccination-trends,"Johnson&Johnson, Moderna, Pfizer/BioNTech"
2021-06-12,United States,324210482,178648243,152369853,0,https://covid.cdc.gov/covid-data-tracker/#vaccination-trends,"Johnson&Johnson, Moderna, Pfizer/BioNTech"
2021-06-13,United States,324598479,178761895,152659159,0,https://covid.cdc.gov/covid-data-tracker/#vaccination-trends,"Johnson&Johnson, Moderna, Pfizer/BioNTech"
2021-06-14,United States,325500037,179094361,153262268,0,https://covid.cdc.gov/covid-data-tracker/#vaccination-trends,"Johnson&Johnson, Moderna, Pfizer/BioNTech"
2021-06-15,United States,326467511,179456447,153905337,0,https://covid.cdc.gov/covid-data-tracker/#vaccination-trends,"Johnson&Johnson, Moderna, Pfizer/BioNTech"
2021-06-16,United States,327402017,179815793,154520289,0,https://covid.cdc.gov/covid-data-tracker/#vaccination-trends,"Johnson&Johnson, Moderna, Pfizer/BioNTech"
2021-06-17,United States,328285077,180167595,155094106,0,https://covid.cdc.gov/covid-data-tracker/#vaccination-trends,"Johnson&Johnson, Moderna, Pfizer/BioNTech"
2021-06-18,United States,329196257,180537100,155674164,0,https://covid.cdc.gov/covid-data-tracker/#vaccination-trends,"Johnson&Johnson, Moderna, Pfizer/BioNTech"
2021-06-19,United States,329765938,180768798,156035225,0,https://covid.cdc.gov/covid-data-tracker/#vaccination-trends,"Johnson&Johnson, Moderna, Pfizer/BioNTech"
2021-06-20,United States,330038968,180880712,156206855,0,https://covid.cdc.gov/covid-data-tracker/#vaccination-trends,"Johnson&Johnson, Moderna, Pfizer/BioNTech"
2021-06-21,United States,330592406,181181897,156490357,0,https://covid.cdc.gov/covid-data-tracker/#vaccination-trends,"Johnson&Johnson, Moderna, Pfizer/BioNTech"
2021-06-22,United States,331340103,181506849,156946523,0,https://covid.cdc.gov/covid-data-tracker/#vaccination-trends,"Johnson&Johnson, Moderna, Pfizer/BioNTech"
2021-06-23,United States,332068194,181837984,157375559,0,https://covid.cdc.gov/covid-data-tracker/#vaccination-trends,"Johnson&Johnson, Moderna, Pfizer/BioNTech"
2021-06-24,United States,332760828,182157921,157781271,0,https://covid.cdc.gov/covid-data-tracker/#vaccination-trends,"Johnson&Johnson, Moderna, Pfizer/BioNTech"
2021-06-25,United States,333519199,182509598,158218383,0,https://covid.cdc.gov/covid-data-tracker/#vaccination-trends,"Johnson&Johnson, Moderna, Pfizer/BioNTech"
2021-06-26,United States,334013171,182735331,158505840,0,https://covid.cdc.gov/covid-data-tracker/#vaccination-trends,"Johnson&Johnson, Moderna, Pfizer/BioNTech"
2021-06-27,United States,334277502,182862393,158652282,0,https://covid.cdc.gov/covid-data-tracker/#vaccination-trends,"Johnson&Johnson, Moderna, Pfizer/BioNTech"
2021-06-28,United States,334824454,183138157,158948234,0,https://covid.cdc.gov/covid-data-tracker/#vaccination-trends,"Johnson&Johnson, Moderna, Pfizer/BioNTech"
2021-06-29,United States,335445913,183436407,159295973,0,https://covid.cdc.gov/covid-data-tracker/#vaccination-trends,"Johnson&Johnson, Moderna, Pfizer/BioNTech"
2021-06-30,United States,336070100,183744543,159637891,0,https://covid.cdc.gov/covid-data-tracker/#vaccination-trends,"Johnson&Johnson, Moderna, Pfizer/BioNTech"
2021-07-01,United States,336661983,184034643,159960868,0,https://covid.cdc.gov/covid-data-tracker/#vaccination-trends,"Johnson&Johnson, Moderna, Pfizer/BioNTech"
2021-07-02,United States,337275152,184340736,160292288,0,https://covid.cdc.gov/covid-data-tracker/#vaccination-trends,"Johnson&Johnson, Moderna, Pfizer/BioNTech"
2021-07-03,United States,337626847,184520167,160476084,0,https://covid.cdc.gov/covid-data-tracker/#vaccination-trends,"Johnson&Johnson, Moderna, Pfizer/BioNTech"
2021-07-04,United States,337676248,184547617,160502469,0,https://covid.cdc.gov/covid-data-tracker/#vaccination-trends,"Johnson&Johnson, Moderna, Pfizer/BioNTech"
2021-07-05,United States,338067667,184748358,160705008,0,https://covid.cdc.gov/covid-data-tracker/#vaccination-trends,"Johnson&Johnson, Moderna, Pfizer/BioNTech"
2021-07-06,United States,338644545,185022892,161030980,0,https://covid.cdc.gov/covid-data-tracker/#vaccination-trends,"Johnson&Johnson, Moderna, Pfizer/BioNTech"
2021-07-07,United States,339207504,185304817,161338142,0,https://covid.cdc.gov/covid-data-tracker/#vaccination-trends,"Johnson&Johnson, Moderna, Pfizer/BioNTech"
2021-07-08,United States,339766507,185593567,161636797,0,https://covid.cdc.gov/covid-data-tracker/#vaccination-trends,"Johnson&Johnson, Moderna, Pfizer/BioNTech"
2021-07-09,United States,340391583,185915351,161969203,0,https://covid.cdc.gov/covid-data-tracker/#vaccination-trends,"Johnson&Johnson, Moderna, Pfizer/BioNTech"
2021-07-10,United States,340787855,186126350,162170071,0,https://covid.cdc.gov/covid-data-tracker/#vaccination-trends,"Johnson&Johnson, Moderna, Pfizer/BioNTech"
2021-07-11,United States,341001748,186242543,162274814,0,https://covid.cdc.gov/covid-data-tracker/#vaccination-trends,"Johnson&Johnson, Moderna, Pfizer/BioNTech"
2021-07-12,United States,341514692,186516588,162537083,0,https://covid.cdc.gov/covid-data-tracker/#vaccination-trends,"Johnson&Johnson, Moderna, Pfizer/BioNTech"
2021-07-13,United States,342035337,186797273,162797046,0,https://covid.cdc.gov/covid-data-tracker/#vaccination-trends,"Johnson&Johnson, Moderna, Pfizer/BioNTech"
2021-07-14,United States,342559244,187079914,163057829,0,https://covid.cdc.gov/covid-data-tracker/#vaccination-trends,"Johnson&Johnson, Moderna, Pfizer/BioNTech"
2021-07-15,United States,343093248,187376689,163314210,0,https://covid.cdc.gov/covid-data-tracker/#vaccination-trends,"Johnson&Johnson, Moderna, Pfizer/BioNTech"
2021-07-16,United States,343710892,187723019,163603979,0,https://covid.cdc.gov/covid-data-tracker/#vaccination-trends,"Johnson&Johnson, Moderna, Pfizer/BioNTech"
2021-07-17,United States,344106425,187946148,163787576,0,https://covid.cdc.gov/covid-data-tracker/#vaccination-trends,"Johnson&Johnson, Moderna, Pfizer/BioNTech"
2021-07-18,United States,344337943,188081303,163889830,0,https://covid.cdc.gov/covid-data-tracker/#vaccination-trends,"Johnson&Johnson, Moderna, Pfizer/BioNTech"
2021-07-19,United States,344900071,188420385,164131467,0,https://covid.cdc.gov/covid-data-tracker/#vaccination-trends,"Johnson&Johnson, Moderna, Pfizer/BioNTech"
2021-07-20,United States,345497928,188791682,164378265,0,https://covid.cdc.gov/covid-data-tracker/#vaccination-trends,"Johnson&Johnson, Moderna, Pfizer/BioNTech"
2021-07-21,United States,346120878,189176908,164635140,0,https://covid.cdc.gov/covid-data-tracker/#vaccination-trends,"Johnson&Johnson, Moderna, Pfizer/BioNTech"
2021-07-22,United States,346763195,189591811,164882449,0,https://covid.cdc.gov/covid-data-tracker/#vaccination-trends,"Johnson&Johnson, Moderna, Pfizer/BioNTech"
2021-07-23,United States,347502489,190077625,165158144,0,https://covid.cdc.gov/covid-data-tracker/#vaccination-trends,"Johnson&Johnson, Moderna, Pfizer/BioNTech"
2021-07-24,United States,347960990,190378170,165326839,0,https://covid.cdc.gov/covid-data-tracker/#vaccination-trends,"Johnson&Johnson, Moderna, Pfizer/BioNTech"
2021-07-25,United States,348217764,190579111,165387627,0,https://covid.cdc.gov/covid-data-tracker/#vaccination-trends,"Johnson&Johnson, Moderna, Pfizer/BioNTech"
2021-07-26,United States,348853957,191023683,165600658,0,https://covid.cdc.gov/covid-data-tracker/#vaccination-trends,"Johnson&Johnson, Moderna, Pfizer/BioNTech"
2021-07-27,United States,349547488,191501520,165842282,0,https://covid.cdc.gov/covid-data-tracker/#vaccination-trends,"Johnson&Johnson, Moderna, Pfizer/BioNTech"
2021-07-28,United States,350258813,191989216,166091660,0,https://covid.cdc.gov/covid-data-tracker/#vaccination-trends,"Johnson&Johnson, Moderna, Pfizer/BioNTech"
2021-07-29,United States,350969815,192483113,166334692,0,https://covid.cdc.gov/covid-data-tracker/#vaccination-trends,"Johnson&Johnson, Moderna, Pfizer/BioNTech"
2021-07-30,United States,351792205,193052067,166615458,0,https://covid.cdc.gov/covid-data-tracker/#vaccination-trends,"Johnson&Johnson, Moderna, Pfizer/BioNTech"
2021-07-31,United States,352299656,193395536,166790234,0,https://covid.cdc.gov/covid-data-tracker/#vaccination-trends,"Johnson&Johnson, Moderna, Pfizer/BioNTech"
2021-08-01,United States,352613791,193615881,166884685,0,https://covid.cdc.gov/covid-data-tracker/#vaccination-trends,"Johnson&Johnson, Moderna, Pfizer/BioNTech"
2021-08-02,United States,353322375,194116175,167114359,0,https://covid.cdc.gov/covid-data-tracker/#vaccination-trends,"Johnson&Johnson, Moderna, Pfizer/BioNTech"
2021-08-03,United States,354074346,194648703,167360405,0,https://covid.cdc.gov/covid-data-tracker/#vaccination-trends,"Johnson&Johnson, Moderna, Pfizer/BioNTech"
2021-08-04,United States,354841037,195195125,167607966,0,https://covid.cdc.gov/covid-data-tracker/#vaccination-trends,"Johnson&Johnson, Moderna, Pfizer/BioNTech"
2021-08-05,United States,355622359,195748940,167864765,0,https://covid.cdc.gov/covid-data-tracker/#vaccination-trends,"Johnson&Johnson, Moderna, Pfizer/BioNTech"
2021-08-06,United States,356516832,196368318,168166846,0,https://covid.cdc.gov/covid-data-tracker/#vaccination-trends,"Johnson&Johnson, Moderna, Pfizer/BioNTech"
2021-08-07,United States,357067565,196746978,168351101,0,https://covid.cdc.gov/covid-data-tracker/#vaccination-trends,"Johnson&Johnson, Moderna, Pfizer/BioNTech"
2021-08-08,United States,357412055,196981779,168465234,0,https://covid.cdc.gov/covid-data-tracker/#vaccination-trends,"Johnson&Johnson, Moderna, Pfizer/BioNTech"
2021-08-09,United States,358183680,197497300,168744194,0,https://covid.cdc.gov/covid-data-tracker/#vaccination-trends,"Johnson&Johnson, Moderna, Pfizer/BioNTech"
2021-08-10,United States,358972046,198022453,169030729,0,https://covid.cdc.gov/covid-data-tracker/#vaccination-trends,"Johnson&Johnson, Moderna, Pfizer/BioNTech"
2021-08-11,United States,359729404,198515946,169318544,0,https://covid.cdc.gov/covid-data-tracker/#vaccination-trends,"Johnson&Johnson, Moderna, Pfizer/BioNTech"
2021-08-12,United States,360520817,199024408,169623862,0,https://covid.cdc.gov/covid-data-tracker/#vaccination-trends,"Johnson&Johnson, Moderna, Pfizer/BioNTech"
2021-08-13,United States,361455276,199600045,170003134,12379,https://covid.cdc.gov/covid-data-tracker/#vaccination-trends,"Johnson&Johnson, Moderna, Pfizer/BioNTech"
2021-08-14,United States,362071608,199960766,170239394,45861,https://covid.cdc.gov/covid-data-tracker/#vaccination-trends,"Johnson&Johnson, Moderna, Pfizer/BioNTech"
2021-08-15,United States,362464512,200171457,170396935,76410,https://covid.cdc.gov/covid-data-tracker/#vaccination-trends,"Johnson&Johnson, Moderna, Pfizer/BioNTech"
2021-08-16,United States,363322263,200634463,170742398,151751,https://covid.cdc.gov/covid-data-tracker/#vaccination-trends,"Johnson&Johnson, Moderna, Pfizer/BioNTech"
2021-08-17,United States,364231105,201122945,171096794,245091,https://covid.cdc.gov/covid-data-tracker/#vaccination-trends,"Johnson&Johnson, Moderna, Pfizer/BioNTech"
2021-08-18,United States,365167663,201608330,171465582,354786,https://covid.cdc.gov/covid-data-tracker/#vaccination-trends,"Johnson&Johnson, Moderna, Pfizer/BioNTech"
2021-08-19,United States,366096123,202086459,171836491,462482,https://covid.cdc.gov/covid-data-tracker/#vaccination-trends,"Johnson&Johnson, Moderna, Pfizer/BioNTech"
2021-08-20,United States,367183066,202622115,172300944,576742,https://covid.cdc.gov/covid-data-tracker/#vaccination-trends,"Johnson&Johnson, Moderna, Pfizer/BioNTech"
2021-08-21,United States,367836854,202941946,172589370,634209,https://covid.cdc.gov/covid-data-tracker/#vaccination-trends,"Johnson&Johnson, Moderna, Pfizer/BioNTech"
2021-08-22,United States,368219409,203124745,172763532,663597,https://covid.cdc.gov/covid-data-tracker/#vaccination-trends,"Johnson&Johnson, Moderna, Pfizer/BioNTech"
2021-08-23,United States,369123221,203564397,173157225,754788,https://covid.cdc.gov/covid-data-tracker/#vaccination-trends,"Johnson&Johnson, Moderna, Pfizer/BioNTech"
2021-08-24,United States,370055837,204023852,173559746,848863,https://covid.cdc.gov/covid-data-tracker/#vaccination-trends,"Johnson&Johnson, Moderna, Pfizer/BioNTech"
2021-08-25,United States,371004004,204490628,173969280,945849,https://covid.cdc.gov/covid-data-tracker/#vaccination-trends,"Johnson&Johnson, Moderna, Pfizer/BioNTech"
2021-08-26,United States,371974176,204963347,174388004,1049890,https://covid.cdc.gov/covid-data-tracker/#vaccination-trends,"Johnson&Johnson, Moderna, Pfizer/BioNTech"
2021-08-27,United States,373120981,205494051,174909709,1168608,https://covid.cdc.gov/covid-data-tracker/#vaccination-trends,"Johnson&Johnson, Moderna, Pfizer/BioNTech"
2021-08-28,United States,373819112,205811196,175239941,1228808,https://covid.cdc.gov/covid-data-tracker/#vaccination-trends,"Johnson&Johnson, Moderna, Pfizer/BioNTech"
2021-08-29,United States,374240929,206003576,175439327,1261978,https://covid.cdc.gov/covid-data-tracker/#vaccination-trends,"Johnson&Johnson, Moderna, Pfizer/BioNTech"
2021-08-30,United States,375146660,206417706,175856398,1355374,https://covid.cdc.gov/covid-data-tracker/#vaccination-trends,"Johnson&Johnson, Moderna, Pfizer/BioNTech"
2021-08-31,United States,376052397,206833095,176264058,1457138,https://covid.cdc.gov/covid-data-tracker/#vaccination-trends,"Johnson&Johnson, Moderna, Pfizer/BioNTech"
2021-09-01,United States,376951529,207252954,176656814,1564093,https://covid.cdc.gov/covid-data-tracker/#vaccination-trends,"Johnson&Johnson, Moderna, Pfizer/BioNTech"
2021-09-02,United States,377825085,207652023,177043757,1670975,https://covid.cdc.gov/covid-data-tracker/#vaccination-trends,"Johnson&Johnson, Moderna, Pfizer/BioNTech"
2021-09-03,United States,378841450,208101931,177517353,1782428,https://covid.cdc.gov/covid-data-tracker/#vaccination-trends,"Johnson&Johnson, Moderna, Pfizer/BioNTech"
2021-09-04,United States,379389432,208345785,177785950,1823753,https://covid.cdc.gov/covid-data-tracker/#vaccination-trends,"Johnson&Johnson, Moderna, Pfizer/BioNTech"
2021-09-05,United States,379747639,208512445,177953669,1849077,https://covid.cdc.gov/covid-data-tracker/#vaccination-trends,"Johnson&Johnson, Moderna, Pfizer/BioNTech"
2021-09-06,United States,379918267,208593040,178036546,1859054,https://covid.cdc.gov/covid-data-tracker/#vaccination-trends,"Johnson&Johnson, Moderna, Pfizer/BioNTech"
2021-09-07,United States,380806108,208944375,178500943,1945367,https://covid.cdc.gov/covid-data-tracker/#vaccination-trends,"Johnson&Johnson, Moderna, Pfizer/BioNTech"
2021-09-08,United States,381630511,209308152,178889164,2034786,https://covid.cdc.gov/covid-data-tracker/#vaccination-trends,"Johnson&Johnson, Moderna, Pfizer/BioNTech"
2021-09-09,United States,382455283,209676993,179272334,2125631,https://covid.cdc.gov/covid-data-tracker/#vaccination-trends,"Johnson&Johnson, Moderna, Pfizer/BioNTech"
2021-09-10,United States,383463194,210122239,179755448,2225394,https://covid.cdc.gov/covid-data-tracker/#vaccination-trends,"Johnson&Johnson, Moderna, Pfizer/BioNTech"
2021-09-11,United States,384046416,210378369,180045128,2270895,https://covid.cdc.gov/covid-data-tracker/#vaccination-trends,"Johnson&Johnson, Moderna, Pfizer/BioNTech"
2021-09-12,United States,384387650,210533455,180212634,2291712,https://covid.cdc.gov/covid-data-tracker/#vaccination-trends,"Johnson&Johnson, Moderna, Pfizer/BioNTech"
2021-09-13,United States,385147101,210866201,180583203,2362068,https://covid.cdc.gov/covid-data-tracker/#vaccination-trends,"Johnson&Johnson, Moderna, Pfizer/BioNTech"
2021-09-14,United States,385877704,211179198,180948903,2431049,https://covid.cdc.gov/covid-data-tracker/#vaccination-trends,"Johnson&Johnson, Moderna, Pfizer/BioNTech"
2021-09-15,United States,386616202,211488055,181324596,2501691,https://covid.cdc.gov/covid-data-tracker/#vaccination-trends,"Johnson&Johnson, Moderna, Pfizer/BioNTech"
2021-09-16,United States,387355604,211795768,181702728,2573549,https://covid.cdc.gov/covid-data-tracker/#vaccination-trends,"Johnson&Johnson, Moderna, Pfizer/BioNTech"
2021-09-17,United States,388233859,212143609,182166967,2657286,https://covid.cdc.gov/covid-data-tracker/#vaccination-trends,"Johnson&Johnson, Moderna, Pfizer/BioNTech"
2021-09-18,United States,388741748,212346845,182433236,2702273,https://covid.cdc.gov/covid-data-tracker/#vaccination-trends,"Johnson&Johnson, Moderna, Pfizer/BioNTech"
2021-09-19,United States,389038563,212464959,182592274,2723508,https://covid.cdc.gov/covid-data-tracker/#vaccination-trends,"Johnson&Johnson, Moderna, Pfizer/BioNTech"
2021-09-20,United States,389706534,212728477,182930430,2803035,https://covid.cdc.gov/covid-data-tracker/#vaccination-trends,"Johnson&Johnson, Moderna, Pfizer/BioNTech"
2021-09-21,United States,390361846,212988263,183259254,2885845,https://covid.cdc.gov/covid-data-tracker/#vaccination-trends,"Johnson&Johnson, Moderna, Pfizer/BioNTech"
2021-09-22,United States,391007813,213241301,183582231,2965803,https://covid.cdc.gov/covid-data-tracker/#vaccination-trends,"Johnson&Johnson, Moderna, Pfizer/BioNTech"
2021-09-23,United States,391662932,213496016,183897631,3061949,https://covid.cdc.gov/covid-data-tracker/#vaccination-trends,"Johnson&Johnson, Moderna, Pfizer/BioNTech"
2021-09-24,United States,392616562,213819915,184294234,3305614,https://covid.cdc.gov/covid-data-tracker/#vaccination-trends,"Johnson&Johnson, Moderna, Pfizer/BioNTech"
2021-09-25,United States,393269246,214028953,184513872,3533192,https://covid.cdc.gov/covid-data-tracker/#vaccination-trends,"Johnson&Johnson, Moderna, Pfizer/BioNTech"
2021-09-26,United States,393664137,214151769,184652946,3666751,https://covid.cdc.gov/covid-data-tracker/#vaccination-trends,"Johnson&Johnson, Moderna, Pfizer/BioNTech"
2021-09-27,United States,394652903,214459248,184865088,4143994,https://covid.cdc.gov/covid-data-tracker/#vaccination-trends,"Johnson&Johnson, Moderna, Pfizer/BioNTech"
2021-09-28,United States,395738104,214759646,185155616,4646841,https://covid.cdc.gov/covid-data-tracker/#vaccination-trends,"Johnson&Johnson, Moderna, Pfizer/BioNTech"
2021-09-29,United States,396825906,215055396,185452812,5150797,https://covid.cdc.gov/covid-data-tracker/#vaccination-trends,"Johnson&Johnson, Moderna, Pfizer/BioNTech"
2021-09-30,United States,397932577,215352426,185755048,5666940,https://covid.cdc.gov/covid-data-tracker/#vaccination-trends,"Johnson&Johnson, Moderna, Pfizer/BioNTech"
2021-10-01,United States,399150696,215672828,186110910,6216243,https://covid.cdc.gov/covid-data-tracker/#vaccination-trends,"Johnson&Johnson, Moderna, Pfizer/BioNTech"
2021-10-02,United States,399754682,215849608,186308178,6449983,https://covid.cdc.gov/covid-data-tracker/#vaccination-trends,"Johnson&Johnson, Moderna, Pfizer/BioNTech"
2021-10-03,United States,400105942,215958184,186432174,6569356,https://covid.cdc.gov/covid-data-tracker/#vaccination-trends,"Johnson&Johnson, Moderna, Pfizer/BioNTech"
2021-10-04,United States,401041623,216213426,186674004,7014606,https://covid.cdc.gov/covid-data-tracker/#vaccination-trends,"Johnson&Johnson, Moderna, Pfizer/BioNTech"
2021-10-05,United States,402007554,216464932,186917371,7493944,https://covid.cdc.gov/covid-data-tracker/#vaccination-trends,"Johnson&Johnson, Moderna, Pfizer/BioNTech"
2021-10-06,United States,402982159,216718691,187162128,7977869,https://covid.cdc.gov/covid-data-tracker/#vaccination-trends,"Johnson&Johnson, Moderna, Pfizer/BioNTech"
2021-10-07,United States,403931516,216972577,187401470,8442754,https://covid.cdc.gov/covid-data-tracker/#vaccination-trends,"Johnson&Johnson, Moderna, Pfizer/BioNTech"
2021-10-08,United States,405012259,217261681,187695272,8950255,https://covid.cdc.gov/covid-data-tracker/#vaccination-trends,"Johnson&Johnson, Moderna, Pfizer/BioNTech"
2021-10-09,United States,405524959,217411957,187855400,9156961,https://covid.cdc.gov/covid-data-tracker/#vaccination-trends,"Johnson&Johnson, Moderna, Pfizer/BioNTech"
2021-10-10,United States,405824318,217506898,187954789,9263021,https://covid.cdc.gov/covid-data-tracker/#vaccination-trends,"Johnson&Johnson, Moderna, Pfizer/BioNTech"
2021-10-11,United States,406634741,217738222,188164801,9640829,https://covid.cdc.gov/covid-data-tracker/#vaccination-trends,"Johnson&Johnson, Moderna, Pfizer/BioNTech"
2021-10-12,United States,407506467,217972310,188384996,10066924,https://covid.cdc.gov/covid-data-tracker/#vaccination-trends,"Johnson&Johnson, Moderna, Pfizer/BioNTech"
2021-10-13,United States,408354484,218202744,188600368,10479095,https://covid.cdc.gov/covid-data-tracker/#vaccination-trends,"Johnson&Johnson, Moderna, Pfizer/BioNTech"
2021-10-14,United States,409209951,218432506,188814897,10900406,https://covid.cdc.gov/covid-data-tracker/#vaccination-trends,"Johnson&Johnson, Moderna, Pfizer/BioNTech"
2021-10-15,United States,410192188,218697590,189076610,11367382,https://covid.cdc.gov/covid-data-tracker/#vaccination-trends,"Johnson&Johnson, Moderna, Pfizer/BioNTech"
2021-10-16,United States,410659334,218840340,189213151,11560097,https://covid.cdc.gov/covid-data-tracker/#vaccination-trends,"Johnson&Johnson, Moderna, Pfizer/BioNTech"
2021-10-17,United States,410916313,218925313,189293065,11653437,https://covid.cdc.gov/covid-data-tracker/#vaccination-trends,"Johnson&Johnson, Moderna, Pfizer/BioNTech"
2021-10-18,United States,411698562,219151942,189492733,12019299,https://covid.cdc.gov/covid-data-tracker/#vaccination-trends,"Johnson&Johnson, Moderna, Pfizer/BioNTech"
2021-10-19,United States,412466487,219357759,189674770,12409359,https://covid.cdc.gov/covid-data-tracker/#vaccination-trends,"Johnson&Johnson, Moderna, Pfizer/BioNTech"
2021-10-20,United States,413236750,219561718,189857642,12803615,https://covid.cdc.gov/covid-data-tracker/#vaccination-trends,"Johnson&Johnson, Moderna, Pfizer/BioNTech"
2021-10-21,United States,414025237,219770363,190041900,13209716,https://covid.cdc.gov/covid-data-tracker/#vaccination-trends,"Johnson&Johnson, Moderna, Pfizer/BioNTech"
2021-10-22,United States,415301480,220073694,190271028,13963855,https://covid.cdc.gov/covid-data-tracker/#vaccination-trends,"Johnson&Johnson, Moderna, Pfizer/BioNTech"
2021-10-23,United States,416081617,220261023,190396457,14435963,https://covid.cdc.gov/covid-data-tracker/#vaccination-trends,"Johnson&Johnson, Moderna, Pfizer/BioNTech"
2021-10-24,United States,416527376,220375786,190471620,14693411,https://covid.cdc.gov/covid-data-tracker/#vaccination-trends,"Johnson&Johnson, Moderna, Pfizer/BioNTech"
2021-10-25,United States,417943519,220696709,190662165,15607115,https://covid.cdc.gov/covid-data-tracker/#vaccination-trends,"Johnson&Johnson, Moderna, Pfizer/BioNTech"
2021-10-26,United States,419371209,221009179,190847939,16548671,https://covid.cdc.gov/covid-data-tracker/#vaccination-trends,"Johnson&Johnson, Moderna, Pfizer/BioNTech"
2021-10-27,United States,420839618,221325254,191036806,17524903,https://covid.cdc.gov/covid-data-tracker/#vaccination-trends,"Johnson&Johnson, Moderna, Pfizer/BioNTech"
2021-10-28,United States,422270074,221629282,191224966,18477225,https://covid.cdc.gov/covid-data-tracker/#vaccination-trends,"Johnson&Johnson, Moderna, Pfizer/BioNTech"
2021-10-29,United States,423857154,221964563,191439162,19529494,https://covid.cdc.gov/covid-data-tracker/#vaccination-trends,"Johnson&Johnson, Moderna, Pfizer/BioNTech"
2021-10-30,United States,424597456,222139656,191547320,19994483,https://covid.cdc.gov/covid-data-tracker/#vaccination-trends,"Johnson&Johnson, Moderna, Pfizer/BioNTech"
2021-10-31,United States,424993361,222242693,191611105,20226901,https://covid.cdc.gov/covid-data-tracker/#vaccination-trends,"Johnson&Johnson, Moderna, Pfizer/BioNTech"
2021-11-01,United States,426167977,222506106,191770205,20993317,https://covid.cdc.gov/covid-data-tracker/#vaccination-trends,"Johnson&Johnson, Moderna, Pfizer/BioNTech"
2021-11-02,United States,427126613,222707980,191889710,21644883,https://covid.cdc.gov/covid-data-tracker/#vaccination-trends,"Johnson&Johnson, Moderna, Pfizer/BioNTech"
2021-11-03,United States,427897019,222874424,191985022,22164464,https://covid.cdc.gov/covid-data-tracker/#vaccination-trends,"Johnson&Johnson, Moderna, Pfizer/BioNTech"
2021-11-04,United States,428006540,222902939,192000312,22229545,https://covid.cdc.gov/covid-data-tracker/#vaccination-trends,"Johnson&Johnson, Moderna, Pfizer/BioNTech"
2021-11-05,United States,428006540,222902939,192000312,22229545,https://covid.cdc.gov/covid-data-tracker/#vaccination-trends,"Johnson&Johnson, Moderna, Pfizer/BioNTech"
