date,people_vaccinated,people_fully_vaccinated,total_vaccinations,location,source_url,vaccine,total_boosters
2021-06-01,0,,0,Vanuatu,https://stats.pacificdata.org/vis?tm=covid&pg=0&df[ds]=SPC2&df[id]=DF_COVID_VACCINATION&df[ag]=SPC&df[vs]=1.0,Oxford/AstraZeneca,
2021-06-03,270,0,270,Vanuatu,https://www.fijitimes.com/270-get-first-vaccine-dose-in-vanuatu/,Oxford/AstraZeneca,
2021-06-08,860,0,860,Vanuatu,https://stats.pacificdata.org/vis?tm=covid&pg=0&df[ds]=SPC2&df[id]=DF_COVID_VACCINATION&df[ag]=SPC&df[vs]=1.0,Oxford/AstraZeneca,
2021-06-15,5140,0,5140,Vanuatu,https://stats.pacificdata.org/vis?tm=covid&pg=0&df[ds]=SPC2&df[id]=DF_COVID_VACCINATION&df[ag]=SPC&df[vs]=1.0,Oxford/AstraZeneca,
2021-06-21,7462,0,7462,Vanuatu,https://stats.pacificdata.org/vis?tm=covid&pg=0&df[ds]=SPC2&df[id]=DF_COVID_VACCINATION&df[ag]=SPC&df[vs]=1.0,Oxford/AstraZeneca,
2021-07-06,10480,0,10480,Vanuatu,https://stats.pacificdata.org/vis?tm=covid&pg=0&df[ds]=SPC2&df[id]=DF_COVID_VACCINATION&df[ag]=SPC&df[vs]=1.0,Oxford/AstraZeneca,
2021-07-13,14026,0,14026,Vanuatu,https://stats.pacificdata.org/vis?tm=covid&pg=0&df[ds]=SPC2&df[id]=DF_COVID_VACCINATION&df[ag]=SPC&df[vs]=1.0,Oxford/AstraZeneca,
2021-07-20,19332,0,19332,Vanuatu,https://stats.pacificdata.org/vis?tm=covid&pg=0&df[ds]=SPC2&df[id]=DF_COVID_VACCINATION&df[ag]=SPC&df[vs]=1.0,Oxford/AstraZeneca,
2021-07-27,23881,114,23995,Vanuatu,https://stats.pacificdata.org/vis?tm=covid&pg=0&df[ds]=SPC2&df[id]=DF_COVID_VACCINATION&df[ag]=SPC&df[vs]=1.0,Oxford/AstraZeneca,
2021-08-16,29321,1721,31042,Vanuatu,https://stats.pacificdata.org/vis?tm=covid&pg=0&df[ds]=SPC2&df[id]=DF_COVID_VACCINATION&df[ag]=SPC&df[vs]=1.0,Oxford/AstraZeneca,
2021-08-31,31654,6596,38250,Vanuatu,https://stats.pacificdata.org/vis?tm=covid&pg=0&df[ds]=SPC2&df[id]=DF_COVID_VACCINATION&df[ag]=SPC&df[vs]=1.0,Oxford/AstraZeneca,
2021-09-07,34753,8906,43659,Vanuatu,https://stats.pacificdata.org/vis?tm=covid&pg=0&df[ds]=SPC2&df[id]=DF_COVID_VACCINATION&df[ag]=SPC&df[vs]=1.0,Oxford/AstraZeneca,
2021-09-14,39347,11273,50620,Vanuatu,https://stats.pacificdata.org/vis?tm=covid&pg=0&df[ds]=SPC2&df[id]=DF_COVID_VACCINATION&df[ag]=SPC&df[vs]=1.0,Oxford/AstraZeneca,
2021-09-21,42840,14344,57184,Vanuatu,https://stats.pacificdata.org/vis?tm=covid&pg=0&df[ds]=SPC2&df[id]=DF_COVID_VACCINATION&df[ag]=SPC&df[vs]=1.0,Oxford/AstraZeneca,
2021-10-05,49639,24105,73744,Vanuatu,https://stats.pacificdata.org/vis?tm=covid&pg=0&df[ds]=SPC2&df[id]=DF_COVID_VACCINATION&df[ag]=SPC&df[vs]=1.0,Oxford/AstraZeneca,
2021-10-12,59215,28368,87583,Vanuatu,https://stats.pacificdata.org/vis?tm=covid&pg=0&df[ds]=SPC2&df[id]=DF_COVID_VACCINATION&df[ag]=SPC&df[vs]=1.0,Oxford/AstraZeneca,
2021-10-25,65982,30554,96536,Vanuatu,https://stats.pacificdata.org/vis?tm=covid&pg=0&df[ds]=SPC2&df[id]=DF_COVID_VACCINATION&df[ag]=SPC&df[vs]=1.0,Oxford/AstraZeneca,
2021-11-01,72276,32736,105012,Vanuatu,https://stats.pacificdata.org/vis?tm=covid&pg=0&df[ds]=SPC2&df[id]=DF_COVID_VACCINATION&df[ag]=SPC&df[vs]=1.0,Oxford/AstraZeneca,
