date,people_vaccinated,people_fully_vaccinated,total_vaccinations,location,source_url,vaccine,total_boosters
2021-02-18,39,0,39,Zimbabwe,https://www.arcgis.com/home/webmap/viewer.html?url=https://services9.arcgis.com/DnERH4rcjw7NU6lv/ArcGIS/rest/services/Vaccine_Distribution_Program/FeatureServer&source=sd,Sinopharm/Beijing,
2021-02-21,1314,0,1314,Zimbabwe,https://www.arcgis.com/home/webmap/viewer.html?url=https://services9.arcgis.com/DnERH4rcjw7NU6lv/ArcGIS/rest/services/Vaccine_Distribution_Program/FeatureServer&source=sd,Sinopharm/Beijing,
2021-02-23,4041,0,4041,Zimbabwe,https://www.arcgis.com/home/webmap/viewer.html?url=https://services9.arcgis.com/DnERH4rcjw7NU6lv/ArcGIS/rest/services/Vaccine_Distribution_Program/FeatureServer&source=sd,Sinopharm/Beijing,
2021-02-24,6115,0,6115,Zimbabwe,https://www.arcgis.com/home/webmap/viewer.html?url=https://services9.arcgis.com/DnERH4rcjw7NU6lv/ArcGIS/rest/services/Vaccine_Distribution_Program/FeatureServer&source=sd,Sinopharm/Beijing,
2021-02-25,11264,0,11264,Zimbabwe,https://www.arcgis.com/home/webmap/viewer.html?url=https://services9.arcgis.com/DnERH4rcjw7NU6lv/ArcGIS/rest/services/Vaccine_Distribution_Program/FeatureServer&source=sd,Sinopharm/Beijing,
2021-02-26,12836,0,12836,Zimbabwe,https://www.arcgis.com/home/webmap/viewer.html?url=https://services9.arcgis.com/DnERH4rcjw7NU6lv/ArcGIS/rest/services/Vaccine_Distribution_Program/FeatureServer&source=sd,Sinopharm/Beijing,
2021-02-27,15962,0,15962,Zimbabwe,https://www.arcgis.com/home/webmap/viewer.html?url=https://services9.arcgis.com/DnERH4rcjw7NU6lv/ArcGIS/rest/services/Vaccine_Distribution_Program/FeatureServer&source=sd,Sinopharm/Beijing,
2021-02-28,19100,0,19100,Zimbabwe,https://www.arcgis.com/home/webmap/viewer.html?url=https://services9.arcgis.com/DnERH4rcjw7NU6lv/ArcGIS/rest/services/Vaccine_Distribution_Program/FeatureServer&source=sd,Sinopharm/Beijing,
2021-03-01,21713,0,21713,Zimbabwe,https://www.arcgis.com/home/webmap/viewer.html?url=https://services9.arcgis.com/DnERH4rcjw7NU6lv/ArcGIS/rest/services/Vaccine_Distribution_Program/FeatureServer&source=sd,Sinopharm/Beijing,
2021-03-02,25334,0,25334,Zimbabwe,https://www.arcgis.com/home/webmap/viewer.html?url=https://services9.arcgis.com/DnERH4rcjw7NU6lv/ArcGIS/rest/services/Vaccine_Distribution_Program/FeatureServer&source=sd,Sinopharm/Beijing,
2021-03-03,28227,0,28227,Zimbabwe,https://www.arcgis.com/home/webmap/viewer.html?url=https://services9.arcgis.com/DnERH4rcjw7NU6lv/ArcGIS/rest/services/Vaccine_Distribution_Program/FeatureServer&source=sd,Sinopharm/Beijing,
2021-03-04,30915,0,30915,Zimbabwe,https://www.arcgis.com/home/webmap/viewer.html?url=https://services9.arcgis.com/DnERH4rcjw7NU6lv/ArcGIS/rest/services/Vaccine_Distribution_Program/FeatureServer&source=sd,Sinopharm/Beijing,
2021-03-05,31472,0,31472,Zimbabwe,https://www.arcgis.com/home/webmap/viewer.html?url=https://services9.arcgis.com/DnERH4rcjw7NU6lv/ArcGIS/rest/services/Vaccine_Distribution_Program/FeatureServer&source=sd,Sinopharm/Beijing,
2021-03-06,32251,0,32251,Zimbabwe,https://www.arcgis.com/home/webmap/viewer.html?url=https://services9.arcgis.com/DnERH4rcjw7NU6lv/ArcGIS/rest/services/Vaccine_Distribution_Program/FeatureServer&source=sd,Sinopharm/Beijing,
2021-03-07,32786,0,32786,Zimbabwe,https://www.arcgis.com/home/webmap/viewer.html?url=https://services9.arcgis.com/DnERH4rcjw7NU6lv/ArcGIS/rest/services/Vaccine_Distribution_Program/FeatureServer&source=sd,Sinopharm/Beijing,
2021-03-08,36064,0,36064,Zimbabwe,https://www.arcgis.com/home/webmap/viewer.html?url=https://services9.arcgis.com/DnERH4rcjw7NU6lv/ArcGIS/rest/services/Vaccine_Distribution_Program/FeatureServer&source=sd,Sinopharm/Beijing,
2021-03-09,36307,0,36307,Zimbabwe,https://www.arcgis.com/home/webmap/viewer.html?url=https://services9.arcgis.com/DnERH4rcjw7NU6lv/ArcGIS/rest/services/Vaccine_Distribution_Program/FeatureServer&source=sd,Sinopharm/Beijing,
2021-03-10,36447,0,36447,Zimbabwe,https://www.arcgis.com/home/webmap/viewer.html?url=https://services9.arcgis.com/DnERH4rcjw7NU6lv/ArcGIS/rest/services/Vaccine_Distribution_Program/FeatureServer&source=sd,Sinopharm/Beijing,
2021-03-11,36565,0,36565,Zimbabwe,https://www.arcgis.com/home/webmap/viewer.html?url=https://services9.arcgis.com/DnERH4rcjw7NU6lv/ArcGIS/rest/services/Vaccine_Distribution_Program/FeatureServer&source=sd,Sinopharm/Beijing,
2021-03-12,36829,0,36829,Zimbabwe,https://www.arcgis.com/home/webmap/viewer.html?url=https://services9.arcgis.com/DnERH4rcjw7NU6lv/ArcGIS/rest/services/Vaccine_Distribution_Program/FeatureServer&source=sd,Sinopharm/Beijing,
2021-03-13,36905,0,36905,Zimbabwe,https://www.arcgis.com/home/webmap/viewer.html?url=https://services9.arcgis.com/DnERH4rcjw7NU6lv/ArcGIS/rest/services/Vaccine_Distribution_Program/FeatureServer&source=sd,Sinopharm/Beijing,
2021-03-14,36905,0,36905,Zimbabwe,https://www.arcgis.com/home/webmap/viewer.html?url=https://services9.arcgis.com/DnERH4rcjw7NU6lv/ArcGIS/rest/services/Vaccine_Distribution_Program/FeatureServer&source=sd,Sinopharm/Beijing,
2021-03-15,38206,0,38206,Zimbabwe,https://www.arcgis.com/home/webmap/viewer.html?url=https://services9.arcgis.com/DnERH4rcjw7NU6lv/ArcGIS/rest/services/Vaccine_Distribution_Program/FeatureServer&source=sd,Sinopharm/Beijing,
2021-03-16,40096,0,40096,Zimbabwe,https://www.arcgis.com/home/webmap/viewer.html?url=https://services9.arcgis.com/DnERH4rcjw7NU6lv/ArcGIS/rest/services/Vaccine_Distribution_Program/FeatureServer&source=sd,Sinopharm/Beijing,
2021-03-17,40153,0,40153,Zimbabwe,https://www.arcgis.com/home/webmap/viewer.html?url=https://services9.arcgis.com/DnERH4rcjw7NU6lv/ArcGIS/rest/services/Vaccine_Distribution_Program/FeatureServer&source=sd,Sinopharm/Beijing,
2021-03-18,40548,0,40548,Zimbabwe,https://www.arcgis.com/home/webmap/viewer.html?url=https://services9.arcgis.com/DnERH4rcjw7NU6lv/ArcGIS/rest/services/Vaccine_Distribution_Program/FeatureServer&source=sd,Sinopharm/Beijing,
2021-03-19,42233,0,42233,Zimbabwe,https://www.arcgis.com/home/webmap/viewer.html?url=https://services9.arcgis.com/DnERH4rcjw7NU6lv/ArcGIS/rest/services/Vaccine_Distribution_Program/FeatureServer&source=sd,Sinopharm/Beijing,
2021-03-20,42756,0,42756,Zimbabwe,https://www.arcgis.com/home/webmap/viewer.html?url=https://services9.arcgis.com/DnERH4rcjw7NU6lv/ArcGIS/rest/services/Vaccine_Distribution_Program/FeatureServer&source=sd,Sinopharm/Beijing,
2021-03-21,43275,0,43275,Zimbabwe,https://www.arcgis.com/home/webmap/viewer.html?url=https://services9.arcgis.com/DnERH4rcjw7NU6lv/ArcGIS/rest/services/Vaccine_Distribution_Program/FeatureServer&source=sd,Sinopharm/Beijing,
2021-03-22,43840,280,44120,Zimbabwe,https://www.arcgis.com/home/webmap/viewer.html?url=https://services9.arcgis.com/DnERH4rcjw7NU6lv/ArcGIS/rest/services/Vaccine_Distribution_Program/FeatureServer&source=sd,Sinopharm/Beijing,
2021-03-23,44681,1062,45743,Zimbabwe,https://www.arcgis.com/home/webmap/viewer.html?url=https://services9.arcgis.com/DnERH4rcjw7NU6lv/ArcGIS/rest/services/Vaccine_Distribution_Program/FeatureServer&source=sd,Sinopharm/Beijing,
2021-03-24,49950,2489,52439,Zimbabwe,https://www.arcgis.com/home/webmap/viewer.html?url=https://services9.arcgis.com/DnERH4rcjw7NU6lv/ArcGIS/rest/services/Vaccine_Distribution_Program/FeatureServer&source=sd,Sinopharm/Beijing,
2021-03-25,55438,4095,59533,Zimbabwe,https://www.arcgis.com/home/webmap/viewer.html?url=https://services9.arcgis.com/DnERH4rcjw7NU6lv/ArcGIS/rest/services/Vaccine_Distribution_Program/FeatureServer&source=sd,Sinopharm/Beijing,
2021-03-26,61639,6569,68208,Zimbabwe,https://www.arcgis.com/home/webmap/viewer.html?url=https://services9.arcgis.com/DnERH4rcjw7NU6lv/ArcGIS/rest/services/Vaccine_Distribution_Program/FeatureServer&source=sd,Sinopharm/Beijing,
2021-03-27,66012,7965,73977,Zimbabwe,https://www.arcgis.com/home/webmap/viewer.html?url=https://services9.arcgis.com/DnERH4rcjw7NU6lv/ArcGIS/rest/services/Vaccine_Distribution_Program/FeatureServer&source=sd,Sinopharm/Beijing,
2021-03-28,69057,10628,79685,Zimbabwe,https://www.arcgis.com/home/webmap/viewer.html?url=https://services9.arcgis.com/DnERH4rcjw7NU6lv/ArcGIS/rest/services/Vaccine_Distribution_Program/FeatureServer&source=sd,Sinopharm/Beijing,
2021-03-29,70297,11859,82156,Zimbabwe,https://www.arcgis.com/home/webmap/viewer.html?url=https://services9.arcgis.com/DnERH4rcjw7NU6lv/ArcGIS/rest/services/Vaccine_Distribution_Program/FeatureServer&source=sd,"Oxford/AstraZeneca, Sinopharm/Beijing",
2021-03-30,73490,12922,86412,Zimbabwe,https://www.arcgis.com/home/webmap/viewer.html?url=https://services9.arcgis.com/DnERH4rcjw7NU6lv/ArcGIS/rest/services/Vaccine_Distribution_Program/FeatureServer&source=sd,"Oxford/AstraZeneca, Sinopharm/Beijing, Sinovac",
2021-03-31,77541,14885,92426,Zimbabwe,https://www.arcgis.com/home/webmap/viewer.html?url=https://services9.arcgis.com/DnERH4rcjw7NU6lv/ArcGIS/rest/services/Vaccine_Distribution_Program/FeatureServer&source=sd,"Oxford/AstraZeneca, Sinopharm/Beijing, Sinovac",
2021-04-01,88337,17516,105853,Zimbabwe,https://www.arcgis.com/home/webmap/viewer.html?url=https://services9.arcgis.com/DnERH4rcjw7NU6lv/ArcGIS/rest/services/Vaccine_Distribution_Program/FeatureServer&source=sd,"Oxford/AstraZeneca, Sinopharm/Beijing, Sinovac",
2021-04-02,104361,20938,125299,Zimbabwe,https://www.arcgis.com/home/webmap/viewer.html?url=https://services9.arcgis.com/DnERH4rcjw7NU6lv/ArcGIS/rest/services/Vaccine_Distribution_Program/FeatureServer&source=sd,"Oxford/AstraZeneca, Sinopharm/Beijing, Sinovac",
2021-04-03,112134,21327,133461,Zimbabwe,https://www.arcgis.com/home/webmap/viewer.html?url=https://services9.arcgis.com/DnERH4rcjw7NU6lv/ArcGIS/rest/services/Vaccine_Distribution_Program/FeatureServer&source=sd,"Oxford/AstraZeneca, Sinopharm/Beijing, Sinovac",
2021-04-04,117843,21603,139446,Zimbabwe,https://www.arcgis.com/home/webmap/viewer.html?url=https://services9.arcgis.com/DnERH4rcjw7NU6lv/ArcGIS/rest/services/Vaccine_Distribution_Program/FeatureServer&source=sd,"Oxford/AstraZeneca, Sinopharm/Beijing, Sinovac",
2021-04-05,124000,22056,146056,Zimbabwe,https://www.arcgis.com/home/webmap/viewer.html?url=https://services9.arcgis.com/DnERH4rcjw7NU6lv/ArcGIS/rest/services/Vaccine_Distribution_Program/FeatureServer&source=sd,"Oxford/AstraZeneca, Sinopharm/Beijing, Sinovac",
2021-04-06,139133,23500,162633,Zimbabwe,https://www.arcgis.com/home/webmap/viewer.html?url=https://services9.arcgis.com/DnERH4rcjw7NU6lv/ArcGIS/rest/services/Vaccine_Distribution_Program/FeatureServer&source=sd,"Oxford/AstraZeneca, Sinopharm/Beijing, Sinovac",
2021-04-07,153238,26179,179417,Zimbabwe,https://www.arcgis.com/home/webmap/viewer.html?url=https://services9.arcgis.com/DnERH4rcjw7NU6lv/ArcGIS/rest/services/Vaccine_Distribution_Program/FeatureServer&source=sd,"Oxford/AstraZeneca, Sinopharm/Beijing, Sinovac",
2021-04-08,154566,27134,181700,Zimbabwe,https://www.arcgis.com/home/webmap/viewer.html?url=https://services9.arcgis.com/DnERH4rcjw7NU6lv/ArcGIS/rest/services/Vaccine_Distribution_Program/FeatureServer&source=sd,"Oxford/AstraZeneca, Sinopharm/Beijing, Sinovac",
2021-04-09,166260,27968,194228,Zimbabwe,https://www.arcgis.com/home/webmap/viewer.html?url=https://services9.arcgis.com/DnERH4rcjw7NU6lv/ArcGIS/rest/services/Vaccine_Distribution_Program/FeatureServer&source=sd,"Oxford/AstraZeneca, Sinopharm/Beijing, Sinovac",
2021-04-10,181959,28797,210756,Zimbabwe,https://www.arcgis.com/home/webmap/viewer.html?url=https://services9.arcgis.com/DnERH4rcjw7NU6lv/ArcGIS/rest/services/Vaccine_Distribution_Program/FeatureServer&source=sd,"Oxford/AstraZeneca, Sinopharm/Beijing, Sinovac",
2021-04-11,182617,28898,211515,Zimbabwe,https://www.arcgis.com/home/webmap/viewer.html?url=https://services9.arcgis.com/DnERH4rcjw7NU6lv/ArcGIS/rest/services/Vaccine_Distribution_Program/FeatureServer&source=sd,"Oxford/AstraZeneca, Sinopharm/Beijing, Sinovac",
2021-04-12,193298,29304,222602,Zimbabwe,https://www.arcgis.com/home/webmap/viewer.html?url=https://services9.arcgis.com/DnERH4rcjw7NU6lv/ArcGIS/rest/services/Vaccine_Distribution_Program/FeatureServer&source=sd,"Oxford/AstraZeneca, Sinopharm/Beijing, Sinovac",
2021-04-13,219655,30496,250151,Zimbabwe,https://www.arcgis.com/home/webmap/viewer.html?url=https://services9.arcgis.com/DnERH4rcjw7NU6lv/ArcGIS/rest/services/Vaccine_Distribution_Program/FeatureServer&source=sd,"Oxford/AstraZeneca, Sinopharm/Beijing, Sinovac",
2021-04-15,257755,34969,292724,Zimbabwe,https://www.arcgis.com/home/webmap/viewer.html?url=https://services9.arcgis.com/DnERH4rcjw7NU6lv/ArcGIS/rest/services/Vaccine_Distribution_Program/FeatureServer&source=sd,"Oxford/AstraZeneca, Sinopharm/Beijing, Sinovac",
2021-04-17,264118,35806,299924,Zimbabwe,https://www.arcgis.com/home/webmap/viewer.html?url=https://services9.arcgis.com/DnERH4rcjw7NU6lv/ArcGIS/rest/services/Vaccine_Distribution_Program/FeatureServer&source=sd,"Oxford/AstraZeneca, Sinopharm/Beijing, Sinovac",
2021-04-18,268591,36423,305014,Zimbabwe,https://www.arcgis.com/home/webmap/viewer.html?url=https://services9.arcgis.com/DnERH4rcjw7NU6lv/ArcGIS/rest/services/Vaccine_Distribution_Program/FeatureServer&source=sd,"Oxford/AstraZeneca, Sinopharm/Beijing, Sinovac",
2021-04-20,276252,36778,313030,Zimbabwe,https://www.arcgis.com/home/webmap/viewer.html?url=https://services9.arcgis.com/DnERH4rcjw7NU6lv/ArcGIS/rest/services/Vaccine_Distribution_Program/FeatureServer&source=sd,"Oxford/AstraZeneca, Sinopharm/Beijing, Sinovac",
2021-04-21,295584,37345,332929,Zimbabwe,https://www.arcgis.com/home/webmap/viewer.html?url=https://services9.arcgis.com/DnERH4rcjw7NU6lv/ArcGIS/rest/services/Vaccine_Distribution_Program/FeatureServer&source=sd,"Oxford/AstraZeneca, Sinopharm/Beijing, Sinovac",
2021-04-22,295584,37345,332929,Zimbabwe,https://www.arcgis.com/home/webmap/viewer.html?url=https://services9.arcgis.com/DnERH4rcjw7NU6lv/ArcGIS/rest/services/Vaccine_Distribution_Program/FeatureServer&source=sd,"Oxford/AstraZeneca, Sinopharm/Beijing, Sinovac",
2021-04-23,307245,39870,347115,Zimbabwe,https://www.arcgis.com/home/webmap/viewer.html?url=https://services9.arcgis.com/DnERH4rcjw7NU6lv/ArcGIS/rest/services/Vaccine_Distribution_Program/FeatureServer&source=sd,"Oxford/AstraZeneca, Sinopharm/Beijing, Sinovac",
2021-04-24,324486,47231,371717,Zimbabwe,https://www.arcgis.com/home/webmap/viewer.html?url=https://services9.arcgis.com/DnERH4rcjw7NU6lv/ArcGIS/rest/services/Vaccine_Distribution_Program/FeatureServer&source=sd,"Oxford/AstraZeneca, Sinopharm/Beijing, Sinovac",
2021-04-25,336598,53038,389636,Zimbabwe,https://www.arcgis.com/home/webmap/viewer.html?url=https://services9.arcgis.com/DnERH4rcjw7NU6lv/ArcGIS/rest/services/Vaccine_Distribution_Program/FeatureServer&source=sd,"Oxford/AstraZeneca, Sinopharm/Beijing, Sinovac",
2021-04-26,353832,57396,411228,Zimbabwe,https://www.arcgis.com/home/webmap/viewer.html?url=https://services9.arcgis.com/DnERH4rcjw7NU6lv/ArcGIS/rest/services/Vaccine_Distribution_Program/FeatureServer&source=sd,"Oxford/AstraZeneca, Sinopharm/Beijing, Sinovac",
2021-04-27,370674,63243,433917,Zimbabwe,https://www.arcgis.com/home/webmap/viewer.html?url=https://services9.arcgis.com/DnERH4rcjw7NU6lv/ArcGIS/rest/services/Vaccine_Distribution_Program/FeatureServer&source=sd,"Oxford/AstraZeneca, Sinopharm/Beijing, Sinovac",
2021-04-28,388019,69972,457991,Zimbabwe,https://www.arcgis.com/home/webmap/viewer.html?url=https://services9.arcgis.com/DnERH4rcjw7NU6lv/ArcGIS/rest/services/Vaccine_Distribution_Program/FeatureServer&source=sd,"Oxford/AstraZeneca, Sinopharm/Beijing, Sinovac",
2021-04-29,414733,85587,500320,Zimbabwe,https://www.arcgis.com/home/webmap/viewer.html?url=https://services9.arcgis.com/DnERH4rcjw7NU6lv/ArcGIS/rest/services/Vaccine_Distribution_Program/FeatureServer&source=sd,"Oxford/AstraZeneca, Sinopharm/Beijing, Sinovac",
2021-05-01,428133,92144,520277,Zimbabwe,https://www.arcgis.com/home/webmap/viewer.html?url=https://services9.arcgis.com/DnERH4rcjw7NU6lv/ArcGIS/rest/services/Vaccine_Distribution_Program/FeatureServer&source=sd,"Oxford/AstraZeneca, Sinopharm/Beijing, Sinovac",
2021-05-02,430066,94111,524177,Zimbabwe,https://www.arcgis.com/home/webmap/viewer.html?url=https://services9.arcgis.com/DnERH4rcjw7NU6lv/ArcGIS/rest/services/Vaccine_Distribution_Program/FeatureServer&source=sd,"Oxford/AstraZeneca, Sinopharm/Beijing, Sinovac",
2021-05-03,437749,99745,537494,Zimbabwe,https://www.arcgis.com/home/webmap/viewer.html?url=https://services9.arcgis.com/DnERH4rcjw7NU6lv/ArcGIS/rest/services/Vaccine_Distribution_Program/FeatureServer&source=sd,"Oxford/AstraZeneca, Sinopharm/Beijing, Sinovac",
2021-05-04,452189,107566,559755,Zimbabwe,https://www.arcgis.com/home/webmap/viewer.html?url=https://services9.arcgis.com/DnERH4rcjw7NU6lv/ArcGIS/rest/services/Vaccine_Distribution_Program/FeatureServer&source=sd,"Oxford/AstraZeneca, Sinopharm/Beijing, Sinovac",
2021-05-05,461021,115190,576211,Zimbabwe,https://www.arcgis.com/home/webmap/viewer.html?url=https://services9.arcgis.com/DnERH4rcjw7NU6lv/ArcGIS/rest/services/Vaccine_Distribution_Program/FeatureServer&source=sd,"Oxford/AstraZeneca, Sinopharm/Beijing, Sinovac",
2021-05-06,478172,129161,607333,Zimbabwe,https://www.arcgis.com/home/webmap/viewer.html?url=https://services9.arcgis.com/DnERH4rcjw7NU6lv/ArcGIS/rest/services/Vaccine_Distribution_Program/FeatureServer&source=sd,"Oxford/AstraZeneca, Sinopharm/Beijing, Sinovac",
2021-05-07,500420,140320,640740,Zimbabwe,https://www.arcgis.com/home/webmap/viewer.html?url=https://services9.arcgis.com/DnERH4rcjw7NU6lv/ArcGIS/rest/services/Vaccine_Distribution_Program/FeatureServer&source=sd,"Oxford/AstraZeneca, Sinopharm/Beijing, Sinovac",
2021-05-08,509272,148544,657816,Zimbabwe,https://www.arcgis.com/home/webmap/viewer.html?url=https://services9.arcgis.com/DnERH4rcjw7NU6lv/ArcGIS/rest/services/Vaccine_Distribution_Program/FeatureServer&source=sd,"Oxford/AstraZeneca, Sinopharm/Beijing, Sinovac",
2021-05-09,526064,158157,684221,Zimbabwe,https://www.arcgis.com/home/webmap/viewer.html?url=https://services9.arcgis.com/DnERH4rcjw7NU6lv/ArcGIS/rest/services/Vaccine_Distribution_Program/FeatureServer&source=sd,"Oxford/AstraZeneca, Sinopharm/Beijing, Sinovac",
2021-05-10,529358,161273,690631,Zimbabwe,https://www.arcgis.com/home/webmap/viewer.html?url=https://services9.arcgis.com/DnERH4rcjw7NU6lv/ArcGIS/rest/services/Vaccine_Distribution_Program/FeatureServer&source=sd,"Oxford/AstraZeneca, Sinopharm/Beijing, Sinovac",
2021-05-11,539524,170226,709750,Zimbabwe,https://www.arcgis.com/home/webmap/viewer.html?url=https://services9.arcgis.com/DnERH4rcjw7NU6lv/ArcGIS/rest/services/Vaccine_Distribution_Program/FeatureServer&source=sd,"Oxford/AstraZeneca, Sinopharm/Beijing, Sinovac",
2021-05-12,549795,180548,730343,Zimbabwe,https://www.arcgis.com/home/webmap/viewer.html?url=https://services9.arcgis.com/DnERH4rcjw7NU6lv/ArcGIS/rest/services/Vaccine_Distribution_Program/FeatureServer&source=sd,"Oxford/AstraZeneca, Sinopharm/Beijing, Sinovac",
2021-05-13,559873,192125,751998,Zimbabwe,https://www.arcgis.com/home/webmap/viewer.html?url=https://services9.arcgis.com/DnERH4rcjw7NU6lv/ArcGIS/rest/services/Vaccine_Distribution_Program/FeatureServer&source=sd,"Oxford/AstraZeneca, Sinopharm/Beijing, Sinovac",
2021-05-14,571458,203761,775219,Zimbabwe,https://www.arcgis.com/home/webmap/viewer.html?url=https://services9.arcgis.com/DnERH4rcjw7NU6lv/ArcGIS/rest/services/Vaccine_Distribution_Program/FeatureServer&source=sd,"Oxford/AstraZeneca, Sinopharm/Beijing, Sinovac",
2021-05-15,579767,213522,793289,Zimbabwe,https://www.arcgis.com/home/webmap/viewer.html?url=https://services9.arcgis.com/DnERH4rcjw7NU6lv/ArcGIS/rest/services/Vaccine_Distribution_Program/FeatureServer&source=sd,"Oxford/AstraZeneca, Sinopharm/Beijing, Sinovac",
2021-05-16,581613,215312,796925,Zimbabwe,https://www.arcgis.com/home/webmap/viewer.html?url=https://services9.arcgis.com/DnERH4rcjw7NU6lv/ArcGIS/rest/services/Vaccine_Distribution_Program/FeatureServer&source=sd,"Oxford/AstraZeneca, Sinopharm/Beijing, Sinovac",
2021-05-17,591806,222430,814236,Zimbabwe,https://www.arcgis.com/home/webmap/viewer.html?url=https://services9.arcgis.com/DnERH4rcjw7NU6lv/ArcGIS/rest/services/Vaccine_Distribution_Program/FeatureServer&source=sd,"Oxford/AstraZeneca, Sinopharm/Beijing, Sinovac",
2021-05-18,600577,231355,831932,Zimbabwe,https://www.arcgis.com/home/webmap/viewer.html?url=https://services9.arcgis.com/DnERH4rcjw7NU6lv/ArcGIS/rest/services/Vaccine_Distribution_Program/FeatureServer&source=sd,"Oxford/AstraZeneca, Sinopharm/Beijing, Sinovac",
2021-05-19,615294,252080,867374,Zimbabwe,https://www.arcgis.com/home/webmap/viewer.html?url=https://services9.arcgis.com/DnERH4rcjw7NU6lv/ArcGIS/rest/services/Vaccine_Distribution_Program/FeatureServer&source=sd,"Oxford/AstraZeneca, Sinopharm/Beijing, Sinovac",
2021-05-21,630346,273705,904051,Zimbabwe,https://www.arcgis.com/home/webmap/viewer.html?url=https://services9.arcgis.com/DnERH4rcjw7NU6lv/ArcGIS/rest/services/Vaccine_Distribution_Program/FeatureServer&source=sd,"Oxford/AstraZeneca, Sinopharm/Beijing, Sinovac",
2021-05-23,632494,278517,911011,Zimbabwe,https://www.arcgis.com/home/webmap/viewer.html?url=https://services9.arcgis.com/DnERH4rcjw7NU6lv/ArcGIS/rest/services/Vaccine_Distribution_Program/FeatureServer&source=sd,"Oxford/AstraZeneca, Sinopharm/Beijing, Sinovac",
2021-05-24,639551,288417,927968,Zimbabwe,https://www.arcgis.com/home/webmap/viewer.html?url=https://services9.arcgis.com/DnERH4rcjw7NU6lv/ArcGIS/rest/services/Vaccine_Distribution_Program/FeatureServer&source=sd,"Oxford/AstraZeneca, Sinopharm/Beijing, Sinovac",
2021-05-26,643529,293489,937018,Zimbabwe,https://www.arcgis.com/home/webmap/viewer.html?url=https://services9.arcgis.com/DnERH4rcjw7NU6lv/ArcGIS/rest/services/Vaccine_Distribution_Program/FeatureServer&source=sd,"Oxford/AstraZeneca, Sinopharm/Beijing, Sinovac",
2021-05-27,648119,305248,953367,Zimbabwe,https://www.arcgis.com/home/webmap/viewer.html?url=https://services9.arcgis.com/DnERH4rcjw7NU6lv/ArcGIS/rest/services/Vaccine_Distribution_Program/FeatureServer&source=sd,"Oxford/AstraZeneca, Sinopharm/Beijing, Sinovac",
2021-05-28,656628,320146,976774,Zimbabwe,https://www.arcgis.com/home/webmap/viewer.html?url=https://services9.arcgis.com/DnERH4rcjw7NU6lv/ArcGIS/rest/services/Vaccine_Distribution_Program/FeatureServer&source=sd,"Oxford/AstraZeneca, Sinopharm/Beijing, Sinovac",
2021-05-29,666784,335659,1002443,Zimbabwe,https://www.arcgis.com/home/webmap/viewer.html?url=https://services9.arcgis.com/DnERH4rcjw7NU6lv/ArcGIS/rest/services/Vaccine_Distribution_Program/FeatureServer&source=sd,"Oxford/AstraZeneca, Sinopharm/Beijing, Sinovac",
2021-05-30,670753,341198,1011951,Zimbabwe,https://www.arcgis.com/home/webmap/viewer.html?url=https://services9.arcgis.com/DnERH4rcjw7NU6lv/ArcGIS/rest/services/Vaccine_Distribution_Program/FeatureServer&source=sd,"Oxford/AstraZeneca, Sinopharm/Beijing, Sinovac",
2021-05-31,675676,344380,1020056,Zimbabwe,https://www.arcgis.com/home/webmap/viewer.html?url=https://services9.arcgis.com/DnERH4rcjw7NU6lv/ArcGIS/rest/services/Vaccine_Distribution_Program/FeatureServer&source=sd,"Oxford/AstraZeneca, Sinopharm/Beijing, Sinovac",
2021-06-01,678001,353258,1031259,Zimbabwe,https://www.arcgis.com/home/webmap/viewer.html?url=https://services9.arcgis.com/DnERH4rcjw7NU6lv/ArcGIS/rest/services/Vaccine_Distribution_Program/FeatureServer&source=sd,"Oxford/AstraZeneca, Sinopharm/Beijing, Sinovac",
2021-06-02,682240,357952,1040192,Zimbabwe,https://www.arcgis.com/home/webmap/viewer.html?url=https://services9.arcgis.com/DnERH4rcjw7NU6lv/ArcGIS/rest/services/Vaccine_Distribution_Program/FeatureServer&source=sd,"Oxford/AstraZeneca, Sinopharm/Beijing, Sinovac",
2021-06-03,684162,364320,1048482,Zimbabwe,https://www.arcgis.com/home/webmap/viewer.html?url=https://services9.arcgis.com/DnERH4rcjw7NU6lv/ArcGIS/rest/services/Vaccine_Distribution_Program/FeatureServer&source=sd,"Oxford/AstraZeneca, Sinopharm/Beijing, Sinovac",
2021-06-04,685562,370654,1056216,Zimbabwe,https://www.arcgis.com/home/webmap/viewer.html?url=https://services9.arcgis.com/DnERH4rcjw7NU6lv/ArcGIS/rest/services/Vaccine_Distribution_Program/FeatureServer&source=sd,"Oxford/AstraZeneca, Sinopharm/Beijing, Sinovac",
2021-06-05,686634,375295,1061929,Zimbabwe,https://www.arcgis.com/home/webmap/viewer.html?url=https://services9.arcgis.com/DnERH4rcjw7NU6lv/ArcGIS/rest/services/Vaccine_Distribution_Program/FeatureServer&source=sd,"Oxford/AstraZeneca, Sinopharm/Beijing, Sinovac",
2021-06-06,687319,380766,1068085,Zimbabwe,https://www.arcgis.com/home/webmap/viewer.html?url=https://services9.arcgis.com/DnERH4rcjw7NU6lv/ArcGIS/rest/services/Vaccine_Distribution_Program/FeatureServer&source=sd,"Oxford/AstraZeneca, Sinopharm/Beijing, Sinovac",
2021-06-07,688694,385255,1073949,Zimbabwe,https://www.arcgis.com/home/webmap/viewer.html?url=https://services9.arcgis.com/DnERH4rcjw7NU6lv/ArcGIS/rest/services/Vaccine_Distribution_Program/FeatureServer&source=sd,"Oxford/AstraZeneca, Sinopharm/Beijing, Sinovac",
2021-06-08,689395,389392,1078787,Zimbabwe,https://www.arcgis.com/home/webmap/viewer.html?url=https://services9.arcgis.com/DnERH4rcjw7NU6lv/ArcGIS/rest/services/Vaccine_Distribution_Program/FeatureServer&source=sd,"Oxford/AstraZeneca, Sinopharm/Beijing, Sinovac",
2021-06-09,689918,394043,1083961,Zimbabwe,https://www.arcgis.com/home/webmap/viewer.html?url=https://services9.arcgis.com/DnERH4rcjw7NU6lv/ArcGIS/rest/services/Vaccine_Distribution_Program/FeatureServer&source=sd,"Oxford/AstraZeneca, Sinopharm/Beijing, Sinovac",
2021-06-10,690450,399034,1089484,Zimbabwe,https://www.arcgis.com/home/webmap/viewer.html?url=https://services9.arcgis.com/DnERH4rcjw7NU6lv/ArcGIS/rest/services/Vaccine_Distribution_Program/FeatureServer&source=sd,"Oxford/AstraZeneca, Sinopharm/Beijing, Sinovac",
2021-06-11,692178,411198,1103376,Zimbabwe,https://www.arcgis.com/home/webmap/viewer.html?url=https://services9.arcgis.com/DnERH4rcjw7NU6lv/ArcGIS/rest/services/Vaccine_Distribution_Program/FeatureServer&source=sd,"Oxford/AstraZeneca, Sinopharm/Beijing, Sinovac, Sputnik V",
2021-06-13,693145,413891,1107036,Zimbabwe,https://www.arcgis.com/home/webmap/viewer.html?url=https://services9.arcgis.com/DnERH4rcjw7NU6lv/ArcGIS/rest/services/Vaccine_Distribution_Program/FeatureServer&source=sd,"Oxford/AstraZeneca, Sinopharm/Beijing, Sinovac, Sputnik V",
2021-06-14,693566,414615,1108181,Zimbabwe,https://www.arcgis.com/home/webmap/viewer.html?url=https://services9.arcgis.com/DnERH4rcjw7NU6lv/ArcGIS/rest/services/Vaccine_Distribution_Program/FeatureServer&source=sd,"Oxford/AstraZeneca, Sinopharm/Beijing, Sinovac, Sputnik V",
2021-06-15,694728,418728,1113456,Zimbabwe,https://www.arcgis.com/home/webmap/viewer.html?url=https://services9.arcgis.com/DnERH4rcjw7NU6lv/ArcGIS/rest/services/Vaccine_Distribution_Program/FeatureServer&source=sd,"Oxford/AstraZeneca, Sinopharm/Beijing, Sinovac, Sputnik V",
2021-06-16,697397,423454,1120851,Zimbabwe,https://www.arcgis.com/home/webmap/viewer.html?url=https://services9.arcgis.com/DnERH4rcjw7NU6lv/ArcGIS/rest/services/Vaccine_Distribution_Program/FeatureServer&source=sd,"Oxford/AstraZeneca, Sinopharm/Beijing, Sinovac, Sputnik V",
2021-06-17,698951,427114,1126065,Zimbabwe,https://www.arcgis.com/home/webmap/viewer.html?url=https://services9.arcgis.com/DnERH4rcjw7NU6lv/ArcGIS/rest/services/Vaccine_Distribution_Program/FeatureServer&source=sd,"Oxford/AstraZeneca, Sinopharm/Beijing, Sinovac, Sputnik V",
2021-06-18,701346,432552,1133898,Zimbabwe,https://www.arcgis.com/home/webmap/viewer.html?url=https://services9.arcgis.com/DnERH4rcjw7NU6lv/ArcGIS/rest/services/Vaccine_Distribution_Program/FeatureServer&source=sd,"Oxford/AstraZeneca, Sinopharm/Beijing, Sinovac, Sputnik V",
2021-06-20,703063,435648,1138711,Zimbabwe,https://www.arcgis.com/home/webmap/viewer.html?url=https://services9.arcgis.com/DnERH4rcjw7NU6lv/ArcGIS/rest/services/Vaccine_Distribution_Program/FeatureServer&source=sd,"Oxford/AstraZeneca, Sinopharm/Beijing, Sinovac, Sputnik V",
2021-06-21,703999,436831,1140830,Zimbabwe,https://www.arcgis.com/home/webmap/viewer.html?url=https://services9.arcgis.com/DnERH4rcjw7NU6lv/ArcGIS/rest/services/Vaccine_Distribution_Program/FeatureServer&source=sd,"Oxford/AstraZeneca, Sinopharm/Beijing, Sinovac, Sputnik V",
2021-06-22,706156,440200,1146356,Zimbabwe,https://www.arcgis.com/home/webmap/viewer.html?url=https://services9.arcgis.com/DnERH4rcjw7NU6lv/ArcGIS/rest/services/Vaccine_Distribution_Program/FeatureServer&source=sd,"Oxford/AstraZeneca, Sinopharm/Beijing, Sinovac, Sputnik V",
2021-06-23,715054,451773,1166827,Zimbabwe,https://www.arcgis.com/home/webmap/viewer.html?url=https://services9.arcgis.com/DnERH4rcjw7NU6lv/ArcGIS/rest/services/Vaccine_Distribution_Program/FeatureServer&source=sd,"Oxford/AstraZeneca, Sinopharm/Beijing, Sinovac, Sputnik V",
2021-06-24,725580,467713,1193293,Zimbabwe,https://www.arcgis.com/home/webmap/viewer.html?url=https://services9.arcgis.com/DnERH4rcjw7NU6lv/ArcGIS/rest/services/Vaccine_Distribution_Program/FeatureServer&source=sd,"Oxford/AstraZeneca, Sinopharm/Beijing, Sinovac, Sputnik V",
2021-06-25,737481,484414,1221895,Zimbabwe,https://www.arcgis.com/home/webmap/viewer.html?url=https://services9.arcgis.com/DnERH4rcjw7NU6lv/ArcGIS/rest/services/Vaccine_Distribution_Program/FeatureServer&source=sd,"Oxford/AstraZeneca, Sinopharm/Beijing, Sinovac, Sputnik V",
2021-06-26,747328,502158,1249486,Zimbabwe,https://www.arcgis.com/home/webmap/viewer.html?url=https://services9.arcgis.com/DnERH4rcjw7NU6lv/ArcGIS/rest/services/Vaccine_Distribution_Program/FeatureServer&source=sd,"Oxford/AstraZeneca, Sinopharm/Beijing, Sinovac, Sputnik V",
2021-06-27,756289,518948,1275237,Zimbabwe,https://www.arcgis.com/home/webmap/viewer.html?url=https://services9.arcgis.com/DnERH4rcjw7NU6lv/ArcGIS/rest/services/Vaccine_Distribution_Program/FeatureServer&source=sd,"Oxford/AstraZeneca, Sinopharm/Beijing, Sinovac, Sputnik V",
2021-06-28,764246,534886,1299132,Zimbabwe,https://www.arcgis.com/home/webmap/viewer.html?url=https://services9.arcgis.com/DnERH4rcjw7NU6lv/ArcGIS/rest/services/Vaccine_Distribution_Program/FeatureServer&source=sd,"Oxford/AstraZeneca, Sinopharm/Beijing, Sinovac, Sputnik V",
2021-06-29,770707,544868,1315575,Zimbabwe,https://www.arcgis.com/home/webmap/viewer.html?url=https://services9.arcgis.com/DnERH4rcjw7NU6lv/ArcGIS/rest/services/Vaccine_Distribution_Program/FeatureServer&source=sd,"Oxford/AstraZeneca, Sinopharm/Beijing, Sinovac, Sputnik V",
2021-06-30,777159,555257,1332416,Zimbabwe,https://www.arcgis.com/home/webmap/viewer.html?url=https://services9.arcgis.com/DnERH4rcjw7NU6lv/ArcGIS/rest/services/Vaccine_Distribution_Program/FeatureServer&source=sd,"Oxford/AstraZeneca, Sinopharm/Beijing, Sinovac, Sputnik V",
2021-07-01,782696,559242,1341938,Zimbabwe,https://www.arcgis.com/home/webmap/viewer.html?url=https://services9.arcgis.com/DnERH4rcjw7NU6lv/ArcGIS/rest/services/Vaccine_Distribution_Program/FeatureServer&source=sd,"Oxford/AstraZeneca, Sinopharm/Beijing, Sinovac, Sputnik V",
2021-07-02,788004,564694,1352698,Zimbabwe,https://www.arcgis.com/home/webmap/viewer.html?url=https://services9.arcgis.com/DnERH4rcjw7NU6lv/ArcGIS/rest/services/Vaccine_Distribution_Program/FeatureServer&source=sd,"Oxford/AstraZeneca, Sinopharm/Beijing, Sinovac, Sputnik V",
2021-07-03,791901,567666,1359567,Zimbabwe,https://www.arcgis.com/home/webmap/viewer.html?url=https://services9.arcgis.com/DnERH4rcjw7NU6lv/ArcGIS/rest/services/Vaccine_Distribution_Program/FeatureServer&source=sd,"Oxford/AstraZeneca, Sinopharm/Beijing, Sinovac, Sputnik V",
2021-07-04,793077,568113,1361190,Zimbabwe,https://www.arcgis.com/home/webmap/viewer.html?url=https://services9.arcgis.com/DnERH4rcjw7NU6lv/ArcGIS/rest/services/Vaccine_Distribution_Program/FeatureServer&source=sd,"Oxford/AstraZeneca, Sinopharm/Beijing, Sinovac, Sputnik V",
2021-07-05,797715,571701,1369416,Zimbabwe,https://www.arcgis.com/home/webmap/viewer.html?url=https://services9.arcgis.com/DnERH4rcjw7NU6lv/ArcGIS/rest/services/Vaccine_Distribution_Program/FeatureServer&source=sd,"Oxford/AstraZeneca, Sinopharm/Beijing, Sinovac, Sputnik V",
2021-07-06,807633,574914,1382547,Zimbabwe,https://www.arcgis.com/home/webmap/viewer.html?url=https://services9.arcgis.com/DnERH4rcjw7NU6lv/ArcGIS/rest/services/Vaccine_Distribution_Program/FeatureServer&source=sd,"Oxford/AstraZeneca, Sinopharm/Beijing, Sinovac, Sputnik V",
2021-07-07,819058,579679,1398737,Zimbabwe,https://www.arcgis.com/home/webmap/viewer.html?url=https://services9.arcgis.com/DnERH4rcjw7NU6lv/ArcGIS/rest/services/Vaccine_Distribution_Program/FeatureServer&source=sd,"Oxford/AstraZeneca, Sinopharm/Beijing, Sinovac, Sputnik V",
2021-07-08,875182,588813,1463995,Zimbabwe,https://www.arcgis.com/home/webmap/viewer.html?url=https://services9.arcgis.com/DnERH4rcjw7NU6lv/ArcGIS/rest/services/Vaccine_Distribution_Program/FeatureServer&source=sd,"Oxford/AstraZeneca, Sinopharm/Beijing, Sinovac, Sputnik V",
2021-07-10,886619,590501,1477120,Zimbabwe,https://www.arcgis.com/home/webmap/viewer.html?url=https://services9.arcgis.com/DnERH4rcjw7NU6lv/ArcGIS/rest/services/Vaccine_Distribution_Program/FeatureServer&source=sd,"Oxford/AstraZeneca, Sinopharm/Beijing, Sinovac, Sputnik V",
2021-07-11,895980,595417,1491397,Zimbabwe,https://www.arcgis.com/home/webmap/viewer.html?url=https://services9.arcgis.com/DnERH4rcjw7NU6lv/ArcGIS/rest/services/Vaccine_Distribution_Program/FeatureServer&source=sd,"Oxford/AstraZeneca, Sinopharm/Beijing, Sinovac, Sputnik V",
2021-07-12,926312,605556,1531868,Zimbabwe,https://www.arcgis.com/home/webmap/viewer.html?url=https://services9.arcgis.com/DnERH4rcjw7NU6lv/ArcGIS/rest/services/Vaccine_Distribution_Program/FeatureServer&source=sd,"Oxford/AstraZeneca, Sinopharm/Beijing, Sinovac, Sputnik V",
2021-07-13,988746,624894,1613640,Zimbabwe,https://www.arcgis.com/home/webmap/viewer.html?url=https://services9.arcgis.com/DnERH4rcjw7NU6lv/ArcGIS/rest/services/Vaccine_Distribution_Program/FeatureServer&source=sd,"Oxford/AstraZeneca, Sinopharm/Beijing, Sinovac, Sputnik V",
2021-07-15,1096002,635738,1731740,Zimbabwe,https://www.arcgis.com/home/webmap/viewer.html?url=https://services9.arcgis.com/DnERH4rcjw7NU6lv/ArcGIS/rest/services/Vaccine_Distribution_Program/FeatureServer&source=sd,"Oxford/AstraZeneca, Sinopharm/Beijing, Sinovac, Sputnik V",
2021-07-17,1132045,639389,1771434,Zimbabwe,https://www.arcgis.com/home/webmap/viewer.html?url=https://services9.arcgis.com/DnERH4rcjw7NU6lv/ArcGIS/rest/services/Vaccine_Distribution_Program/FeatureServer&source=sd,"Oxford/AstraZeneca, Sinopharm/Beijing, Sinovac, Sputnik V",
2021-07-18,1144088,641154,1785242,Zimbabwe,https://www.arcgis.com/home/webmap/viewer.html?url=https://services9.arcgis.com/DnERH4rcjw7NU6lv/ArcGIS/rest/services/Vaccine_Distribution_Program/FeatureServer&source=sd,"Oxford/AstraZeneca, Sinopharm/Beijing, Sinovac, Sputnik V",
2021-07-19,1184144,643203,1827347,Zimbabwe,https://www.arcgis.com/home/webmap/viewer.html?url=https://services9.arcgis.com/DnERH4rcjw7NU6lv/ArcGIS/rest/services/Vaccine_Distribution_Program/FeatureServer&source=sd,"Oxford/AstraZeneca, Sinopharm/Beijing, Sinovac, Sputnik V",
2021-07-20,1247203,649843,1897046,Zimbabwe,https://www.arcgis.com/home/webmap/viewer.html?url=https://services9.arcgis.com/DnERH4rcjw7NU6lv/ArcGIS/rest/services/Vaccine_Distribution_Program/FeatureServer&source=sd,"Oxford/AstraZeneca, Sinopharm/Beijing, Sinovac, Sputnik V",
2021-07-21,1292351,656830,1949181,Zimbabwe,https://www.arcgis.com/home/webmap/viewer.html?url=https://services9.arcgis.com/DnERH4rcjw7NU6lv/ArcGIS/rest/services/Vaccine_Distribution_Program/FeatureServer&source=sd,"Oxford/AstraZeneca, Sinopharm/Beijing, Sinovac, Sputnik V",
2021-07-22,1352223,664587,2016810,Zimbabwe,https://www.arcgis.com/home/webmap/viewer.html?url=https://services9.arcgis.com/DnERH4rcjw7NU6lv/ArcGIS/rest/services/Vaccine_Distribution_Program/FeatureServer&source=sd,"Oxford/AstraZeneca, Sinopharm/Beijing, Sinovac, Sputnik V",
2021-07-23,1438599,677774,2116373,Zimbabwe,https://www.arcgis.com/home/webmap/viewer.html?url=https://services9.arcgis.com/DnERH4rcjw7NU6lv/ArcGIS/rest/services/Vaccine_Distribution_Program/FeatureServer&source=sd,"Oxford/AstraZeneca, Sinopharm/Beijing, Sinovac, Sputnik V",
2021-07-25,1491202,687216,2178418,Zimbabwe,https://www.arcgis.com/home/webmap/viewer.html?url=https://services9.arcgis.com/DnERH4rcjw7NU6lv/ArcGIS/rest/services/Vaccine_Distribution_Program/FeatureServer&source=sd,"Oxford/AstraZeneca, Sinopharm/Beijing, Sinovac, Sputnik V",
2021-07-26,1491202,687216,2178418,Zimbabwe,https://www.arcgis.com/home/webmap/viewer.html?url=https://services9.arcgis.com/DnERH4rcjw7NU6lv/ArcGIS/rest/services/Vaccine_Distribution_Program/FeatureServer&source=sd,"Oxford/AstraZeneca, Sinopharm/Beijing, Sinovac, Sputnik V",
2021-07-27,1561994,713151,2275145,Zimbabwe,https://www.arcgis.com/home/webmap/viewer.html?url=https://services9.arcgis.com/DnERH4rcjw7NU6lv/ArcGIS/rest/services/Vaccine_Distribution_Program/FeatureServer&source=sd,"Oxford/AstraZeneca, Sinopharm/Beijing, Sinovac, Sputnik V",
2021-07-28,1593365,730398,2323763,Zimbabwe,https://www.arcgis.com/home/webmap/viewer.html?url=https://services9.arcgis.com/DnERH4rcjw7NU6lv/ArcGIS/rest/services/Vaccine_Distribution_Program/FeatureServer&source=sd,"Oxford/AstraZeneca, Sinopharm/Beijing, Sinovac, Sputnik V",
2021-07-29,1623583,751507,2375090,Zimbabwe,https://www.arcgis.com/home/webmap/viewer.html?url=https://services9.arcgis.com/DnERH4rcjw7NU6lv/ArcGIS/rest/services/Vaccine_Distribution_Program/FeatureServer&source=sd,"Oxford/AstraZeneca, Sinopharm/Beijing, Sinovac, Sputnik V",
2021-07-30,1645308,767930,2413238,Zimbabwe,https://www.arcgis.com/home/webmap/viewer.html?url=https://services9.arcgis.com/DnERH4rcjw7NU6lv/ArcGIS/rest/services/Vaccine_Distribution_Program/FeatureServer&source=sd,"Oxford/AstraZeneca, Sinopharm/Beijing, Sinovac, Sputnik V",
2021-07-31,1653821,779249,2433070,Zimbabwe,https://www.arcgis.com/home/webmap/viewer.html?url=https://services9.arcgis.com/DnERH4rcjw7NU6lv/ArcGIS/rest/services/Vaccine_Distribution_Program/FeatureServer&source=sd,"Oxford/AstraZeneca, Sinopharm/Beijing, Sinovac, Sputnik V",
2021-08-02,1674419,798900,2473319,Zimbabwe,https://www.arcgis.com/home/webmap/viewer.html?url=https://services9.arcgis.com/DnERH4rcjw7NU6lv/ArcGIS/rest/services/Vaccine_Distribution_Program/FeatureServer&source=sd,"Oxford/AstraZeneca, Sinopharm/Beijing, Sinovac, Sputnik V",
2021-08-03,1740307,863687,2603994,Zimbabwe,https://www.arcgis.com/home/webmap/viewer.html?url=https://services9.arcgis.com/DnERH4rcjw7NU6lv/ArcGIS/rest/services/Vaccine_Distribution_Program/FeatureServer&source=sd,"Oxford/AstraZeneca, Sinopharm/Beijing, Sinovac, Sputnik V",
2021-08-04,1740307,863687,2603994,Zimbabwe,https://www.arcgis.com/home/webmap/viewer.html?url=https://services9.arcgis.com/DnERH4rcjw7NU6lv/ArcGIS/rest/services/Vaccine_Distribution_Program/FeatureServer&source=sd,"Oxford/AstraZeneca, Sinopharm/Beijing, Sinovac, Sputnik V",
2021-08-05,1817307,966692,2783999,Zimbabwe,https://www.arcgis.com/home/webmap/viewer.html?url=https://services9.arcgis.com/DnERH4rcjw7NU6lv/ArcGIS/rest/services/Vaccine_Distribution_Program/FeatureServer&source=sd,"Oxford/AstraZeneca, Sinopharm/Beijing, Sinovac, Sputnik V",
2021-08-07,1851116,1002281,2853397,Zimbabwe,https://www.arcgis.com/home/webmap/viewer.html?url=https://services9.arcgis.com/DnERH4rcjw7NU6lv/ArcGIS/rest/services/Vaccine_Distribution_Program/FeatureServer&source=sd,"Oxford/AstraZeneca, Sinopharm/Beijing, Sinovac, Sputnik V",
2021-08-08,1863913,1022638,2886551,Zimbabwe,https://www.arcgis.com/home/webmap/viewer.html?url=https://services9.arcgis.com/DnERH4rcjw7NU6lv/ArcGIS/rest/services/Vaccine_Distribution_Program/FeatureServer&source=sd,"Oxford/AstraZeneca, Sinopharm/Beijing, Sinovac, Sputnik V",
2021-08-09,1897123,1044385,2941508,Zimbabwe,https://www.arcgis.com/home/webmap/viewer.html?url=https://services9.arcgis.com/DnERH4rcjw7NU6lv/ArcGIS/rest/services/Vaccine_Distribution_Program/FeatureServer&source=sd,"Oxford/AstraZeneca, Sinopharm/Beijing, Sinovac, Sputnik V",
2021-08-10,1912301,1061258,2973559,Zimbabwe,https://www.arcgis.com/home/webmap/viewer.html?url=https://services9.arcgis.com/DnERH4rcjw7NU6lv/ArcGIS/rest/services/Vaccine_Distribution_Program/FeatureServer&source=sd,"Oxford/AstraZeneca, Sinopharm/Beijing, Sinovac, Sputnik V",
2021-08-11,1932929,1084412,3017341,Zimbabwe,https://www.arcgis.com/home/webmap/viewer.html?url=https://services9.arcgis.com/DnERH4rcjw7NU6lv/ArcGIS/rest/services/Vaccine_Distribution_Program/FeatureServer&source=sd,"Oxford/AstraZeneca, Sinopharm/Beijing, Sinovac, Sputnik V",
2021-08-12,2013049,1180207,3193256,Zimbabwe,https://www.arcgis.com/home/webmap/viewer.html?url=https://services9.arcgis.com/DnERH4rcjw7NU6lv/ArcGIS/rest/services/Vaccine_Distribution_Program/FeatureServer&source=sd,"Oxford/AstraZeneca, Sinopharm/Beijing, Sinovac, Sputnik V",
2021-08-14,2036008,1198901,3234909,Zimbabwe,https://www.arcgis.com/home/webmap/viewer.html?url=https://services9.arcgis.com/DnERH4rcjw7NU6lv/ArcGIS/rest/services/Vaccine_Distribution_Program/FeatureServer&source=sd,"Oxford/AstraZeneca, Sinopharm/Beijing, Sinovac, Sputnik V",
2021-08-15,2064023,1225235,3289258,Zimbabwe,https://www.arcgis.com/home/webmap/viewer.html?url=https://services9.arcgis.com/DnERH4rcjw7NU6lv/ArcGIS/rest/services/Vaccine_Distribution_Program/FeatureServer&source=sd,"Oxford/AstraZeneca, Sinopharm/Beijing, Sinovac, Sputnik V",
2021-08-16,2091259,1254726,3345985,Zimbabwe,https://www.arcgis.com/home/webmap/viewer.html?url=https://services9.arcgis.com/DnERH4rcjw7NU6lv/ArcGIS/rest/services/Vaccine_Distribution_Program/FeatureServer&source=sd,"Oxford/AstraZeneca, Sinopharm/Beijing, Sinovac, Sputnik V",
2021-08-17,2145237,1305722,3450959,Zimbabwe,https://www.arcgis.com/home/webmap/viewer.html?url=https://services9.arcgis.com/DnERH4rcjw7NU6lv/ArcGIS/rest/services/Vaccine_Distribution_Program/FeatureServer&source=sd,"Oxford/AstraZeneca, Sinopharm/Beijing, Sinovac, Sputnik V",
2021-08-18,2193046,1349294,3542340,Zimbabwe,https://www.arcgis.com/home/webmap/viewer.html?url=https://services9.arcgis.com/DnERH4rcjw7NU6lv/ArcGIS/rest/services/Vaccine_Distribution_Program/FeatureServer&source=sd,"Oxford/AstraZeneca, Sinopharm/Beijing, Sinovac, Sputnik V",
2021-08-19,2233265,1387672,3620937,Zimbabwe,https://www.arcgis.com/home/webmap/viewer.html?url=https://services9.arcgis.com/DnERH4rcjw7NU6lv/ArcGIS/rest/services/Vaccine_Distribution_Program/FeatureServer&source=sd,"Oxford/AstraZeneca, Sinopharm/Beijing, Sinovac, Sputnik V",
2021-08-20,2271429,1428079,3699508,Zimbabwe,https://www.arcgis.com/home/webmap/viewer.html?url=https://services9.arcgis.com/DnERH4rcjw7NU6lv/ArcGIS/rest/services/Vaccine_Distribution_Program/FeatureServer&source=sd,"Oxford/AstraZeneca, Sinopharm/Beijing, Sinovac, Sputnik V",
2021-08-21,2301341,1451901,3753242,Zimbabwe,https://www.arcgis.com/home/webmap/viewer.html?url=https://services9.arcgis.com/DnERH4rcjw7NU6lv/ArcGIS/rest/services/Vaccine_Distribution_Program/FeatureServer&source=sd,"Oxford/AstraZeneca, Sinopharm/Beijing, Sinovac, Sputnik V",
2021-08-22,2312117,1461082,3773199,Zimbabwe,https://www.arcgis.com/home/webmap/viewer.html?url=https://services9.arcgis.com/DnERH4rcjw7NU6lv/ArcGIS/rest/services/Vaccine_Distribution_Program/FeatureServer&source=sd,"Oxford/AstraZeneca, Sinopharm/Beijing, Sinovac, Sputnik V",
2021-08-23,2345043,1483968,3829011,Zimbabwe,https://www.arcgis.com/home/webmap/viewer.html?url=https://services9.arcgis.com/DnERH4rcjw7NU6lv/ArcGIS/rest/services/Vaccine_Distribution_Program/FeatureServer&source=sd,"Oxford/AstraZeneca, Sinopharm/Beijing, Sinovac, Sputnik V",
2021-08-24,2382059,1507365,3889424,Zimbabwe,https://www.arcgis.com/home/webmap/viewer.html?url=https://services9.arcgis.com/DnERH4rcjw7NU6lv/ArcGIS/rest/services/Vaccine_Distribution_Program/FeatureServer&source=sd,"Oxford/AstraZeneca, Sinopharm/Beijing, Sinovac, Sputnik V",
2021-08-25,2453229,1562288,4015517,Zimbabwe,https://www.arcgis.com/home/webmap/viewer.html?url=https://services9.arcgis.com/DnERH4rcjw7NU6lv/ArcGIS/rest/services/Vaccine_Distribution_Program/FeatureServer&source=sd,"Oxford/AstraZeneca, Sinopharm/Beijing, Sinovac, Sputnik V",
2021-08-27,2491680,1584315,4075995,Zimbabwe,https://www.arcgis.com/home/webmap/viewer.html?url=https://services9.arcgis.com/DnERH4rcjw7NU6lv/ArcGIS/rest/services/Vaccine_Distribution_Program/FeatureServer&source=sd,"Oxford/AstraZeneca, Sinopharm/Beijing, Sinovac, Sputnik V",
2021-08-28,2513053,1597301,4110354,Zimbabwe,https://www.arcgis.com/home/webmap/viewer.html?url=https://services9.arcgis.com/DnERH4rcjw7NU6lv/ArcGIS/rest/services/Vaccine_Distribution_Program/FeatureServer&source=sd,"Oxford/AstraZeneca, Sinopharm/Beijing, Sinovac, Sputnik V",
2021-08-29,2530181,1607672,4137853,Zimbabwe,https://www.arcgis.com/home/webmap/viewer.html?url=https://services9.arcgis.com/DnERH4rcjw7NU6lv/ArcGIS/rest/services/Vaccine_Distribution_Program/FeatureServer&source=sd,"Oxford/AstraZeneca, Sinopharm/Beijing, Sinovac, Sputnik V",
2021-08-30,2552273,1620384,4172657,Zimbabwe,https://www.arcgis.com/home/webmap/viewer.html?url=https://services9.arcgis.com/DnERH4rcjw7NU6lv/ArcGIS/rest/services/Vaccine_Distribution_Program/FeatureServer&source=sd,"Oxford/AstraZeneca, Sinopharm/Beijing, Sinovac, Sputnik V",
2021-08-31,2582405,1637419,4219824,Zimbabwe,https://www.arcgis.com/home/webmap/viewer.html?url=https://services9.arcgis.com/DnERH4rcjw7NU6lv/ArcGIS/rest/services/Vaccine_Distribution_Program/FeatureServer&source=sd,"Oxford/AstraZeneca, Sinopharm/Beijing, Sinovac, Sputnik V",
2021-09-01,2615233,1655197,4270430,Zimbabwe,https://www.arcgis.com/home/webmap/viewer.html?url=https://services9.arcgis.com/DnERH4rcjw7NU6lv/ArcGIS/rest/services/Vaccine_Distribution_Program/FeatureServer&source=sd,"Oxford/AstraZeneca, Sinopharm/Beijing, Sinovac, Sputnik V",
2021-09-02,2649505,1674230,4323735,Zimbabwe,https://www.arcgis.com/home/webmap/viewer.html?url=https://services9.arcgis.com/DnERH4rcjw7NU6lv/ArcGIS/rest/services/Vaccine_Distribution_Program/FeatureServer&source=sd,"Oxford/AstraZeneca, Sinopharm/Beijing, Sinovac, Sputnik V",
2021-09-03,2681657,1690559,4372216,Zimbabwe,https://www.arcgis.com/home/webmap/viewer.html?url=https://services9.arcgis.com/DnERH4rcjw7NU6lv/ArcGIS/rest/services/Vaccine_Distribution_Program/FeatureServer&source=sd,"Oxford/AstraZeneca, Sinopharm/Beijing, Sinovac, Sputnik V",
2021-09-04,2698332,1701914,4400246,Zimbabwe,https://www.arcgis.com/home/webmap/viewer.html?url=https://services9.arcgis.com/DnERH4rcjw7NU6lv/ArcGIS/rest/services/Vaccine_Distribution_Program/FeatureServer&source=sd,"Oxford/AstraZeneca, Sinopharm/Beijing, Sinovac, Sputnik V",
2021-09-05,2713248,1718351,4431599,Zimbabwe,https://www.arcgis.com/home/webmap/viewer.html?url=https://services9.arcgis.com/DnERH4rcjw7NU6lv/ArcGIS/rest/services/Vaccine_Distribution_Program/FeatureServer&source=sd,"Oxford/AstraZeneca, Sinopharm/Beijing, Sinovac, Sputnik V",
2021-09-07,2750381,1743562,4493943,Zimbabwe,https://www.arcgis.com/home/webmap/viewer.html?url=https://services9.arcgis.com/DnERH4rcjw7NU6lv/ArcGIS/rest/services/Vaccine_Distribution_Program/FeatureServer&source=sd,"Oxford/AstraZeneca, Sinopharm/Beijing, Sinovac, Sputnik V",
2021-09-08,2781803,1771273,4553076,Zimbabwe,https://www.arcgis.com/home/webmap/viewer.html?url=https://services9.arcgis.com/DnERH4rcjw7NU6lv/ArcGIS/rest/services/Vaccine_Distribution_Program/FeatureServer&source=sd,"Oxford/AstraZeneca, Sinopharm/Beijing, Sinovac, Sputnik V",
2021-09-09,2804924,1797096,4602020,Zimbabwe,https://www.arcgis.com/home/webmap/viewer.html?url=https://services9.arcgis.com/DnERH4rcjw7NU6lv/ArcGIS/rest/services/Vaccine_Distribution_Program/FeatureServer&source=sd,"Oxford/AstraZeneca, Sinopharm/Beijing, Sinovac, Sputnik V",
2021-09-10,2824296,1832152,4656448,Zimbabwe,https://www.arcgis.com/home/webmap/viewer.html?url=https://services9.arcgis.com/DnERH4rcjw7NU6lv/ArcGIS/rest/services/Vaccine_Distribution_Program/FeatureServer&source=sd,"Oxford/AstraZeneca, Sinopharm/Beijing, Sinovac, Sputnik V",
2021-09-11,2844848,1864057,4708905,Zimbabwe,https://www.arcgis.com/home/webmap/viewer.html?url=https://services9.arcgis.com/DnERH4rcjw7NU6lv/ArcGIS/rest/services/Vaccine_Distribution_Program/FeatureServer&source=sd,"Oxford/AstraZeneca, Sinopharm/Beijing, Sinovac, Sputnik V",
2021-09-13,2856655,1895701,4752356,Zimbabwe,https://www.arcgis.com/home/webmap/viewer.html?url=https://services9.arcgis.com/DnERH4rcjw7NU6lv/ArcGIS/rest/services/Vaccine_Distribution_Program/FeatureServer&source=sd,"Oxford/AstraZeneca, Sinopharm/Beijing, Sinovac, Sputnik V",
2021-09-14,2873593,1927168,4800761,Zimbabwe,https://www.arcgis.com/home/webmap/viewer.html?url=https://services9.arcgis.com/DnERH4rcjw7NU6lv/ArcGIS/rest/services/Vaccine_Distribution_Program/FeatureServer&source=sd,"Oxford/AstraZeneca, Sinopharm/Beijing, Sinovac, Sputnik V",
2021-09-15,2891837,1963979,4855816,Zimbabwe,https://www.arcgis.com/home/webmap/viewer.html?url=https://services9.arcgis.com/DnERH4rcjw7NU6lv/ArcGIS/rest/services/Vaccine_Distribution_Program/FeatureServer&source=sd,"Oxford/AstraZeneca, Sinopharm/Beijing, Sinovac, Sputnik V",
2021-09-16,2930550,2033752,4964302,Zimbabwe,https://www.arcgis.com/home/webmap/viewer.html?url=https://services9.arcgis.com/DnERH4rcjw7NU6lv/ArcGIS/rest/services/Vaccine_Distribution_Program/FeatureServer&source=sd,"Oxford/AstraZeneca, Sinopharm/Beijing, Sinovac, Sputnik V",
2021-09-18,2940750,2051751,4992501,Zimbabwe,https://www.arcgis.com/home/webmap/viewer.html?url=https://services9.arcgis.com/DnERH4rcjw7NU6lv/ArcGIS/rest/services/Vaccine_Distribution_Program/FeatureServer&source=sd,"Oxford/AstraZeneca, Sinopharm/Beijing, Sinovac, Sputnik V",
2021-09-19,2948725,2066316,5015041,Zimbabwe,https://www.arcgis.com/home/webmap/viewer.html?url=https://services9.arcgis.com/DnERH4rcjw7NU6lv/ArcGIS/rest/services/Vaccine_Distribution_Program/FeatureServer&source=sd,"Oxford/AstraZeneca, Sinopharm/Beijing, Sinovac, Sputnik V",
2021-09-20,2961845,2082964,5044809,Zimbabwe,https://www.arcgis.com/home/webmap/viewer.html?url=https://services9.arcgis.com/DnERH4rcjw7NU6lv/ArcGIS/rest/services/Vaccine_Distribution_Program/FeatureServer&source=sd,"Oxford/AstraZeneca, Sinopharm/Beijing, Sinovac, Sputnik V",
2021-09-21,2976212,2107819,5084031,Zimbabwe,https://www.arcgis.com/home/webmap/viewer.html?url=https://services9.arcgis.com/DnERH4rcjw7NU6lv/ArcGIS/rest/services/Vaccine_Distribution_Program/FeatureServer&source=sd,"Oxford/AstraZeneca, Sinopharm/Beijing, Sinovac, Sputnik V",
2021-09-22,2992048,2131474,5123522,Zimbabwe,https://www.arcgis.com/home/webmap/viewer.html?url=https://services9.arcgis.com/DnERH4rcjw7NU6lv/ArcGIS/rest/services/Vaccine_Distribution_Program/FeatureServer&source=sd,"Oxford/AstraZeneca, Sinopharm/Beijing, Sinovac, Sputnik V",
2021-09-23,3007945,2158563,5166508,Zimbabwe,https://www.arcgis.com/home/webmap/viewer.html?url=https://services9.arcgis.com/DnERH4rcjw7NU6lv/ArcGIS/rest/services/Vaccine_Distribution_Program/FeatureServer&source=sd,"Oxford/AstraZeneca, Sinopharm/Beijing, Sinovac, Sputnik V",
2021-09-24,3021593,2175770,5197363,Zimbabwe,https://www.arcgis.com/home/webmap/viewer.html?url=https://services9.arcgis.com/DnERH4rcjw7NU6lv/ArcGIS/rest/services/Vaccine_Distribution_Program/FeatureServer&source=sd,"Oxford/AstraZeneca, Sinopharm/Beijing, Sinovac, Sputnik V",
2021-09-25,3030042,2188630,5218672,Zimbabwe,https://www.arcgis.com/home/webmap/viewer.html?url=https://services9.arcgis.com/DnERH4rcjw7NU6lv/ArcGIS/rest/services/Vaccine_Distribution_Program/FeatureServer&source=sd,"Oxford/AstraZeneca, Sinopharm/Beijing, Sinovac, Sputnik V",
2021-09-26,3036623,2198252,5234875,Zimbabwe,https://www.arcgis.com/home/webmap/viewer.html?url=https://services9.arcgis.com/DnERH4rcjw7NU6lv/ArcGIS/rest/services/Vaccine_Distribution_Program/FeatureServer&source=sd,"Oxford/AstraZeneca, Sinopharm/Beijing, Sinovac, Sputnik V",
2021-09-27,3050981,2212801,5263782,Zimbabwe,https://www.arcgis.com/home/webmap/viewer.html?url=https://services9.arcgis.com/DnERH4rcjw7NU6lv/ArcGIS/rest/services/Vaccine_Distribution_Program/FeatureServer&source=sd,"Oxford/AstraZeneca, Sinopharm/Beijing, Sinovac, Sputnik V",
2021-09-28,3060086,2230231,5290317,Zimbabwe,https://www.arcgis.com/home/webmap/viewer.html?url=https://services9.arcgis.com/DnERH4rcjw7NU6lv/ArcGIS/rest/services/Vaccine_Distribution_Program/FeatureServer&source=sd,"Oxford/AstraZeneca, Sinopharm/Beijing, Sinovac, Sputnik V",
2021-09-29,3071643,2248922,5320565,Zimbabwe,https://www.arcgis.com/home/webmap/viewer.html?url=https://services9.arcgis.com/DnERH4rcjw7NU6lv/ArcGIS/rest/services/Vaccine_Distribution_Program/FeatureServer&source=sd,"Oxford/AstraZeneca, Sinopharm/Beijing, Sinovac, Sputnik V",
2021-09-30,3083764,2272056,5355820,Zimbabwe,https://www.arcgis.com/home/webmap/viewer.html?url=https://services9.arcgis.com/DnERH4rcjw7NU6lv/ArcGIS/rest/services/Vaccine_Distribution_Program/FeatureServer&source=sd,"Oxford/AstraZeneca, Sinopharm/Beijing, Sinovac, Sputnik V",
2021-10-01,3097001,2290134,5387135,Zimbabwe,https://www.arcgis.com/home/webmap/viewer.html?url=https://services9.arcgis.com/DnERH4rcjw7NU6lv/ArcGIS/rest/services/Vaccine_Distribution_Program/FeatureServer&source=sd,"Oxford/AstraZeneca, Sinopharm/Beijing, Sinovac, Sputnik V",
2021-10-02,3105712,2303288,5409000,Zimbabwe,https://www.arcgis.com/home/webmap/viewer.html?url=https://services9.arcgis.com/DnERH4rcjw7NU6lv/ArcGIS/rest/services/Vaccine_Distribution_Program/FeatureServer&source=sd,"Oxford/AstraZeneca, Sinopharm/Beijing, Sinovac, Sputnik V",
2021-10-03,3111495,2313258,5424753,Zimbabwe,https://www.arcgis.com/home/webmap/viewer.html?url=https://services9.arcgis.com/DnERH4rcjw7NU6lv/ArcGIS/rest/services/Vaccine_Distribution_Program/FeatureServer&source=sd,"Oxford/AstraZeneca, Sinopharm/Beijing, Sinovac, Sputnik V",
2021-10-04,3117596,2323783,5441379,Zimbabwe,https://www.arcgis.com/home/webmap/viewer.html?url=https://services9.arcgis.com/DnERH4rcjw7NU6lv/ArcGIS/rest/services/Vaccine_Distribution_Program/FeatureServer&source=sd,"Oxford/AstraZeneca, Sinopharm/Beijing, Sinovac, Sputnik V",
2021-10-05,3128598,2343887,5472485,Zimbabwe,https://www.arcgis.com/home/webmap/viewer.html?url=https://services9.arcgis.com/DnERH4rcjw7NU6lv/ArcGIS/rest/services/Vaccine_Distribution_Program/FeatureServer&source=sd,"Oxford/AstraZeneca, Sinopharm/Beijing, Sinovac, Sputnik V",
2021-10-06,3140386,2359144,5499530,Zimbabwe,https://www.arcgis.com/home/webmap/viewer.html?url=https://services9.arcgis.com/DnERH4rcjw7NU6lv/ArcGIS/rest/services/Vaccine_Distribution_Program/FeatureServer&source=sd,"Oxford/AstraZeneca, Sinopharm/Beijing, Sinovac, Sputnik V",
2021-10-07,3152617,2374966,5527583,Zimbabwe,https://www.arcgis.com/home/webmap/viewer.html?url=https://services9.arcgis.com/DnERH4rcjw7NU6lv/ArcGIS/rest/services/Vaccine_Distribution_Program/FeatureServer&source=sd,"Oxford/AstraZeneca, Sinopharm/Beijing, Sinovac, Sputnik V",
2021-10-08,3161809,2394697,5556506,Zimbabwe,https://www.arcgis.com/home/webmap/viewer.html?url=https://services9.arcgis.com/DnERH4rcjw7NU6lv/ArcGIS/rest/services/Vaccine_Distribution_Program/FeatureServer&source=sd,"Oxford/AstraZeneca, Sinopharm/Beijing, Sinovac, Sputnik V",
2021-10-09,3168552,2403766,5572318,Zimbabwe,https://www.arcgis.com/home/webmap/viewer.html?url=https://services9.arcgis.com/DnERH4rcjw7NU6lv/ArcGIS/rest/services/Vaccine_Distribution_Program/FeatureServer&source=sd,"Oxford/AstraZeneca, Sinopharm/Beijing, Sinovac, Sputnik V",
2021-10-10,3171399,2410125,5581524,Zimbabwe,https://www.arcgis.com/home/webmap/viewer.html?url=https://services9.arcgis.com/DnERH4rcjw7NU6lv/ArcGIS/rest/services/Vaccine_Distribution_Program/FeatureServer&source=sd,"Oxford/AstraZeneca, Sinopharm/Beijing, Sinovac, Sputnik V",
2021-10-11,3176445,2418363,5594808,Zimbabwe,https://www.arcgis.com/home/webmap/viewer.html?url=https://services9.arcgis.com/DnERH4rcjw7NU6lv/ArcGIS/rest/services/Vaccine_Distribution_Program/FeatureServer&source=sd,"Oxford/AstraZeneca, Sinopharm/Beijing, Sinovac, Sputnik V",
2021-10-12,3183015,2429461,5612476,Zimbabwe,https://www.arcgis.com/home/webmap/viewer.html?url=https://services9.arcgis.com/DnERH4rcjw7NU6lv/ArcGIS/rest/services/Vaccine_Distribution_Program/FeatureServer&source=sd,"Oxford/AstraZeneca, Sinopharm/Beijing, Sinovac, Sputnik V",
2021-10-13,3190977,2441557,5632534,Zimbabwe,https://www.arcgis.com/home/webmap/viewer.html?url=https://services9.arcgis.com/DnERH4rcjw7NU6lv/ArcGIS/rest/services/Vaccine_Distribution_Program/FeatureServer&source=sd,"Oxford/AstraZeneca, Sinopharm/Beijing, Sinovac, Sputnik V",
2021-10-14,3200122,2454145,5654267,Zimbabwe,https://www.arcgis.com/home/webmap/viewer.html?url=https://services9.arcgis.com/DnERH4rcjw7NU6lv/ArcGIS/rest/services/Vaccine_Distribution_Program/FeatureServer&source=sd,"Oxford/AstraZeneca, Sinopharm/Beijing, Sinovac, Sputnik V",
2021-10-15,3208175,2466563,5674738,Zimbabwe,https://www.arcgis.com/home/webmap/viewer.html?url=https://services9.arcgis.com/DnERH4rcjw7NU6lv/ArcGIS/rest/services/Vaccine_Distribution_Program/FeatureServer&source=sd,"Oxford/AstraZeneca, Sinopharm/Beijing, Sinovac, Sputnik V",
2021-10-16,3214178,2473780,5687958,Zimbabwe,https://www.arcgis.com/home/webmap/viewer.html?url=https://services9.arcgis.com/DnERH4rcjw7NU6lv/ArcGIS/rest/services/Vaccine_Distribution_Program/FeatureServer&source=sd,"Oxford/AstraZeneca, Sinopharm/Beijing, Sinovac, Sputnik V",
2021-10-17,3221576,2480099,5701675,Zimbabwe,https://www.arcgis.com/home/webmap/viewer.html?url=https://services9.arcgis.com/DnERH4rcjw7NU6lv/ArcGIS/rest/services/Vaccine_Distribution_Program/FeatureServer&source=sd,"Oxford/AstraZeneca, Sinopharm/Beijing, Sinovac, Sputnik V",
2021-10-18,3241469,2501519,5742988,Zimbabwe,https://www.arcgis.com/home/webmap/viewer.html?url=https://services9.arcgis.com/DnERH4rcjw7NU6lv/ArcGIS/rest/services/Vaccine_Distribution_Program/FeatureServer&source=sd,"Oxford/AstraZeneca, Sinopharm/Beijing, Sinovac, Sputnik V",
2021-10-19,3247552,2509195,5756747,Zimbabwe,https://www.arcgis.com/home/webmap/viewer.html?url=https://services9.arcgis.com/DnERH4rcjw7NU6lv/ArcGIS/rest/services/Vaccine_Distribution_Program/FeatureServer&source=sd,"Oxford/AstraZeneca, Sinopharm/Beijing, Sinovac, Sputnik V",
2021-10-20,3257360,2523407,5780767,Zimbabwe,https://www.arcgis.com/home/webmap/viewer.html?url=https://services9.arcgis.com/DnERH4rcjw7NU6lv/ArcGIS/rest/services/Vaccine_Distribution_Program/FeatureServer&source=sd,"Oxford/AstraZeneca, Sinopharm/Beijing, Sinovac, Sputnik V",
2021-10-21,3264429,2532854,5797283,Zimbabwe,https://www.arcgis.com/home/webmap/viewer.html?url=https://services9.arcgis.com/DnERH4rcjw7NU6lv/ArcGIS/rest/services/Vaccine_Distribution_Program/FeatureServer&source=sd,"Oxford/AstraZeneca, Sinopharm/Beijing, Sinovac, Sputnik V",
2021-10-22,3271638,2543152,5814790,Zimbabwe,https://www.arcgis.com/home/webmap/viewer.html?url=https://services9.arcgis.com/DnERH4rcjw7NU6lv/ArcGIS/rest/services/Vaccine_Distribution_Program/FeatureServer&source=sd,"Oxford/AstraZeneca, Sinopharm/Beijing, Sinovac, Sputnik V",
2021-10-23,3276746,2550130,5826876,Zimbabwe,https://www.arcgis.com/home/webmap/viewer.html?url=https://services9.arcgis.com/DnERH4rcjw7NU6lv/ArcGIS/rest/services/Vaccine_Distribution_Program/FeatureServer&source=sd,"Oxford/AstraZeneca, Sinopharm/Beijing, Sinovac, Sputnik V",
2021-10-24,3281618,2554745,5836363,Zimbabwe,https://www.arcgis.com/home/webmap/viewer.html?url=https://services9.arcgis.com/DnERH4rcjw7NU6lv/ArcGIS/rest/services/Vaccine_Distribution_Program/FeatureServer&source=sd,"Oxford/AstraZeneca, Sinopharm/Beijing, Sinovac, Sputnik V",
2021-10-25,3287996,2560938,5848934,Zimbabwe,https://www.arcgis.com/home/webmap/viewer.html?url=https://services9.arcgis.com/DnERH4rcjw7NU6lv/ArcGIS/rest/services/Vaccine_Distribution_Program/FeatureServer&source=sd,"Oxford/AstraZeneca, Sinopharm/Beijing, Sinovac, Sputnik V",
2021-10-26,3294687,2571942,5866629,Zimbabwe,https://www.arcgis.com/home/webmap/viewer.html?url=https://services9.arcgis.com/DnERH4rcjw7NU6lv/ArcGIS/rest/services/Vaccine_Distribution_Program/FeatureServer&source=sd,"Oxford/AstraZeneca, Sinopharm/Beijing, Sinovac, Sputnik V",
2021-10-27,3301048,2581633,5882681,Zimbabwe,https://www.arcgis.com/home/webmap/viewer.html?url=https://services9.arcgis.com/DnERH4rcjw7NU6lv/ArcGIS/rest/services/Vaccine_Distribution_Program/FeatureServer&source=sd,"Oxford/AstraZeneca, Sinopharm/Beijing, Sinovac, Sputnik V",
2021-10-28,3306845,2590057,5896902,Zimbabwe,https://www.arcgis.com/home/webmap/viewer.html?url=https://services9.arcgis.com/DnERH4rcjw7NU6lv/ArcGIS/rest/services/Vaccine_Distribution_Program/FeatureServer&source=sd,"Oxford/AstraZeneca, Sinopharm/Beijing, Sinovac, Sputnik V",
2021-10-29,3315108,2598901,5914009,Zimbabwe,https://www.arcgis.com/home/webmap/viewer.html?url=https://services9.arcgis.com/DnERH4rcjw7NU6lv/ArcGIS/rest/services/Vaccine_Distribution_Program/FeatureServer&source=sd,"Oxford/AstraZeneca, Sinopharm/Beijing, Sinovac, Sputnik V",
2021-10-30,3319755,2605963,5925718,Zimbabwe,https://www.arcgis.com/home/webmap/viewer.html?url=https://services9.arcgis.com/DnERH4rcjw7NU6lv/ArcGIS/rest/services/Vaccine_Distribution_Program/FeatureServer&source=sd,"Oxford/AstraZeneca, Sinopharm/Beijing, Sinovac, Sputnik V",
2021-10-31,3323538,2610380,5933918,Zimbabwe,https://www.arcgis.com/home/webmap/viewer.html?url=https://services9.arcgis.com/DnERH4rcjw7NU6lv/ArcGIS/rest/services/Vaccine_Distribution_Program/FeatureServer&source=sd,"Oxford/AstraZeneca, Sinopharm/Beijing, Sinovac, Sputnik V",
2021-11-01,3329973,2615674,5945647,Zimbabwe,https://www.arcgis.com/home/webmap/viewer.html?url=https://services9.arcgis.com/DnERH4rcjw7NU6lv/ArcGIS/rest/services/Vaccine_Distribution_Program/FeatureServer&source=sd,"Oxford/AstraZeneca, Sinopharm/Beijing, Sinovac, Sputnik V",
2021-11-02,3338575,2626017,5964592,Zimbabwe,https://www.arcgis.com/home/webmap/viewer.html?url=https://services9.arcgis.com/DnERH4rcjw7NU6lv/ArcGIS/rest/services/Vaccine_Distribution_Program/FeatureServer&source=sd,"Oxford/AstraZeneca, Sinopharm/Beijing, Sinovac, Sputnik V",
2021-11-03,3349042,2633322,5982364,Zimbabwe,https://www.arcgis.com/home/webmap/viewer.html?url=https://services9.arcgis.com/DnERH4rcjw7NU6lv/ArcGIS/rest/services/Vaccine_Distribution_Program/FeatureServer&source=sd,"Oxford/AstraZeneca, Sinopharm/Beijing, Sinovac, Sputnik V",
2021-11-04,3358272,2640818,5999090,Zimbabwe,https://www.arcgis.com/home/webmap/viewer.html?url=https://services9.arcgis.com/DnERH4rcjw7NU6lv/ArcGIS/rest/services/Vaccine_Distribution_Program/FeatureServer&source=sd,"Oxford/AstraZeneca, Sinopharm/Beijing, Sinovac, Sputnik V",
2021-11-05,3368530,2649158,6017688,Zimbabwe,https://www.arcgis.com/home/webmap/viewer.html?url=https://services9.arcgis.com/DnERH4rcjw7NU6lv/ArcGIS/rest/services/Vaccine_Distribution_Program/FeatureServer&source=sd,"Oxford/AstraZeneca, Sinopharm/Beijing, Sinovac, Sputnik V",
